id,bind_BRD4,bind_HSA,bind_sEH
114194,0.534011,0.6619761,0.8092942
138611,0.9546386,0.6433863,0.47896412
115591,0.80354255,0.33719337,0.36670005
138352,0.27768782,0.61722887,0.83899087
135898,0.37442982,0.63254654,0.8823383
125814,0.2705305,0.43106195,0.47868583
134280,0.57231665,0.492496,0.6184247
126134,0.5569025,0.3005752,0.42692786
101725,0.45708662,0.8551652,0.7396717
123722,0.9361085,0.48716426,0.39310896
111598,0.6112526,0.3286069,0.6151672
120593,0.35865548,0.2890693,0.23127264
124565,0.31287906,0.49960464,0.90672237
134811,0.50996035,0.307224,0.38515112
129637,0.80651325,0.4041257,0.28477317
135369,0.31135672,0.592709,0.83720165
101984,0.64888877,0.5594513,0.4499101
107342,0.25572443,0.32129243,0.5669574
119907,0.6602495,0.45519072,0.3780674
108424,0.44602442,0.4827469,0.3570951
124694,0.70639503,0.44240195,0.54313016
134826,0.64893657,0.79886293,0.22073388
107487,0.20025216,0.5395017,0.555112
133975,0.9278012,0.5580276,0.5908881
124433,0.30113384,0.7973298,0.17728867
135087,0.44878873,0.8806038,0.667376
134253,0.31386948,0.5017424,0.44301388
137060,0.38377154,0.7114504,0.86184907
134964,0.71182686,0.60034555,0.49017757
111300,0.68870145,0.39159277,0.4653746
144177,0.9115595,0.54187286,0.6242395
147065,0.31624752,0.18222728,0.30119264
128687,0.6878473,0.3654439,0.5253568
141942,0.3534806,0.20049606,0.3250237
128595,0.2414193,0.7159905,0.31023446
141868,0.7185401,0.2481842,0.2516543
103310,0.684812,0.43486336,0.88300776
146573,0.79300046,0.38381875,0.24129844
147864,0.46951622,0.5594952,0.8113585
110867,0.3057094,0.84837824,0.14279951
101379,0.7150738,0.29087585,0.39439243
109092,0.24368668,0.24413985,0.8420087
108128,0.63164026,0.35869098,0.70122373
127677,0.6066203,0.92663795,0.868965
125767,0.6797912,0.5396554,0.31748605
109585,0.677139,0.3608145,0.2450346
103236,0.9107958,0.8426362,0.30365726
144767,0.4199524,0.30714965,0.19863933
124317,0.45162115,0.35758922,0.52533835
130158,0.36807764,0.26205623,0.22577138
132268,0.7443453,0.5418208,0.4026924
114486,0.51026976,0.47892243,0.58726084
111100,0.38967708,0.33390957,0.43520692
109529,0.37135264,0.52817994,0.67905116
117887,0.65984714,0.49187675,0.79705906
126392,0.3665453,0.6320108,0.8788627
130074,0.7897733,0.28871703,0.36996177
141020,0.41013992,0.9419442,0.24644925
117745,0.26113975,0.43619794,0.6261701
120792,0.95642775,0.35025653,0.34216815
135318,0.63587785,0.30461222,0.49848124
100521,0.7060997,0.375247,0.5183334
117542,0.19943926,0.7593713,0.3236741
137582,0.39161295,0.5338395,0.4181205
128457,0.23731579,0.45682082,0.5470376
129096,0.6385045,0.3589251,0.42437607
137750,0.24387005,0.8437422,0.29518124
130077,0.36838973,0.4134312,0.64224386
133073,0.26280868,0.41467074,0.41397658
147307,0.5505575,0.935042,0.65183043
109335,0.3712454,0.25654057,0.39361686
130661,0.7340289,0.7657121,0.80243635
148698,0.3287333,0.28868398,0.3545264
146009,0.41962048,0.27936995,0.36331367
146054,0.37703088,0.9045951,0.7559298
129949,0.42306536,0.26222968,0.43556145
134187,0.87757236,0.43778482,0.41200536
131446,0.8144117,0.24010116,0.2758651
118396,0.33451182,0.6629243,0.8504564
140119,0.46196023,0.2933448,0.6700587
144258,0.33302778,0.74534553,0.2746545
112251,0.5766636,0.63108045,0.54384947
100698,0.40570962,0.34192863,0.43290722
143928,0.93106985,0.49768445,0.42418873
146478,0.3154162,0.4951504,0.6087363
132301,0.5367606,0.31293848,0.35164782
117345,0.31542742,0.4287512,0.46199414
113814,0.19038357,0.19508682,0.31151438
112806,0.76600903,0.8728799,0.19078934
134948,0.68598086,0.24958281,0.343401
123895,0.29939932,0.5515338,0.5764012
137296,0.7053964,0.17661467,0.29790464
146507,0.45129082,0.467624,0.4996469
127156,0.5481434,0.41908616,0.8949867
127469,0.41067365,0.47193155,0.5758881
114163,0.24111181,0.19500092,0.22929384
112363,0.4622639,0.4228963,0.5150415
127506,0.6449142,0.37303263,0.5347537
114553,0.3924996,0.36458352,0.27004007
100263,0.36892956,0.7569883,0.15881003
108428,0.3033309,0.8306476,0.51988643
117766,0.2870702,0.2004994,0.3697454
111292,0.679278,0.90826434,0.28474626
109997,0.31620336,0.8846678,0.40239075
103813,0.56394434,0.4771938,0.7320622
149708,0.316643,0.42622936,0.73993486
110404,0.3308058,0.18663456,0.81720096
101360,0.6752549,0.80306065,0.30780175
139551,0.29202217,0.5578832,0.4512192
134884,0.68724704,0.57820964,0.52954096
138141,0.36247605,0.15235661,0.17592831
145414,0.29532835,0.8772278,0.28976348
124417,0.62277174,0.35516638,0.56158155
127135,0.8843045,0.39498478,0.3911291
128582,0.33558807,0.40902695,0.37360942
136181,0.7414722,0.4710839,0.47659805
143493,0.24762082,0.63294536,0.4295619
119158,0.24142146,0.40091917,0.6684449
123523,0.37837508,0.324968,0.49709633
108407,0.4694712,0.40529126,0.5788491
102998,0.43212107,0.34691754,0.5161695
131375,0.8173074,0.39561215,0.32997176
100537,0.26456666,0.46806392,0.96178204
139105,0.34064946,0.3958613,0.38779637
106885,0.2762229,0.80123323,0.89900756
128952,0.79489124,0.53728306,0.4094208
113649,0.40575925,0.46964473,0.80609435
117510,0.3652055,0.81264544,0.23770183
105792,0.32215196,0.52223873,0.39438507
112342,0.71329737,0.53208405,0.43841538
145428,0.35617197,0.5766482,0.648587
138605,0.45706794,0.4440472,0.41508552
107398,0.4568037,0.33865523,0.532147
101651,0.7305149,0.3312945,0.49229273
119410,0.634422,0.13313776,0.22729662
118404,0.79173154,0.5214705,0.5456485
122811,0.35333726,0.90504473,0.57431316
111778,0.6242154,0.5027653,0.8975984
137698,0.32429758,0.45128042,0.47252214
142043,0.24170618,0.74925053,0.9106916
116227,0.3096031,0.4106728,0.5153385
129952,0.34604818,0.38633856,0.4725946
117164,0.68133193,0.49556902,0.468712
119272,0.4486836,0.4116653,0.43453392
147652,0.7450629,0.52882135,0.7240594
136188,0.35672694,0.8603858,0.2047361
111733,0.47793147,0.45517817,0.5113296
130289,0.29486054,0.7519506,0.5749728
143577,0.5843009,0.43695554,0.5680201
104970,0.39317304,0.95322156,0.6801293
130886,0.19425006,0.54944825,0.8364323
144107,0.664197,0.33326188,0.37888226
149609,0.31320378,0.34221208,0.5534849
127235,0.9122818,0.28017575,0.79524773
138727,0.21218589,0.48545578,0.70785517
149468,0.57961214,0.45327774,0.8936725
143535,0.5564028,0.8718041,0.47156084
108065,0.5157611,0.2201293,0.3414093
106037,0.3400257,0.43953028,0.3070439
117767,0.44104105,0.3976992,0.4925276
102166,0.8908431,0.5051453,0.40916136
103291,0.31143817,0.43522438,0.5375924
112151,0.3866271,0.21837422,0.70303947
139733,0.3023845,0.31942704,0.28998536
133164,0.7074414,0.3881716,0.30263156
106554,0.2605277,0.70596373,0.19271204
117639,0.71799016,0.31512994,0.47422856
139401,0.3787046,0.26461685,0.3968248
129026,0.31803244,0.2543161,0.83271503
149700,0.18390928,0.46036696,0.36368537
123307,0.9124227,0.29827452,0.69506854
106217,0.39158314,0.838901,0.20105006
110175,0.67886686,0.41138536,0.50730747
137344,0.47303596,0.43622914,0.4327452
124739,0.62860304,0.32887524,0.34959877
146199,0.48737705,0.301268,0.42727718
148657,0.30834842,0.37180158,0.49216196
101441,0.33702165,0.46964818,0.71544766
132373,0.27837345,0.6153363,0.78265595
125703,0.31946236,0.8307088,0.27470145
138914,0.2890549,0.83642787,0.96678025
120250,0.8535081,0.20431907,0.19432813
132554,0.23622636,0.41193977,0.53781945
129088,0.95352876,0.3274168,0.38844615
130203,0.7169797,0.44838184,0.8054146
123975,0.7114825,0.5631328,0.4246319
144293,0.7145621,0.609483,0.6404346
130272,0.38028562,0.18243444,0.3016075
138581,0.39663956,0.40437245,0.5865997
119262,0.5289345,0.34813586,0.8279055
109984,0.8605562,0.5120572,0.6827002
109334,0.7255752,0.32091323,0.57932854
109474,0.5305026,0.655015,0.9199553
126689,0.19389229,0.508891,0.8889222
142174,0.9445287,0.21262978,0.39651507
107391,0.31825298,0.26123804,0.36750787
143890,0.22536127,0.5742453,0.36811173
149089,0.6858177,0.3784261,0.42703095
104557,0.275829,0.3260265,0.20393683
122983,0.30178538,0.6192096,0.5392485
136986,0.37845987,0.5665036,0.5229278
140149,0.48069876,0.39149868,0.47034496
112313,0.43440953,0.3675753,0.63423836
118351,0.21916474,0.9490812,0.90310174
108713,0.39516497,0.27546075,0.290234
126561,0.33383796,0.532085,0.5030864
113557,0.25867903,0.28902203,0.21908118
113139,0.61092854,0.40171885,0.5874721
134731,0.21044731,0.26732686,0.6169719
140031,0.5273922,0.37976232,0.6827421
146588,0.53266436,0.67488724,0.8910067
140853,0.30689788,0.33405852,0.78084207
134717,0.30558002,0.50267917,0.61050755
123575,0.92764443,0.516625,0.69346046
135248,0.5380058,0.92373025,0.78706735
110445,0.910977,0.57273394,0.841685
123862,0.28343853,0.39111605,0.6134681
139271,0.9331166,0.22795369,0.27145672
125415,0.20953563,0.6140198,0.36472684
138758,0.65303695,0.287827,0.3732487
143693,0.21453933,0.29615322,0.21153775
126950,0.67696154,0.6096941,0.57383245
121002,0.6405075,0.4097269,0.38697362
124296,0.36301214,0.31346035,0.6197065
114808,0.37167665,0.60224783,0.8413358
131331,0.65004474,0.31058657,0.27300698
104031,0.20824715,0.5397988,0.41083515
130587,0.9512477,0.518166,0.5701873
146584,0.34929708,0.3005261,0.44128048
140632,0.29674467,0.2080659,0.2911443
110612,0.6877484,0.30454674,0.24100779
114294,0.416351,0.54815394,0.5606828
132229,0.30026537,0.43753278,0.28149626
145966,0.29035822,0.6685091,0.5299572
130095,0.38263473,0.30326098,0.6180956
115065,0.85481787,0.67864364,0.6584017
122207,0.36715513,0.42489222,0.5480746
130992,0.38140452,0.8571964,0.1407148
105430,0.7056486,0.2663749,0.6658587
145371,0.59755784,0.8891157,0.16794558
106914,0.72377414,0.7706999,0.81062955
108648,0.66399914,0.50005794,0.3507526
130989,0.7279756,0.3264442,0.36837798
129418,0.41402602,0.3666858,0.42766124
131359,0.30918702,0.36115196,0.7761802
109316,0.32858098,0.45078918,0.8721895
145430,0.42052662,0.25315383,0.87038475
130193,0.47478727,0.45264533,0.65378135
131654,0.34290922,0.41011858,0.4522521
122466,0.71108115,0.39085925,0.3561426
108284,0.59050417,0.5178039,0.5116573
145113,0.31628767,0.4996846,0.4648036
136473,0.28097367,0.49123576,0.43739122
137612,0.586454,0.5538248,0.489917
140831,0.34676892,0.47309294,0.57353127
104374,0.29889306,0.55857146,0.69251394
149280,0.4125431,0.20952319,0.26855922
117704,0.8499295,0.81367993,0.54805374
105767,0.69022316,0.54871374,0.31271848
108542,0.6481956,0.42580935,0.46701586
129845,0.33906814,0.23233028,0.4682922
127262,0.6734963,0.5394252,0.5062933
118822,0.3055741,0.7807428,0.454864
134087,0.6672913,0.6283301,0.8538641
109781,0.6357758,0.86031914,0.5759405
120361,0.38126028,0.547387,0.66844016
136091,0.41995287,0.938792,0.4392244
138120,0.31366658,0.53689337,0.52050984
105324,0.4042639,0.41411817,0.30111197
142000,0.40198636,0.57830846,0.8659021
129145,0.27136952,0.78291905,0.18597616
110945,0.48350787,0.35792872,0.41490766
102491,0.36252066,0.29299137,0.3093722
116847,0.3744483,0.4751481,0.57765883
108687,0.2626482,0.23556386,0.19819103
141809,0.36963853,0.5754341,0.92394197
119104,0.22376888,0.25427648,0.29748502
120923,0.72862643,0.45557964,0.89700013
121843,0.7763398,0.29917213,0.37620807
141464,0.6008332,0.47531235,0.5007308
116940,0.6377196,0.30539194,0.3530015
141818,0.60445565,0.43779698,0.38843456
135955,0.8182334,0.5906085,0.6953942
115373,0.41120693,0.28025773,0.7280183
106286,0.54604816,0.3711107,0.49498636
107636,0.2797235,0.32042104,0.44632098
147665,0.29241812,0.24494329,0.3274178
121531,0.69505984,0.9005467,0.12475586
106399,0.28896275,0.48092535,0.8445809
110777,0.35459828,0.18526113,0.31695148
106828,0.21736896,0.8624382,0.41801414
120553,0.40720275,0.3607775,0.39173892
111153,0.5915162,0.3698725,0.7859665
127821,0.91122246,0.8370858,0.1578628
134765,0.30735675,0.30079272,0.61189044
127359,0.78654504,0.26056582,0.4541565
122105,0.30250803,0.2632355,0.30215555
123924,0.34754676,0.4725575,0.5004995
103278,0.46130356,0.3506078,0.5616442
139798,0.37362835,0.8222456,0.53658277
108395,0.2957193,0.87836766,0.26014084
134322,0.27362582,0.4514762,0.5731992
134379,0.3085404,0.3847845,0.6971733
108801,0.30123624,0.3180005,0.30233905
132262,0.467288,0.67715615,0.8245744
100264,0.4743713,0.5520928,0.24473342
134721,0.40999004,0.36925876,0.405027
120872,0.6279222,0.8509235,0.3004084
111200,0.35513696,0.62586987,0.8500692
116207,0.92646235,0.52851766,0.45999527
107941,0.3143251,0.5081255,0.42476776
123580,0.93407226,0.5506651,0.6776904
131672,0.6772565,0.19925492,0.5184998
103317,0.39304954,0.44013774,0.8427714
128612,0.17549051,0.528443,0.9048895
102165,0.6761881,0.33274806,0.7400211
136055,0.27020875,0.21873961,0.35211194
123252,0.2222124,0.47149774,0.66153103
141058,0.71165204,0.38900706,0.37978035
149682,0.64750874,0.88846844,0.51825225
128841,0.7198068,0.3720787,0.517646
109858,0.6834699,0.53496695,0.33007833
122119,0.63494927,0.7891979,0.20313686
104929,0.67973506,0.40232724,0.37672198
100328,0.48904738,0.33417496,0.3898629
105753,0.3430964,0.31315854,0.5285846
144452,0.7370289,0.33323517,0.8675066
140452,0.36372423,0.40867457,0.5179852
121981,0.24837226,0.53871465,0.9352455
110943,0.49184504,0.4770353,0.5469644
100873,0.29814458,0.26631746,0.27926186
131550,0.45693457,0.2626077,0.30639178
129101,0.79379,0.51233804,0.5884847
147157,0.63876605,0.33409476,0.3292149
115885,0.21960022,0.28388354,0.8378534
139276,0.32934803,0.50285363,0.46732333
129977,0.3479747,0.49211097,0.5127652
146179,0.5670285,0.3714427,0.22803955
141887,0.37715942,0.4174581,0.74936223
130806,0.7580666,0.276756,0.20089002
115724,0.51818407,0.39089528,0.7130759
141835,0.31308487,0.44124168,0.6804217
120403,0.35498717,0.3318727,0.50487685
126300,0.3797307,0.47831705,0.51129216
148683,0.30819753,0.44009942,0.45561883
124370,0.28794354,0.4356575,0.518065
100538,0.7021829,0.8278433,0.101698674
109396,0.28225297,0.85969216,0.21573831
130170,0.6010077,0.7137992,0.8687458
147583,0.6086858,0.4399039,0.37961644
135515,0.9395512,0.7719796,0.23216279
102606,0.3397721,0.80268294,0.3049794
134784,0.3507701,0.2773142,0.49271506
111621,0.29570058,0.44055706,0.4806322
121935,0.29434624,0.34178016,0.92003596
132086,0.6063434,0.45072863,0.80779904
108955,0.91027874,0.7925424,0.73315716
148031,0.9152967,0.24351306,0.23910503
105152,0.3160372,0.5285164,0.49646592
139732,0.74706066,0.31858376,0.32563013
130525,0.39561254,0.38582894,0.3570268
115378,0.43420142,0.34995052,0.35622975
102461,0.27084714,0.65359724,0.73199314
115143,0.38175175,0.45851344,0.39567792
139086,0.26867124,0.42334718,0.4311102
116799,0.6206282,0.4429908,0.35106748
146188,0.30305415,0.8418507,0.23478356
148335,0.35549113,0.3245022,0.4104308
128341,0.21321447,0.5147913,0.8394032
115650,0.4211963,0.5988007,0.50295967
115906,0.1743558,0.8538592,0.65442836
121668,0.628728,0.35623163,0.3332295
126735,0.80525315,0.5758241,0.23433405
117879,0.6399325,0.4046358,0.4815513
140281,0.47838405,0.5355674,0.3716135
131292,0.2571431,0.37896657,0.29076892
138109,0.32855898,0.11086406,0.2777816
135134,0.6505321,0.85222083,0.26058972
106171,0.35590547,0.50990516,0.4100478
109298,0.43192443,0.3870911,0.32702407
105036,0.53303427,0.89101946,0.24828033
138143,0.38612822,0.35128403,0.41342506
100841,0.58552533,0.44053724,0.61924857
140410,0.5948014,0.36520773,0.41871327
133810,0.75475645,0.25599837,0.43995243
145551,0.26075807,0.35082987,0.31547785
107557,0.589533,0.8729147,0.5091505
138074,0.67743427,0.2922008,0.35392168
110159,0.313036,0.8936212,0.32594663
115914,0.24330273,0.38359103,0.6684355
105122,0.38526806,0.2815354,0.35246387
116692,0.6489934,0.35745084,0.7355012
111985,0.25006774,0.9009455,0.23842146
135375,0.3170389,0.30770516,0.42737976
114804,0.55028284,0.85424924,0.309535
111347,0.6062249,0.4149127,0.5036144
121248,0.45353916,0.40887362,0.33036008
130972,0.63424176,0.28528526,0.31055382
101551,0.3444138,0.37056002,0.43609527
138989,0.36844498,0.91776955,0.09679751
121125,0.3733195,0.45273587,0.6414998
148135,0.2723431,0.37015322,0.38154465
148266,0.7292084,0.87657464,0.18377359
138257,0.3807325,0.4967412,0.31382033
139130,0.32246518,0.41418526,0.57114565
119254,0.58310086,0.55912,0.78369987
123395,0.40877622,0.3674279,0.37760556
146695,0.1965165,0.4495517,0.8455762
146307,0.91683763,0.32346207,0.3446827
109098,0.30841014,0.40798694,0.8341286
146538,0.37518787,0.49690887,0.62058413
124124,0.3684896,0.44507688,0.4608148
111264,0.64462745,0.5038478,0.58437425
114002,0.27521032,0.38685468,0.5734499
138534,0.38655052,0.41821206,0.32053506
109233,0.3273059,0.36369187,0.43962696
128331,0.3833321,0.32572135,0.7949775
144923,0.36688069,0.38226637,0.4708942
101691,0.29909816,0.34601623,0.30729085
117939,0.35565716,0.50457317,0.3735959
122785,0.65152943,0.24301225,0.35387367
141561,0.68234795,0.49696088,0.43298897
117145,0.3317551,0.353898,0.3995306
127557,0.19707169,0.18388939,0.759877
106167,0.68526596,0.46361545,0.41842452
107923,0.5986636,0.36602947,0.31812713
100467,0.3664781,0.7800908,0.17176504
148679,0.8914713,0.6571879,0.31024015
143128,0.41829464,0.7360485,0.8669042
142048,0.3637579,0.45169458,0.38777584
101647,0.2609917,0.52587366,0.38484916
124792,0.2972344,0.61866105,0.4226096
121041,0.45515597,0.24780062,0.39288953
121562,0.6048358,0.6216303,0.51955694
112898,0.36193562,0.50394815,0.81869286
118724,0.23694994,0.4270204,0.6464249
122612,0.9022465,0.2688721,0.46967334
113988,0.3773217,0.34457427,0.86833906
149995,0.39473394,0.37876764,0.53650945
106334,0.6598417,0.35823646,0.39185283
137322,0.3766526,0.4117308,0.38926384
103104,0.72782725,0.55686826,0.87016207
107135,0.65792394,0.5161436,0.64176756
137253,0.41878933,0.7872773,0.6888795
104445,0.40734634,0.29629168,0.5887379
113567,0.70154256,0.32005885,0.3696254
135933,0.4061892,0.38842514,0.3992014
116523,0.9328195,0.38653818,0.49691352
114363,0.37238294,0.35264736,0.48913726
103517,0.629076,0.7817618,0.5598777
114508,0.3321006,0.2598459,0.45502156
142539,0.30717692,0.5916143,0.78172034
106766,0.81524247,0.36653844,0.36613518
131492,0.3685928,0.36361927,0.41505966
140718,0.2681508,0.31678143,0.4011691
141899,0.635936,0.24612215,0.42059824
148668,0.31465444,0.23638938,0.49976194
146820,0.3219927,0.30769643,0.33556074
135690,0.27774948,0.32058206,0.31032977
100591,0.81535083,0.9647015,0.524361
114260,0.28940508,0.87065125,0.4904586
132495,0.74351424,0.2613479,0.31407547
100989,0.2488686,0.34531313,0.63805807
106876,0.23107722,0.47190484,0.7728546
139514,0.34820065,0.30823317,0.32856393
136799,0.82129455,0.47090718,0.749842
136688,0.59490514,0.45947033,0.67086077
102833,0.40444043,0.318807,0.5641628
108264,0.34512475,0.43111008,0.66556436
114069,0.33648965,0.33588874,0.53509545
124236,0.8211641,0.8446,0.2791911
101737,0.3186781,0.41817287,0.36732253
107718,0.4996069,0.4316362,0.5396057
118772,0.48314172,0.31900898,0.4329471
139887,0.36851057,0.5329377,0.45292023
138286,0.27422008,0.3640032,0.50212544
141119,0.3355185,0.30190244,0.3263647
100731,0.708752,0.44861966,0.46073127
147503,0.72544676,0.48863375,0.42269394
119388,0.36233738,0.5022602,0.9023094
110675,0.1229507,0.19107121,0.7397675
130606,0.40839463,0.35058498,0.4114157
119871,0.30706948,0.28452867,0.44749478
141548,0.45685893,0.38577187,0.22421826
121604,0.3372041,0.91715413,0.47621915
141772,0.32588753,0.44700798,0.80007905
134605,0.7453008,0.47167203,0.34133506
125068,0.2693642,0.9268948,0.10711658
130853,0.39709365,0.17688537,0.3426911
118909,0.19503261,0.48733598,0.86034614
114926,0.31979582,0.46465787,0.81511146
128957,0.3014092,0.4360637,0.79927593
103267,0.4866534,0.31541008,0.3926517
141875,0.36515507,0.84717345,0.62014794
102312,0.25823703,0.7846861,0.23809779
114643,0.3751245,0.34895152,0.3472738
100215,0.32951206,0.48735806,0.84220624
104059,0.28157148,0.38808012,0.33902025
106450,0.65167516,0.29934177,0.37956783
146280,0.40847662,0.86662287,0.35778102
107065,0.9212016,0.31747225,0.48744854
146141,0.42534593,0.4064503,0.40468138
128175,0.78600097,0.877914,0.06622479
148518,0.3317582,0.2349856,0.41861176
132336,0.31966126,0.8550022,0.24709918
135358,0.41799566,0.3348614,0.41520008
126106,0.60291404,0.39930823,0.69833237
101723,0.23249017,0.35003692,0.68791056
149647,0.5286328,0.5631893,0.80913043
107690,0.3161192,0.23019783,0.326583
140109,0.37942204,0.49048328,0.7378128
116257,0.90021235,0.39975998,0.7065307
137254,0.2930003,0.35127792,0.42726168
119640,0.34267914,0.41191962,0.3810351
111691,0.42736918,0.49412185,0.52270216
131874,0.3435649,0.45347357,0.3949715
105479,0.3536233,0.45156935,0.65621245
113009,0.5566568,0.7986408,0.16974716
113432,0.3159437,0.34526712,0.47239658
140957,0.32506597,0.912964,0.16874827
116408,0.40155524,0.38250944,0.42241016
127049,0.8757668,0.541775,0.81824
130828,0.27149576,0.38839704,0.34262398
126684,0.2963624,0.39626697,0.49373668
118186,0.6413262,0.37226734,0.94542783
113671,0.83998203,0.8339974,0.44671503
106908,0.405127,0.44442326,0.4621817
102493,0.8891496,0.48394954,0.33467454
136603,0.38025698,0.32260174,0.38273752
140801,0.9124947,0.89092267,0.27907404
115620,0.21360351,0.34692472,0.2891836
140059,0.2507725,0.2375878,0.27289176
100268,0.89238715,0.28530106,0.31432793
113555,0.7609312,0.32829258,0.32256493
132529,0.6641759,0.82518405,0.26654366
109010,0.38749477,0.4408281,0.3154335
110835,0.4763038,0.44527176,0.505831
105939,0.29678175,0.38866186,0.4648457
102921,0.34559113,0.32940996,0.36300853
108299,0.35216284,0.4957256,0.36111814
104574,0.3261603,0.37429908,0.327054
133298,0.43641293,0.38117105,0.75643903
104034,0.8485769,0.36224166,0.31317723
149937,0.30116597,0.46853828,0.46779022
104532,0.29547608,0.48546827,0.2949789
144987,0.43775088,0.40913728,0.44494912
137175,0.7018045,0.84272027,0.09776593
110369,0.4179644,0.40992963,0.47494185
143930,0.3094917,0.38741612,0.7778084
130519,0.6749372,0.80470616,0.9753786
116981,0.737108,0.26883677,0.33286348
126796,0.31814706,0.36836272,0.26685876
139917,0.5121436,0.56633425,0.45793515
104628,0.71569544,0.38753536,0.2925132
141314,0.76435786,0.84866166,0.65189874
117421,0.31532773,0.3640718,0.95245516
103140,0.37366116,0.5636247,0.35587546
109899,0.585983,0.48565015,0.30073217
123098,0.64100266,0.20426902,0.31215617
122464,0.2524497,0.4017506,0.27808017
149028,0.7246671,0.6389663,0.5852301
100039,0.2659354,0.51054555,0.3879794
110375,0.2753827,0.29073852,0.42766213
144766,0.69515926,0.2737003,0.28340453
146540,0.42107478,0.29470778,0.80726993
145157,0.335457,0.29032135,0.6807076
114739,0.4506314,0.32828814,0.4368576
111810,0.7808797,0.45745438,0.40145433
143359,0.42506468,0.45869768,0.50638896
104192,0.40290377,0.26564687,0.4234366
102325,0.37555408,0.58522534,0.546035
115028,0.39604938,0.48161146,0.46807364
121425,0.6892697,0.5168325,0.39620668
121824,0.34742773,0.5107158,0.42996058
104305,0.695964,0.8382176,0.21124223
137325,0.32827368,0.21327792,0.35437202
100102,0.71668285,0.34919757,0.61864376
112044,0.3880114,0.50561213,0.48441613
120910,0.5366997,0.51094544,0.8839117
124971,0.6658789,0.35316178,0.26729175
114748,0.2987711,0.7372187,0.26461884
124192,0.94978076,0.5195327,0.4856108
139088,0.3137222,0.4430506,0.56497276
105928,0.741488,0.8969628,0.18120487
116321,0.7014327,0.6929487,0.56145763
113583,0.36650425,0.25127026,0.25609612
111676,0.3076551,0.2353257,0.3353538
127990,0.3562502,0.32270288,0.34746504
126356,0.6440997,0.42881703,0.5121996
109493,0.32826254,0.24530335,0.32456827
122888,0.30544856,0.29084685,0.32589102
142513,0.48620638,0.53065753,0.50430447
147122,0.3583851,0.3737224,0.31009194
120177,0.8538089,0.92536414,0.1268698
144847,0.2014708,0.4025982,0.9275114
131074,0.33926663,0.4664913,0.71445256
113506,0.21890542,0.3243834,0.3446281
125520,0.43421707,0.44415203,0.44612378
128564,0.53448457,0.35345635,0.30660048
142137,0.8765623,0.8343496,0.63420403
139810,0.17420866,0.5421118,0.9343314
134529,0.47386807,0.3273277,0.5558136
138510,0.7401346,0.1361325,0.26857862
149978,0.35332152,0.45655856,0.48615137
140942,0.34433025,0.39875677,0.3091812
130644,0.32318535,0.93484414,0.2499506
148839,0.40696788,0.49849617,0.6421478
104351,0.9329107,0.8456598,0.3036096
133104,0.33869553,0.5147125,0.5760761
116038,0.4283395,0.8065217,0.5473443
147417,0.950419,0.37416664,0.38383654
119817,0.69577515,0.6973127,0.75916564
137743,0.9046149,0.36514166,0.7493674
132044,0.66689587,0.37626287,0.3730344
133811,0.61607724,0.89353466,0.6896713
144427,0.5370492,0.6654776,0.9147949
141149,0.40342188,0.41347283,0.81304985
122776,0.61348134,0.6755651,0.87699455
134929,0.25375026,0.83274925,0.48573542
112599,0.7464982,0.24686201,0.3345099
143168,0.8671051,0.54493386,0.5101297
113495,0.74367374,0.875668,0.364214
108815,0.80128056,0.4791549,0.5805769
138992,0.29421186,0.6478327,0.19628035
134447,0.30316877,0.14723004,0.26063082
133056,0.6126179,0.5077326,0.28655237
139002,0.41375232,0.68380237,0.80329317
138600,0.40111232,0.23396753,0.42478046
126308,0.6067227,0.4612464,0.40631896
143194,0.31468374,0.6972639,0.22392718
127084,0.7103165,0.5064556,0.44471532
117809,0.8116556,0.46311483,0.3882996
118705,0.46681014,0.36279455,0.38897246
124889,0.79214424,0.35428104,0.4703301
144595,0.36185342,0.27164724,0.23086655
121858,0.56195325,0.41494492,0.3241939
111405,0.1910295,0.39856026,0.22488116
120002,0.18756934,0.4730051,0.76755446
130189,0.48803937,0.65442455,0.5946925
146442,0.7684884,0.8860858,0.49906155
130947,0.41567725,0.3313168,0.55847704
137614,0.24372803,0.77683467,0.44150048
110973,0.38484415,0.29889566,0.37954772
105625,0.35076916,0.34457183,0.28764835
115466,0.4183955,0.22771859,0.37267336
145162,0.6877453,0.9061264,0.18368952
131739,0.42691082,0.3801438,0.5068229
142546,0.9781305,0.29739192,0.3641172
116383,0.37207243,0.8815224,0.6572562
132815,0.41942602,0.7315163,0.4840037
148463,0.71631086,0.36650258,0.7907409
102073,0.3704428,0.23570481,0.30463517
126574,0.66334665,0.56846166,0.45703596
119151,0.43050933,0.35514835,0.8494326
109309,0.40527487,0.27331018,0.39690742
124555,0.2992378,0.26537648,0.6670743
124652,0.22081764,0.45032778,0.73132235
147349,0.39412394,0.4701349,0.7486459
131291,0.363735,0.4262025,0.7288995
129484,0.43303105,0.37986806,0.4703438
100248,0.34329772,0.5071349,0.7613643
149361,0.31490248,0.3415403,0.3290706
109205,0.31091377,0.62217754,0.45804048
104133,0.44547188,0.39724845,0.37645105
122760,0.28911245,0.28909397,0.7117709
147803,0.35640204,0.3201916,0.2732564
132684,0.7464416,0.85954523,0.6697551
136282,0.6889609,0.42626116,0.54803205
100441,0.5801201,0.2253185,0.4007252
129692,0.37938002,0.272088,0.36969322
147524,0.41767573,0.46200743,0.28776497
149154,0.45103922,0.23802248,0.34614608
148382,0.3916668,0.4621566,0.517861
110791,0.3445279,0.4194367,0.43249777
127208,0.38906306,0.5096482,0.43685976
146133,0.7227733,0.62706983,0.48784631
131100,0.34854537,0.8433262,0.21950132
116866,0.29547873,0.6019061,0.85845435
125267,0.64928883,0.7995641,0.23573677
147332,0.29036057,0.42542973,0.26227427
141076,0.19274327,0.52119046,0.24818125
141102,0.29551923,0.79199976,0.4346128
119292,0.31949726,0.8906926,0.6458907
144664,0.2895806,0.82359076,0.31695005
110836,0.3371267,0.8866743,0.112734504
134506,0.3726755,0.5429426,0.8611939
111186,0.2930163,0.53048116,0.8923545
122243,0.5099302,0.37750143,0.42519993
144542,0.38210744,0.3916574,0.41736677
132538,0.53923196,0.4956922,0.22099501
113239,0.53267145,0.66324306,0.5542072
147758,0.28716093,0.2849703,0.26578766
146782,0.33615047,0.42826176,0.5373433
117129,0.47082874,0.36823043,0.36808917
146224,0.34511155,0.37496087,0.36809555
136692,0.5861809,0.43159038,0.50865215
126637,0.5929886,0.39312002,0.23704566
145313,0.69754547,0.91615313,0.67642385
104395,0.7874759,0.4038333,0.28580174
114799,0.5814086,0.5420333,0.4560493
128315,0.8611022,0.74267185,0.40464276
146855,0.3548492,0.790181,0.17106251
124277,0.22552812,0.2970515,0.71020097
138607,0.32542363,0.4757342,0.38577566
126175,0.38056132,0.3071087,0.43967018
140676,0.3159621,0.5606216,0.7733348
142617,0.35701722,0.3918173,0.8309359
143932,0.70650274,0.42982337,0.47846067
122579,0.1830677,0.34540215,0.38947812
114077,0.31390738,0.3581612,0.52357477
135868,0.20067038,0.94200426,0.24446434
104004,0.41146994,0.3698859,0.42924535
113483,0.26755506,0.4225598,0.4271986
102917,0.2846307,0.50952506,0.37679574
108282,0.73275495,0.3378209,0.3903051
108813,0.6747348,0.28414258,0.26178297
138886,0.5845337,0.50345534,0.7586093
100376,0.73139447,0.40166295,0.36043355
123067,0.3234567,0.47128668,0.58680373
129562,0.6975031,0.64754176,0.6099641
133345,0.6935536,0.3745919,0.35965768
149184,0.2947304,0.304371,0.38855472
125926,0.25269797,0.5737501,0.60996926
142648,0.3041105,0.6191114,0.49086627
102770,0.25547647,0.59552777,0.41824037
112372,0.4475644,0.35631487,0.5835638
136406,0.6759175,0.3544352,0.44799957
108747,0.28443217,0.4499996,0.29769894
142415,0.93627894,0.60374445,0.67979527
149444,0.63886607,0.40038428,0.7964314
101428,0.59782195,0.28696623,0.6823434
115324,0.34011823,0.21754242,0.3319107
115104,0.24251115,0.24116483,0.25816494
128901,0.29166162,0.4390341,0.4406913
115717,0.3606671,0.61157775,0.49265945
120536,0.2826832,0.30232525,0.3559814
143824,0.38624072,0.43469447,0.3456177
133362,0.6050877,0.83029336,0.31497917
122578,0.56992537,0.4374583,0.3793014
144134,0.75162,0.8311008,0.5229767
131999,0.73605126,0.38368192,0.77604157
136780,0.29959777,0.41615182,0.5736899
117125,0.39438698,0.55643356,0.4682853
124477,0.76841974,0.87802154,0.17302547
139731,0.36398947,0.44614446,0.5388464
111467,0.55871755,0.48939523,0.3180695
128659,0.4311703,0.49654415,0.85210454
141169,0.48862132,0.22986826,0.3683357
123153,0.9279156,0.4293851,0.35792613
121142,0.2577624,0.23210773,0.53013873
145542,0.26520017,0.56836975,0.854162
100529,0.5959119,0.5268683,0.5330137
108293,0.36680076,0.3397491,0.30995777
100797,0.3944623,0.35859662,0.45303103
112184,0.2815531,0.2996937,0.453373
139072,0.5506682,0.3361077,0.55032915
121253,0.6514715,0.42680687,0.45063344
139545,0.254877,0.35383987,0.3347771
148545,0.47042793,0.57190704,0.90850765
108102,0.39213908,0.39199296,0.48804414
122875,0.28881896,0.3669569,0.32087356
103167,0.37487045,0.33728564,0.57282835
104788,0.30430776,0.20540233,0.22191232
133462,0.29475635,0.90994143,0.2512361
136712,0.23570204,0.34836918,0.298646
129035,0.16602539,0.5891231,0.43175468
114990,0.7569596,0.52006,0.22845854
138339,0.9380496,0.89474976,0.28700963
129116,0.5291428,0.3178202,0.67495716
127761,0.3184133,0.31315926,0.46009064
138520,0.35147995,0.18179856,0.23334731
146860,0.35638648,0.33899316,0.43135944
133550,0.7921569,0.4635006,0.4828582
132689,0.42431554,0.31833458,0.6197184
111724,0.7395269,0.7465816,0.171314
144970,0.46655902,0.3802084,0.35093832
139421,0.2539313,0.33835128,0.68812203
124539,0.2436577,0.5212716,0.77272904
114380,0.8000406,0.42295557,0.41647378
110111,0.73403484,0.24239476,0.32256088
128954,0.94395,0.6152995,0.47078404
137329,0.6494434,0.6131262,0.56772476
131551,0.38552928,0.32236308,0.30919054
122664,0.888539,0.55347925,0.45810008
120852,0.25372255,0.28957096,0.9286151
128284,0.38214156,0.42092738,0.28024012
148651,0.31960043,0.9117376,0.6358804
128919,0.40387636,0.28882897,0.42499736
122463,0.37134448,0.6861297,0.5249298
148735,0.74456626,0.27713856,0.37185782
130292,0.7326925,0.25394234,0.25408298
134356,0.3122359,0.38928184,0.39516667
119240,0.30178848,0.88136774,0.09486845
133710,0.41049153,0.23929836,0.30210882
139337,0.62705374,0.84548414,0.60204124
125175,0.5239258,0.32054335,0.39458495
132816,0.43622553,0.4189888,0.5556155
138268,0.5858996,0.42486587,0.32364118
104186,0.5135438,0.57656556,0.8517875
132769,0.35220462,0.44202533,0.6970194
131925,0.28576475,0.3294126,0.26631624
116020,0.25331497,0.3113964,0.41469747
114833,0.88838196,0.47238654,0.7390428
112578,0.25718623,0.54234797,0.2947271
149897,0.44231507,0.35457507,0.4360947
131718,0.92889386,0.479313,0.455399
110098,0.67120236,0.9189447,0.07686465
144447,0.7142284,0.42994294,0.22578467
109820,0.6867884,0.51214164,0.61406636
137683,0.32073307,0.46089658,0.82732093
133540,0.2853634,0.23348425,0.44180492
137390,0.6554129,0.58308643,0.50201666
120687,0.4162767,0.19737796,0.36701584
134640,0.6288497,0.9094543,0.328038
131425,0.32581937,0.800219,0.8160095
102142,0.36525467,0.3690175,0.7260671
129373,0.4178131,0.39690545,0.63825494
136377,0.30748847,0.2830402,0.88744307
112575,0.6287683,0.3735304,0.59548223
137855,0.7187813,0.4842722,0.41692618
115415,0.33827472,0.23923194,0.37171954
123979,0.57790875,0.7542959,0.22709033
122955,0.26976418,0.28194338,0.4397586
114687,0.6453137,0.30128875,0.29064333
142635,0.6641735,0.60880303,0.9184778
139079,0.3521442,0.37474465,0.3853355
107862,0.2968645,0.38599113,0.31948832
115239,0.41018632,0.42221555,0.47906163
117423,0.3053306,0.48383862,0.3170803
112997,0.37595987,0.48878995,0.31218624
123058,0.65983266,0.9141543,0.24470891
136344,0.2995575,0.78070134,0.6763792
119249,0.1978907,0.88304836,0.874872
133368,0.5987264,0.48069486,0.8338292
118718,0.31979746,0.35802418,0.90920526
112721,0.38027805,0.32861933,0.74179417
123246,0.7761907,0.6665637,0.33518076
133140,0.6732711,0.8821915,0.22051997
146189,0.41065696,0.21325359,0.33099166
132032,0.7230293,0.8780602,0.33812302
108429,0.35265923,0.3861905,0.42346218
120778,0.41141242,0.34476265,0.4636727
122618,0.25315723,0.40964484,0.6789976
130336,0.41188452,0.65969294,0.47846124
103894,0.6564784,0.37286493,0.34575605
142870,0.3483144,0.5116066,0.57804656
105262,0.3337283,0.28027788,0.31560072
143174,0.66465837,0.60622644,0.75991905
135595,0.2931083,0.5554065,0.36917666
147244,0.34698713,0.5554537,0.9143243
146795,0.36777574,0.33269668,0.4107863
146805,0.28390107,0.3127137,0.2648656
137502,0.72519225,0.38073197,0.49851033
129261,0.2917345,0.4424669,0.5123206
111387,0.44014993,0.15177812,0.31274563
106970,0.7004292,0.6295782,0.50478673
102418,0.44756764,0.47676492,0.38519517
142728,0.7304964,0.8880888,0.26953247
115129,0.14771071,0.6583585,0.83729
110896,0.7767942,0.3848079,0.55467564
144355,0.6576978,0.2710636,0.30205718
101784,0.34023026,0.5265982,0.31164157
142053,0.5475994,0.83047605,0.30619082
128048,0.33113614,0.65347433,0.5601107
129304,0.2652779,0.3428999,0.36457404
116812,0.28375053,0.8633648,0.7914282
128572,0.69094145,0.494442,0.30098617
103227,0.3020676,0.56005114,0.84154654
143500,0.6868784,0.9331911,0.12056815
134609,0.9046839,0.46471915,0.40801293
116016,0.739666,0.87114555,0.4707975
127151,0.64228547,0.838971,0.16185246
119851,0.65495795,0.46369684,0.32537398
134505,0.95927876,0.4800042,0.36374962
133422,0.5062243,0.2425105,0.42875832
102861,0.88509196,0.35668075,0.2716782
122353,0.3401135,0.7172445,0.8589249
139413,0.59934497,0.44798937,0.55593896
110664,0.3643716,0.39132854,0.6756816
102922,0.8464105,0.3217914,0.4065887
149536,0.24749461,0.44071153,0.3957652
120186,0.51150805,0.43796116,0.45785746
140744,0.24471024,0.3066414,0.7855832
125248,0.362962,0.46330827,0.51275873
102864,0.22089519,0.52848625,0.8484362
148312,0.39970925,0.3909632,0.37101838
136484,0.31197965,0.3020065,0.41168448
102661,0.36120713,0.5455593,0.68514746
114237,0.91523427,0.6620062,0.44055215
141701,0.37082246,0.5162691,0.46938446
120415,0.52101547,0.5103757,0.81843305
144183,0.3664453,0.97994107,0.5544911
144565,0.48068303,0.2738164,0.37550664
133838,0.70806456,0.39952344,0.37173676
140353,0.7457241,0.4270805,0.6565111
108655,0.5864062,0.27534723,0.37685257
121936,0.37785557,0.7222259,0.7782604
132207,0.687212,0.30508038,0.34140956
140432,0.2938782,0.50510806,0.42914197
111061,0.4454048,0.39802805,0.6358233
119133,0.32785463,0.40252692,0.38728032
112854,0.41176572,0.39140502,0.57313037
101134,0.32724482,0.43742293,0.3731996
126209,0.39406088,0.54093844,0.52433383
120583,0.72264767,0.3749893,0.29268906
128618,0.81786835,0.4379982,0.43387255
128606,0.3383302,0.4198551,0.51322967
106665,0.37358168,0.41126353,0.3756705
142566,0.25712502,0.40978977,0.4127394
126223,0.21665832,0.8518173,0.36334547
113711,0.68013966,0.23398517,0.45030627
137437,0.36381686,0.24062437,0.6757773
126032,0.28278816,0.7078002,0.68684393
138765,0.252709,0.89632386,0.578701
140371,0.71465105,0.3986079,0.85984725
135804,0.24769777,0.42695913,0.76674575
134177,0.42520753,0.3238081,0.33925864
140932,0.41725758,0.52638364,0.7442812
104272,0.6475595,0.25046974,0.75948715
109036,0.2468141,0.10483177,0.319325
128723,0.2649845,0.36840636,0.35108745
118525,0.5963252,0.39134333,0.49150753
133649,0.9364079,0.31102344,0.25995094
144954,0.77947754,0.91505826,0.34292096
113462,0.45829988,0.380876,0.26192385
112593,0.3490409,0.25081164,0.25407502
140813,0.69841415,0.53901976,0.356494
149688,0.37766713,0.41863945,0.31940526
146472,0.9143735,0.36670798,0.43626836
110759,0.37386933,0.26147494,0.5264911
129206,0.25329378,0.39888716,0.5469975
104206,0.42769453,0.4678378,0.5307092
108216,0.39875472,0.45624623,0.47542015
132603,0.72341794,0.62653565,0.566634
149447,0.2835346,0.52414495,0.71712273
138279,0.6339752,0.49138498,0.6162892
127935,0.23832315,0.49265534,0.9591739
141037,0.30431914,0.4744895,0.84779215
119193,0.22023666,0.4185317,0.19372015
142506,0.19137995,0.22739315,0.83533907
127349,0.31485978,0.405265,0.57174945
122797,0.3611672,0.86825514,0.60443383
106880,0.24589619,0.10211278,0.3628277
125187,0.6157156,0.08950709,0.20478833
142116,0.6015549,0.2709276,0.25947022
136649,0.46843502,0.4231721,0.3139769
147164,0.64288795,0.8706945,0.35308763
148790,0.40703055,0.48642826,0.88719165
146116,0.2422518,0.2578186,0.3332307
136042,0.5737155,0.5450005,0.50326174
126552,0.2978046,0.3495573,0.80603147
146260,0.70431125,0.48739597,0.37443706
113265,0.31557134,0.37449768,0.5945027
146018,0.6413915,0.38008347,0.40299544
147877,0.22420134,0.37616995,0.37365896
113090,0.64172107,0.55834985,0.6752701
110521,0.7786724,0.9448201,0.8298034
118057,0.36400682,0.35711968,0.26182196
130384,0.35178396,0.43386185,0.4306289
146710,0.3929345,0.6366588,0.44213408
141522,0.18600576,0.5377551,0.91796416
132819,0.79472524,0.38596648,0.49388617
120794,0.35890526,0.8764893,0.6244444
115875,0.40307367,0.47333747,0.39987046
111396,0.3600842,0.48618546,0.49298725
131279,0.72712356,0.5236498,0.49117714
108000,0.2547716,0.5778609,0.5359671
109633,0.39361215,0.63666946,0.48609197
134737,0.6324149,0.24314354,0.47024307
139566,0.32944503,0.5207047,0.78195816
103144,0.76800436,0.875602,0.123674415
111478,0.3621114,0.57502633,0.88560694
103095,0.45408863,0.8181578,0.30229554
114821,0.68102837,0.583265,0.7729522
149634,0.88460785,0.6560079,0.49143162
110716,0.61384267,0.39674225,0.5293207
103387,0.3926148,0.2656116,0.8870571
111831,0.7103288,0.5140737,0.4459072
107264,0.96722925,0.41420594,0.35910252
134545,0.3644173,0.9113661,0.58095646
141962,0.7032764,0.79349375,0.7761899
114027,0.2663606,0.631958,0.88093114
128028,0.7063445,0.4060321,0.39530367
131806,0.37197062,0.4252872,0.36656165
111469,0.7704843,0.385747,0.45969036
110282,0.49007112,0.30752936,0.38169968
120826,0.51316243,0.87463576,0.24581434
133189,0.28502023,0.3267618,0.40043327
110134,0.3489094,0.35113248,0.36832216
113010,0.71847147,0.32627925,0.3094685
146848,0.7103695,0.64319587,0.43291545
148013,0.9269179,0.4269715,0.46636364
118581,0.9361563,0.46203604,0.39161965
109315,0.70832753,0.29613975,0.3940409
116748,0.8065205,0.8497803,0.6994205
104098,0.7380233,0.5134581,0.4417847
149441,0.20745362,0.19417422,0.85238457
148849,0.2637111,0.38913947,0.37457427
101956,0.25029546,0.5975973,0.90509343
106490,0.73910403,0.32215095,0.4418626
116007,0.9265788,0.3162037,0.35605448
147883,0.66080475,0.28102863,0.35091585
106975,0.42009583,0.50734824,0.56132543
140896,0.62829304,0.5026206,0.47087193
126205,0.34715623,0.3052664,0.78333545
102437,0.7722263,0.8914284,0.287915
123507,0.35955936,0.25509107,0.3364682
124300,0.39033476,0.14234096,0.2207777
145812,0.31560066,0.43339065,0.72482574
148948,0.63595915,0.83366317,0.1873346
104079,0.7334036,0.61278456,0.46934447
109528,0.26150084,0.8004889,0.7449678
126591,0.32820576,0.27915004,0.7156586
102416,0.33203152,0.41535345,0.8817666
122724,0.3116426,0.34181973,0.46242318
131118,0.17893583,0.61591053,0.5189535
132901,0.24196263,0.7798264,0.82755476
144159,0.29145348,0.5902208,0.79512715
108382,0.2675854,0.52867925,0.8592092
144251,0.38663623,0.3950581,0.32388696
149413,0.2584507,0.2971646,0.32065186
148268,0.5450328,0.3227405,0.45549488
145825,0.32860687,0.3088162,0.2638197
134800,0.30720693,0.38729477,0.6381941
109465,0.6219034,0.314791,0.26810414
143784,0.49649778,0.524445,0.5649352
144476,0.62514347,0.81027496,0.21306345
127673,0.31485486,0.25325152,0.6139643
140089,0.3139261,0.37622717,0.33033788
134699,0.40024796,0.7590998,0.6527416
100101,0.23320563,0.34735152,0.51751983
143225,0.3024037,0.795497,0.87466305
116696,0.6062789,0.27305722,0.77901816
124715,0.40048787,0.38248962,0.35910615
142544,0.27590808,0.33223733,0.835101
132640,0.36933592,0.45004413,0.45264456
101420,0.66833824,0.46543244,0.44441938
114652,0.42582634,0.40388167,0.5019926
108138,0.33918017,0.25427577,0.37126014
136322,0.37236276,0.37852293,0.3542249
143082,0.33508995,0.25132275,0.3194278
123465,0.2832731,0.42182466,0.5799824
106851,0.6387202,0.62563264,0.8191433
105986,0.44474757,0.32491353,0.41172472
125645,0.77159625,0.43700567,0.6203265
142065,0.4103975,0.37137923,0.47324318
134739,0.76459205,0.82325584,0.82394046
138542,0.5750438,0.5614729,0.47768384
131497,0.26094002,0.75428915,0.67461246
128213,0.66261137,0.41268718,0.28123286
119373,0.4977228,0.91184825,0.32395267
103271,0.30053902,0.40023634,0.43835446
116456,0.74456006,0.34836158,0.84320337
122689,0.17296845,0.50574315,0.32255048
147015,0.71999556,0.82916176,0.21839707
135000,0.31146422,0.35687074,0.63751554
124721,0.62310195,0.6411459,0.85234773
116466,0.6105754,0.87375283,0.23960583
106872,0.2634257,0.4963452,0.6776961
142160,0.45904422,0.2270672,0.36176187
145269,0.2591104,0.5012555,0.40671754
145660,0.9107188,0.57305706,0.3407028
148533,0.3626491,0.48919716,0.51452714
141299,0.7843138,0.36810344,0.23761758
145167,0.77529985,0.82956576,0.26059648
118286,0.33781534,0.8960974,0.2042584
149494,0.33477354,0.26299343,0.30315706
138994,0.6589107,0.3219651,0.28834373
121172,0.25926718,0.44082645,0.8896734
142585,0.277558,0.43074602,0.7776472
136894,0.22558656,0.86347663,0.33990923
105971,0.4780233,0.36046818,0.6503413
121700,0.41341674,0.64507973,0.4711392
118342,0.5005607,0.2488702,0.49463814
139112,0.5816469,0.37666038,0.7536044
103308,0.2840432,0.62659127,0.7873658
130856,0.7030522,0.1556498,0.35066223
147390,0.59765184,0.530363,0.60096943
129278,0.23674454,0.4443518,0.90208894
132998,0.2155681,0.3375172,0.7827206
116666,0.6594581,0.49400786,0.80781
147230,0.3134296,0.5316653,0.92138046
137804,0.89806384,0.6619511,0.8275886
112779,0.33260164,0.65012133,0.18830831
117573,0.26581985,0.6512492,0.6967871
132435,0.2185111,0.7471824,0.21448505
118061,0.6501423,0.31333247,0.5628391
140254,0.75625026,0.23525123,0.24132973
135646,0.87691003,0.91442525,0.15500446
134389,0.6485366,0.21407174,0.27550036
125727,0.26874125,0.42171457,0.2745483
125948,0.48380926,0.28619587,0.39049223
135780,0.6015917,0.8059417,0.47416455
144811,0.6658679,0.93118924,0.22723468
101202,0.31661257,0.20684294,0.21443805
102557,0.66980517,0.4591882,0.36276358
131200,0.54173976,0.56121045,0.8646779
134655,0.43550462,0.44993106,0.55071396
107127,0.44134495,0.5031501,0.8842522
143955,0.32308108,0.37706852,0.48919374
102808,0.20534673,0.32160676,0.8355071
117445,0.79024744,0.38695762,0.6175787
105816,0.18764073,0.4099457,0.50979215
102178,0.5537009,0.610768,0.8433798
121234,0.8672482,0.8512966,0.34469134
133006,0.38710403,0.54231685,0.77752095
145515,0.48280874,0.40347132,0.38783503
129333,0.67324096,0.6188342,0.5468586
118020,0.7724213,0.5751277,0.39009133
100653,0.30613697,0.43152305,0.86157006
141372,0.5856461,0.63658446,0.55530965
103401,0.39877817,0.46758252,0.42587888
109604,0.7356939,0.30623618,0.3290042
120451,0.7229296,0.3496026,0.8491429
122197,0.7584314,0.29541463,0.4022028
106206,0.7605587,0.49047375,0.35371575
114975,0.34641087,0.90202653,0.25151715
111214,0.6384756,0.40493906,0.35436955
142457,0.3472201,0.88587135,0.27798784
145427,0.7102338,0.34677118,0.5571922
113965,0.61994284,0.4933032,0.5188989
129002,0.39307278,0.2537986,0.31530863
135479,0.24265082,0.42167106,0.38175312
116797,0.58489907,0.494649,0.35886848
127717,0.36492017,0.35976878,0.6182245
143480,0.33654583,0.9093619,0.09818286
115346,0.39214858,0.3110301,0.2543441
113603,0.3460223,0.17214045,0.18080573
106170,0.7393243,0.52290416,0.45189235
121378,0.19247484,0.22606319,0.4409396
136733,0.89963716,0.50344265,0.4298055
144910,0.3206006,0.24707954,0.23647559
145592,0.36131892,0.39376068,0.88136894
117138,0.46043742,0.35540533,0.8226101
112013,0.24485889,0.83361876,0.73217994
143358,0.35827908,0.48321992,0.39850533
145517,0.29501182,0.4950433,0.91172576
110146,0.2171025,0.76251733,0.33301306
149247,0.6178209,0.4904616,0.5557419
140826,0.40581664,0.413855,0.3445451
115597,0.29437083,0.554041,0.26044396
127980,0.42972594,0.23201114,0.34364274
148148,0.36846155,0.32359317,0.47907385
120438,0.66306144,0.87334406,0.5515211
138826,0.51931375,0.5707509,0.5121256
145686,0.7941331,0.26636606,0.2949522
124534,0.9364046,0.42421725,0.57773817
106533,0.57534605,0.43727934,0.34177312
119796,0.49503174,0.40444866,0.3988801
118378,0.67952704,0.41354614,0.31901157
103961,0.38647476,0.43904942,0.41737872
135727,0.37391308,0.24218659,0.29297894
134587,0.709655,0.41840774,0.6321391
128123,0.33406886,0.8540914,0.30045462
148037,0.39968508,0.6731418,0.47855175
120292,0.22280873,0.48582083,0.6610545
149654,0.6072276,0.5550694,0.84474486
104416,0.3021011,0.27486026,0.42808568
147726,0.33293602,0.45628202,0.4050265
100922,0.84114635,0.50489956,0.51406014
145224,0.35477665,0.9261515,0.34628567
116813,0.40260074,0.46949664,0.4077785
139358,0.32646397,0.88212574,0.30558613
139874,0.5252297,0.4408323,0.9139009
129580,0.43377164,0.31956998,0.8153821
146434,0.3489988,0.53248715,0.61251765
129646,0.36365736,0.4479025,0.802879
143993,0.36928308,0.8579519,0.18179084
119027,0.72051764,0.62823206,0.42013437
134503,0.7502237,0.35906467,0.35081756
130802,0.6602497,0.4414868,0.35962918
119107,0.4716831,0.21482053,0.20208898
110596,0.34432596,0.2766905,0.43317363
143242,0.38025606,0.44353613,0.38493267
138941,0.7094892,0.3233633,0.2352881
131788,0.39895356,0.14132753,0.24142236
145785,0.3866715,0.2628728,0.39777908
104460,0.39783293,0.40362555,0.44408596
108677,0.40163192,0.34840533,0.3996208
125858,0.2828415,0.5788081,0.50210017
118723,0.19382387,0.42787686,0.8477399
128307,0.7545087,0.5486496,0.4965986
146283,0.39024177,0.5572304,0.38627496
144946,0.27883428,0.29699352,0.29269373
146687,0.3540624,0.31957144,0.25615767
134989,0.3874024,0.3328068,0.6568357
102646,0.3951454,0.46297464,0.40702286
113062,0.6358143,0.25715974,0.2828074
137431,0.31829944,0.28326866,0.44467142
112671,0.4399707,0.30705363,0.3555183
142608,0.36999097,0.4778829,0.7108368
114322,0.6251972,0.38777778,0.60298616
110143,0.6925132,0.44876173,0.36928633
130761,0.31888077,0.24724221,0.8187189
111391,0.30373758,0.4004127,0.37166917
115207,0.30979437,0.47721437,0.3831477
132432,0.69823456,0.34381497,0.5097362
144363,0.22014202,0.42685747,0.51572376
125906,0.29040837,0.4977222,0.7185749
146878,0.47403947,0.32815066,0.7784183
140098,0.71990496,0.21588087,0.33490667
122788,0.26831013,0.24290316,0.5788862
149093,0.34486836,0.53951144,0.50971645
115615,0.7375474,0.44341302,0.49594393
133643,0.35380316,0.57199204,0.5225281
147100,0.39739695,0.8448416,0.24520427
137722,0.64191675,0.44578424,0.650194
143429,0.6162285,0.5032018,0.59458125
107628,0.4848732,0.51492184,0.8319879
115971,0.35263443,0.34809265,0.45017627
115600,0.28674725,0.44731092,0.83051676
127637,0.6522488,0.6661625,0.38371626
147761,0.5482189,0.33517113,0.28689435
115549,0.37904546,0.48408404,0.5528763
134851,0.7096734,0.39214927,0.22866833
115363,0.6341824,0.8784383,0.35261482
141116,0.6626553,0.6642834,0.47717133
147929,0.46653733,0.36334422,0.7867399
116975,0.42874694,0.22770919,0.3743489
124088,0.7279978,0.43302175,0.5281998
130055,0.6431089,0.3700682,0.91179687
148396,0.7400987,0.32785636,0.4768834
121337,0.26662865,0.68226576,0.90843886
111499,0.31229058,0.9068831,0.471774
106972,0.5462039,0.82917076,0.9132565
108071,0.43659028,0.39734152,0.2827273
118464,0.35957745,0.7330228,0.26429236
140230,0.3558435,0.34486392,0.695426
103416,0.42188552,0.5143769,0.3664107
119774,0.29139978,0.27568844,0.29724315
116552,0.6389828,0.40325004,0.3375053
127925,0.3760127,0.37917438,0.6650575
145321,0.76228637,0.35679394,0.9051731
137672,0.5869215,0.92358553,0.26047328
109751,0.7197565,0.33131042,0.3811982
139142,0.7668294,0.77772665,0.56825304
110083,0.27557328,0.31474605,0.25686938
126143,0.3455955,0.3813961,0.32141545
139023,0.5749671,0.38470554,0.29713577
134361,0.55281067,0.6315035,0.56344175
124537,0.28199103,0.46392235,0.48215014
127685,0.48128352,0.3160334,0.37016565
124598,0.4052448,0.37987792,0.5778663
115086,0.37885153,0.1949014,0.2397974
118673,0.37515458,0.4370643,0.38000587
140028,0.23428911,0.5734153,0.5958911
120779,0.33863205,0.29878062,0.8483718
104152,0.25846294,0.35799882,0.5790606
144096,0.61573815,0.44672483,0.8829736
134598,0.45760295,0.85954946,0.2420044
148684,0.61349976,0.4040043,0.24771117
142958,0.9104083,0.44523042,0.48177674
109580,0.5907275,0.5608614,0.40029883
109829,0.4319633,0.36703375,0.4467354
134271,0.5727999,0.2660992,0.2996773
116373,0.9350635,0.841501,0.7460599
113295,0.5912778,0.37692556,0.4102961
133327,0.3667894,0.32558778,0.36412385
107511,0.5315487,0.34483698,0.71951526
120517,0.6737356,0.57432866,0.88521135
114209,0.44573092,0.32026213,0.7310688
106200,0.50832343,0.4032534,0.48914096
137976,0.6871281,0.34937075,0.39858758
101910,0.3513363,0.4395464,0.5421287
114328,0.36593157,0.40759373,0.79141045
123001,0.37426266,0.44194105,0.43265066
145609,0.46490753,0.48576805,0.4556424
137403,0.5945642,0.32326904,0.7820406
134727,0.38132516,0.40862805,0.5638356
123830,0.3609155,0.48855895,0.5732874
103678,0.44042215,0.44649297,0.48931244
101655,0.30466378,0.45056304,0.5072685
115801,0.27726847,0.5393286,0.42948133
141352,0.42717305,0.31887323,0.46368194
109383,0.6370641,0.5992403,0.65519065
112031,0.3594243,0.41122934,0.45996448
130594,0.76299316,0.30768582,0.40130487
148584,0.21908157,0.3981806,0.783855
139474,0.32615635,0.38819543,0.51717234
134690,0.74017584,0.41211787,0.5474134
121955,0.35198447,0.49296024,0.43305823
118154,0.45689142,0.22302079,0.27606452
103231,0.37646213,0.53854936,0.37632117
147724,0.42853996,0.31230962,0.4173673
143483,0.38215137,0.46660417,0.7609528
143033,0.33165985,0.562097,0.35302362
130491,0.43178806,0.30446172,0.5069494
127474,0.5175389,0.23378065,0.36999494
106364,0.54716283,0.3596272,0.45456398
107863,0.44080287,0.8393503,0.19398053
141072,0.3567762,0.9428729,0.24356358
108145,0.36441174,0.4660899,0.8975219
117162,0.88288283,0.89726293,0.18785
103984,0.85257906,0.41470858,0.33343458
133835,0.9258603,0.5668059,0.5940075
117720,0.27286068,0.48937055,0.44423836
133927,0.34454727,0.5829169,0.41598365
124693,0.50925213,0.3147532,0.5629908
148196,0.34111702,0.5534627,0.8282026
126250,0.56539845,0.5792914,0.3880923
128167,0.6583799,0.49721214,0.3433241
104994,0.36453858,0.28226614,0.7621575
107994,0.7893992,0.83349335,0.43883783
114482,0.53209585,0.26259005,0.2891354
113479,0.3556363,0.36380592,0.54219776
125745,0.9354366,0.33851552,0.316299
113972,0.4392809,0.5543745,0.556141
114511,0.28747755,0.86705,0.30287477
118620,0.610459,0.49135748,0.4282993
116489,0.33316332,0.43337512,0.5121985
133856,0.35718203,0.41395208,0.5109074
102266,0.32510227,0.28618905,0.32210237
128806,0.69360274,0.41295692,0.61468977
130825,0.68946445,0.5103213,0.3179131
105938,0.32923582,0.5589278,0.7691872
118510,0.39727628,0.8723531,0.21253142
124118,0.33558494,0.17317751,0.3064856
102369,0.37513995,0.90929615,0.5363377
141728,0.93788743,0.85898626,0.72591823
149756,0.39815378,0.490319,0.73439384
131585,0.5688873,0.81871295,0.31401014
105729,0.23208612,0.4777474,0.3614021
109998,0.48563778,0.54386735,0.3151188
111470,0.6960505,0.4019708,0.46663427
127867,0.5119668,0.82305485,0.80334586
108416,0.75042385,0.4831348,0.6305423
116882,0.18551782,0.7008301,0.11155734
127963,0.761782,0.4165402,0.48612782
144842,0.43444058,0.31755504,0.37932333
135059,0.28559914,0.37494397,0.3644654
143418,0.2919898,0.3683337,0.32329023
134457,0.3342403,0.85970765,0.19026701
141886,0.37645093,0.4279336,0.48514706
126686,0.94148916,0.52008796,0.37406066
100973,0.5823864,0.39013943,0.29588994
115866,0.700936,0.37937924,0.7135952
142474,0.40949202,0.37263265,0.37634873
100733,0.5261198,0.52214146,0.6488502
104353,0.60507077,0.74856985,0.44549844
102711,0.39763138,0.29331654,0.2891773
120331,0.58539486,0.560534,0.9496152
145107,0.32357657,0.70101416,0.48377588
126578,0.53440386,0.50598073,0.6024963
125863,0.42422998,0.42046794,0.33836627
149828,0.31303734,0.3515099,0.254066
136627,0.3214162,0.23165767,0.82960844
106564,0.36589447,0.54920816,0.43004423
111000,0.37849745,0.51222456,0.9087096
120056,0.51193935,0.3486405,0.44704518
131151,0.27698964,0.35884473,0.70977885
140664,0.37277588,0.5816431,0.92395806
145364,0.7403497,0.86954534,0.48035112
116773,0.5430048,0.44825536,0.31071538
103589,0.36725938,0.6038242,0.4448083
129619,0.24479875,0.87626433,0.2490267
125230,0.41098696,0.39864346,0.5167573
143115,0.2512545,0.34328428,0.3603741
142274,0.9488464,0.50727576,0.48425668
115233,0.2942869,0.545407,0.5224183
127928,0.5700822,0.8685911,0.10750512
139463,0.2058502,0.58001953,0.57111764
140941,0.29457122,0.6045397,0.37686265
115321,0.7626372,0.9271542,0.14509304
139950,0.3243732,0.92745525,0.7474406
115877,0.8663223,0.5091006,0.25610796
122031,0.4228695,0.35615736,0.5077896
112292,0.3355104,0.5964016,0.44912675
124742,0.35689595,0.44369933,0.5577447
122305,0.78099525,0.863303,0.15151416
108683,0.5990017,0.37022543,0.7361242
123194,0.5153077,0.60148424,0.67192924
127077,0.9340209,0.929501,0.0966252
115502,0.27107424,0.93390983,0.3106373
118281,0.39328438,0.43387237,0.3586685
124395,0.7218699,0.34402832,0.43802583
131173,0.48982593,0.51628023,0.4911195
116353,0.7441779,0.45112655,0.49354973
134119,0.7530754,0.25440246,0.2910688
129394,0.5959146,0.26156428,0.70115143
103107,0.18931885,0.49234998,0.88976103
129916,0.3091042,0.438148,0.2860056
134724,0.66029155,0.44317773,0.40460488
126622,0.40230036,0.32642666,0.48540473
118868,0.26859337,0.33769536,0.37901777
120458,0.25224137,0.32233876,0.21817116
105668,0.34661257,0.5603858,0.4358023
137529,0.9227696,0.59082747,0.76330614
110850,0.65707934,0.58714473,0.4680377
124024,0.7053967,0.6849201,0.6962644
149663,0.20642418,0.64628494,0.89538926
114693,0.6427265,0.4570842,0.39553106
112326,0.40203315,0.464683,0.41386357
128654,0.335961,0.39251497,0.5769207
126864,0.35669908,0.52440065,0.74937576
114932,0.9516933,0.26963305,0.24371058
122503,0.623004,0.9039659,0.2689707
137589,0.33631325,0.49696922,0.5964009
130628,0.8043676,0.37572265,0.9374402
110307,0.60615295,0.5625014,0.76308537
118798,0.3542002,0.38354626,0.56850374
149203,0.38753074,0.275079,0.2855936
126965,0.44461584,0.2702023,0.7463946
136933,0.62335277,0.37157625,0.8960156
101331,0.2660554,0.44422477,0.2372543
121525,0.3674588,0.9079504,0.33307797
101756,0.9157551,0.3316531,0.40591317
140768,0.3093838,0.5815014,0.29115662
148506,0.5734672,0.52165765,0.37920502
103214,0.34573993,0.35295454,0.75818354
113337,0.30851197,0.27266687,0.24356277
139879,0.30088148,0.44437495,0.5572671
112024,0.27090436,0.37093434,0.34913522
144813,0.49845827,0.5946073,0.9136553
124992,0.3617698,0.333019,0.45221734
135661,0.59353316,0.52400136,0.39638332
126404,0.6316852,0.40333533,0.35197845
124918,0.26583576,0.27026963,0.32053572
120781,0.39901543,0.36629575,0.5626401
132438,0.6718014,0.49988082,0.55459666
101973,0.6913023,0.49451113,0.8107723
109433,0.22321525,0.34772334,0.49262878
112606,0.7373571,0.9037439,0.48499715
100926,0.31143504,0.24697854,0.37491152
142193,0.29420096,0.47908065,0.76543504
145882,0.43826896,0.27032652,0.3714639
121583,0.27799922,0.29675415,0.31830487
143107,0.5829815,0.1222106,0.25402072
136868,0.6371843,0.3715502,0.46695918
148130,0.6977368,0.31703913,0.35596687
104231,0.62735504,0.45825616,0.448372
105696,0.40671858,0.4041538,0.4728343
128281,0.26320425,0.81774867,0.16410293
131730,0.30213934,0.8149974,0.80273026
120164,0.78068566,0.6836728,0.7658973
146290,0.3767675,0.40254068,0.20463489
120855,0.95950395,0.3135178,0.7086802
126791,0.33603016,0.39690456,0.78188616
141064,0.63711905,0.82577074,0.64509404
100200,0.6433314,0.3050193,0.5999551
116586,0.6304405,0.51967186,0.45936975
143877,0.346421,0.37066817,0.8655907
101825,0.45153636,0.39858687,0.3724086
118995,0.44541728,0.7210553,0.93614686
124610,0.40321302,0.61582357,0.84201944
119161,0.32502368,0.37790343,0.8953052
130527,0.30814925,0.8011783,0.45122787
143751,0.5144274,0.62984884,0.36113256
101897,0.92246985,0.49815735,0.6556935
134736,0.4010156,0.6461849,0.6224952
106357,0.29896733,0.38259062,0.3573506
107102,0.2537808,0.31145838,0.44803137
139601,0.62832665,0.9629248,0.42033058
104731,0.3835276,0.39391333,0.8721725
124368,0.6191769,0.4068666,0.7648431
139022,0.6220838,0.48800462,0.6788439
142779,0.6522893,0.8392377,0.22785352
120394,0.29686034,0.484652,0.78166074
106527,0.2715063,0.6587464,0.7143681
115947,0.28320295,0.4750688,0.38158968
140323,0.30352607,0.1956786,0.2548374
142568,0.7140252,0.9198157,0.15410244
104570,0.37034336,0.75354713,0.77533406
104947,0.79077095,0.5593557,0.53144336
124424,0.31335127,0.4426017,0.46324646
140903,0.41308925,0.43193367,0.53657556
118917,0.3642043,0.6701881,0.4299863
114835,0.57370406,0.46835417,0.64717144
134563,0.7689229,0.43219715,0.72379833
139258,0.66533566,0.22716954,0.44855908
139717,0.72919357,0.43369812,0.29957604
136901,0.5804442,0.51375604,0.43707687
122962,0.37805745,0.35262823,0.5317389
111695,0.32606223,0.36609504,0.48484164
127362,0.29204065,0.5133828,0.33474052
116035,0.26783112,0.50171894,0.45400852
137221,0.28245044,0.44705376,0.46343207
109890,0.92192715,0.37948656,0.70943815
106489,0.32356673,0.32523835,0.3318525
145596,0.6585953,0.70735335,0.69886696
127264,0.3085484,0.43046635,0.6877129
112344,0.30055103,0.5285545,0.5756333
100125,0.81772584,0.86173856,0.36595973
147312,0.25810897,0.5102398,0.92036957
129193,0.60190994,0.76612574,0.11581283
121772,0.61356246,0.3603923,0.36082256
119569,0.68565917,0.95283294,0.298929
119309,0.39467934,0.4003164,0.3378241
125982,0.4068257,0.84701806,0.78247917
128413,0.4100272,0.2292651,0.49802265
104608,0.83205664,0.8071502,0.252444
133638,0.94213545,0.3990407,0.34681997
136150,0.7741203,0.84530586,0.18159106
144895,0.7936674,0.5423964,0.4005255
115424,0.8272337,0.35180065,0.51686263
141654,0.7204251,0.7291851,0.7534543
122323,0.51853734,0.6312038,0.44066072
117954,0.26104823,0.44145846,0.47365537
122951,0.41307572,0.46881038,0.737928
149981,0.62467784,0.4636563,0.38287932
120717,0.3304944,0.30441925,0.42080015
116844,0.4205433,0.19739501,0.33725932
127484,0.29922968,0.33764595,0.5058852
124670,0.56240726,0.27478907,0.32239604
131449,0.505891,0.24210323,0.54852456
146726,0.6478038,0.3835452,0.51977456
117152,0.68015736,0.2979767,0.31881335
136910,0.27738994,0.88032794,0.45881695
122554,0.23189601,0.37802,0.7980961
128043,0.69613075,0.6732188,0.66434634
145257,0.73110795,0.84284467,0.72240216
140282,0.90153664,0.5496741,0.503562
128747,0.5998687,0.33510813,0.45374826
147182,0.25469077,0.42960122,0.49647546
109357,0.32834762,0.2882853,0.40050486
105047,0.2816873,0.784762,0.2022426
148424,0.3946053,0.41958892,0.40571165
144614,0.663907,0.38235784,0.47445723
136198,0.72189224,0.39854324,0.44555488
121911,0.76505446,0.56391007,0.6954958
126627,0.71466047,0.49128252,0.41219926
111441,0.8452944,0.35636184,0.27930567
117522,0.3880635,0.4587023,0.3963171
122480,0.6494838,0.39945593,0.793265
139691,0.78504133,0.825485,0.33582646
100409,0.28722173,0.82963026,0.21534602
111887,0.8255697,0.4103358,0.30279654
149526,0.66630363,0.90162015,0.4571358
136647,0.5864948,0.7044658,0.7473505
114351,0.3124772,0.28370288,0.831398
125975,0.35007414,0.44138598,0.37845954
115711,0.688894,0.33058771,0.39753172
108861,0.71003723,0.33812588,0.45043868
121455,0.89060163,0.3896668,0.3790732
145574,0.2934375,0.34506315,0.31669196
124685,0.36285555,0.43996885,0.42855388
120372,0.9664834,0.31745946,0.2344426
123368,0.39538154,0.9164163,0.18275692
107827,0.57096815,0.31112555,0.3787793
118232,0.81691915,0.61560255,0.61071455
100711,0.35931706,0.42583686,0.45214042
143244,0.6473937,0.6231037,0.7452924
102554,0.9390331,0.28790274,0.2929125
118388,0.7410401,0.5316422,0.38958633
102200,0.8497534,0.5878654,0.42779988
124091,0.22281162,0.532687,0.8944041
143492,0.5908696,0.4184733,0.50774676
113665,0.671543,0.91469276,0.579007
131260,0.5911811,0.51943225,0.69560105
139293,0.4638936,0.3823616,0.40313596
132757,0.5622658,0.27435166,0.3427964
103389,0.3801184,0.44054186,0.9039576
132561,0.25122246,0.47135553,0.83626884
148604,0.34668037,0.34678313,0.7351189
120031,0.3827632,0.50601524,0.529142
121493,0.39107603,0.52115846,0.32580423
128835,0.2881335,0.58812964,0.7264834
127130,0.2805979,0.41474596,0.37543344
113564,0.44902498,0.39899284,0.45934144
100601,0.32815865,0.35881323,0.28286085
106484,0.329437,0.5985241,0.62489563
133191,0.748613,0.7973118,0.59376216
140296,0.64945084,0.25787225,0.43240255
102956,0.34976602,0.31433403,0.3162144
118498,0.7948477,0.87136763,0.25480476
143038,0.90405697,0.5455924,0.42239648
134063,0.6912931,0.5167018,0.34116295
120081,0.3208367,0.51420724,0.38462004
101280,0.5991671,0.44034243,0.5587702
143908,0.7480358,0.53123975,0.43619195
132897,0.8952912,0.46426997,0.44723916
136063,0.3925708,0.53566986,0.3405295
101835,0.42375234,0.84222645,0.2659425
124757,0.44948792,0.36693126,0.39199802
136376,0.46158513,0.28063762,0.56890726
127797,0.30394354,0.34421572,0.6800507
125527,0.30059037,0.33559635,0.8557114
147924,0.34849027,0.38982645,0.79606545
138682,0.41327083,0.8312361,0.1689455
115671,0.44461367,0.36765835,0.49683112
123275,0.5739351,0.4103228,0.22781506
125888,0.59935665,0.28408417,0.5185794
110206,0.34620878,0.7615707,0.6060041
118971,0.8848031,0.5482088,0.3580117
101520,0.29344952,0.41909966,0.3394104
114397,0.6477837,0.54657316,0.6530464
129810,0.34368914,0.44176894,0.7051058
139032,0.43118078,0.35922733,0.36708975
113986,0.30942985,0.26273343,0.5325665
146340,0.35267046,0.49159196,0.80060464
137685,0.63498557,0.37071168,0.5747198
147557,0.42867824,0.24197033,0.43999973
147671,0.4189772,0.7260765,0.5552328
119406,0.43117705,0.4256472,0.5207118
114702,0.6858662,0.5193495,0.57710284
108964,0.19452694,0.44476172,0.7119269
121995,0.51481754,0.3708314,0.40566438
109027,0.22739819,0.24707554,0.25660488
102458,0.6568345,0.5479627,0.5265603
107382,0.6218567,0.2658706,0.35167748
106541,0.45665425,0.34079528,0.5181238
128171,0.33829033,0.2950181,0.47139215
118686,0.31928858,0.71439016,0.3295798
149959,0.30967715,0.35832036,0.42509943
128774,0.47668743,0.51870936,0.3758377
125998,0.4925372,0.2967826,0.5377746
127436,0.34605017,0.2716991,0.35210267
138902,0.28308326,0.38698488,0.24176858
138446,0.38642693,0.48218417,0.23755038
105904,0.38409308,0.92590123,0.45481604
115996,0.93007886,0.29831752,0.2955134
130122,0.9287257,0.3057067,0.3698451
121522,0.3287146,0.74461347,0.9164216
147324,0.70810235,0.8874757,0.25732487
131231,0.33516175,0.37707838,0.30541602
125920,0.24648795,0.20058225,0.37389585
104096,0.6572175,0.5659239,0.5269887
104851,0.7881209,0.55430067,0.5869645
105148,0.30339032,0.54090285,0.7329715
115966,0.30413595,0.51149493,0.45345053
134584,0.37821954,0.20890635,0.40816584
142347,0.57731783,0.36705893,0.36783138
123104,0.41255537,0.42513072,0.50584936
119651,0.48226833,0.5909187,0.48017856
104173,0.3020874,0.3900267,0.40495583
105365,0.6572087,0.45642403,0.48600373
144993,0.35822353,0.28722885,0.4054906
133419,0.48197725,0.371327,0.32885104
104961,0.28777602,0.5098702,0.47483563
139478,0.30089632,0.38380444,0.35283962
121545,0.4201348,0.35596317,0.39989105
128979,0.22726844,0.6844079,0.5210925
118820,0.4143976,0.37797078,0.34799474
149544,0.31644636,0.41769788,0.39519748
135603,0.9211315,0.50873953,0.43072125
124554,0.39234012,0.37632936,0.88212776
121001,0.26427123,0.5309714,0.92564756
109826,0.35284123,0.22521117,0.3032933
105679,0.52651346,0.2653656,0.24283056
125069,0.38093054,0.50450444,0.4279089
124502,0.69748366,0.61904174,0.636715
117324,0.35622728,0.53517103,0.54673177
113737,0.73801523,0.49491608,0.3833294
148628,0.46713424,0.44928214,0.496504
125916,0.81770813,0.8812621,0.19786999
145369,0.770887,0.2478268,0.2752403
105902,0.32977447,0.37016487,0.37255925
147594,0.63183576,0.4060626,0.6444234
130705,0.29179004,0.44192126,0.6937566
138625,0.41078115,0.23426753,0.31868342
109181,0.32734227,0.39005163,0.4230746
100236,0.46950153,0.36952892,0.60670966
105852,0.7349078,0.9149122,0.2308578
140505,0.34399453,0.34711635,0.30449703
135900,0.3556366,0.27328488,0.2869697
120914,0.2006995,0.6756036,0.8089107
137313,0.33339486,0.91826886,0.3663493
115795,0.3281538,0.30105847,0.3038446
109955,0.2929262,0.51753443,0.863277
107229,0.37521988,0.2602742,0.46930674
108702,0.7013464,0.54028857,0.5451922
100350,0.3306647,0.36994535,0.37548324
125519,0.58704484,0.43296367,0.48573858
136317,0.6707877,0.5764036,0.5058722
129800,0.18386555,0.22394043,0.24474399
100449,0.89554036,0.48253787,0.34332275
145429,0.33906254,0.57100415,0.6879758
145972,0.67158955,0.39606142,0.3756447
102132,0.43105355,0.2756884,0.31935766
132390,0.4269882,0.19097392,0.30035916
123585,0.3593638,0.36148116,0.44376346
123809,0.5541524,0.41494387,0.44430178
102163,0.65572023,0.37158075,0.78132284
133946,0.6516773,0.32091832,0.46959212
114272,0.5214822,0.20105346,0.6516775
108329,0.6163674,0.40168524,0.7606848
136526,0.9200859,0.60224396,0.6139303
114999,0.6912502,0.41121805,0.3052987
100405,0.3619967,0.5455107,0.64405483
111039,0.566166,0.6278292,0.5124463
129740,0.24296175,0.51057714,0.31008536
104248,0.6004521,0.52075326,0.86987597
145765,0.5352341,0.3025147,0.42680848
141034,0.2994083,0.88089055,0.124065995
140842,0.69635427,0.56801564,0.79224515
146664,0.42922285,0.33271587,0.4961807
130776,0.8929709,0.20113514,0.6355579
109459,0.33900362,0.38623476,0.32777584
114981,0.4078552,0.3713485,0.4806911
100138,0.3228262,0.45851836,0.7780748
114760,0.6771733,0.43236253,0.6228898
141562,0.9466532,0.7431451,0.49840513
129806,0.3493167,0.8967813,0.19768827
115805,0.68257624,0.7798216,0.66386354
124144,0.24956179,0.39845166,0.38820642
108187,0.27922255,0.5234411,0.81754375
127600,0.44183213,0.83286905,0.4168249
117852,0.44003466,0.4695452,0.86569816
101913,0.41257182,0.3916173,0.29978627
141950,0.76969707,0.2364965,0.27850977
116631,0.3542686,0.24914771,0.41470692
147707,0.4761411,0.3402809,0.5693889
107352,0.33261538,0.3386914,0.37087637
142914,0.9221643,0.53156215,0.56693274
127719,0.5815447,0.8424056,0.32470408
109308,0.7469955,0.8358681,0.19932237
109900,0.9677435,0.22275475,0.3052795
138563,0.9031547,0.49473566,0.728579
118888,0.40302765,0.51368195,0.4762238
131754,0.50730306,0.56922483,0.5773515
121494,0.31604663,0.4250674,0.35679868
149273,0.8749257,0.33373442,0.2811416
122711,0.32223856,0.27998054,0.28441614
123378,0.7661571,0.7808535,0.32452396
128166,0.34824392,0.5710419,0.51459306
125245,0.5705751,0.27365127,0.76130736
148553,0.37204087,0.5074587,0.7571587
108308,0.27538097,0.8510274,0.17530908
105216,0.43501264,0.5293544,0.63243943
109664,0.81536055,0.47210982,0.5490412
135367,0.26213372,0.3011188,0.39945862
148876,0.37669665,0.48862746,0.57341075
117674,0.8542763,0.8690312,0.43157977
145027,0.54943675,0.81911635,0.15466243
143375,0.21838988,0.2629677,0.23516046
115438,0.34889582,0.9559418,0.11388657
110800,0.3598772,0.3339761,0.8995532
134419,0.16370122,0.61940473,0.6897364
142716,0.7266777,0.83836985,0.9781358
121276,0.27002463,0.7273633,0.5042241
131050,0.6800204,0.53275687,0.36573538
108722,0.43921712,0.778065,0.28226638
144346,0.27718145,0.82091093,0.2767554
128288,0.5424151,0.4243452,0.8487587
120237,0.73395556,0.40310463,0.46968263
102257,0.42553,0.19694541,0.44118997
116706,0.6018341,0.40471613,0.51417065
109694,0.43173093,0.33773786,0.4851538
133700,0.42307958,0.22223814,0.5263925
110053,0.301937,0.5380419,0.7237456
137229,0.36022955,0.5106179,0.7825989
143831,0.580273,0.6439426,0.54493046
145139,0.36136162,0.91753614,0.2149436
128276,0.26416278,0.33225346,0.6064442
102669,0.40522146,0.61096615,0.4472313
116945,0.38937083,0.9045146,0.76539916
119577,0.63789904,0.51736087,0.35919458
141094,0.44935983,0.3235936,0.37798733
110799,0.2836767,0.4735382,0.380305
107312,0.39636925,0.44233465,0.38451618
148403,0.27904916,0.29980528,0.36998788
132957,0.43576682,0.42436495,0.5803716
119874,0.56171894,0.31968382,0.44584295
135334,0.4800583,0.24864273,0.461419
139432,0.20328651,0.4236747,0.45108968
138416,0.4956693,0.34487227,0.38485813
132708,0.31076664,0.46368203,0.3883474
131700,0.6376204,0.806142,0.16469371
123214,0.5102202,0.5026771,0.39354792
131443,0.27638996,0.9178874,0.113509476
117794,0.40596268,0.5818802,0.5656441
114607,0.35028452,0.43421674,0.3917995
148275,0.77046204,0.28554732,0.43416905
149997,0.2983759,0.71684927,0.27489537
148857,0.22466737,0.8684246,0.34872356
121458,0.30454174,0.88535887,0.35998556
129210,0.5090115,0.45134237,0.46930295
149299,0.34300858,0.2597526,0.25959963
103421,0.29101413,0.40550345,0.35592854
131376,0.77966416,0.21979484,0.36482874
147462,0.6378014,0.31522098,0.31901962
147802,0.7521211,0.3145679,0.35066518
104218,0.40377644,0.23459183,0.3529881
105933,0.3692748,0.43835744,0.5508238
136496,0.5828639,0.578407,0.8948141
139115,0.7426059,0.4820916,0.32489368
134045,0.28390107,0.34657276,0.76054776
125720,0.6487072,0.41091436,0.7542782
106187,0.3743578,0.90659857,0.18828017
147918,0.33313885,0.37666884,0.76353306
142348,0.45293915,0.8306746,0.92835784
116418,0.3106267,0.7220077,0.45609596
123450,0.5897673,0.45801535,0.80756235
123467,0.34672526,0.3579199,0.4139467
142982,0.7388017,0.8364208,0.6063244
134778,0.25558385,0.35881874,0.67432445
133186,0.35295394,0.32713506,0.470864
117228,0.8125718,0.42970288,0.27814943
125050,0.7251031,0.46636567,0.29633725
144844,0.4252226,0.68146974,0.4200669
115060,0.711592,0.4697027,0.42283633
138308,0.16480643,0.4788919,0.831734
123669,0.71601427,0.24446115,0.34646606
124995,0.23525724,0.41024262,0.33417726
142594,0.34284574,0.3543194,0.8879457
127257,0.22737935,0.4420994,0.9155988
133365,0.9054864,0.42071998,0.4073713
137718,0.35367972,0.3370246,0.41105396
137572,0.6142303,0.37787142,0.36356547
148303,0.7789343,0.39198735,0.28194675
114232,0.6992388,0.47470936,0.21905692
135123,0.37479645,0.523491,0.6042977
142792,0.34316775,0.62284654,0.54964304
117091,0.61067814,0.3835946,0.8857952
149442,0.7046952,0.5268689,0.3920982
103429,0.64621955,0.4163048,0.41233364
132649,0.6752633,0.48037,0.45985577
149426,0.39651403,0.516759,0.78171116
129021,0.47642455,0.5857207,0.6438166
102700,0.16798545,0.43284202,0.4259931
139229,0.32053083,0.32689068,0.532899
110770,0.2245781,0.8229101,0.32297686
145061,0.3719489,0.46997905,0.5343839
142743,0.6776303,0.5535838,0.33747283
112934,0.6418266,0.25764155,0.3477078
113297,0.34493488,0.3000866,0.36943495
133119,0.4122034,0.9357476,0.4819437
136287,0.23370208,0.8559944,0.5093834
129130,0.91784024,0.47009835,0.54343
138443,0.28929284,0.4659295,0.22282732
148289,0.6944121,0.37716973,0.48303673
145442,0.3944869,0.29588905,0.30214328
113518,0.6220646,0.2955761,0.29106304
140227,0.31990215,0.58185846,0.54137814
118631,0.9308553,0.24833798,0.3388342
142510,0.2867497,0.52353734,0.6212162
128679,0.35849023,0.29481918,0.39614528
115535,0.5744915,0.21879506,0.3826404
138745,0.3227079,0.3802761,0.3197994
110112,0.6590481,0.5902725,0.85475713
137919,0.37261298,0.37330407,0.7486934
136461,0.8342466,0.5483141,0.3548882
103328,0.44163385,0.37297308,0.35807624
147458,0.3382968,0.523376,0.48359504
111712,0.29271135,0.60238916,0.84434974
135766,0.8597572,0.88032085,0.20918262
147622,0.7063695,0.4200215,0.35234272
139434,0.66510755,0.43714955,0.5900915
104161,0.3368304,0.41253793,0.8498303
116658,0.6025551,0.31910396,0.4539459
146454,0.6008179,0.53066385,0.58950436
128569,0.89998114,0.8906953,0.5325219
123738,0.28290272,0.46821576,0.6544057
102963,0.33055806,0.44507104,0.7657796
149458,0.78177977,0.3885492,0.48408464
100424,0.8700504,0.4112592,0.43360862
113402,0.8581339,0.6094745,0.619559
138349,0.3105298,0.3048331,0.53715223
120143,0.32683355,0.20553663,0.27968037
120035,0.3943235,0.8104858,0.2390669
105282,0.35903788,0.4131088,0.4269235
135673,0.8580976,0.8071384,0.31415552
137075,0.21602468,0.31094348,0.42828223
109020,0.20647615,0.3811317,0.8551001
100532,0.3821053,0.19680582,0.2369801
140533,0.3788227,0.38793626,0.71373224
130900,0.3088626,0.38934875,0.5332449
111510,0.6594804,0.27028674,0.39493567
123364,0.683306,0.56672955,0.7746317
129545,0.5324638,0.5661206,0.6033527
133176,0.62496966,0.27580285,0.35410726
147999,0.39343208,0.23039666,0.33837265
110561,0.419637,0.4673432,0.8235116
105842,0.25162047,0.3209628,0.8201763
113913,0.3285087,0.86313456,0.13270521
103352,0.617841,0.91815805,0.17586339
134900,0.66375744,0.4859351,0.44419217
108860,0.40303192,0.2682721,0.75573707
112352,0.6208797,0.4574881,0.50088805
137272,0.29718885,0.3327288,0.34090757
120719,0.32365385,0.55118954,0.66892165
118424,0.3177465,0.2118543,0.4381474
104030,0.36965424,0.5198758,0.29972497
148038,0.8640923,0.5494166,0.6369624
121208,0.85461366,0.50942373,0.4947378
101629,0.22634353,0.40401247,0.7286682
133928,0.32606727,0.3334326,0.32934377
127947,0.701572,0.45331007,0.43425438
108979,0.24809723,0.5425631,0.6073579
133963,0.21220939,0.20120949,0.80724406
136422,0.36485252,0.29119414,0.24793772
131820,0.41088724,0.1853052,0.43393874
117174,0.36918357,0.42377806,0.36125362
137834,0.7076131,0.50775474,0.8245893
118379,0.3880904,0.2843989,0.43509242
145599,0.31007436,0.36564574,0.30341846
127287,0.24250855,0.55731505,0.7789676
127138,0.38131386,0.6534936,0.522735
135951,0.38817975,0.36940506,0.27985504
120365,0.79905444,0.79488695,0.46061054
141004,0.4339958,0.33050483,0.4328011
110702,0.2678042,0.5074664,0.6989596
118497,0.68783784,0.88260293,0.17870335
130787,0.68220764,0.920556,0.16611546
140445,0.7445011,0.49809605,0.4131518
139355,0.2198215,0.18507586,0.4537322
140477,0.3137202,0.16132858,0.3087854
120831,0.9125645,0.29549876,0.326696
100799,0.38092354,0.88181895,0.16193973
106340,0.2925709,0.4817422,0.4221758
142374,0.33732256,0.45689037,0.7766755
114524,0.2419517,0.8447836,0.41851223
141364,0.30382684,0.35534513,0.8445914
101263,0.6067845,0.83395,0.25040293
122812,0.5500879,0.44482958,0.4380131
140940,0.6287736,0.5564421,0.7361436
114249,0.5752458,0.28220323,0.34831673
147037,0.3160623,0.9217102,0.44097966
117018,0.57651395,0.3901849,0.44922477
117783,0.33720383,0.5796481,0.8376837
146105,0.34557593,0.42513892,0.31762895
145864,0.8932514,0.46230382,0.4358892
140945,0.8723519,0.5000093,0.51690847
115336,0.6757443,0.85781956,0.18832955
116251,0.6944401,0.868082,0.23828982
125349,0.5220754,0.409412,0.36246973
120407,0.33100826,0.2556021,0.3778135
100290,0.9351398,0.50915813,0.66725165
119132,0.39458206,0.8965583,0.5911797
127486,0.3730975,0.60833263,0.646375
107771,0.31668967,0.4767066,0.3222499
132658,0.6034051,0.4394963,0.7509691
116934,0.30918962,0.5247211,0.71088916
144113,0.34137177,0.83881736,0.238133
131612,0.35472617,0.4379498,0.8110322
127254,0.40923217,0.42991835,0.6716856
113675,0.6719626,0.62300086,0.8636499
104513,0.7858998,0.8461906,0.3234679
111479,0.37781152,0.30728158,0.38108855
131978,0.71350414,0.6688932,0.63065934
136973,0.46459374,0.68884134,0.54128987
122416,0.7399244,0.53339934,0.6606346
138915,0.5868993,0.8978273,0.40780455
117985,0.35695797,0.25891548,0.38638744
107727,0.56754833,0.75783044,0.59612393
139077,0.40026394,0.59509873,0.35660264
120187,0.3464331,0.35654014,0.36797053
139567,0.6340802,0.46140572,0.7791801
100504,0.5997258,0.25460693,0.41092247
120189,0.627594,0.83496976,0.20352554
106714,0.8246609,0.52647793,0.41210604
149714,0.17236303,0.49564657,0.6555888
132114,0.92000014,0.4037353,0.43769926
142320,0.31592557,0.4203952,0.4670167
147686,0.7066619,0.25126478,0.21601644
113513,0.40561816,0.8910472,0.2240707
146117,0.4345849,0.51325905,0.6703697
133704,0.23652178,0.45051822,0.5305024
142051,0.38858953,0.83317506,0.21611649
133351,0.43998104,0.8730204,0.344433
139509,0.3044481,0.38224688,0.43870857
130758,0.31365302,0.37296295,0.43824175
119976,0.3915834,0.5125831,0.519947
143347,0.53993505,0.43166366,0.19671431
121942,0.36004284,0.17671998,0.81939197
109197,0.7394817,0.5900877,0.5474083
117291,0.2936435,0.6301264,0.74411595
148534,0.44708425,0.40049568,0.4029014
104469,0.32757127,0.5443214,0.6018037
117658,0.9269032,0.53057647,0.4581266
101332,0.69292283,0.3989081,0.4870208
127167,0.3411819,0.8634018,0.28234947
122676,0.36801276,0.5310163,0.56472075
149924,0.6978916,0.49595824,0.78394586
135729,0.35080895,0.40985307,0.48840752
134184,0.34621513,0.36097178,0.48856738
142637,0.83609307,0.86328095,0.385236
110068,0.63284343,0.35772228,0.23454502
107112,0.3641181,0.83567727,0.16099726
107454,0.3840997,0.52719957,0.48757336
106059,0.27118212,0.4158754,0.90006495
116458,0.78550565,0.29229626,0.34584007
120310,0.7943129,0.4537262,0.40589038
128846,0.917764,0.5400339,0.48521945
116381,0.5033768,0.33509043,0.39895982
141872,0.26295227,0.61656487,0.7595596
124805,0.38897312,0.144484,0.20343958
123800,0.78426266,0.36574388,0.39721352
126538,0.653916,0.46064687,0.38034275
122591,0.7039986,0.4246759,0.38532943
108910,0.42445827,0.90692997,0.763392
126984,0.6835848,0.86165315,0.20766452
122297,0.6484952,0.43146828,0.7713466
133111,0.6492597,0.43348324,0.36774474
137321,0.45938042,0.4535923,0.81789786
109082,0.18225107,0.48353216,0.45660156
110925,0.33271018,0.34962282,0.5499966
143307,0.25255966,0.44072926,0.4386802
143145,0.38457194,0.7935184,0.6670926
136871,0.33833897,0.9024489,0.74108773
140436,0.7996422,0.87792873,0.83428323
100779,0.68917656,0.3189658,0.293522
119438,0.32166073,0.48057678,0.41819116
104775,0.64270616,0.33937883,0.22687343
134552,0.7317139,0.46536034,0.6375649
127668,0.36991832,0.44050348,0.49829736
103203,0.3117742,0.3279597,0.34680328
110447,0.6416374,0.5473097,0.4133518
131970,0.360203,0.56663823,0.69330895
103723,0.4632718,0.34654665,0.33401948
107957,0.564439,0.9408949,0.22124298
112584,0.610752,0.28840682,0.28469935
135721,0.45134223,0.5396557,0.50381815
140711,0.32291844,0.24247296,0.28186426
149259,0.3071335,0.55947834,0.39948666
125650,0.67895275,0.4706009,0.3928695
122820,0.7188538,0.3938678,0.31399304
103773,0.2870746,0.36091465,0.3571942
118283,0.47109005,0.5667447,0.91561335
147208,0.270342,0.27598134,0.5077367
106245,0.371955,0.41711003,0.6465278
130031,0.39318454,0.9001247,0.2871352
108085,0.35924068,0.5131847,0.50612885
134491,0.6049629,0.9271975,0.19750285
117450,0.77984333,0.604615,0.4775715
124722,0.36153904,0.8940389,0.13903987
116117,0.26071727,0.5241989,0.36367157
113215,0.32813504,0.39700148,0.51677126
136026,0.3509512,0.27982813,0.38897607
129993,0.62312526,0.41606337,0.61783624
146485,0.6261041,0.66141796,0.5508977
131662,0.35997093,0.31795067,0.7185551
110233,0.262195,0.7806996,0.33022517
118167,0.32052955,0.4779009,0.76765287
123841,0.27723208,0.44309056,0.35202283
121411,0.72691786,0.39301926,0.28330344
136948,0.34977683,0.48911268,0.45358
106362,0.32076317,0.65944,0.72991794
104918,0.7583936,0.45287627,0.4350092
123486,0.5649304,0.32242993,0.7190438
100229,0.6261194,0.37334013,0.32458428
137457,0.4619819,0.32077828,0.41121998
114141,0.27961054,0.6307945,0.24352063
146633,0.26834053,0.78113896,0.93372875
133689,0.26696697,0.3794807,0.7110238
147925,0.29101378,0.23734124,0.8090398
118090,0.5949089,0.5221406,0.511154
140588,0.85676795,0.51698864,0.40418807
114161,0.75197375,0.90652263,0.049896535
127008,0.2646164,0.42632797,0.6787392
124197,0.3082551,0.86534315,0.7787919
122563,0.31128502,0.48227176,0.42595553
115250,0.2829259,0.796779,0.68574286
117525,0.8229029,0.9629655,0.6225577
101838,0.30240947,0.5212849,0.4453616
102510,0.54437065,0.29604685,0.5222751
147019,0.2165293,0.34486356,0.39597917
117705,0.71861,0.43977115,0.3748035
114542,0.32940915,0.2931749,0.47861508
130232,0.9455838,0.3894479,0.38899007
142826,0.2562205,0.8465245,0.25334427
143616,0.32184845,0.5916615,0.9153159
130412,0.3724172,0.3869448,0.7466966
118178,0.6451127,0.50230765,0.82468027
104603,0.69633144,0.8511969,0.5333212
102191,0.8701999,0.271902,0.70979154
123781,0.34709093,0.35919842,0.34768468
144242,0.3173207,0.5077456,0.5099923
147295,0.58988476,0.2817812,0.30630946
126476,0.80744606,0.5017324,0.53473777
146137,0.43024763,0.43726394,0.41470745
111996,0.33784562,0.581049,0.31183198
122063,0.31936008,0.44529897,0.4898487
147314,0.7537932,0.43591252,0.7599053
141907,0.32662722,0.6535655,0.36117822
110086,0.38081202,0.23678973,0.5511581
128321,0.8901914,0.41725084,0.29834032
116002,0.3679136,0.66728294,0.59538853
113258,0.6722987,0.42385626,0.35157546
128990,0.7404802,0.47873953,0.41115412
115218,0.62736005,0.36556095,0.38756552
131587,0.31796765,0.73946947,0.18599474
129559,0.45369145,0.47422588,0.8059653
115892,0.3130074,0.24874967,0.37139624
144076,0.39445516,0.53486496,0.7331089
124298,0.39967987,0.37799457,0.781295
104041,0.3649988,0.2890648,0.46710885
140411,0.19001147,0.85294324,0.6633251
116441,0.3631592,0.21466991,0.28144777
117165,0.36872536,0.47949588,0.798745
136580,0.313682,0.5121893,0.5112458
121115,0.29817668,0.44946682,0.39367533
113776,0.31894884,0.23625904,0.34429345
103793,0.28267005,0.91618586,0.102277294
139764,0.41754106,0.8229765,0.27542531
102974,0.37011236,0.4798661,0.35448614
106562,0.63906807,0.2463969,0.826425
114746,0.69939065,0.9119692,0.7693595
128872,0.6138391,0.49430913,0.50588995
130294,0.36351657,0.5610859,0.8460733
105772,0.37165853,0.47917473,0.43795732
149018,0.6318331,0.46075606,0.8169478
135527,0.344572,0.33227664,0.3364191
135991,0.39096567,0.8610603,0.317248
131652,0.53629285,0.88370997,0.34686828
132282,0.58341146,0.40346497,0.25077912
121325,0.38435894,0.83233833,0.22250831
116118,0.44649193,0.43504485,0.2658202
110340,0.75201005,0.4224633,0.6181561
100809,0.32772195,0.84300536,0.30371863
138466,0.31094006,0.32616198,0.61256015
136715,0.21070306,0.5178029,0.91767305
139722,0.28828725,0.2691116,0.26217493
133993,0.70627487,0.2935851,0.8015445
108604,0.6404151,0.45710504,0.6082732
105646,0.45785466,0.35129964,0.35163727
134735,0.3073884,0.27146763,0.39974055
126837,0.6602812,0.2221307,0.3444524
120489,0.47679418,0.5731558,0.8001615
125135,0.70809335,0.3828811,0.7424606
115814,0.6539092,0.32905993,0.33221352
120497,0.35491946,0.2757147,0.49320662
145066,0.73738945,0.4354666,0.4784061
106673,0.29055724,0.33986163,0.47465172
100433,0.23225828,0.36063433,0.5896508
136231,0.6795201,0.58081216,0.41669023
145771,0.3066892,0.33838823,0.42785713
120482,0.9184106,0.7898039,0.5804462
125531,0.39905998,0.7828078,0.26924402
149061,0.36896795,0.4258389,0.37315226
144658,0.211435,0.87180156,0.14790499
114502,0.34408793,0.48045957,0.555669
130575,0.6084666,0.31490758,0.36251968
139197,0.3182929,0.27825466,0.4864795
147168,0.909097,0.45144677,0.6456621
111170,0.4567446,0.42991433,0.6397252
149579,0.6695577,0.40308946,0.4063399
121923,0.32484964,0.33652115,0.47813222
142286,0.34260964,0.49061754,0.5559989
127041,0.25151974,0.421406,0.5084232
131769,0.24178033,0.39519602,0.7912742
125952,0.31748694,0.88421243,0.24020621
115984,0.69049466,0.5194685,0.3661369
140686,0.5152882,0.62771,0.7457647
128634,0.8372036,0.4072392,0.30011532
132951,0.79127884,0.8664016,0.58326685
139676,0.2327154,0.8157272,0.22088014
104073,0.3005244,0.8842806,0.374919
127612,0.35331637,0.5490806,0.54766774
103776,0.33404914,0.42396024,0.65392196
116202,0.35726044,0.38047114,0.92098343
113982,0.34571448,0.31630254,0.7919955
102979,0.69527876,0.5355049,0.37983146
145970,0.34132853,0.23490737,0.48152912
112504,0.6335052,0.4767652,0.28312147
104269,0.62658453,0.26163992,0.23109199
110310,0.35865152,0.37173793,0.4147762
140901,0.45442188,0.88628924,0.61895335
105566,0.32291728,0.32696098,0.7386319
148267,0.7052655,0.3301538,0.76052606
123268,0.3380025,0.5760294,0.6658159
138620,0.2902584,0.50066096,0.5314362
145328,0.38290983,0.34327042,0.37762794
110587,0.35350797,0.30919906,0.29854804
143360,0.324738,0.8049423,0.9270382
130127,0.3932055,0.56012785,0.5606849
123909,0.37932524,0.39710286,0.45249367
142751,0.70839995,0.28735578,0.4324234
122681,0.3738806,0.42110032,0.52888405
120402,0.939708,0.7554344,0.25059763
126285,0.33628178,0.52121496,0.41585273
134429,0.7392911,0.91759455,0.6472471
139028,0.36757275,0.4345868,0.370437
139560,0.7589348,0.5420138,0.54037213
139747,0.68917274,0.37884715,0.7117788
101421,0.39373967,0.33669066,0.4069746
142810,0.29336306,0.36186326,0.44540992
142940,0.6895756,0.49153644,0.3955853
128221,0.314194,0.3438522,0.42666596
140986,0.41313285,0.35657844,0.44741896
134569,0.41293055,0.3672414,0.32234254
104324,0.8581585,0.7983188,0.60366756
131454,0.2606182,0.25458992,0.4388162
100513,0.253649,0.32904923,0.463181
137772,0.35054642,0.6614839,0.679257
102308,0.37161013,0.607452,0.79349124
122236,0.9185018,0.5238344,0.40598673
130878,0.43423772,0.33901304,0.48158324
146625,0.38278878,0.31058705,0.43762958
134297,0.3920524,0.40431383,0.4289628
127713,0.3876927,0.3846595,0.5473366
146621,0.7623144,0.5447455,0.76276416
143915,0.90867877,0.49837214,0.57926655
103750,0.38371435,0.34100753,0.38381505
110178,0.32677034,0.31919208,0.2633836
114684,0.28488666,0.38446704,0.61855996
111567,0.64932495,0.45673338,0.34703743
127058,0.76941776,0.398861,0.38625455
106026,0.74754167,0.51760995,0.4537466
139241,0.6307001,0.49187383,0.38938504
111840,0.35332692,0.85749865,0.2745086
115096,0.2765643,0.73990697,0.1143313
115629,0.4086851,0.43931526,0.8082061
134590,0.21866654,0.580278,0.8956003
136596,0.41962346,0.26702347,0.38846117
129648,0.53722376,0.3476772,0.94827014
141752,0.24983765,0.5120283,0.40700424
141873,0.35187107,0.33242163,0.34900573
114413,0.6766398,0.5329519,0.7468033
146401,0.38404256,0.84410626,0.9068286
145712,0.28836218,0.17999533,0.27297884
136388,0.28744125,0.53164065,0.7937585
132524,0.41090333,0.7485594,0.8174374
143078,0.3205583,0.25864208,0.48682252
119723,0.67331773,0.30694813,0.65404147
127317,0.43547404,0.4420362,0.3376674
132818,0.30390504,0.33797988,0.48245376
128500,0.8302707,0.89320403,0.69810075
111869,0.73974544,0.34741598,0.5853584
111326,0.2738961,0.3447244,0.30374143
119130,0.31607595,0.4900843,0.3948836
124575,0.34927222,0.41366753,0.6985341
121614,0.27379844,0.5861711,0.8424166
141227,0.42450717,0.83323735,0.33610904
117645,0.7509124,0.3162431,0.41335166
130809,0.96116084,0.56056595,0.473522
143884,0.49548015,0.471668,0.46460477
145246,0.6723192,0.42770293,0.4030651
146482,0.45197722,0.1957575,0.3131459
141370,0.8825175,0.5908647,0.57946384
143605,0.47371373,0.31271347,0.2672766
123946,0.8427274,0.28650847,0.51183337
112373,0.28217366,0.39264503,0.37905964
140160,0.22096157,0.29866523,0.38718873
118419,0.7195589,0.25662062,0.34839073
107768,0.90658426,0.39787942,0.34613883
106702,0.38051665,0.37916082,0.7554591
125042,0.36256263,0.97921515,0.4571345
125446,0.28097388,0.5672882,0.5023596
149255,0.60396296,0.206048,0.28529337
100904,0.2572801,0.6837625,0.6207826
109271,0.66406244,0.43521133,0.43780535
128158,0.6404387,0.86049896,0.23599069
115500,0.7514151,0.5614994,0.5048413
106601,0.5507783,0.6906253,0.8318393
119470,0.32189265,0.23393975,0.42890096
136247,0.6274462,0.29837885,0.3914317
128820,0.629179,0.911325,0.2140518
104196,0.28298682,0.3390301,0.34208152
126803,0.40216267,0.20306318,0.4101361
102608,0.30602735,0.34064227,0.38470677
128263,0.18323162,0.18289733,0.3898466
149770,0.38620117,0.35114396,0.4302604
137790,0.39966574,0.39107117,0.61895865
125631,0.52250665,0.9274346,0.20334083
116768,0.34862036,0.88251996,0.21270385
110142,0.3375731,0.8435745,0.28680414
125096,0.6172362,0.6682652,0.3459984
132361,0.38360184,0.42215383,0.83244616
104095,0.90942174,0.59352094,0.45734742
128937,0.5130968,0.75194323,0.3075433
144916,0.21334267,0.33482262,0.31367585
145538,0.68911153,0.5363375,0.4054628
149520,0.3182095,0.16746038,0.44821858
122410,0.58344525,0.3879432,0.68687975
130592,0.18047588,0.70039284,0.3448803
123778,0.7615205,0.5767821,0.63341427
128360,0.6512699,0.38205725,0.5369113
115846,0.745867,0.5222863,0.32995212
119766,0.44258308,0.41803616,0.43827137
119180,0.43069673,0.87565285,0.17507328
136806,0.3274176,0.82776904,0.29259515
101817,0.27832562,0.76878655,0.50541043
138708,0.84199303,0.57124954,0.5388796
108737,0.54610586,0.5712118,0.37148485
109707,0.9712803,0.30134302,0.4374996
149593,0.47811288,0.27939534,0.44252303
134472,0.70568883,0.36609185,0.41728017
145195,0.6854876,0.4652088,0.28242016
105226,0.35328704,0.31592488,0.38659713
139423,0.7020408,0.32680863,0.35019085
143900,0.28136536,0.8269439,0.81675595
122282,0.21939139,0.6374819,0.22010206
119588,0.46773228,0.3261621,0.4226097
141820,0.22396162,0.914637,0.7490223
108548,0.3811326,0.4363288,0.45308608
110219,0.37136683,0.20954752,0.31456423
100314,0.74124986,0.90948915,0.16883916
144415,0.53261864,0.601299,0.30924362
130499,0.3728599,0.28487352,0.34885705
148057,0.7324107,0.91330713,0.15768868
106024,0.65353125,0.4986202,0.61393243
121879,0.33427894,0.5142608,0.4544787
136572,0.44079494,0.28590557,0.6150638
122584,0.6107277,0.69011474,0.34198084
102654,0.68744373,0.9101648,0.2442043
121690,0.35705084,0.28181356,0.3622819
139795,0.3895299,0.37599736,0.3427128
146966,0.7122241,0.29402065,0.22822875
128873,0.3419356,0.7580831,0.80886525
147599,0.6613008,0.8023826,0.6531497
124121,0.6357587,0.42051187,0.36788654
110890,0.6423671,0.42098767,0.39721465
108211,0.23877154,0.51468056,0.43291572
106797,0.3086058,0.7060057,0.88224393
123528,0.37092486,0.46839052,0.5424707
107339,0.28551242,0.83629656,0.25839257
121053,0.31128234,0.5317196,0.57064193
110475,0.31391177,0.8766687,0.29956165
134759,0.30237448,0.6471612,0.5659387
122878,0.7739477,0.40866652,0.33762747
100462,0.7026783,0.39412335,0.6177864
118082,0.36855417,0.42733088,0.38604766
147291,0.4141109,0.41563162,0.753919
131649,0.28966546,0.44261017,0.699001
140044,0.18092221,0.5975141,0.9546304
113548,0.68738526,0.5142379,0.8500789
107306,0.79655147,0.50962996,0.6234807
120840,0.32928035,0.45969328,0.38779083
115625,0.3335393,0.56115836,0.6001037
132251,0.94153786,0.31459832,0.40781376
132795,0.25148046,0.4846222,0.43162882
109881,0.33940092,0.50025845,0.5757385
130610,0.42839035,0.8092641,0.28242996
134527,0.22714922,0.50875974,0.93274564
137844,0.8812026,0.7971188,0.29975605
136069,0.22351065,0.8217009,0.62381774
111328,0.94882476,0.44958553,0.6791439
104049,0.32755035,0.35220224,0.8923307
113313,0.4254834,0.5023446,0.33908996
132607,0.58024496,0.3730052,0.8769152
111434,0.35590643,0.34835607,0.26769218
143334,0.75276405,0.45017907,0.40051296
129330,0.79930997,0.6380457,0.8190183
148310,0.8607208,0.48895696,0.351382
113026,0.42819536,0.4881723,0.8088455
101861,0.6154129,0.87242854,0.12820132
126262,0.49149692,0.29063553,0.337138
106700,0.17207713,0.5409223,0.8080297
109767,0.6201536,0.66531116,0.688731
137340,0.6585677,0.73515695,0.14240766
136130,0.91339505,0.61037445,0.43118763
109599,0.29837385,0.55621684,0.90507644
112597,0.20569243,0.1548129,0.19009557
141831,0.9322838,0.3896717,0.3693746
105973,0.25550213,0.43018627,0.8075139
134069,0.6458745,0.32360402,0.86400867
106302,0.5559522,0.4689969,0.77481323
122013,0.35762203,0.23951952,0.865117
127558,0.6672112,0.84932953,0.28917035
125760,0.8027367,0.83717805,0.3610676
135864,0.2326729,0.4005591,0.61149704
102277,0.5629809,0.8616411,0.64032954
107063,0.54965377,0.61735016,0.27101958
122947,0.3582221,0.62761956,0.42562965
111334,0.5827497,0.3959622,0.21669982
121905,0.27150887,0.58337075,0.88737565
139785,0.55791754,0.298417,0.81381565
107645,0.46064717,0.4684046,0.89514977
123561,0.9593478,0.4454879,0.35082576
145244,0.73591506,0.37546864,0.31473497
122959,0.30388734,0.30570546,0.5932275
132605,0.34471053,0.7432076,0.43658158
116075,0.3613243,0.5146028,0.4259881
115655,0.71795994,0.5882208,0.8808234
136325,0.6937197,0.3576655,0.4436581
112813,0.3129847,0.4231621,0.8694954
144121,0.46131113,0.35218376,0.30718285
105452,0.72731787,0.3682512,0.43606797
117122,0.6941928,0.34815744,0.65282327
143178,0.5046785,0.29766524,0.6654068
123683,0.35005456,0.36815017,0.47264817
113277,0.3030889,0.33333114,0.2523243
130885,0.70654714,0.40337294,0.34526074
130126,0.64439255,0.8459034,0.7366954
119461,0.74294406,0.89596325,0.28073812
107704,0.4269227,0.29307833,0.6405879
112697,0.742375,0.81663483,0.19020791
148329,0.49028605,0.5280999,0.44518295
118220,0.43898204,0.3152968,0.54495305
135820,0.2923156,0.69249785,0.47150084
110005,0.39636624,0.44566324,0.41967204
123560,0.34366617,0.52995193,0.8773012
118711,0.3880292,0.87785053,0.32015568
135296,0.58539534,0.46609887,0.5821392
130411,0.32114255,0.60927016,0.8465506
119120,0.25059813,0.22667953,0.73940974
102047,0.22209361,0.31550273,0.85111636
102026,0.6767094,0.83427054,0.15958315
122690,0.8862531,0.5612891,0.32939875
148028,0.27737847,0.35683024,0.34201023
108641,0.4165607,0.50037545,0.61670274
127233,0.31441525,0.49190375,0.84031284
142108,0.5866047,0.4823106,0.90478224
109086,0.3626353,0.8642953,0.23434623
100740,0.6689803,0.3350294,0.32647485
115687,0.26093063,0.40722802,0.9139976
133339,0.8341816,0.59289914,0.46159682
124514,0.307399,0.55046064,0.38729462
121962,0.25316685,0.45455673,0.5248511
133808,0.35318622,0.34528595,0.37781486
135069,0.9494128,0.26798052,0.30570203
138831,0.32619408,0.36723217,0.31771547
143851,0.9207968,0.3275948,0.27131873
142172,0.61941296,0.71066016,0.110384405
112583,0.42191055,0.3284501,0.45210138
135275,0.7667355,0.34115183,0.42014098
140197,0.4054393,0.38980606,0.5661425
146596,0.4511277,0.46497843,0.33798757
149290,0.46526125,0.28256986,0.41377383
110610,0.58343786,0.16511561,0.32268274
116042,0.39305243,0.2000932,0.32202667
102957,0.57751894,0.8646325,0.16929817
118140,0.7434206,0.4718878,0.35296842
136136,0.25516972,0.40799746,0.49977878
144876,0.2534685,0.46145943,0.9346028
134421,0.39739388,0.36822167,0.40356466
123359,0.816242,0.8229249,0.370143
114762,0.45078647,0.188792,0.29992592
143816,0.2954631,0.77853596,0.9762388
140032,0.4359652,0.41644606,0.91542655
129465,0.34583414,0.2607948,0.5267239
103956,0.67037296,0.8045686,0.71286696
101075,0.683864,0.44621614,0.47833124
134068,0.34669217,0.3542271,0.34939194
135499,0.710756,0.2667571,0.47237325
114462,0.7784956,0.26140618,0.29664612
115209,0.4815701,0.4208523,0.6807703
148702,0.7255876,0.88142127,0.22386886
138984,0.59346867,0.5091705,0.46540135
105295,0.28969377,0.8958558,0.18841617
118205,0.7539636,0.80391735,0.716297
101247,0.6954719,0.86519605,0.77406037
139644,0.3776695,0.35203022,0.7390533
116810,0.6386965,0.7533247,0.7335566
101928,0.67208934,0.38396147,0.77903664
147360,0.82017875,0.85758245,0.10960636
141222,0.21072833,0.62582684,0.8574058
118625,0.68986547,0.81112516,0.6691538
135040,0.28106198,0.2129192,0.35370398
137004,0.32019788,0.46062437,0.8645803
129864,0.86855847,0.40273812,0.32030687
119926,0.7671548,0.50907946,0.5300038
137134,0.26517144,0.5236097,0.43036732
114583,0.29706374,0.2419327,0.26237983
112785,0.2970414,0.3828064,0.35040987
149466,0.21979536,0.24606864,0.30974936
143363,0.34743914,0.37604332,0.53212065
104578,0.32397556,0.3623988,0.5020123
114438,0.5250782,0.48793343,0.33430588
120484,0.24097274,0.83737123,0.7498653
129399,0.28950337,0.17465562,0.43809307
148514,0.5546177,0.42206323,0.44873965
148670,0.37684774,0.44868368,0.51620597
117862,0.34062034,0.8216594,0.22719558
148487,0.3515273,0.6476463,0.5439195
103663,0.35014912,0.75036836,0.18811363
127890,0.8645623,0.7002616,0.7439687
149947,0.45392644,0.4034344,0.79177886
134468,0.6326346,0.524922,0.43483567
134061,0.6558784,0.5839158,0.5801201
136991,0.6574829,0.6149956,0.64493084
112116,0.33862865,0.4150413,0.25406337
123783,0.73770934,0.46041477,0.42259043
114750,0.9509345,0.50437593,0.4108692
121076,0.33166522,0.3760749,0.62797254
145962,0.3067372,0.3995247,0.35872084
109939,0.9160488,0.5204529,0.45113966
112595,0.6327177,0.47707054,0.87649804
132965,0.27742562,0.67606664,0.42859465
133166,0.64844024,0.91493666,0.22821917
124117,0.3599675,0.4579047,0.72136414
112384,0.3465356,0.4655088,0.517326
148015,0.9038911,0.49821433,0.39769003
128966,0.7425651,0.85111195,0.1817068
105007,0.529295,0.80855656,0.44802162
131267,0.40444693,0.26118252,0.29134354
115160,0.59444135,0.8634632,0.15080816
111393,0.4289821,0.5188239,0.54150516
115181,0.30771664,0.25720552,0.37043923
101037,0.22530885,0.6387659,0.5975553
118349,0.62664473,0.3907073,0.37098324
101343,0.36770487,0.27082846,0.40187994
149721,0.3461866,0.90065813,0.54102725
109994,0.45578638,0.53800374,0.3479351
146392,0.6952985,0.35836992,0.57316357
111525,0.3346429,0.3425737,0.5084972
141781,0.6711652,0.5475398,0.83069164
122814,0.3301871,0.37550852,0.44768515
149742,0.5922593,0.19785012,0.34700558
113077,0.31799448,0.56903636,0.46682972
141994,0.74364746,0.42280173,0.40176257
124818,0.29176962,0.313497,0.8188942
107572,0.28307372,0.84960526,0.4790048
116795,0.2658485,0.36149657,0.29828545
118782,0.95278764,0.6583109,0.6884969
136263,0.55933326,0.2989793,0.3076875
111842,0.38127354,0.34517065,0.7855782
110185,0.34852856,0.44348654,0.88231194
139915,0.619952,0.35283315,0.27624655
139796,0.66876745,0.5162713,0.86416763
149949,0.44106197,0.41657072,0.8277922
132455,0.91130006,0.614176,0.48775968
101676,0.4352735,0.36163285,0.47875383
138782,0.57300156,0.7915696,0.6259239
137725,0.2654923,0.37209082,0.5298424
128111,0.36827365,0.43190077,0.86289394
122809,0.26570818,0.44914263,0.8899246
147790,0.4680544,0.45675415,0.5788442
111447,0.37420288,0.89344233,0.4201036
149622,0.43906167,0.52043474,0.7615478
145642,0.6012946,0.3393548,0.3940869
127293,0.33694655,0.4808691,0.34378096
140443,0.6485296,0.35152704,0.27356505
104615,0.9405615,0.49952146,0.35690328
130173,0.7595565,0.29833236,0.49316126
127190,0.3831155,0.5329753,0.48486945
128289,0.8846616,0.2834358,0.24717152
140944,0.74849784,0.21205172,0.24782547
134459,0.3599273,0.30465257,0.33210206
126022,0.85254335,0.631366,0.63808095
109923,0.6097639,0.5440363,0.51222926
145617,0.29785326,0.3848582,0.42231253
102012,0.4030336,0.40157777,0.42758453
136515,0.28773093,0.8308859,0.44598544
100633,0.3805357,0.17414057,0.39962724
126869,0.79694957,0.48657808,0.50879836
137778,0.71670914,0.89622253,0.6892549
148236,0.3030402,0.26983628,0.2034181
114387,0.27219453,0.365669,0.42919913
138296,0.4443693,0.9086022,0.31537953
144022,0.3114077,0.47386423,0.31732908
100849,0.68211055,0.3441348,0.59124225
148355,0.4308795,0.27854168,0.42489296
132830,0.36186036,0.4805841,0.43163443
130602,0.33371156,0.38846168,0.39744294
137375,0.719436,0.47241858,0.44377604
137829,0.58798873,0.28405994,0.90744346
110299,0.6213502,0.3436689,0.47641763
139238,0.80277896,0.41377124,0.43069905
111416,0.36340067,0.47507852,0.3917892
132602,0.32403028,0.7076511,0.2934591
100195,0.2744711,0.65466607,0.39035198
123341,0.22508258,0.55869186,0.73362726
118432,0.26864603,0.82557744,0.3931425
102806,0.1544357,0.8143965,0.9841323
103787,0.4442631,0.5219854,0.46388856
133797,0.3360618,0.4646912,0.30940574
105273,0.39177367,0.39915144,0.5482367
147309,0.9025354,0.35280702,0.37678748
123820,0.47955367,0.12308051,0.22564757
130659,0.6753881,0.4220809,0.42230502
100075,0.90069747,0.46403432,0.8244172
103305,0.642752,0.404346,0.37847987
138823,0.24354145,0.87254214,0.5511411
118664,0.95003265,0.3182578,0.61024207
125182,0.29023394,0.28888425,0.34484056
113148,0.49757883,0.4603905,0.70798093
110384,0.27775988,0.42559248,0.83099496
111535,0.5162194,0.8421823,0.5861333
139159,0.36656544,0.40980074,0.35748905
106444,0.7777549,0.8519557,0.19473387
119968,0.30138054,0.90373605,0.22382143
148884,0.70735484,0.55584234,0.6305293
121510,0.32181716,0.3694126,0.59130055
133015,0.94109297,0.41510624,0.3862261
126225,0.8227234,0.3759497,0.46346068
111986,0.30330333,0.8524102,0.93924075
146561,0.3549058,0.41344202,0.74147373
106756,0.3822745,0.52822405,0.4325578
120388,0.26237297,0.6132384,0.5059509
104499,0.52398044,0.3318722,0.3837199
128888,0.3488339,0.39729592,0.5089897
136586,0.2488294,0.4742974,0.74004066
133157,0.65256244,0.4031433,0.3527081
105131,0.27090278,0.35694325,0.3502467
113734,0.24721485,0.2567628,0.27544132
128763,0.6223885,0.34657466,0.5133814
142280,0.36406505,0.33858427,0.8105384
128266,0.37751773,0.6570369,0.7279342
144126,0.7258978,0.18225874,0.35971665
116370,0.67424273,0.55448914,0.8002202
137447,0.34593144,0.832022,0.14271581
145050,0.40870047,0.5139163,0.37214205
109286,0.40692344,0.21606326,0.2995007
139968,0.897862,0.62827903,0.5446451
121546,0.20283975,0.56328565,0.87849975
102596,0.43838274,0.5026243,0.6676732
146722,0.65902025,0.36357793,0.66767573
108378,0.51070505,0.5480237,0.77196133
142105,0.3273592,0.6567059,0.552729
118992,0.9203432,0.83148247,0.59497136
128843,0.38038933,0.88445294,0.23395771
120579,0.37305713,0.4129617,0.78745216
145040,0.90313834,0.67420316,0.43530348
147662,0.32652372,0.3727629,0.4840355
114381,0.5997078,0.24324019,0.24806407
108662,0.41262767,0.36047426,0.88906056
108083,0.6805368,0.26683927,0.3591646
127936,0.59724516,0.4033397,0.44246328
114333,0.6050681,0.8521557,0.3515814
129633,0.6702544,0.46266323,0.8198758
113916,0.22312549,0.865578,0.1008342
127045,0.31050724,0.37628663,0.38822284
104050,0.35875058,0.39004815,0.36294925
138247,0.4627459,0.27899954,0.7432075
126159,0.39427212,0.38176432,0.60558
138638,0.34623718,0.7215468,0.6358408
127398,0.6568152,0.4566549,0.37777087
139222,0.66550463,0.12145242,0.283303
140260,0.29514164,0.9390579,0.53523356
115497,0.7526634,0.11732907,0.34604394
109255,0.96763057,0.21161047,0.27884543
110950,0.38270867,0.3929795,0.80411136
146585,0.2602438,0.49201635,0.9308881
138610,0.29260314,0.3512685,0.38742542
131017,0.59287214,0.2956473,0.68156797
116289,0.3135446,0.8954091,0.55779785
115898,0.23665936,0.89741105,0.16159466
106498,0.40400407,0.4229658,0.800278
143173,0.45383725,0.55256057,0.43747768
122832,0.8836051,0.25737622,0.25221977
116559,0.35970715,0.43599498,0.382029
126124,0.58937,0.88941336,0.31849045
121182,0.32173753,0.23161429,0.38165066
126878,0.69203985,0.090383336,0.26833096
148081,0.9612973,0.4292468,0.31940925
125999,0.89437795,0.45352727,0.34960818
147411,0.32548606,0.35272917,0.5967201
116613,0.36972645,0.39909127,0.49818054
128819,0.41872743,0.30136976,0.66953075
149076,0.22714014,0.5344297,0.79757476
102756,0.45524412,0.7917491,0.71067727
133505,0.28857344,0.34168485,0.47591603
121296,0.26639247,0.73669523,0.45727205
118416,0.32392552,0.31271031,0.35015643
102827,0.68614143,0.29346985,0.38949844
142288,0.69202214,0.40346155,0.34822145
101442,0.28561607,0.32376772,0.4750145
122455,0.8179286,0.2466522,0.32342258
100533,0.32714814,0.3946954,0.8198528
101575,0.26706246,0.28055805,0.33291006
144269,0.38161987,0.27891967,0.4356483
113089,0.7211381,0.30923328,0.57933915
121301,0.33058715,0.91019297,0.24844405
100464,0.7139129,0.8562822,0.2649746
101351,0.4974575,0.3901871,0.37164187
120452,0.20317098,0.455481,0.77584517
103470,0.30284178,0.8035872,0.51111954
149573,0.69029224,0.49080044,0.4910835
146887,0.3353489,0.4018874,0.5800769
111164,0.3784686,0.29159293,0.6029777
145850,0.79817456,0.8168285,0.22258587
117383,0.41164166,0.87704444,0.29329333
149372,0.2958293,0.22601007,0.3500447
127613,0.45735806,0.28016073,0.58014965
140206,0.75396657,0.6828695,0.83323306
144314,0.4156584,0.895535,0.22484654
112673,0.2695142,0.37928897,0.32697338
142811,0.4954049,0.24555688,0.48697868
123116,0.70770985,0.38503656,0.5453126
139291,0.67201984,0.5514047,0.569737
128280,0.8260966,0.90650994,0.09527905
121665,0.32911676,0.20590283,0.39288813
144728,0.84369314,0.4789021,0.58689415
123613,0.36007506,0.838109,0.28809607
128953,0.27528113,0.30167562,0.3188612
100024,0.3961738,0.4952318,0.59537596
106693,0.3625519,0.2312683,0.34409663
139459,0.6782988,0.3565399,0.28561103
139321,0.4184579,0.4410793,0.4892079
121307,0.24469572,0.35069484,0.86665237
121230,0.35773134,0.5013929,0.76418775
137290,0.30706745,0.4311515,0.83372325
140240,0.42280805,0.3674256,0.8146996
127550,0.24502158,0.43151867,0.6485392
126303,0.46214896,0.57516867,0.48308584
112938,0.34158114,0.47868556,0.41719773
132172,0.5643836,0.66445845,0.5103584
126056,0.29084587,0.41956264,0.89027953
139439,0.48738244,0.5451188,0.45333785
124467,0.39020345,0.35797033,0.5461041
115881,0.50785124,0.3045251,0.31414872
148916,0.84058094,0.49014097,0.42481613
126148,0.36460942,0.20147401,0.48927683
128195,0.59363395,0.60611117,0.8362203
113911,0.22934249,0.2501764,0.27283338
143261,0.8174807,0.5424629,0.48055425
146028,0.64393616,0.48399404,0.49050072
138273,0.56705827,0.4061885,0.32028383
130674,0.25269806,0.7652309,0.31061348
140263,0.34688184,0.43878797,0.4786181
124724,0.93963283,0.29199964,0.75526917
101549,0.56240505,0.8335848,0.15242569
146364,0.25122917,0.32272083,0.6881559
148872,0.34387544,0.7354881,0.2540668
120636,0.5536193,0.8550872,0.46907935
114597,0.34942016,0.4161172,0.8754448
122430,0.38312802,0.8602311,0.5816052
127760,0.38894728,0.43262637,0.49730098
148378,0.3400397,0.28049353,0.40174142
113690,0.34982878,0.3777198,0.32494032
123673,0.38979933,0.66805434,0.86562496
148718,0.5615409,0.27156815,0.49248943
105325,0.5817965,0.38933125,0.45169201
137621,0.74575263,0.56928754,0.73235786
136979,0.5544581,0.37364307,0.77911675
125309,0.28446782,0.48262304,0.62673926
124531,0.418137,0.78833336,0.28936666
144537,0.5875721,0.511097,0.7759553
102013,0.33219776,0.37434524,0.43866003
137451,0.30349508,0.3474832,0.39216292
140675,0.7614173,0.27078605,0.33344552
111883,0.36350146,0.39982027,0.38628104
109645,0.36400646,0.48052078,0.698263
119034,0.39775142,0.41406447,0.5155941
138859,0.3051992,0.46260774,0.35984764
100493,0.39319134,0.21076879,0.44685054
128198,0.35827777,0.47336212,0.3240323
107354,0.643346,0.31948224,0.454313
123471,0.41646352,0.3369804,0.37539488
138064,0.9209188,0.48444697,0.7945255
113444,0.6348769,0.85825056,0.53312
147566,0.41849193,0.41252685,0.39938068
119734,0.2962765,0.21124695,0.42253277
108598,0.936511,0.5878367,0.40571982
121624,0.8935801,0.3675813,0.3772579
126039,0.6185638,0.4285575,0.2645488
136329,0.31400883,0.7469751,0.25079975
136848,0.6435563,0.5428808,0.6231684
113672,0.30859473,0.38126394,0.7929492
146525,0.73770064,0.32523683,0.3626768
144047,0.97712713,0.2703987,0.26462254
139219,0.26736364,0.4071373,0.7941752
144740,0.2647391,0.45225638,0.8437308
100365,0.36494583,0.48073003,0.8016855
124472,0.2507185,0.24758601,0.9084089
120161,0.24945337,0.49140635,0.78894675
102560,0.3116456,0.6217862,0.38435814
107506,0.2689413,0.37804744,0.33063552
136842,0.35504425,0.91268766,0.11477026
112343,0.55077267,0.6909223,0.22323222
115040,0.5737091,0.48407906,0.3392311
101176,0.93732196,0.3240789,0.30782273
109848,0.33472455,0.4716782,0.6535256
141057,0.37573478,0.39124927,0.2777945
108469,0.29659745,0.8439483,0.58344156
107794,0.7632227,0.19443433,0.2769556
119953,0.24385159,0.28613076,0.4756752
147163,0.46805954,0.50552076,0.5719397
137126,0.65608305,0.40990055,0.4843304
116717,0.68000245,0.6306402,0.606387
130058,0.31072858,0.29642108,0.5115736
142649,0.7983525,0.8640761,0.23303027
124550,0.7514617,0.45040125,0.30690396
139636,0.3750791,0.40146777,0.38119543
130963,0.600449,0.4965453,0.7984603
105797,0.4516545,0.63800496,0.61915994
140328,0.35209274,0.3063388,0.43269634
147166,0.67774224,0.55692065,0.7329209
149281,0.6393415,0.54672825,0.8123662
134577,0.28670898,0.508716,0.31874552
125056,0.305997,0.2704926,0.40969843
138438,0.65891457,0.88572186,0.090511374
103302,0.4277132,0.32354134,0.669827
115121,0.29414895,0.9718892,0.6915909
142668,0.77480286,0.56071424,0.5363762
123811,0.29290006,0.49081668,0.3727703
128067,0.30932352,0.48788255,0.7913826
120075,0.22566062,0.28246912,0.5741941
113223,0.23621,0.33314437,0.60244995
108157,0.42015475,0.44475898,0.6983718
122897,0.3329263,0.3146405,0.35413396
110331,0.7394326,0.4100525,0.35408956
135961,0.2765558,0.24541236,0.5519913
127098,0.29611802,0.457736,0.40202266
132620,0.2869758,0.40674505,0.5802489
103168,0.80404514,0.8927493,0.18879057
143186,0.3335524,0.5994795,0.45231438
142758,0.32644692,0.53105444,0.42012185
126936,0.938929,0.8431549,0.19586578
139430,0.9183458,0.43012327,0.44429862
108097,0.35732818,0.2412384,0.43844232
117936,0.6659882,0.5518016,0.7756798
148363,0.7944043,0.86873376,0.48395172
115367,0.3563431,0.98214275,0.7722745
122251,0.80396754,0.40549102,0.68420213
133788,0.70179904,0.3666699,0.44182658
133247,0.40784404,0.55147016,0.49255073
107232,0.39757612,0.6010163,0.47120658
136378,0.670772,0.8696771,0.1319826
139046,0.5393258,0.8804512,0.30997378
141007,0.28487542,0.4349853,0.56342876
143750,0.3622349,0.3359652,0.7263477
115800,0.30528957,0.5901198,0.34058845
121281,0.6458035,0.51817477,0.47858876
119572,0.33714646,0.33160037,0.6270268
134541,0.28715375,0.6883422,0.5490297
111155,0.45060253,0.25824124,0.34441248
110966,0.20162337,0.7805509,0.34403583
112349,0.41167316,0.32276297,0.43264654
135246,0.3691021,0.35743445,0.8026601
148720,0.37759233,0.71768904,0.66924953
138008,0.9205806,0.4433145,0.3902312
146239,0.38733384,0.86802804,0.24990651
147049,0.5579446,0.29378197,0.899739
146980,0.744105,0.2273231,0.37375492
133629,0.78342867,0.46755958,0.48284182
124917,0.3135958,0.554325,0.63586247
119212,0.56345546,0.31157476,0.35031503
129534,0.28255197,0.3210108,0.3592679
126964,0.60265064,0.4970441,0.59468293
124050,0.25927034,0.86914134,0.5102631
121051,0.6385891,0.83535916,0.706766
138290,0.345924,0.5364705,0.26603535
149478,0.6631079,0.359864,0.47012714
116581,0.28407198,0.47959775,0.5345952
117915,0.6680823,0.30929387,0.32374787
135185,0.27112427,0.7347908,0.777028
115416,0.41785368,0.26675373,0.3218358
100765,0.88578886,0.41063517,0.72180486
125924,0.41150364,0.27160415,0.56873137
138432,0.42937198,0.31711826,0.38506258
115854,0.3314243,0.17751554,0.2754391
148738,0.49171785,0.32825372,0.7058178
111792,0.7138895,0.8853763,0.71053004
141537,0.38309538,0.29302254,0.29101208
130380,0.3629516,0.34044576,0.38026074
119749,0.20196958,0.4359034,0.90546334
110796,0.37848833,0.45537457,0.5970829
126624,0.20511447,0.88558656,0.18240558
116135,0.57500297,0.31551027,0.52053165
146118,0.721781,0.5146333,0.7966034
116910,0.25927147,0.3993976,0.71063644
145680,0.26751482,0.8348532,0.15984012
126685,0.33501628,0.533618,0.478974
135425,0.567206,0.31910914,0.8463136
100266,0.88499767,0.5105929,0.77499235
118322,0.3990749,0.33078995,0.33451444
122192,0.42073688,0.37982047,0.47209144
128998,0.2655243,0.446273,0.64380854
144187,0.26800898,0.8190822,0.3277983
149257,0.74645996,0.33163604,0.40470418
104630,0.29625225,0.49049348,0.85401654
127286,0.9026747,0.71208274,0.48947003
114659,0.6096466,0.47410086,0.70073754
114439,0.6438206,0.8592789,0.2556068
132392,0.37107238,0.3317252,0.4489729
141449,0.47245336,0.3530789,0.81103283
127083,0.43455347,0.8957926,0.61761713
147920,0.39355883,0.41611785,0.77919734
113930,0.32806417,0.3214281,0.8690668
121268,0.6274728,0.42147595,0.35551667
130870,0.28838757,0.74865144,0.49440044
148959,0.39230388,0.5439756,0.5587315
124137,0.3717023,0.30694285,0.76061475
126091,0.33802086,0.25186372,0.5121083
144978,0.33113956,0.4520449,0.47932613
140338,0.65366924,0.3506137,0.38487804
143465,0.36091024,0.9464861,0.4275993
108231,0.39919543,0.62290835,0.8873187
102432,0.7602249,0.5007126,0.8177759
135513,0.3060108,0.3473768,0.49634197
103593,0.3578241,0.20849015,0.3889107
129271,0.37081704,0.23598261,0.41668883
103311,0.80186725,0.8506215,0.45708376
129326,0.19260529,0.23526534,0.50224346
112017,0.59505254,0.86035234,0.34278184
148998,0.34077236,0.7999995,0.930019
131888,0.35004866,0.3313089,0.86871326
101213,0.31877697,0.6142757,0.50037587
111406,0.24162552,0.31693134,0.43453646
131519,0.4628839,0.47227952,0.48371083
109682,0.3580638,0.92651975,0.16771768
106262,0.4234804,0.65173167,0.7387419
107835,0.93598723,0.8764992,0.5192129
127701,0.6947057,0.54075676,0.4308159
124107,0.36079344,0.46188584,0.49392378
117962,0.67290056,0.3010669,0.42535555
107912,0.39306065,0.55234474,0.35396516
115063,0.35868832,0.8644933,0.7061448
145645,0.32962742,0.50670904,0.501945
106511,0.6873161,0.6038046,0.6533157
149796,0.48986667,0.37174225,0.37874505
118769,0.36824164,0.5535778,0.34966874
124100,0.36839825,0.2992131,0.45106134
110887,0.69270134,0.5665515,0.83421856
149341,0.8672802,0.44880813,0.5918599
112586,0.6708143,0.6258643,0.62103647
131779,0.6561642,0.2540345,0.28308228
110199,0.17947586,0.4718102,0.5384188
131595,0.38637537,0.4316371,0.56459516
127198,0.70370257,0.49479377,0.44844276
139537,0.79351306,0.63273597,0.629822
111654,0.4117274,0.34407958,0.35631964
110266,0.36491433,0.8202672,0.21884489
108730,0.24545191,0.3335427,0.25664535
115545,0.70193505,0.32789463,0.3828765
142996,0.34419042,0.2705423,0.40517783
122386,0.3239665,0.31168017,0.6098753
131417,0.26142338,0.35836387,0.42680857
128451,0.6592349,0.5657376,0.4030627
101918,0.65825,0.4244369,0.79568624
115714,0.6509073,0.7476963,0.12902687
113017,0.2416332,0.4942346,0.8404045
145286,0.6428686,0.47961828,0.7367973
101041,0.7347535,0.32013616,0.3347046
147960,0.44245136,0.38342977,0.7450342
147963,0.27526116,0.35155663,0.3629588
143853,0.36831346,0.45740303,0.5099761
104380,0.9066116,0.56657857,0.4706704
100612,0.72478133,0.42603084,0.29394573
143551,0.83097243,0.37150744,0.50478995
114386,0.83907646,0.48659965,0.4809095
137401,0.4108271,0.27816257,0.1938274
101484,0.4122156,0.75560474,0.71754724
145758,0.68063956,0.45820808,0.39978212
135153,0.7013747,0.38577217,0.3776619
146509,0.6576904,0.612462,0.89267594
126599,0.3137286,0.70661867,0.37933207
145124,0.37346858,0.77111137,0.8159403
118296,0.24914901,0.3418329,0.94630545
112906,0.40514183,0.551864,0.4520723
104973,0.3540124,0.4951755,0.93373895
111610,0.12594326,0.2892114,0.9560774
114073,0.36793444,0.34092778,0.73952603
128292,0.35949904,0.42761648,0.6050048
110101,0.9361113,0.3732889,0.6725553
122427,0.38075042,0.35134313,0.38117445
126454,0.26221004,0.73578924,0.82641554
148109,0.54432565,0.5142142,0.6335428
148317,0.6230102,0.39079568,0.34587485
100095,0.38126454,0.621075,0.4710439
118564,0.9421756,0.4484799,0.42610654
106267,0.776526,0.57165945,0.4337994
118529,0.6702113,0.53376526,0.3679036
112680,0.41934997,0.32504386,0.34525174
114627,0.3961476,0.4655438,0.72736055
145362,0.93484527,0.2889439,0.3152998
107812,0.71189785,0.8202785,0.16870725
103356,0.30731848,0.5871452,0.40782675
118657,0.685888,0.91512245,0.33410546
129946,0.40945846,0.48984343,0.4411297
129031,0.888353,0.9047112,0.20143455
142448,0.39407018,0.3137455,0.3821806
130154,0.54856604,0.5761436,0.856565
103950,0.64557165,0.4821743,0.30978772
134008,0.37812835,0.56003374,0.36183128
112967,0.8930697,0.47714794,0.5905875
141839,0.70032126,0.7613114,0.10788244
114489,0.44725418,0.45775437,0.5833774
117596,0.35537252,0.7950217,0.25428036
130580,0.25221246,0.60571843,0.55477035
124585,0.33576018,0.506615,0.5151448
113410,0.4367131,0.4925407,0.43968496
119134,0.5554779,0.56763154,0.579949
107290,0.6116744,0.38531917,0.3492933
120776,0.64710104,0.26529104,0.39784825
139388,0.24127582,0.36887717,0.42849556
133102,0.38724113,0.26184955,0.3921075
111050,0.47510996,0.31596863,0.4540364
105661,0.7139518,0.2834488,0.3160787
140034,0.5552755,0.42841187,0.40536466
135696,0.7509208,0.43108225,0.50499886
148517,0.42344818,0.6057856,0.48162472
100451,0.26285025,0.3878889,0.37915853
137654,0.49118295,0.618479,0.8253435
138985,0.38473365,0.13828081,0.22066392
149276,0.75037503,0.25683632,0.8575301
131772,0.545803,0.27644697,0.47481322
107817,0.5925611,0.3139463,0.33251724
148213,0.31494308,0.4827582,0.31559575
107473,0.3320172,0.41183105,0.659766
136568,0.2854726,0.25672278,0.3113907
107874,0.21567048,0.49644008,0.3588576
131751,0.28305414,0.40078965,0.26417965
127984,0.4068008,0.41662353,0.3588885
107446,0.39421055,0.40970382,0.3420879
139849,0.7039655,0.314992,0.3539599
113655,0.9206127,0.3395232,0.35042307
108513,0.545047,0.35826895,0.6534259
141587,0.74285966,0.9148847,0.057761855
123171,0.28671202,0.35271862,0.39787126
126328,0.33070725,0.3472203,0.72343856
112316,0.47701943,0.5784095,0.9118629
124479,0.33459538,0.2919653,0.6128489
117539,0.55497676,0.35422584,0.4083526
144921,0.40886962,0.56919014,0.45051667
113084,0.90309983,0.893656,0.19831549
147139,0.4272666,0.45710608,0.4256696
132774,0.348008,0.2753104,0.7504535
144145,0.2883852,0.9022781,0.8027708
116470,0.5391809,0.338283,0.37779027
107755,0.49232653,0.4421726,0.33395708
141600,0.528962,0.36548263,0.5988083
145589,0.93114436,0.525647,0.5043992
139286,0.63801914,0.6790326,0.934858
117956,0.5094616,0.26426446,0.60603493
127574,0.32887238,0.6503768,0.67129016
124172,0.5398512,0.6570179,0.45881987
100362,0.5923832,0.9383562,0.1632074
109391,0.56540805,0.4478096,0.39047185
126019,0.65894216,0.63933986,0.5546574
122056,0.7648723,0.37389114,0.5443786
107272,0.33999175,0.33703595,0.90003353
107784,0.37851968,0.32656363,0.5821881
126833,0.6856897,0.28751665,0.38796338
136633,0.35575894,0.55663115,0.61936074
107612,0.5016723,0.55856365,0.8241332
144275,0.43764752,0.6299223,0.54886454
145288,0.28772157,0.48797503,0.32860366
116001,0.34143376,0.30299965,0.53742695
138665,0.6919516,0.53016275,0.47182342
101169,0.56737965,0.5396903,0.5420932
113644,0.84898907,0.37549186,0.46520147
142845,0.38625994,0.89249253,0.4483337
102809,0.3293525,0.32668692,0.844345
140934,0.32393837,0.6118549,0.8097964
121472,0.7386727,0.25904933,0.35579523
127649,0.9559912,0.4769927,0.40261948
117581,0.70559466,0.3869393,0.6895421
130548,0.738403,0.8591441,0.27990624
130714,0.7336964,0.37141556,0.7739009
129433,0.30057827,0.23245466,0.3973564
107465,0.34867555,0.4083192,0.5582139
143597,0.69549274,0.35778013,0.41242915
135915,0.6284625,0.7518852,0.23686232
131539,0.39533833,0.65256846,0.7892075
125081,0.29182404,0.27994376,0.36514822
145662,0.5343636,0.5043543,0.5997225
137496,0.3021118,0.1914194,0.44295537
125177,0.26818353,0.30011874,0.22133166
103363,0.34789798,0.3744585,0.36115235
113612,0.40401968,0.47257814,0.3386083
127003,0.6265785,0.44159707,0.5476289
124993,0.417697,0.396702,0.34726503
120564,0.6346813,0.42348596,0.2675109
146896,0.86616087,0.5372142,0.36316514
149122,0.43572658,0.25537604,0.35610375
133512,0.4146173,0.3675932,0.37049133
132318,0.32547745,0.41744444,0.43764016
131137,0.40537512,0.21598296,0.447122
131211,0.44199377,0.5066599,0.3971101
134012,0.3974442,0.21595104,0.3792461
143935,0.7737338,0.2412159,0.45745057
105550,0.578281,0.56432,0.58667386
145942,0.65442055,0.5063969,0.49696806
144371,0.3212235,0.488455,0.81143653
134741,0.5992769,0.16431096,0.2811564
114705,0.64798456,0.37559596,0.36275613
138330,0.6420534,0.48531172,0.7944281
149680,0.30875096,0.4869343,0.56578827
115031,0.30091482,0.41160464,0.4343248
118172,0.46613064,0.51262945,0.52959
113977,0.35227138,0.5532533,0.9116134
134836,0.43126526,0.203234,0.28940794
138329,0.34411025,0.39251032,0.56183565
117859,0.3385805,0.30166873,0.61162484
117408,0.34507558,0.31797332,0.33199856
115963,0.5069594,0.32934377,0.35265234
144341,0.41821265,0.4074096,0.8479174
112497,0.32241955,0.25414586,0.40196675
143544,0.65178525,0.8962555,0.7242225
132164,0.29636395,0.29363513,0.3085628
134780,0.30556938,0.24669497,0.33851975
142980,0.29227364,0.30491337,0.2517394
117774,0.3351217,0.42339635,0.42650202
120020,0.6291138,0.45967627,0.8120811
100953,0.2965386,0.3312693,0.45300433
106313,0.28483889,0.22933176,0.2315415
104006,0.34393004,0.39105842,0.5746024
143618,0.33825043,0.38346842,0.61266226
123339,0.75984347,0.47563916,0.38522115
120324,0.67761093,0.55094045,0.8233445
120188,0.8994714,0.72214556,0.27789307
148368,0.47729963,0.29102457,0.39999694
100889,0.64136964,0.19078751,0.38793698
134530,0.5779429,0.3972905,0.3807539
147372,0.3537273,0.20748729,0.30204576
112421,0.37445536,0.21615756,0.28703073
121909,0.2847431,0.5839827,0.4589944
136489,0.7017546,0.44173267,0.36734247
136017,0.91252077,0.56977105,0.44382107
142587,0.6359014,0.5340898,0.8491632
141582,0.23683846,0.7862769,0.110007465
121314,0.40249816,0.42569053,0.65698355
122916,0.32487854,0.28285906,0.38324496
125601,0.33111617,0.90307766,0.3529061
102139,0.78275937,0.37226886,0.46106392
145770,0.30951896,0.29294428,0.41029382
123703,0.4641033,0.4760248,0.71693754
117707,0.43112582,0.2740743,0.48318604
139521,0.63926405,0.35847586,0.31504557
105791,0.4530208,0.33677423,0.5434184
134866,0.91885114,0.6065137,0.5270691
124280,0.35662457,0.7675302,0.314799
109153,0.3127041,0.41697434,0.7139899
108516,0.67058694,0.5071587,0.7248228
111091,0.29642212,0.795973,0.3198263
121650,0.7313962,0.52169245,0.82707
149014,0.68671626,0.4454717,0.28424948
104082,0.6853321,0.39623445,0.44046858
114456,0.29121375,0.57953036,0.8582542
145837,0.7657963,0.2669473,0.47668785
145828,0.4068835,0.48802012,0.4680538
149221,0.48244023,0.39931726,0.8267595
119048,0.58479416,0.45274198,0.3246846
138571,0.3508862,0.4183251,0.5646018
100634,0.41504464,0.2913902,0.3185597
141857,0.44608566,0.29822788,0.4338396
105590,0.40339613,0.3923858,0.5635234
111978,0.30448318,0.43517074,0.5204426
112129,0.958959,0.3047843,0.27273533
125699,0.4123136,0.15125158,0.4493086
114364,0.6087615,0.8978735,0.4069809
142769,0.62239283,0.465665,0.41792512
144448,0.39333695,0.4365787,0.4588889
108943,0.30966645,0.5878966,0.25313774
126656,0.36479244,0.5748523,0.6556216
129671,0.31532463,0.4715066,0.5629395
137438,0.35499975,0.4652083,0.5938813
137409,0.92343885,0.4131719,0.6108538
148590,0.27358136,0.49390373,0.40408787
121584,0.9232869,0.6148325,0.81594473
131984,0.18211554,0.9082171,0.8980782
129474,0.5190457,0.6877126,0.7171476
118149,0.36696762,0.80622965,0.70819396
119077,0.6980937,0.2808844,0.31984633
117150,0.26205623,0.92288375,0.5735537
136132,0.74760705,0.5574912,0.38454947
121915,0.43064296,0.40704483,0.3527988
126259,0.28771022,0.5532074,0.9081441
106544,0.3817136,0.6976557,0.83731693
136076,0.3270525,0.52807903,0.7013897
128230,0.4186276,0.32058403,0.6535276
143447,0.25429493,0.58316183,0.9442846
107773,0.5771474,0.5996315,0.6517993
128192,0.3870504,0.8059963,0.25695273
108394,0.26304343,0.822895,0.625345
114587,0.43532863,0.2915546,0.42069075
111323,0.9221313,0.44282174,0.2795405
131205,0.76634395,0.883365,0.14859526
144211,0.7307802,0.555662,0.62499624
121406,0.40184036,0.32215002,0.3431409
130632,0.5118016,0.5091275,0.8719961
114143,0.2748392,0.54178137,0.73443455
120390,0.37070003,0.45051038,0.6283941
128559,0.76626486,0.4932036,0.32990417
117028,0.2715574,0.6031134,0.39569905
112357,0.7560349,0.35403222,0.65783805
121024,0.41585976,0.27030534,0.17988904
139393,0.23363194,0.3240302,0.4483784
100107,0.30626565,0.20025258,0.8228211
106692,0.6156537,0.3096196,0.26597297
103870,0.610377,0.40941122,0.7326212
134400,0.2618764,0.36796066,0.29494986
107840,0.44716358,0.39904884,0.5524791
129813,0.59949046,0.7249457,0.5328946
102996,0.28426757,0.61160356,0.7119494
148202,0.31276718,0.31880218,0.30208918
143684,0.30720818,0.5374477,0.71052307
133734,0.2595617,0.3531551,0.52664506
103346,0.28077614,0.20764552,0.27694327
125997,0.80228895,0.87216866,0.33309415
147300,0.68952686,0.5856323,0.23601466
120223,0.27768114,0.31763247,0.31176805
103883,0.25862518,0.8864987,0.6579277
115657,0.7785004,0.1338858,0.3761477
147672,0.33721006,0.35085452,0.3601711
121128,0.91452056,0.39969027,0.41125724
111783,0.30583465,0.47901285,0.57223195
113641,0.41223663,0.53252316,0.45260686
146168,0.72302204,0.40577322,0.5394222
143966,0.8947215,0.29589847,0.3943907
132509,0.27807754,0.43110666,0.5616218
111617,0.2834787,0.44295695,0.31763732
138220,0.35953707,0.2313078,0.40429524
116592,0.30871642,0.43000245,0.58341396
130447,0.3082757,0.39796564,0.49243498
116937,0.6221273,0.43081746,0.5693448
104924,0.34144047,0.7844998,0.15582335
107363,0.7113311,0.36326888,0.28878614
114744,0.64853823,0.5719978,0.81906176
103202,0.6036898,0.47456682,0.2619219
134789,0.38275847,0.20213006,0.24744906
123592,0.40227792,0.33175954,0.39941838
117724,0.35940513,0.5915982,0.70577836
138990,0.40339506,0.38228208,0.468577
147326,0.32723352,0.75234735,0.89126515
134763,0.303217,0.52370876,0.72588646
110120,0.44882655,0.27343604,0.5298188
136366,0.4407865,0.5311745,0.7095354
142113,0.3666081,0.35344142,0.8044345
100363,0.2304829,0.59453315,0.6936094
112992,0.7031255,0.43162274,0.6186114
115479,0.46017075,0.58777314,0.6925488
113784,0.30054536,0.24686678,0.8324668
147487,0.47638467,0.28289717,0.42504185
128071,0.29978275,0.8750671,0.5035736
141295,0.7641564,0.6228275,0.64211506
145557,0.34925663,0.44525382,0.790371
119346,0.793384,0.32526976,0.3954245
123729,0.8164426,0.28124288,0.27432632
121683,0.36671716,0.3973307,0.5562905
126653,0.26016527,0.6507757,0.79362226
103542,0.35147786,0.37486285,0.3233743
105012,0.68651986,0.5146077,0.46794227
123547,0.9105319,0.6789172,0.7156289
133124,0.3231414,0.515105,0.46039283
149871,0.41328126,0.5827623,0.7837179
117017,0.3899992,0.7980847,0.21569443
140681,0.35676712,0.38768384,0.5349938
125199,0.4161866,0.5133186,0.4958717
113111,0.89400023,0.42412016,0.3568662
130668,0.3738244,0.6993569,0.5647417
115954,0.3688279,0.33581132,0.31683546
123515,0.7090087,0.39844677,0.47655883
136374,0.5232519,0.3746073,0.5334519
143724,0.75620145,0.8890727,0.84773487
114732,0.22108214,0.2323795,0.28708184
129730,0.31932828,0.38221484,0.36222395
116654,0.92025155,0.41748112,0.65708673
104347,0.6322469,0.30415544,0.646038
138033,0.46598098,0.43250793,0.43833482
130151,0.32675862,0.20540906,0.40540227
113831,0.5965829,0.9430924,0.27144164
129152,0.88876194,0.43188056,0.62071836
123928,0.6202047,0.36995596,0.41796514
139127,0.8153787,0.8499957,0.2064383
108556,0.26471856,0.4545264,0.905782
146351,0.26973984,0.3071714,0.2556131
114603,0.7644842,0.33561504,0.3376333
109176,0.65603817,0.41396958,0.29558277
119044,0.58938515,0.44672313,0.39512947
149694,0.27682313,0.32017997,0.6952732
130132,0.23897065,0.1856997,0.32670745
121242,0.38589147,0.4607336,0.6762417
134011,0.46961865,0.4645035,0.35035494
116106,0.23755541,0.9203418,0.15113503
112493,0.41877168,0.4468383,0.7755131
121827,0.36264887,0.5142303,0.51770747
109164,0.25751635,0.32583368,0.22052893
112445,0.48748508,0.37429833,0.75684476
143619,0.6366782,0.47574964,0.4589629
109152,0.68135756,0.4124638,0.40771616
141906,0.4718943,0.56215745,0.45213747
133886,0.35286033,0.5709023,0.62228185
147076,0.32208222,0.39713705,0.31401816
143031,0.7777226,0.28411293,0.32684565
149125,0.39195454,0.4259153,0.8941034
112339,0.32218668,0.3891611,0.36617276
123903,0.7335373,0.5072373,0.5013557
104835,0.50928164,0.6743127,0.79678404
128249,0.69992214,0.5604238,0.42124698
119455,0.60108006,0.5639859,0.5207358
124340,0.35709855,0.54236007,0.7697114
122245,0.3489801,0.9197271,0.66393477
138803,0.29756808,0.25115323,0.3067792
119371,0.6171119,0.23892163,0.30966735
105501,0.30569944,0.41440138,0.3380443
144986,0.5698257,0.8249643,0.08616015
140299,0.32205936,0.41249555,0.4676046
123995,0.5754025,0.83453816,0.54543555
111379,0.937488,0.55786014,0.5967615
130200,0.5100041,0.5069752,0.40478
143964,0.63622105,0.36645436,0.3786812
108037,0.25295785,0.33725828,0.64451206
133100,0.5368326,0.4165883,0.33220828
113910,0.43053573,0.5499457,0.44539127
101935,0.6518516,0.66940933,0.5799905
149393,0.4541903,0.2976394,0.4863331
124410,0.8074039,0.40526015,0.33437636
129962,0.39362988,0.33876935,0.33255845
135137,0.2721106,0.17824422,0.3609413
123668,0.4141543,0.3190738,0.7621703
123089,0.6508934,0.2420379,0.22130214
113459,0.49114653,0.421253,0.4679386
115654,0.68778324,0.81067437,0.91321665
119963,0.27713627,0.5727616,0.48989528
123840,0.40318394,0.84379286,0.5941666
145178,0.8930387,0.38258424,0.7555777
100259,0.30302358,0.6610239,0.82786834
101552,0.63560635,0.3898457,0.74496317
118797,0.3301076,0.97789997,0.38900226
136186,0.4716286,0.7974323,0.66205436
149423,0.33242697,0.8958862,0.39847463
126681,0.33834466,0.46656826,0.38235763
132324,0.23975365,0.5041077,0.51888645
101030,0.6928,0.5033791,0.42711237
133374,0.8102594,0.8349356,0.23475476
114429,0.40388992,0.55834043,0.5338957
108875,0.2991039,0.3922029,0.5239612
123813,0.27489364,0.58328503,0.5649629
149618,0.22586606,0.254764,0.39625117
130506,0.66087174,0.9525377,0.40484184
107104,0.7989333,0.21719456,0.38140592
128874,0.3255883,0.46591124,0.84502125
136602,0.3168152,0.86359537,0.54828364
140760,0.6743319,0.6966273,0.85260314
109037,0.6470423,0.57524145,0.7354489
132781,0.6674343,0.496617,0.6999038
114196,0.70603067,0.48081726,0.5200458
136814,0.7363511,0.41123104,0.35686934
136965,0.3747771,0.3476752,0.4075134
104099,0.92675436,0.26121587,0.31504166
120740,0.74393064,0.86077875,0.23274897
138693,0.92654943,0.24220681,0.39066917
115097,0.443873,0.6198592,0.6028647
143491,0.29679754,0.6092804,0.8450789
130653,0.30319825,0.82063234,0.69974643
110474,0.7097624,0.49549872,0.46152845
110762,0.28268772,0.8602256,0.38043725
109206,0.25301874,0.7402394,0.46359065
107680,0.5097527,0.46914715,0.55587447
121440,0.31121293,0.24075735,0.3905767
116098,0.36115864,0.39478073,0.83675575
146343,0.9288015,0.88698864,0.5270524
134420,0.3907731,0.34136972,0.32378998
134200,0.29659775,0.36577237,0.6066759
119537,0.43479735,0.55437255,0.5695752
100550,0.3097661,0.57551134,0.50169206
124882,0.18070535,0.8736841,0.5251017
136246,0.3583715,0.34301013,0.5378244
103158,0.5534895,0.58828187,0.4513429
145452,0.73521614,0.37297648,0.5899257
106150,0.2819611,0.36204165,0.55264527
141082,0.8159263,0.43488652,0.29768878
124747,0.31946373,0.40374938,0.7460536
106781,0.45907798,0.19291995,0.4687288
141408,0.8702931,0.26770464,0.23127334
147533,0.5730597,0.3039137,0.66571575
145916,0.54961014,0.75274205,0.23521705
110620,0.34859458,0.92365664,0.09012339
104502,0.40998292,0.19542593,0.4393837
109247,0.51786476,0.2864038,0.8932928
127108,0.5368998,0.5765929,0.48391062
142304,0.35400346,0.2843549,0.3449068
116734,0.39910296,0.9016143,0.26883325
139835,0.2981599,0.47563258,0.35693938
127747,0.56900233,0.48260966,0.89853895
111291,0.2826234,0.45210424,0.83098876
101750,0.61066467,0.42120704,0.8707283
141073,0.37390593,0.31946865,0.44551954
119979,0.528571,0.853995,0.25645813
123618,0.31322,0.651305,0.8244401
117604,0.3636833,0.34254384,0.3815297
100624,0.84377664,0.60242575,0.4752663
111397,0.42027545,0.842093,0.46948355
122960,0.75889474,0.7003215,0.49493477
103808,0.3829362,0.19809109,0.3186078
122400,0.2714106,0.58197224,0.74522054
100413,0.77369475,0.32663175,0.4357321
149588,0.90605795,0.50335056,0.51692456
122846,0.24850458,0.3372167,0.40466052
130063,0.46639228,0.23449007,0.29135358
143906,0.7450984,0.7723286,0.086202346
101314,0.70844835,0.4106838,0.3823834
133917,0.28517532,0.27316526,0.5175869
134030,0.73780036,0.37771577,0.3863015
136821,0.9561234,0.3957302,0.8201734
105279,0.4973117,0.31162757,0.4517631
101238,0.3089926,0.84749013,0.23517755
108274,0.2971094,0.42212337,0.39115554
118795,0.34962177,0.8802597,0.2893523
110625,0.90615845,0.46032503,0.6015251
117261,0.27582556,0.27214065,0.32465002
114376,0.306213,0.8535007,0.11723104
147329,0.83770025,0.7781637,0.1766467
113696,0.48863307,0.4711975,0.48455676
118106,0.22399923,0.53584194,0.8588759
139270,0.20021977,0.9012123,0.76497585
111950,0.30705002,0.4563241,0.75371754
130331,0.5873822,0.48811036,0.48479497
119545,0.9424089,0.42417935,0.41661844
140989,0.34998673,0.32329926,0.3402366
119445,0.330521,0.84035766,0.40750536
103797,0.50264794,0.35678405,0.8141077
112440,0.2510342,0.5145156,0.30938217
113381,0.79250085,0.36057913,0.29842046
119945,0.35584772,0.42919448,0.5998079
145277,0.5895481,0.4937819,0.40711913
140127,0.3774417,0.85823685,0.2457334
121997,0.37018028,0.85066533,0.7469965
127133,0.35882547,0.6022609,0.6146534
128975,0.7301546,0.86960644,0.17388326
146960,0.6838535,0.2635834,0.28065413
132041,0.64810187,0.92300314,0.17211106
123248,0.3270838,0.5322427,0.33961838
125851,0.32209855,0.5726911,0.6968577
116451,0.38971877,0.53042454,0.46801034
100079,0.38735253,0.29300562,0.36853996
100180,0.942512,0.430823,0.33792913
104386,0.3978512,0.35934243,0.36865088
144690,0.59822553,0.48199344,0.7898653
128625,0.37880862,0.8465596,0.8183267
108253,0.28184438,0.23209329,0.28075537
126783,0.91683257,0.6269424,0.71708053
148788,0.78490317,0.4193858,0.52731645
117711,0.33788383,0.36363134,0.4008972
130775,0.23911923,0.41878137,0.26070678
117564,0.43277323,0.583865,0.49182197
115631,0.44481304,0.26740736,0.36085695
138340,0.40024552,0.70165485,0.81761414
129994,0.40912578,0.47425815,0.739928
109919,0.35746035,0.5270473,0.3655428
122428,0.3190364,0.45230833,0.8428402
133407,0.6697478,0.44476953,0.35316855
141443,0.75552523,0.6306252,0.4654308
108785,0.42479083,0.350156,0.34127486
134014,0.45794654,0.42676726,0.6020722
103159,0.6527334,0.19100964,0.24259256
106859,0.47393534,0.32568505,0.4530568
136454,0.8178259,0.3947095,0.27382892
103658,0.44198662,0.52552915,0.7262813
122826,0.3529219,0.5417939,0.58216554
148843,0.7425017,0.40752488,0.57801116
128974,0.26283577,0.6303318,0.762438
105202,0.8841346,0.33602056,0.23422267
147452,0.43912816,0.39995697,0.49882013
130065,0.59614885,0.65209323,0.8265044
132151,0.750719,0.64448977,0.5661238
126811,0.38931587,0.682898,0.61933035
113752,0.55004597,0.90915525,0.32210034
127184,0.253069,0.29194835,0.40938252
112171,0.660607,0.46692362,0.33956024
123602,0.32681736,0.63922143,0.43541124
116595,0.32831958,0.17320581,0.22530952
120865,0.32056943,0.4858745,0.8103484
146491,0.6390368,0.23726681,0.4224452
138215,0.53048587,0.34764624,0.53738576
105539,0.35493502,0.29948482,0.36502928
106176,0.69694906,0.45542046,0.3940282
106497,0.85741913,0.5694355,0.8196492
101087,0.66147584,0.5516881,0.46431366
119578,0.6912473,0.59142476,0.3246823
132647,0.22656262,0.4305664,0.3051714
131344,0.717812,0.58977365,0.8809574
146055,0.86739445,0.39092463,0.38632327
143683,0.61533755,0.47797683,0.3436188
114697,0.52162206,0.45097056,0.7313695
121713,0.2997058,0.29862022,0.3491539
136738,0.937241,0.36889878,0.29952958
108882,0.3342912,0.87224984,0.592744
107518,0.29705673,0.40161905,0.8317609
118990,0.40889764,0.07112005,0.46222842
146622,0.31012243,0.31500795,0.5414387
137551,0.26428965,0.7937977,0.16007169
112878,0.3349738,0.27494475,0.3409447
146536,0.2930573,0.26954123,0.3036021
131496,0.6916804,0.40131262,0.3274073
105869,0.8725143,0.6253037,0.374878
141019,0.7247661,0.8515603,0.14073576
111956,0.1774058,0.8322636,0.20759064
142392,0.84847295,0.4357063,0.44374013
101924,0.87889636,0.5505424,0.47868806
120848,0.25332484,0.6078249,0.503164
125819,0.39849952,0.40705788,0.3579317
120651,0.2398025,0.49083078,0.59304225
131165,0.9293568,0.56477314,0.5502879
111112,0.24859053,0.80386233,0.4871528
131933,0.32284775,0.63569456,0.74150103
139099,0.3292757,0.5530972,0.8494896
111787,0.9184926,0.66594976,0.7085688
106237,0.66511464,0.54290885,0.7959532
147986,0.6765262,0.37299562,0.55196273
148192,0.5122812,0.33992743,0.9212692
136297,0.31661177,0.53032446,0.469816
147027,0.72637457,0.8904894,0.28663713
112516,0.30832458,0.5713545,0.45667464
103708,0.3806413,0.18023904,0.2471329
115546,0.35222685,0.92984205,0.17006445
128433,0.40493444,0.37801903,0.4225759
100058,0.7884714,0.3019497,0.33970279
143697,0.30576167,0.40741488,0.7133164
126710,0.38616484,0.4293937,0.79342514
140397,0.55593103,0.4054565,0.39761195
119135,0.58303547,0.48772827,0.39212233
139228,0.9450215,0.37978494,0.36507568
129999,0.22100346,0.38892457,0.3814792
114803,0.4732109,0.8385451,0.7064172
142562,0.95416516,0.3833284,0.32219332
116270,0.28374264,0.34359285,0.8642384
141787,0.22664854,0.7567831,0.32855356
134337,0.40949595,0.27447605,0.38491124
133215,0.68619657,0.8829766,0.63027203
142658,0.5553668,0.4765463,0.45841238
114375,0.45788005,0.22336787,0.29448724
125481,0.3300234,0.79052716,0.88406676
102307,0.32303813,0.3356396,0.7752985
102197,0.8553437,0.779596,0.8957432
140500,0.558724,0.5239894,0.8491009
104598,0.39903125,0.41187555,0.36820787
127975,0.2489463,0.8539967,0.2525574
141681,0.5739297,0.4145506,0.30620626
113054,0.48787966,0.27147797,0.35709563
101683,0.64906967,0.917139,0.23626304
114996,0.9256636,0.53494275,0.29733106
132118,0.70563364,0.54698515,0.39150572
127908,0.64540744,0.8527926,0.19812298
111824,0.55836904,0.74773395,0.5500253
107393,0.37732384,0.51595026,0.4838454
122361,0.43168166,0.76644444,0.5833723
107806,0.42801747,0.37317446,0.3916487
120268,0.61868805,0.3648799,0.18327506
138933,0.29374367,0.32797673,0.26975766
106096,0.7316202,0.48565927,0.7424015
105511,0.2841877,0.36333984,0.5567744
138041,0.36718723,0.3544866,0.44195798
106945,0.32736364,0.8430231,0.93553686
141062,0.5268667,0.4934149,0.97645694
109801,0.34412983,0.7375453,0.75187165
130991,0.67541146,0.42775834,0.30494824
123110,0.3773445,0.39057195,0.5885538
109588,0.4155161,0.5027702,0.38372836
128336,0.49240503,0.60883397,0.65889215
115845,0.42053562,0.9080926,0.3340238
117923,0.63031024,0.3370804,0.23741922
120005,0.4881303,0.38202757,0.6513342
121767,0.35621598,0.62920606,0.74292827
145478,0.3010243,0.7529911,0.46469876
102219,0.29854655,0.19962281,0.22133923
104017,0.4030629,0.29393843,0.3228999
124862,0.3818861,0.53456694,0.48659998
148906,0.32236883,0.5895155,0.58608913
121111,0.28443658,0.5280852,0.42438027
139410,0.88938725,0.27661562,0.46625397
143690,0.38148028,0.43904883,0.82218444
115952,0.35864347,0.37425044,0.27891973
133933,0.35198244,0.865559,0.67846966
106963,0.33400336,0.39577666,0.88602096
140966,0.70099735,0.45511308,0.58920485
139672,0.384595,0.7400562,0.68581957
103284,0.7724152,0.37653577,0.40271312
107230,0.62676024,0.45226026,0.36137563
103608,0.25912616,0.37637138,0.68693674
129029,0.35206652,0.29195714,0.4038071
110155,0.28344104,0.24215624,0.36653826
142545,0.8709496,0.5410824,0.5089969
102944,0.5357051,0.42786857,0.6905218
121634,0.40944663,0.35103935,0.37916556
139082,0.38215855,0.8870751,0.5578663
118701,0.65208715,0.46673408,0.42413715
132218,0.6234007,0.23775719,0.30175233
131975,0.4060284,0.25693667,0.39821237
127002,0.24954967,0.15488398,0.4036487
145559,0.9134184,0.28228262,0.29056525
149673,0.33947423,0.32015052,0.51856256
117856,0.26703602,0.513294,0.7097258
131817,0.3049904,0.28189018,0.26170367
102870,0.19602634,0.54219085,0.64558
104727,0.39425746,0.28877398,0.59996754
102612,0.38407338,0.3203676,0.24748462
125324,0.23533018,0.24615945,0.41277412
125818,0.2728934,0.2829722,0.42778844
107092,0.6878341,0.84391236,0.18608785
148912,0.78631073,0.31139866,0.29235277
139379,0.38580793,0.6359398,0.88953704
101076,0.35786495,0.41299817,0.59910184
140005,0.2874915,0.36261892,0.31877258
114467,0.6221744,0.9245063,0.22896165
146129,0.2768073,0.70482856,0.698501
119633,0.55911493,0.83841944,0.29829317
110145,0.45954913,0.29021052,0.8047171
143772,0.73808444,0.39600056,0.56245893
114766,0.3349594,0.36895293,0.8781262
125563,0.6384038,0.40788466,0.33279505
136164,0.23469909,0.5472047,0.6266222
119821,0.6636498,0.46438187,0.3558075
100820,0.6611819,0.8176313,0.62533754
118762,0.65815574,0.44917166,0.48822206
106877,0.64938885,0.5008069,0.3261659
103112,0.6463495,0.90897053,0.23166917
123774,0.8572022,0.24324682,0.5061076
148448,0.53077656,0.6628456,0.93735003
145339,0.5534797,0.19296345,0.6944734
128306,0.9474012,0.41322097,0.49067074
117276,0.7390296,0.44775647,0.4311002
117892,0.59745026,0.41992778,0.34671354
137814,0.3185648,0.5377127,0.5965711
123960,0.2712327,0.3910341,0.45652816
109491,0.76281023,0.33387703,0.33515957
112661,0.58804643,0.23941433,0.731217
135393,0.4500337,0.2803734,0.57306224
133610,0.39899066,0.32467225,0.48787066
107672,0.20895256,0.35646707,0.75717604
140349,0.44103846,0.40332335,0.38645703
100980,0.6136584,0.4253833,0.5597555
117121,0.27571338,0.40840033,0.8409375
101175,0.43503368,0.2721908,0.5200124
140860,0.7068965,0.50267816,0.4140506
144815,0.39594415,0.28862068,0.4942587
137128,0.7024306,0.3609262,0.21722
116862,0.5763522,0.58641213,0.45362657
125011,0.362781,0.38783088,0.3195535
113095,0.72319275,0.9078627,0.17512403
105685,0.62790024,0.32533365,0.36934167
133730,0.24324645,0.7710122,0.30829614
142783,0.38160157,0.27583474,0.33454007
100939,0.32469112,0.56614333,0.7921639
104314,0.66348547,0.31342718,0.77686495
141148,0.21925104,0.8033788,0.14345354
112134,0.32370222,0.27428946,0.43840134
115265,0.44920275,0.26580322,0.4853302
103007,0.9559904,0.3272819,0.36359307
100606,0.6745701,0.60663736,0.8395753
147323,0.899059,0.51848197,0.80052227
128829,0.34885588,0.46419147,0.28333887
128414,0.37564808,0.60718244,0.46429288
125684,0.60145444,0.3224625,0.7548871
123157,0.39315367,0.30235395,0.34354344
115272,0.95490444,0.42690596,0.3457654
123076,0.3081746,0.31035918,0.4747633
126908,0.59325045,0.8490613,0.40126464
135041,0.6150502,0.8726069,0.27002096
103206,0.7574455,0.41052794,0.4326321
128816,0.5953537,0.88844705,0.45588362
134647,0.41259742,0.23098372,0.33501196
112970,0.90920985,0.2869972,0.5647234
126768,0.58935905,0.27660307,0.3722004
143885,0.7398116,0.5235554,0.508235
142011,0.21996832,0.74618006,0.19471703
137857,0.66922176,0.28416672,0.32002124
103324,0.40553853,0.48747736,0.55545276
121485,0.47960007,0.31545898,0.34224662
137604,0.93519056,0.7589965,0.517158
144060,0.3280623,0.425335,0.86424863
106631,0.36030826,0.24485497,0.34582272
130044,0.937134,0.5217041,0.54813045
117478,0.34354052,0.30057603,0.45638543
121648,0.40529218,0.37195975,0.4592952
147804,0.32250032,0.84573734,0.23874684
130473,0.5760832,0.5820697,0.61264485
109608,0.2419103,0.34631506,0.5130535
121964,0.4163009,0.48511675,0.54435354
113631,0.6101049,0.5173229,0.39877883
148188,0.6130547,0.46929592,0.3609757
120492,0.31526238,0.25927263,0.39423797
147436,0.3883305,0.3175908,0.33502787
102348,0.35296077,0.43549377,0.47016823
145147,0.30956304,0.3615886,0.34522164
138637,0.3309044,0.32226694,0.41119313
144220,0.7141118,0.39219168,0.71461844
133820,0.45126066,0.8091901,0.72290826
134991,0.35661128,0.5112267,0.43943328
126073,0.71520036,0.3887548,0.45052636
111922,0.3429567,0.29728112,0.6010105
132115,0.31190228,0.33552322,0.24154468
135882,0.692603,0.9017239,0.23597457
139884,0.26876527,0.8161234,0.19204229
111290,0.72649956,0.1369859,0.2416375
112476,0.3127044,0.8631065,0.15123677
142804,0.26281866,0.49271715,0.3850041
134430,0.37640887,0.38617203,0.6232948
136847,0.737117,0.5503444,0.5419218
135797,0.64004964,0.39358005,0.36733913
111411,0.24591444,0.3361864,0.41337177
108821,0.4247499,0.9145299,0.32690182
116767,0.33400127,0.48599443,0.4756832
139491,0.37629023,0.43947375,0.35979718
130953,0.28136593,0.51470685,0.350176
144053,0.33827198,0.41508627,0.4379373
120352,0.61379683,0.35597357,0.38996303
131312,0.36871493,0.5422266,0.82565516
100541,0.3014872,0.33623073,0.7373254
125340,0.33573675,0.84375924,0.45235994
142939,0.31999934,0.39843905,0.43133047
114860,0.29269522,0.5805121,0.2824868
111461,0.6682338,0.39244327,0.7606791
118789,0.3186007,0.3645521,0.43793637
104028,0.76023185,0.4836913,0.3214418
102572,0.624875,0.42464522,0.79671454
144671,0.38010442,0.46994907,0.8248436
121197,0.73509866,0.924557,0.06526666
143278,0.32334828,0.4384369,0.45118546
120408,0.28019843,0.84597355,0.2530189
147279,0.34229028,0.36726823,0.38585144
125808,0.43412676,0.456147,0.59084207
110811,0.26964545,0.29829943,0.31047347
114549,0.61525226,0.326047,0.32111225
147248,0.32446417,0.7983314,0.35178688
139205,0.73986524,0.45075318,0.33111724
141387,0.6964177,0.4096761,0.47226292
110828,0.3997977,0.19666122,0.29213446
112039,0.8978549,0.5746143,0.47194612
104366,0.59335136,0.3698764,0.43725967
111876,0.38096726,0.4205375,0.37072977
127803,0.54179907,0.32986897,0.39697167
108463,0.80526227,0.2699753,0.26727942
132773,0.36025766,0.29313666,0.38577208
112696,0.8666093,0.39874405,0.34052864
112662,0.35952634,0.47266638,0.67432815
101218,0.81294495,0.3971753,0.4841414
120989,0.2378405,0.41391727,0.4365258
137460,0.5577849,0.5261985,0.34997272
147387,0.31814083,0.64717317,0.92392784
124344,0.3205425,0.38920295,0.7259917
121239,0.6083017,0.7689818,0.15966743
146374,0.7979969,0.9176626,0.18534242
108237,0.67437214,0.48391005,0.27381256
132927,0.2673693,0.3865833,0.6455447
121633,0.7179419,0.42928958,0.42801902
130567,0.70860463,0.879668,0.19647136
126336,0.31131127,0.3310979,0.43199107
138613,0.60716987,0.30569983,0.48225307
141181,0.90296364,0.74448156,0.49847656
141901,0.67751235,0.50261176,0.46699437
119678,0.43661776,0.44787502,0.3940088
118204,0.50012296,0.35226265,0.42740345
125261,0.37597424,0.33993062,0.37245205
100566,0.41904482,0.78919005,0.7481634
122930,0.57993263,0.9203677,0.11323969
119465,0.3881476,0.8982696,0.24889182
125612,0.5527373,0.850873,0.24725828
128487,0.6911126,0.42200524,0.34276983
113532,0.6027398,0.512264,0.33105662
133631,0.32713628,0.41313252,0.49171397
102265,0.22342806,0.37533426,0.94162804
141691,0.6061247,0.3662321,0.33230177
125129,0.43456855,0.30499715,0.38807797
141799,0.4938782,0.60560346,0.7781388
146733,0.27711585,0.1855664,0.3076097
119617,0.19114378,0.4827964,0.77316976
131171,0.14300047,0.43379667,0.89176893
121793,0.7294153,0.41434523,0.2643071
113136,0.37853163,0.47325224,0.6905417
141897,0.42246208,0.85557896,0.14436851
124155,0.41396564,0.43555504,0.83181477
114192,0.51684916,0.39813665,0.77287364
119550,0.38726696,0.269847,0.49258092
135919,0.7053482,0.15696049,0.26577938
102375,0.2498306,0.39101776,0.604972
137800,0.41206765,0.503076,0.4562918
116124,0.731605,0.84368014,0.655034
104190,0.74362767,0.35394177,0.3703992
146535,0.49188593,0.47153938,0.5932429
127094,0.7265169,0.8261154,0.75688416
149371,0.75160795,0.55053335,0.6593674
102067,0.78536165,0.3835347,0.568823
144856,0.25528237,0.80142325,0.1600496
108941,0.3511629,0.78604275,0.36931357
129212,0.28405777,0.2088418,0.39353094
131174,0.44099006,0.50155854,0.42586273
108990,0.39435115,0.32113615,0.28987706
116460,0.52512693,0.42631695,0.41285157
126083,0.4726778,0.5393826,0.7591834
136560,0.60697097,0.48113587,0.3014837
139991,0.5943357,0.36974052,0.27036852
112994,0.5516635,0.525342,0.85834503
129241,0.3105174,0.30068958,0.74691725
118790,0.33939514,0.29200488,0.8335881
128928,0.3850494,0.43030232,0.54081106
144625,0.40868002,0.4357792,0.39004242
141120,0.31621948,0.407344,0.4241654
115252,0.7282828,0.25645235,0.37594986
114900,0.66513175,0.6108533,0.4494311
120456,0.57662505,0.44917995,0.7304271
147602,0.61173505,0.37380543,0.4608803
144633,0.37293574,0.3331919,0.35952377
131780,0.34525448,0.41278988,0.4123098
111252,0.36187604,0.37468985,0.81684536
144029,0.3220075,0.4497931,0.8581377
111494,0.8865895,0.3949746,0.38759434
142627,0.5285516,0.49011543,0.7963092
112572,0.6684181,0.29711595,0.49402782
140138,0.7175758,0.32207736,0.40138894
102473,0.6137088,0.5117007,0.48841536
144757,0.34776217,0.32300434,0.4795324
110258,0.5339949,0.27693,0.36737293
119843,0.3076699,0.5921579,0.73863983
147416,0.27524158,0.47513688,0.47969463
142960,0.7489702,0.44618917,0.5701079
128340,0.8513012,0.78521764,0.35406795
134349,0.22430849,0.5487082,0.7592542
135730,0.51128525,0.46750095,0.86133635
148009,0.34545887,0.543954,0.48447528
133541,0.54062074,0.53382164,0.7955304
121204,0.3595121,0.49929395,0.4531237
148664,0.28515828,0.32682216,0.8831034
126562,0.57730734,0.4397698,0.8557688
130378,0.8961597,0.9008523,0.24502972
104337,0.39268062,0.404676,0.8351213
122224,0.31878564,0.30479667,0.50841206
149998,0.28212735,0.33328146,0.6291172
135218,0.35885754,0.3822546,0.618714
119783,0.71522856,0.41984472,0.38285193
115573,0.29346117,0.38434854,0.57128084
135768,0.53614604,0.18714458,0.29618895
141708,0.30016866,0.61291254,0.23440666
104666,0.5982615,0.371551,0.6198435
106949,0.583088,0.15789405,0.26565492
137452,0.95190287,0.83344424,0.14123341
142772,0.59001416,0.4963563,0.80327046
108458,0.30401847,0.29629457,0.41152027
129431,0.4893403,0.91696715,0.16394882
117521,0.37441915,0.546956,0.4616686
147280,0.61921847,0.4881757,0.46121287
104158,0.3886729,0.4260614,0.39162657
125219,0.2382582,0.62168366,0.87118745
141619,0.24547304,0.44496578,0.5616478
111099,0.38066915,0.8933968,0.18823524
114445,0.9247274,0.7589971,0.47647494
128107,0.2781181,0.57485646,0.9329441
130842,0.33611184,0.545871,0.5073874
102198,0.4185218,0.45946258,0.4294026
100272,0.69285524,0.46348596,0.45481372
129384,0.27993673,0.28611556,0.8384599
148145,0.45223576,0.52758306,0.8512152
118009,0.70748955,0.5791507,0.32109368
146204,0.37088796,0.2887227,0.618503
101532,0.34346622,0.39669752,0.35548505
114854,0.24679461,0.23222387,0.23909043
137988,0.34024757,0.86735713,0.63952196
122106,0.55311924,0.9179115,0.2671244
108135,0.25950497,0.8959062,0.21706767
114541,0.6972984,0.5418596,0.282859
145266,0.34311324,0.38933778,0.8616624
121492,0.34049845,0.51598936,0.6791449
127919,0.34393942,0.3584701,0.37437645
127903,0.43023056,0.4901151,0.52231205
102877,0.34370992,0.4902211,0.46726018
122405,0.777353,0.8253918,0.467548
110745,0.3973536,0.26008043,0.36853594
131596,0.6364282,0.32936907,0.4255107
145823,0.3261052,0.336842,0.4215039
108724,0.22417963,0.26944286,0.24533752
112533,0.5757795,0.84317344,0.43289638
113561,0.94782054,0.727143,0.25422403
109461,0.27202216,0.34532145,0.75077873
124034,0.6754957,0.46675155,0.47108972
130750,0.70618963,0.46676245,0.72593087
147858,0.9606537,0.8820602,0.3482816
134378,0.65534467,0.30206385,0.5231744
101949,0.3779632,0.39737064,0.63960856
100446,0.37610662,0.42500252,0.5572658
117185,0.3449599,0.45567116,0.44613197
114633,0.7325232,0.5303968,0.4504229
130743,0.53361636,0.70852673,0.25527054
143421,0.72528714,0.33663103,0.46018094
124473,0.5953231,0.4302543,0.38507894
145234,0.31652167,0.72348094,0.7410503
139998,0.32557282,0.35741743,0.72254163
125970,0.3503894,0.24867941,0.49691182
146597,0.8798733,0.38142908,0.38095433
115021,0.6840079,0.7053243,0.7101112
122616,0.39353672,0.7822044,0.688349
135464,0.41235706,0.23716503,0.30617502
120262,0.74564093,0.44880134,0.3948708
132914,0.66798854,0.5482885,0.46668693
117532,0.39701888,0.4483839,0.5165042
114538,0.35844454,0.788224,0.60373396
105815,0.28599736,0.29494977,0.49549222
145891,0.8807594,0.5336929,0.39152724
134793,0.9495409,0.39151075,0.29681194
149574,0.80835587,0.8736204,0.2910166
134858,0.6148558,0.8623159,0.53691655
120856,0.64188397,0.25156516,0.63419884
105959,0.31740007,0.94758123,0.7923036
107858,0.639268,0.9107952,0.45451397
122771,0.45795035,0.5539593,0.40702692
107451,0.7916681,0.42323688,0.41258633
135846,0.24236289,0.48232755,0.298901
101161,0.6614153,0.9162134,0.45997357
100124,0.6581958,0.8499549,0.14049882
147815,0.6602829,0.56988686,0.3507047
137108,0.518994,0.47068155,0.6167806
129639,0.6931558,0.542756,0.77116233
122331,0.27918932,0.8568295,0.88929456
115713,0.25101998,0.3942774,0.8477822
100741,0.6193093,0.5655543,0.7891717
138401,0.7767362,0.27868614,0.5885338
136944,0.54005355,0.3102258,0.31838945
144481,0.296617,0.27725852,0.31532788
129443,0.7258344,0.51278865,0.44846237
122051,0.3694083,0.26341105,0.76216406
140347,0.37798375,0.5796175,0.38530603
112876,0.3948013,0.29469606,0.78121865
107096,0.26468208,0.77148557,0.60589993
100734,0.41217953,0.1549816,0.54591024
124959,0.4514773,0.65157133,0.53418225
142379,0.35267898,0.3465492,0.46427223
118858,0.26862645,0.458488,0.33753148
102929,0.32668748,0.34199306,0.5850002
147327,0.66229945,0.39799586,0.38217667
123744,0.76968086,0.90218985,0.49245533
109917,0.32250282,0.27895883,0.3466075
112915,0.6565585,0.44940105,0.31994817
123761,0.3238944,0.35030037,0.7967199
108288,0.4697947,0.6949298,0.7079432
134862,0.70885783,0.60869354,0.91172653
134032,0.41892785,0.32011917,0.49596047
100613,0.91968936,0.39317477,0.7483708
148137,0.26176983,0.36650637,0.71340644
135759,0.7697404,0.9387793,0.3483525
111437,0.38715193,0.2505974,0.43540108
146895,0.74238133,0.350786,0.55180234
103694,0.6803256,0.5203444,0.59603006
114000,0.30606613,0.35970387,0.5239801
143247,0.9279497,0.7532663,0.9224298
145540,0.38704875,0.9082729,0.21174347
130404,0.34429324,0.44806477,0.8467499
142788,0.21270992,0.25745872,0.6166603
110148,0.43919948,0.6233253,0.464982
146238,0.3601257,0.3833582,0.55568755
128821,0.29811767,0.7842714,0.72705436
112289,0.7271762,0.33358997,0.3763145
113590,0.34948555,0.4897076,0.40149477
114954,0.8109736,0.87258816,0.17122822
114047,0.63733923,0.39195484,0.3961359
133360,0.6505644,0.08354816,0.27440298
109507,0.21041149,0.5782455,0.41144842
125416,0.26996672,0.69100666,0.16675621
105011,0.32163543,0.20516168,0.4892787
114557,0.4190664,0.3785875,0.4724497
106990,0.7609073,0.50175446,0.29831922
108729,0.6556808,0.53299356,0.6295134
111116,0.26079646,0.42429006,0.21876866
121341,0.36335355,0.36875388,0.4793405
124228,0.6004554,0.6038173,0.5945241
131952,0.86531126,0.5368952,0.4940562
101435,0.4493085,0.46101475,0.4079958
107299,0.8261964,0.773337,0.24239476
121798,0.3103359,0.68047917,0.5518295
144968,0.29961383,0.48796543,0.8644577
112884,0.6346634,0.26065755,0.4004904
147537,0.36535734,0.6018496,0.8787907
146826,0.63287324,0.46925148,0.86740816
127655,0.3864438,0.42013645,0.43983796
134908,0.33888257,0.804404,0.85415983
116963,0.39050028,0.9087477,0.21400593
125370,0.41496372,0.24142855,0.47830856
108766,0.542416,0.75280386,0.3035263
140060,0.47196713,0.59923786,0.40170363
100756,0.29245883,0.69334006,0.1710179
104747,0.45949075,0.31731555,0.46112207
104644,0.3461406,0.4991111,0.27832964
107715,0.7688758,0.59167105,0.74135274
139372,0.47019538,0.35296392,0.76619136
117062,0.5731418,0.55656886,0.9249732
104895,0.85416764,0.62591904,0.5575156
138304,0.29141283,0.21335638,0.38853258
108864,0.89673823,0.26389343,0.33870152
122337,0.69726807,0.8652292,0.25067458
122453,0.77226985,0.50883615,0.6495903
104552,0.38370928,0.57396454,0.55060166
116536,0.35825682,0.8597898,0.64146715
126103,0.35665935,0.2979552,0.28259847
121871,0.6773982,0.3415707,0.4832301
149190,0.8842161,0.4986843,0.40321973
144696,0.6482751,0.2570785,0.41748026
144606,0.5506933,0.6858237,0.09107997
141041,0.34571758,0.44944853,0.6525068
120616,0.28810105,0.50153416,0.80049044
129881,0.58707404,0.40435246,0.51465386
114782,0.3082634,0.39851612,0.7382801
112826,0.59066707,0.66355836,0.8704133
109968,0.743893,0.83969915,0.736474
127862,0.41518825,0.29334906,0.5322866
111235,0.66657066,0.5653522,0.6502186
109873,0.42613462,0.40440756,0.53135
106713,0.44291064,0.34141976,0.39561245
142331,0.27012512,0.6583115,0.33986908
104632,0.2304278,0.84036666,0.3034832
146356,0.29028168,0.5045632,0.72756743
131946,0.49249545,0.43861604,0.37923542
147985,0.38480785,0.28837574,0.8556421
136474,0.2338399,0.68390775,0.84044856
127464,0.31080848,0.46317935,0.9081193
106409,0.955193,0.97862464,0.685017
116334,0.35724822,0.24333516,0.3510464
111162,0.40564215,0.8655597,0.3427494
134683,0.36150038,0.28411305,0.54643226
144917,0.64431304,0.9107844,0.7932681
129544,0.5125975,0.27700236,0.37629887
112080,0.63456607,0.46630496,0.54871845
106686,0.918964,0.5896826,0.4418627
114284,0.36643565,0.33049846,0.39940768
121407,0.24099024,0.38693982,0.3211639
131117,0.6857734,0.8274656,0.37084815
127815,0.5724697,0.28820413,0.26547062
134205,0.62846553,0.4549485,0.32556418
120643,0.38553217,0.40487695,0.4964128
137562,0.91626483,0.36215708,0.2741814
130988,0.3697065,0.25433165,0.39698374
101449,0.26738054,0.31636903,0.38453606
134558,0.677443,0.37210056,0.39426577
129454,0.6459027,0.5776997,0.5232581
121048,0.68708205,0.8314241,0.17961611
146103,0.3565631,0.9002315,0.19443035
131937,0.592963,0.31465107,0.46193182
130713,0.3155411,0.2914107,0.49801084
112688,0.32953405,0.34858277,0.37912014
139277,0.6568216,0.5816813,0.52714634
145112,0.34406886,0.4411663,0.9127497
120960,0.3991751,0.31645092,0.367184
120278,0.72537214,0.61634624,0.4977228
142890,0.54192495,0.5240744,0.75221604
110604,0.36022812,0.27777764,0.82994133
106722,0.29966253,0.38181284,0.53057265
121814,0.28026783,0.4716714,0.84463006
142133,0.5036725,0.524101,0.54462516
142592,0.33788708,0.5732605,0.8645728
104211,0.38277355,0.4257231,0.31049007
140124,0.32718053,0.40240508,0.5218782
132776,0.2689841,0.38082212,0.30749553
129269,0.3880036,0.49278927,0.51133186
132088,0.37581146,0.46158105,0.3764398
127932,0.6904306,0.28538623,0.4482018
123141,0.5882532,0.35947922,0.31843397
116888,0.2516623,0.6710985,0.4700799
141502,0.68118167,0.4955774,0.7890307
122881,0.66309994,0.594411,0.7708062
124713,0.23708385,0.20711339,0.29112566
133013,0.6559763,0.86165535,0.18457752
146842,0.2929315,0.25714234,0.408064
147792,0.7382942,0.44915214,0.5068025
110138,0.5064357,0.36133254,0.42100605
129586,0.4435553,0.27997735,0.35010177
112631,0.39539444,0.5003877,0.4892593
121369,0.3987,0.07106117,0.26945275
124320,0.67216235,0.48960888,0.58542097
145523,0.2712632,0.1628425,0.29053405
106763,0.38019034,0.408192,0.45171472
107732,0.12762508,0.51018494,0.87792134
135706,0.4086222,0.38614565,0.5466094
113682,0.64657444,0.4968188,0.42459437
122728,0.81573004,0.45446754,0.4993562
144983,0.3027102,0.52807045,0.7585919
104850,0.6791269,0.8929677,0.16901073
135557,0.63982415,0.4070574,0.31289268
105135,0.47760692,0.26532695,0.38441876
143009,0.7157708,0.51338047,0.36890572
132664,0.4573931,0.4623435,0.49457282
104993,0.74080634,0.547588,0.8225764
145793,0.35093403,0.3810595,0.5181069
120845,0.27700508,0.4155097,0.29144755
126185,0.609085,0.8702113,0.61154705
143775,0.34561402,0.7487987,0.24060385
123235,0.2795362,0.4903685,0.83216906
137266,0.21724151,0.3928757,0.5563709
134255,0.3729609,0.38984367,0.42057723
136621,0.7610809,0.3604724,0.32549
149119,0.5310582,0.36411524,0.63710225
102757,0.63707817,0.28137034,0.41187593
125870,0.24732284,0.33534247,0.3196091
112264,0.27654883,0.32377926,0.45343965
147891,0.8749408,0.799927,0.90677255
116881,0.3161735,0.5664361,0.7271432
115744,0.34164846,0.7728111,0.51428634
120624,0.33098936,0.48716834,0.8177552
123518,0.42396572,0.37407404,0.50415343
111440,0.34852594,0.5712608,0.34596747
138066,0.20633417,0.312566,0.71673465
138006,0.7376504,0.3597864,0.34895217
129162,0.6708626,0.2828512,0.9090338
102055,0.74114746,0.3271567,0.3860759
144594,0.9234484,0.40893552,0.44383729
113240,0.76481485,0.24946608,0.31772023
133017,0.46922356,0.2364591,0.2332897
133885,0.354112,0.5810555,0.86530524
136326,0.77079695,0.21533369,0.41878465
141263,0.25841814,0.21697304,0.21320286
104381,0.7170233,0.18725185,0.22775005
107728,0.69896317,0.37939683,0.9303093
113594,0.16126925,0.28540695,0.27805278
103800,0.67210126,0.32332632,0.32965922
100924,0.37451497,0.29958308,0.3889847
126996,0.37819776,0.68745893,0.83671564
113082,0.5579982,0.8463844,0.6309125
121365,0.4906499,0.17667578,0.25830376
118334,0.3322694,0.56991196,0.6304851
119320,0.32045537,0.18535839,0.30448815
132589,0.8878196,0.7564378,0.5900098
139680,0.5183987,0.6328877,0.5691139
107772,0.40308195,0.4794311,0.46175626
143747,0.59188193,0.29316846,0.25782272
149450,0.6795788,0.34382376,0.72309077
146406,0.3792659,0.20730376,0.29016793
105140,0.40732646,0.97903204,0.4245554
148186,0.70528483,0.29985324,0.85436374
134079,0.9091889,0.43447083,0.4943913
146246,0.3676925,0.23313631,0.8505917
120082,0.9069243,0.36530226,0.33699057
144473,0.30982766,0.40130267,0.791323
108320,0.6727966,0.7052618,0.57505214
103151,0.3185351,0.8867128,0.6503739
109636,0.35885918,0.4188945,0.8630245
130323,0.9135343,0.4866754,0.45457122
109701,0.25620598,0.3530828,0.868669
132960,0.41935307,0.71830237,0.96802664
119767,0.6462076,0.31494826,0.40039253
107639,0.3720691,0.22611144,0.27066156
135622,0.40196794,0.2726978,0.8366613
149166,0.34693986,0.4865679,0.79368156
124787,0.8187195,0.82130396,0.6445354
128525,0.71470284,0.39938784,0.5010071
100225,0.4040893,0.9383725,0.21597974
114215,0.376412,0.92803454,0.44656932
113047,0.34527642,0.82075286,0.19363485
131222,0.3072939,0.3695135,0.45361614
148766,0.44083005,0.39013073,0.35469276
142125,0.3195676,0.4306999,0.26970968
102071,0.7724404,0.30563706,0.40840593
101156,0.29609686,0.38621894,0.7164899
134534,0.28494355,0.91255015,0.6314544
139592,0.55946875,0.24345316,0.32595038
111262,0.4493373,0.39361238,0.42261872
122715,0.71802676,0.3246649,0.8167092
149479,0.33637577,0.72523856,0.6652502
144959,0.49532557,0.33953655,0.846147
103918,0.705065,0.62061256,0.8495496
123732,0.25739774,0.582639,0.77051276
106016,0.66639507,0.44580948,0.3514127
146279,0.6275662,0.29369393,0.34462097
138151,0.27895033,0.6377881,0.8593399
113517,0.68881696,0.2969863,0.4859339
103632,0.23186801,0.3931239,0.58745265
126901,0.3661864,0.28440407,0.37546232
130622,0.42985427,0.47641838,0.4461218
127808,0.35134697,0.29538104,0.85951936
100457,0.44522023,0.5576671,0.39750054
100256,0.55091834,0.55400527,0.26038212
143998,0.31205738,0.46512657,0.87523943
148348,0.59046394,0.52715194,0.45726496
147965,0.36259344,0.61350965,0.5078666
145724,0.23986252,0.40315068,0.65637124
130319,0.4901135,0.6431004,0.5035117
131022,0.60046655,0.82136256,0.4801585
127511,0.64719963,0.35505575,0.46052456
101365,0.6345176,0.46187842,0.87502193
127071,0.3150012,0.35065034,0.37694013
113312,0.72645056,0.5553364,0.28814542
100827,0.36177233,0.21138501,0.3392509
147555,0.29290932,0.46599853,0.64638203
126355,0.5536047,0.4800003,0.28853428
122120,0.5170478,0.5298743,0.8680054
102872,0.32003027,0.5571101,0.34685645
141999,0.4868711,0.47124967,0.7659814
123159,0.7105568,0.44542292,0.36443114
117058,0.340765,0.43111312,0.28159067
111801,0.6851613,0.4331,0.4503703
122130,0.60069406,0.36638746,0.8002479
110308,0.72646767,0.506088,0.5344973
142764,0.2946667,0.51903975,0.87459445
107330,0.4405432,0.24103738,0.34202737
123563,0.35093746,0.21943636,0.20026354
145188,0.28140587,0.55859727,0.480047
136884,0.37881908,0.886656,0.32413417
100655,0.4164262,0.37114516,0.8092794
113439,0.33253288,0.8604801,0.2495626
134167,0.2653787,0.36357006,0.7397572
136803,0.664494,0.48895365,0.3110411
106427,0.36696786,0.8383953,0.21920596
115917,0.8499997,0.4507661,0.4927268
123112,0.20505969,0.33262506,0.5340518
119183,0.24034476,0.8847037,0.8856277
118649,0.41598088,0.71735,0.4335251
129753,0.75364876,0.61496997,0.686472
149806,0.92916363,0.42129412,0.39620346
118399,0.6351004,0.5096168,0.62483275
134997,0.4842946,0.7478746,0.38730887
139330,0.67983204,0.921591,0.22262561
135348,0.2709992,0.38426584,0.7135756
133289,0.40685424,0.24957223,0.34844193
138105,0.9154034,0.4219643,0.36771476
148868,0.77526623,0.5215221,0.4162672
135025,0.9227964,0.6751822,0.61741686
105139,0.34553796,0.28897864,0.45002866
101098,0.70320565,0.8580053,0.2003636
138082,0.26474297,0.44192746,0.42586106
148892,0.33242446,0.52713066,0.59641093
124267,0.3259062,0.2847151,0.31947726
147944,0.31072858,0.35818058,0.610595
104907,0.19710329,0.9259578,0.6786765
108554,0.60070574,0.17962559,0.31053206
138866,0.35582358,0.41662422,0.90577847
120857,0.21483713,0.5768253,0.9679749
134516,0.25196838,0.94172716,0.16436961
105948,0.64975065,0.49284598,0.29594836
118096,0.49775326,0.5204507,0.60630727
123253,0.3126534,0.25724104,0.36905992
146263,0.28404513,0.51744,0.38440308
144943,0.3762691,0.59844977,0.52171075
147042,0.30626565,0.48799792,0.44319806
106957,0.346227,0.24285287,0.26210555
112753,0.70074624,0.48724404,0.73514587
101925,0.6385662,0.46394715,0.78334594
115617,0.22693904,0.28818566,0.29271644
116971,0.43605188,0.42112607,0.6966655
107520,0.2875033,0.47656122,0.5986862
142744,0.87804466,0.6768504,0.8283814
115177,0.30509573,0.80409956,0.18112065
116644,0.3136362,0.8149644,0.61056083
132748,0.68839663,0.5349866,0.5004151
143008,0.29154724,0.55766886,0.6159017
101911,0.9320891,0.39151493,0.25304562
121171,0.61913675,0.55873483,0.83490217
141972,0.58023965,0.54247713,0.9195568
124704,0.3547669,0.41736013,0.47218552
149308,0.38952702,0.40157256,0.5887958
111954,0.9520983,0.8324724,0.321238
127662,0.4556209,0.39329064,0.38342497
124316,0.5759205,0.72241265,0.57097286
141479,0.40259153,0.30533063,0.28967145
115297,0.30390313,0.792752,0.46364093
110750,0.62996846,0.31834814,0.8006792
147755,0.60417575,0.33709687,0.44811073
147701,0.36422133,0.45717314,0.4493294
114651,0.26477796,0.6410641,0.45480165
114454,0.33862686,0.44155633,0.33468974
108519,0.34985036,0.41673023,0.40493095
133031,0.3899322,0.89994425,0.4819075
123554,0.9494273,0.56972814,0.74964577
119457,0.3014132,0.42661136,0.86163634
145459,0.73322403,0.57887685,0.3381312
122281,0.58903766,0.4689562,0.6647999
134722,0.4538411,0.2734182,0.41103405
134274,0.45415705,0.48081836,0.65433586
145204,0.39482513,0.5622484,0.6288993
104417,0.24561687,0.42054874,0.31365284
136427,0.74472517,0.51217085,0.41528717
148855,0.21664017,0.29098272,0.7220019
126539,0.5010288,0.3289316,0.31706345
133023,0.34525603,0.44394407,0.53944695
132375,0.5662184,0.86154425,0.16826333
137739,0.6100171,0.5487794,0.45488387
105446,0.56100017,0.67972773,0.2983148
132848,0.7959873,0.34207568,0.46102703
126957,0.36305815,0.24964276,0.64349884
146770,0.7870855,0.86394286,0.17111668
119962,0.18653925,0.3572297,0.33162427
117502,0.3773709,0.685159,0.57775027
101203,0.6067752,0.31545857,0.9307455
108193,0.39625803,0.89796907,0.623365
146527,0.2366901,0.21121678,0.29413256
145330,0.6681139,0.2748051,0.28079945
134078,0.3211574,0.3482288,0.43972042
149615,0.37299922,0.3661541,0.44615176
112096,0.86446,0.39053285,0.49409577
123997,0.44071236,0.27028257,0.38124657
145274,0.42672348,0.8603573,0.74297917
111043,0.30434456,0.5742933,0.7854561
103669,0.697991,0.48809206,0.3703065
121045,0.66955936,0.5018662,0.49012482
107736,0.670804,0.5808712,0.3907553
130854,0.26014268,0.51400155,0.8164448
123904,0.40358913,0.31346822,0.41611224
124447,0.90640205,0.82607335,0.325807
149168,0.6002212,0.33892897,0.3476994
111427,0.6011381,0.40319812,0.5475805
119934,0.40043977,0.23206536,0.3466441
137971,0.67169553,0.40753242,0.45110044
119439,0.28227228,0.34722388,0.7831432
134182,0.33714297,0.5545983,0.867734
101095,0.712151,0.43174,0.31039464
136626,0.35405427,0.6651194,0.39437646
123579,0.6939486,0.39563993,0.51286435
131722,0.40210405,0.7213754,0.6230099
134004,0.37372637,0.9081765,0.13007215
124775,0.34480122,0.64038444,0.8770096
115691,0.23977114,0.8809688,0.12086788
141129,0.3421754,0.57825035,0.47154292
141594,0.44267243,0.2940752,0.568371
125256,0.5431134,0.80783564,0.7211192
136723,0.26896986,0.6178493,0.80412954
143332,0.4593529,0.339739,0.4657307
122733,0.31990677,0.91031194,0.17761832
140583,0.26759705,0.19139487,0.30109346
121490,0.35673597,0.54643846,0.57091767
106618,0.4604465,0.85406834,0.2714587
143801,0.61511123,0.5625882,0.9187429
119733,0.3715308,0.3299658,0.34475818
102970,0.3868698,0.37382942,0.2605952
135960,0.7756067,0.7302441,0.66404414
136157,0.6356424,0.8077862,0.14793906
141228,0.4437168,0.30313006,0.69380057
124113,0.7236663,0.25426006,0.36040306
148828,0.12883103,0.63342094,0.9539694
147964,0.6715625,0.83554596,0.21079898
121550,0.90361184,0.4736389,0.67497045
145359,0.77686745,0.9082726,0.19036457
134625,0.5995812,0.3887805,0.47628465
114949,0.39933753,0.43998176,0.46731004
117642,0.7149925,0.6187125,0.42945376
149565,0.17856288,0.46497685,0.4447335
130579,0.34546247,0.4980067,0.5446761
102355,0.6924414,0.4356931,0.76188004
133796,0.45991063,0.5250656,0.38313875
123549,0.72480196,0.2202299,0.35278633
117821,0.4223781,0.8050187,0.21238938
124573,0.74700695,0.47537574,0.527208
141156,0.4710637,0.38487205,0.44376868
128078,0.3177766,0.37552378,0.35284638
108202,0.34713098,0.3832684,0.46925405
130475,0.3372097,0.40093118,0.7783946
127476,0.90075445,0.6093444,0.5107545
133783,0.3327966,0.6107383,0.44767606
143425,0.208641,0.8766202,0.13793138
106191,0.44739968,0.40922794,0.4815533
134256,0.27990186,0.6072135,0.8915441
123880,0.45045704,0.04761446,0.22297983
120939,0.6841519,0.47544247,0.56861997
111225,0.32929888,0.24619113,0.44399035
112410,0.60426974,0.25410634,0.31135696
103341,0.28487924,0.97089034,0.7089787
131111,0.21021281,0.3320867,0.55637735
136443,0.6720424,0.48366353,0.83335423
141697,0.67599744,0.89193445,0.16243482
130928,0.88005805,0.31921658,0.5260485
142357,0.6162752,0.30706626,0.33057436
106214,0.36677667,0.73122716,0.8273937
105881,0.32359833,0.26376584,0.47423762
122999,0.408517,0.31441823,0.41051295
105845,0.91983044,0.38749394,0.43462417
113002,0.6712586,0.3305956,0.36119762
114543,0.4068245,0.5422803,0.49463594
143947,0.5982738,0.5183603,0.7562858
122017,0.58674854,0.47148526,0.3367089
140774,0.28549638,0.6731854,0.3528769
134848,0.5989335,0.42014405,0.8643891
117885,0.3214907,0.4393129,0.45629427
117314,0.285211,0.5951054,0.6160087
124150,0.33783484,0.2127189,0.47059575
103355,0.271886,0.45540038,0.3011566
124439,0.58121264,0.82064986,0.17296
127874,0.5003897,0.5472445,0.35669643
142897,0.37646383,0.39904556,0.39207098
122517,0.29925933,0.8877423,0.5034034
135130,0.43388346,0.4515435,0.70828223
120739,0.20350192,0.8854812,0.9224364
123451,0.9610943,0.40314505,0.31146067
121088,0.46999472,0.35874072,0.73511827
100400,0.44996083,0.5624093,0.8354876
114074,0.34618822,0.32561758,0.37396923
134355,0.4635979,0.24158883,0.7616536
127535,0.72288686,0.28843817,0.73851806
128933,0.627045,0.43454915,0.73685294
107453,0.33324075,0.32584426,0.32685646
135454,0.3607312,0.2371482,0.39270568
133242,0.5701028,0.4094273,0.39549854
133414,0.9226575,0.64973885,0.9176324
140399,0.64912045,0.82569784,0.09985512
129294,0.38889736,0.5156359,0.59940165
134316,0.43088642,0.32062468,0.69490623
123604,0.7514713,0.21076545,0.28545225
110831,0.33994755,0.83128446,0.42639497
143997,0.75785744,0.28986484,0.2974435
106076,0.70125014,0.6172145,0.8503388
116149,0.25233948,0.41235286,0.7977563
144267,0.38706854,0.825825,0.2583683
146284,0.41612265,0.7056037,0.7853408
121282,0.38261536,0.7246844,0.8866693
129725,0.6592945,0.45600402,0.3428104
147714,0.9356559,0.8514673,0.34688348
110498,0.39581123,0.90986633,0.28324342
132778,0.381711,0.15032348,0.32037032
138078,0.9109328,0.8554696,0.64472663
126990,0.54131854,0.614853,0.7997398
142473,0.5976554,0.37492105,0.31053486
103340,0.47605565,0.4334725,0.6163656
120884,0.3442374,0.8606912,0.25917667
105155,0.51816815,0.87773186,0.44068405
141456,0.42132887,0.43012926,0.38716528
102724,0.8997986,0.42856467,0.44165167
142662,0.35920918,0.41800085,0.55731595
111211,0.514684,0.89041936,0.15189534
129882,0.38510644,0.38916945,0.35513943
128322,0.2702883,0.3239266,0.2736368
122267,0.7128253,0.39388523,0.81210846
121702,0.32739568,0.39170098,0.7504951
120709,0.3795301,0.32927546,0.4060321
121189,0.64462894,0.6704515,0.7189681
103946,0.62586117,0.56067926,0.63839555
105009,0.292653,0.21735784,0.8719367
112269,0.69042736,0.4292797,0.36474898
123847,0.58126503,0.52050686,0.6059598
145182,0.5227195,0.90229106,0.1751553
140428,0.7275879,0.6790987,0.60792965
140205,0.49272907,0.31021953,0.27062148
122399,0.2700181,0.48350412,0.70496804
112585,0.47652215,0.44099867,0.83451265
129200,0.89076763,0.93691576,0.84096205
115301,0.26579362,0.45793054,0.42018765
120193,0.27663702,0.45756617,0.53808796
142741,0.20534115,0.85218716,0.909791
143091,0.32657486,0.890301,0.17913625
125658,0.3900885,0.19917946,0.38949993
112677,0.626153,0.7862173,0.17163809
109658,0.6829766,0.38872933,0.5424614
113202,0.32637343,0.49568054,0.38622928
101147,0.22423165,0.5979288,0.51132464
109136,0.7740563,0.22234394,0.26255694
117649,0.3550547,0.2974969,0.23216361
140779,0.4775403,0.6205272,0.3466591
108889,0.2834689,0.81782067,0.20001179
116155,0.29593474,0.44723213,0.33614463
117575,0.2766275,0.81659013,0.5728321
103048,0.9193371,0.39483434,0.32486528
108827,0.75118893,0.41677135,0.3678824
130605,0.6772883,0.43694735,0.71463585
124022,0.3467705,0.47516653,0.48566118
134209,0.67306787,0.4501724,0.28360575
142977,0.6156916,0.45359764,0.40992057
109446,0.1927791,0.2619984,0.87141675
102839,0.32071424,0.23240453,0.23925872
106175,0.6873776,0.5748287,0.5028285
127294,0.3209889,0.81098515,0.7329079
103373,0.20194374,0.2368987,0.8146025
136721,0.46345532,0.46107903,0.80982274
129312,0.6048414,0.47196427,0.90371704
147067,0.38766226,0.75825673,0.22993076
145309,0.6324719,0.5821529,0.78698593
114262,0.47314504,0.37431023,0.5016732
137960,0.31627345,0.47815698,0.53279656
111241,0.7949276,0.9000435,0.14109498
113045,0.5903207,0.22222368,0.4289833
105385,0.46028453,0.23059307,0.42699522
118935,0.45021048,0.33332285,0.4815209
115702,0.27404663,0.35806212,0.79708856
105270,0.34322828,0.8509882,0.89420074
144247,0.34027177,0.35647038,0.4062893
100115,0.4049806,0.3556128,0.8364902
142976,0.29684347,0.46172553,0.340451
106012,0.33524144,0.45446345,0.3893143
140280,0.63292223,0.82587045,0.34986985
131413,0.48201492,0.33958548,0.7319262
127255,0.7686782,0.88549334,0.17174603
118927,0.39667588,0.6099313,0.4441138
117945,0.761071,0.51031977,0.5124149
140381,0.7784399,0.4134855,0.22127388
104958,0.29749024,0.33539036,0.45523104
120157,0.95788574,0.843121,0.34589475
104555,0.89828825,0.28711686,0.27890465
127712,0.31054327,0.42086735,0.8688778
132893,0.5490657,0.30915973,0.31712613
117927,0.91227794,0.46266434,0.36215174
112473,0.82354355,0.48355418,0.6110053
123203,0.6552055,0.17868893,0.57629853
103411,0.30640784,0.3865081,0.78971326
129178,0.34250444,0.19180924,0.68516195
137631,0.41230798,0.44708914,0.53048426
104275,0.2685204,0.3360501,0.69807553
142994,0.9445006,0.44234124,0.49491516
109625,0.67168725,0.7238216,0.9194124
142416,0.27810407,0.21329097,0.44135636
100958,0.6474811,0.20050125,0.22185795
144511,0.36262098,0.82710844,0.18322739
149929,0.80167454,0.38177115,0.4698478
117961,0.47791502,0.22272506,0.43143007
134124,0.5301408,0.34125584,0.2617689
116238,0.6248611,0.80934215,0.18732154
144261,0.34810928,0.24147356,0.25921008
122446,0.34219363,0.35438728,0.40326536
102856,0.42920598,0.5588565,0.82541513
148799,0.27868572,0.18925309,0.2961978
131661,0.30339006,0.4771209,0.35057512
102313,0.22295228,0.23011544,0.5820842
103902,0.3653234,0.24839494,0.27901012
106131,0.2931962,0.8651698,0.17783993
113398,0.9349554,0.45228267,0.4888292
147217,0.948693,0.9028779,0.16804244
139584,0.6449116,0.377057,0.5025317
129122,0.36305505,0.26469865,0.29348063
131147,0.22246616,0.79353535,0.33875886
110174,0.32142663,0.58110493,0.85383946
134901,0.42086014,0.2704568,0.50980043
112338,0.9521719,0.5294132,0.4623586
131311,0.7629699,0.5075326,0.566966
137008,0.6611559,0.6301564,0.89279735
124505,0.342204,0.897202,0.80321354
131619,0.68552434,0.9155539,0.5154409
134495,0.2508327,0.46348596,0.6864282
108385,0.41815844,0.48478886,0.5949481
104633,0.42301476,0.34775788,0.3925686
121674,0.2741805,0.43005553,0.8683425
116094,0.5977394,0.8726987,0.11780996
118386,0.20806107,0.16575621,0.23863862
101764,0.43151808,0.25068238,0.30288473
141471,0.45370692,0.48401472,0.29811677
113282,0.7694378,0.816144,0.23819532
134165,0.48873025,0.48930284,0.7941945
146548,0.38374302,0.43348494,0.79381084
114680,0.6839436,0.537555,0.6733097
102685,0.32381892,0.142384,0.30992937
130414,0.62206084,0.53596735,0.83191186
118926,0.5749207,0.40316275,0.36127627
141754,0.31004238,0.73671275,0.32153302
124313,0.43865052,0.29799232,0.4062688
126014,0.32352597,0.8574631,0.2334113
131121,0.39365932,0.5165779,0.60979176
133347,0.25523782,0.45977795,0.8707953
105795,0.63802236,0.7875046,0.12293488
127629,0.28538045,0.18101496,0.20962313
116359,0.42676443,0.3774726,0.39425105
100547,0.9172344,0.8906692,0.21154703
117052,0.49916813,0.2952795,0.2686102
138783,0.6880194,0.86222035,0.3080181
124170,0.76229167,0.21153,0.5423952
123216,0.37731203,0.31410602,0.35360005
145881,0.2388771,0.8987611,0.36610258
139484,0.5535808,0.46128786,0.6371219
105265,0.5458894,0.81423473,0.15814391
116532,0.60902554,0.47570282,0.7573032
144909,0.3432063,0.7954485,0.1865103
107392,0.54739505,0.31230146,0.41274196
137230,0.2992135,0.37097135,0.46488684
117775,0.60798115,0.54888916,0.34087104
137770,0.3678219,0.3937396,0.8577222
132810,0.9054682,0.49361628,0.67023826
132726,0.94546086,0.502029,0.43243518
113184,0.8944513,0.43924603,0.26637867
118704,0.40495172,0.48560283,0.67399013
132416,0.24003498,0.30566388,0.33342576
129309,0.2854512,0.39786908,0.5796136
107969,0.4673669,0.48559225,0.8543403
108563,0.37385398,0.3848176,0.35524684
115140,0.1105778,0.18732904,0.7557337
135412,0.638089,0.59952706,0.46316233
138615,0.6006372,0.49217314,0.80009747
130442,0.6524779,0.30346408,0.23192412
138136,0.39453465,0.90911156,0.32972226
142990,0.48683178,0.8770029,0.27887204
101583,0.94085515,0.44823462,0.6834169
133109,0.40274245,0.47216105,0.33372277
110108,0.271265,0.20706253,0.26428038
117511,0.35377443,0.4577214,0.5328241
149098,0.7858524,0.9315432,0.29782838
105426,0.6167065,0.92910165,0.29807937
105616,0.40515828,0.37956643,0.8974958
129135,0.57883704,0.44352743,0.39513043
122823,0.3567861,0.4819797,0.3643639
136396,0.3783371,0.2941067,0.5747934
140136,0.6053753,0.6109849,0.86344385
122615,0.4092158,0.3876323,0.52728796
102010,0.9526555,0.3559712,0.286137
138674,0.3507824,0.3994032,0.6049433
114743,0.20075017,0.3199077,0.8468492
100687,0.34030545,0.31105533,0.3524873
129707,0.38595423,0.43375638,0.45191193
123361,0.6266913,0.2836069,0.39584646
109656,0.293768,0.55433494,0.78009266
111174,0.8289866,0.85523653,0.78279644
133263,0.4481167,0.41166216,0.39455003
107245,0.45393568,0.5351941,0.37717238
138065,0.69113606,0.8667229,0.20942031
137349,0.4102862,0.43463498,0.34046665
102099,0.7356018,0.4975418,0.3301846
146244,0.88117105,0.45440632,0.46590772
129647,0.72550595,0.25435388,0.36886883
116051,0.7928792,0.49645722,0.24756882
119952,0.37053728,0.56176746,0.8301515
119708,0.3562523,0.44036832,0.36134836
133392,0.4027419,0.39445576,0.31819758
121258,0.29330504,0.45483118,0.8750048
132195,0.28837448,0.70081276,0.76863784
122777,0.70150805,0.45694196,0.33323067
104825,0.4640018,0.255066,0.2568452
124224,0.2739381,0.53897953,0.4040711
138228,0.27870435,0.76388973,0.23379533
113953,0.6204252,0.38875902,0.8059238
104209,0.4372139,0.2154121,0.7993036
115125,0.62224305,0.49277285,0.33859345
139604,0.40532014,0.64594364,0.5518137
124418,0.305203,0.41891548,0.8123337
115538,0.43097305,0.5944011,0.6568885
135292,0.34117562,0.46432012,0.42797208
130590,0.5494406,0.80204594,0.2686738
103775,0.36811683,0.17901339,0.40305078
119802,0.6034485,0.83520883,0.3528185
111795,0.3028279,0.361577,0.8269789
131011,0.36324787,0.33576575,0.3354665
109758,0.5503531,0.5020878,0.53412145
149865,0.28584138,0.37020433,0.32768652
104733,0.43986237,0.72167575,0.2430036
147216,0.6627175,0.8009874,0.27525723
148022,0.37640423,0.34982362,0.7133053
135444,0.6327499,0.21949483,0.23616819
147333,0.8718655,0.71660686,0.4599553
148574,0.48602766,0.33289805,0.40972227
141908,0.69026077,0.33029458,0.4590116
104326,0.32937488,0.43945137,0.47692987
112482,0.34230876,0.4632346,0.8928136
137513,0.26751348,0.88517195,0.1810655
142001,0.8371451,0.26723394,0.3320139
107859,0.28544933,0.52657753,0.29764146
111574,0.28345793,0.5445092,0.7583997
117397,0.5350935,0.42139134,0.43472245
146571,0.45647016,0.3617464,0.42993835
149662,0.52193874,0.90447485,0.20604038
139663,0.30249193,0.78718567,0.87552005
146655,0.3537501,0.31190366,0.4329414
129274,0.3260282,0.3197308,0.5050575
118726,0.3428304,0.6308642,0.50709766
106844,0.24102907,0.6212211,0.5450559
111627,0.2965592,0.23183705,0.27139065
124702,0.70016426,0.44390628,0.7808951
126448,0.687576,0.4629807,0.85402375
105936,0.3448668,0.88583916,0.27948418
119202,0.52167904,0.29066172,0.34884983
101986,0.24219202,0.6125724,0.3030889
147156,0.30599087,0.36039954,0.2739822
125765,0.290156,0.35354635,0.7974106
112105,0.22685252,0.3249095,0.8848235
113220,0.40628043,0.4300728,0.52747124
111464,0.30405086,0.35438538,0.21353571
145094,0.35360464,0.42511314,0.34610003
109527,0.6831668,0.5062056,0.50633794
143415,0.27845305,0.39623007,0.30421057
146474,0.3868322,0.61505216,0.7401796
107521,0.3166563,0.5796274,0.4864826
102001,0.5805915,0.8773976,0.36476612
110290,0.24372113,0.37449136,0.2896024
105275,0.37033206,0.6037196,0.86362785
127618,0.47330523,0.3734636,0.31808266
113222,0.33268785,0.30219612,0.36230132
135240,0.66867995,0.18927069,0.31843138
127189,0.6468206,0.40655228,0.23766649
133883,0.34131634,0.4009713,0.5749277
109964,0.66394794,0.36422795,0.4522384
117244,0.28640643,0.35244665,0.37900606
124549,0.5762685,0.45488268,0.31431276
118333,0.26813447,0.47676077,0.44757605
126109,0.5317278,0.42677364,0.28204054
130147,0.45319897,0.31190187,0.35113463
119995,0.3675347,0.36264417,0.44197893
125119,0.67332935,0.25620952,0.4640417
133231,0.3211317,0.47306767,0.34576002
105160,0.3198346,0.6323865,0.60582054
107733,0.78917044,0.40070537,0.5467261
103532,0.38717657,0.8527346,0.20904729
127489,0.65573084,0.44437853,0.35080048
116273,0.6599434,0.47431818,0.6114306
108498,0.3382628,0.86628735,0.48418596
136839,0.7750225,0.59203744,0.6391413
135691,0.67695564,0.23649561,0.62906885
101133,0.3062567,0.40803352,0.4165736
107824,0.2343385,0.46827212,0.41363922
130407,0.4409435,0.37650466,0.37874097
117405,0.23240077,0.27039272,0.3242578
114694,0.7510118,0.38289458,0.5761791
115732,0.72518736,0.53418684,0.6603441
140911,0.5028429,0.4246012,0.49555415
141486,0.8117461,0.2779637,0.8587622
130136,0.8733954,0.5621566,0.41998696
111443,0.40021434,0.33070928,0.5283084
106156,0.26571319,0.47794124,0.33352715
132508,0.68938607,0.40209118,0.34341666
117038,0.37480184,0.30905557,0.66328
146143,0.29331693,0.31562278,0.37812454
105429,0.4207172,0.5143186,0.7892287
142434,0.53432685,0.69478446,0.6282446
118829,0.5711694,0.48963162,0.36802375
101932,0.8227281,0.45450753,0.7725374
112194,0.39642534,0.34277627,0.7647193
124385,0.28108224,0.53700626,0.93618846
110865,0.3905626,0.45582557,0.74176306
142399,0.4042364,0.8347303,0.17204612
136299,0.6639387,0.5418805,0.29647076
139347,0.43906775,0.39228517,0.3773433
117524,0.3168348,0.8351983,0.50477105
102641,0.6972732,0.36750168,0.39045712
121758,0.49464655,0.3393366,0.48687437
122600,0.37422612,0.18999484,0.3309335
108534,0.38467452,0.3748529,0.4710291
144099,0.46937215,0.48232406,0.31124547
120272,0.9146975,0.42017633,0.23725948
148499,0.4173135,0.4214733,0.48879534
148365,0.3693005,0.31072366,0.56347245
112789,0.56970215,0.43108407,0.40907913
139518,0.6145536,0.3301992,0.39257506
113309,0.93730617,0.50924385,0.4073114
112621,0.2875305,0.34159142,0.9072568
138146,0.24950394,0.61218554,0.8668205
116436,0.69792384,0.5268061,0.35331836
119136,0.6768866,0.74918234,0.9450914
112850,0.25903594,0.21631734,0.3803288
149330,0.5996517,0.25140464,0.23258422
122603,0.47695357,0.42820683,0.39418218
116071,0.45440012,0.4234509,0.5852921
146358,0.29635286,0.39009175,0.7955224
141528,0.3109304,0.5374894,0.83688945
115709,0.31865436,0.43068373,0.8402006
139367,0.29345495,0.94930965,0.14808533
145960,0.8826297,0.41433507,0.39127174
146344,0.39877442,0.47513252,0.8449081
143715,0.63691735,0.5263212,0.87449163
147580,0.34858385,0.16739911,0.29480168
134772,0.733121,0.9041446,0.34788054
142868,0.2661015,0.35830867,0.4884059
126525,0.26360032,0.4450843,0.59426814
139536,0.37618914,0.6594263,0.77647734
128160,0.1349364,0.508054,0.8614427
120198,0.3572429,0.41661325,0.5621674
136657,0.33129802,0.26158997,0.29789126
147174,0.7228403,0.39107203,0.54578376
137745,0.42801768,0.3654074,0.49292886
128724,0.90994704,0.6695908,0.43023604
127443,0.33323872,0.4917168,0.2939918
143975,0.50944656,0.4053485,0.52516884
149797,0.39885324,0.4266217,0.35525754
131422,0.44464478,0.12346811,0.3046186
118831,0.2752254,0.6321862,0.58333296
127885,0.33821246,0.6342562,0.85577685
116570,0.5672269,0.2859591,0.48370448
141998,0.8169902,0.7069257,0.4791425
149382,0.20745084,0.124144316,0.3565002
126977,0.5916519,0.44610867,0.87764096
145279,0.6680669,0.41383207,0.37946856
119230,0.4189389,0.58861536,0.51445264
118638,0.44578218,0.4009243,0.365664
148318,0.33069345,0.43285504,0.31901366
103881,0.31576544,0.36402974,0.38398513
132321,0.32557982,0.39506024,0.55451
134622,0.38832855,0.37145945,0.53392386
134185,0.32698914,0.48951027,0.6344829
131777,0.85991454,0.67001235,0.5239432
140297,0.33397257,0.808861,0.5509397
100332,0.89434195,0.55546814,0.45712802
125025,0.357269,0.34305334,0.38394856
116054,0.22814378,0.5210013,0.3752299
134314,0.666287,0.43917722,0.44925404
102094,0.6639341,0.87298316,0.54530233
119093,0.31473833,0.32672375,0.47133335
134270,0.3271306,0.4304441,0.9522915
104444,0.25990272,0.2912886,0.28044116
126129,0.4218213,0.5236387,0.841944
127748,0.2664614,0.4367901,0.42560974
122845,0.90090525,0.45484114,0.36960942
121018,0.34074748,0.47339872,0.5413799
107960,0.24051657,0.4160909,0.264727
148198,0.3251078,0.5681517,0.5567826
132446,0.7063891,0.23542899,0.38227132
135461,0.27262813,0.37164694,0.41047928
106779,0.22913659,0.36140564,0.93303347
106493,0.7713453,0.31594217,0.35850775
133486,0.6660315,0.2551987,0.39013073
112429,0.35724336,0.36902547,0.8137588
101080,0.31819254,0.14724374,0.36250907
140103,0.80964917,0.49104136,0.4992229
117375,0.8291916,0.84987223,0.69716054
125099,0.43193546,0.58031654,0.4967502
132599,0.3295088,0.5208698,0.79461294
107641,0.30077738,0.3051626,0.43492216
146388,0.34811923,0.23827706,0.29238987
118298,0.3759449,0.48416752,0.8134225
115937,0.42490092,0.45944765,0.60820913
119642,0.28028506,0.53962785,0.45132267
145936,0.64981097,0.45211902,0.60135645
145910,0.7586532,0.3455282,0.41130042
147303,0.43790728,0.9119922,0.30505505
108434,0.41760504,0.3293831,0.5274674
104384,0.30908325,0.2258975,0.508673
128624,0.5529226,0.195929,0.32012084
132232,0.44570696,0.51165897,0.54486454
112519,0.586642,0.93803626,0.15093085
138726,0.19032767,0.5239839,0.5950187
111119,0.49193665,0.5721699,0.35893816
136816,0.5258924,0.47434482,0.30550447
118010,0.6708843,0.4198185,0.6910211
106856,0.6949528,0.48494154,0.81217605
117073,0.34890226,0.8720551,0.1929224
137259,0.30917755,0.6526236,0.47725374
128446,0.44814593,0.37852338,0.77889526
118844,0.33875266,0.33782527,0.4893791
117754,0.92191035,0.43579167,0.3468313
136197,0.32166326,0.4141795,0.2651276
134984,0.24181256,0.6429136,0.42718795
106284,0.56081533,0.63516563,0.43604502
121175,0.88855207,0.93026644,0.68003774
137197,0.37603384,0.6289022,0.92976403
124794,0.3293663,0.7930711,0.2644618
137649,0.32499444,0.36906093,0.5473496
111253,0.5996567,0.51835847,0.52048165
118617,0.3594594,0.5699598,0.7483851
136908,0.49813485,0.37256512,0.5264981
138230,0.53960997,0.5477773,0.6245989
125148,0.61720985,0.4219704,0.4444968
148019,0.6944615,0.3595684,0.2974112
114666,0.86850035,0.48531738,0.43539685
113411,0.22593907,0.8984164,0.37519222
125316,0.9508387,0.3137864,0.33037654
144303,0.6892899,0.55703217,0.8905362
120108,0.4922461,0.39750075,0.6946337
131407,0.30796757,0.37803587,0.29290813
105841,0.32375562,0.80248624,0.1710364
139761,0.32663426,0.81860465,0.4880895
133027,0.6509936,0.4451389,0.32502362
110739,0.3182092,0.15737014,0.41224232
115394,0.42656648,0.4833915,0.830339
104339,0.95504206,0.73785436,0.6562916
117029,0.26473787,0.3706645,0.37354517
129694,0.918767,0.41551793,0.3423858
105866,0.78380173,0.6983643,0.8340593
149987,0.2611884,0.7441306,0.18553877
124545,0.35880604,0.4308678,0.46499705
120582,0.6849891,0.25610054,0.33791944
131906,0.18433388,0.7816254,0.26471493
103832,0.3521389,0.43209866,0.5602127
124131,0.74881536,0.4589026,0.302799
132200,0.4151257,0.21573877,0.32624713
121728,0.64944184,0.503959,0.34705862
132401,0.33436337,0.9875475,0.5061828
140574,0.27802145,0.34715673,0.30656636
121289,0.9179758,0.61586034,0.54894537
118209,0.30101633,0.5293037,0.56105316
122674,0.8865135,0.54052085,0.4310469
122646,0.47364932,0.5938536,0.47551933
107033,0.23881932,0.43991533,0.48006698
122867,0.4185992,0.5178681,0.47709128
118901,0.6991529,0.4517446,0.24691741
136940,0.38215742,0.3568775,0.3275146
106355,0.93939054,0.33747792,0.42021734
109652,0.50385696,0.37811968,0.6766074
141365,0.76955044,0.40209755,0.3511417
138504,0.3270088,0.67005706,0.48276225
132799,0.6794621,0.34030983,0.3480994
145444,0.35745323,0.42428696,0.36209878
142623,0.7548195,0.84312075,0.21405858
111894,0.30077708,0.28793335,0.27599007
149091,0.3188808,0.25911224,0.5543868
101719,0.3185394,0.5456903,0.37945262
112123,0.3165874,0.39983135,0.42145753
104058,0.77633893,0.8849935,0.7892966
105475,0.28209868,0.45450968,0.6911483
138962,0.48057106,0.3683623,0.5204838
127848,0.29138777,0.8296239,0.4507551
135303,0.3022493,0.325106,0.4242141
133504,0.3167929,0.31007046,0.8176262
146808,0.95089054,0.40337014,0.6923414
149327,0.64981705,0.59977275,0.58109057
135560,0.62471116,0.89702153,0.1820357
109500,0.39006042,0.26158756,0.37778088
142700,0.3396743,0.3667273,0.4842256
102659,0.37668255,0.74411935,0.24718475
129614,0.6769777,0.91274506,0.074766584
149457,0.39889923,0.79564255,0.538116
100456,0.92474115,0.3352516,0.51151586
126632,0.35140166,0.7363607,0.22178927
126716,0.34013668,0.45231995,0.34148845
106136,0.33989105,0.33461636,0.5213917
127174,0.85212374,0.42964244,0.30968067
125029,0.3744755,0.9151377,0.13675554
106901,0.6266221,0.36369646,0.39005953
148105,0.40015617,0.84255594,0.19219445
100384,0.3518565,0.4015804,0.4884528
111121,0.34809366,0.34626925,0.2375449
126960,0.3804643,0.68976367,0.7193623
105272,0.36057398,0.8509001,0.15882285
100182,0.38722456,0.36025584,0.3725649
106818,0.2792066,0.5749189,0.91847634
110161,0.7245819,0.38587964,0.8224662
134891,0.7311664,0.9249575,0.64885324
124938,0.3389505,0.387473,0.9517571
149950,0.30329388,0.81358624,0.4189585
118644,0.36684883,0.27314088,0.384427
117719,0.32646668,0.8663873,0.3747904
129112,0.3765087,0.7365326,0.5581584
122363,0.22253509,0.7702073,0.8457107
109362,0.7482364,0.46933362,0.40778202
146051,0.2641523,0.7940578,0.35449973
140781,0.71678275,0.5998749,0.71697646
141386,0.6442534,0.35695362,0.3051095
137815,0.42360356,0.36874172,0.6862097
114855,0.2845637,0.22344297,0.42634338
145378,0.3381462,0.48193485,0.43800876
113623,0.6985327,0.8869247,0.28114223
147772,0.5748762,0.46349424,0.39780718
113554,0.71106964,0.53646654,0.7897575
113110,0.7382686,0.5409828,0.35113207
131488,0.6355726,0.4394218,0.43714473
106470,0.35424536,0.36888617,0.2730123
140457,0.2842636,0.5087731,0.3975871
107025,0.3527227,0.46855608,0.8199363
125074,0.31639534,0.42546797,0.5563415
123775,0.7167564,0.26661086,0.40389213
114343,0.6055767,0.8547447,0.31735572
119064,0.67778254,0.31737074,0.50083303
124576,0.25856268,0.8488491,0.23711471
124158,0.6269889,0.37058958,0.2645264
144501,0.5674456,0.454263,0.90538347
121672,0.36552268,0.9062326,0.18570155
106694,0.9452551,0.513784,0.6264271
101231,0.61261886,0.30668524,0.8545852
145090,0.16537496,0.34630692,0.37852836
142005,0.3624999,0.4147,0.7427715
134669,0.3731967,0.28327772,0.7716556
113366,0.9404656,0.5514725,0.5915377
146667,0.305666,0.3393741,0.8124257
142385,0.37584704,0.37903953,0.3067235
123922,0.3620609,0.43233588,0.89581734
116301,0.31876948,0.27382293,0.5786058
128677,0.5944977,0.9122669,0.46096385
135993,0.6107674,0.3666957,0.3920896
111374,0.75339663,0.31685868,0.45527473
122001,0.78382033,0.6340111,0.5532535
109408,0.29148576,0.39779368,0.28330907
142541,0.24467689,0.22893892,0.46818656
136914,0.43060592,0.3526671,0.26630774
102256,0.2987984,0.38990197,0.36790547
111403,0.34566927,0.3974169,0.89325386
140787,0.38097537,0.45454785,0.25171104
141679,0.24137329,0.31139863,0.31637883
133152,0.43487868,0.5428583,0.4392099
145808,0.62835723,0.37668467,0.48224005
147197,0.31466332,0.32185972,0.44580907
129700,0.6750586,0.24598032,0.31347856
107617,0.2622026,0.41205716,0.46198255
111513,0.2713066,0.34954897,0.83576745
122147,0.27895975,0.27103868,0.2893081
132941,0.3245297,0.87378,0.42460892
149420,0.5830967,0.3798944,0.78948516
148304,0.2745564,0.31745622,0.26091626
102828,0.23609775,0.5115096,0.4930928
143509,0.32419693,0.9287581,0.1366558
131729,0.7299767,0.5283996,0.38642243
140120,0.45012063,0.5233466,0.7386747
107002,0.28739673,0.39947182,0.90157807
129289,0.27592927,0.3633801,0.41472563
147427,0.6939758,0.5480587,0.49969143
148253,0.68867373,0.35153198,0.70266956
100082,0.57962114,0.2621124,0.4072018
102859,0.3905065,0.32180867,0.43243617
121517,0.28863433,0.3893065,0.5373158
108086,0.39652568,0.2457955,0.39442217
109553,0.32944077,0.9282982,0.24540775
105454,0.6779135,0.27005723,0.28386578
138373,0.64897335,0.32254428,0.2486351
107650,0.9469597,0.36867473,0.26559034
130180,0.44517088,0.33899766,0.7849875
140068,0.24059792,0.13909039,0.32817927
119669,0.5580902,0.9122683,0.18017136
102811,0.66704845,0.623933,0.8304869
137587,0.25031066,0.4281863,0.4179856
123102,0.3461624,0.31275988,0.3991187
106521,0.5935272,0.34016067,0.30193865
101539,0.8284525,0.5828166,0.43563607
143942,0.59754944,0.9144634,0.33733657
115186,0.756414,0.46477568,0.4525648
110720,0.38886845,0.264054,0.41125622
114521,0.32743257,0.36637104,0.42011333
133818,0.66909057,0.38981614,0.5593094
123856,0.308574,0.77414787,0.4320844
144899,0.42513788,0.402275,0.23586664
140142,0.58398914,0.6334406,0.47592002
123962,0.40106463,0.46075147,0.28903392
140738,0.28320125,0.31288135,0.36375898
129364,0.5098498,0.4018715,0.37853432
108069,0.31379357,0.4901151,0.5481796
104755,0.25028032,0.5823538,0.28052488
135268,0.38758665,0.27153662,0.32537693
101567,0.4559358,0.37210923,0.40289325
137024,0.5050935,0.379004,0.38102555
133090,0.39392188,0.39810413,0.39717928
146149,0.51719177,0.4073986,0.53223985
131720,0.31181005,0.65575117,0.41302508
143666,0.25375095,0.49252126,0.38270238
103076,0.8443087,0.7552002,0.18508267
127143,0.8247641,0.3789411,0.63270384
139925,0.24314575,0.2479389,0.82283187
128912,0.2473073,0.5917542,0.8392722
145426,0.8048718,0.8629924,0.11518046
119991,0.23243183,0.8534553,0.7840037
143473,0.23804972,0.24003997,0.4186601
137482,0.35791707,0.38910994,0.36505324
100507,0.33389884,0.38689566,0.42590967
117332,0.91591567,0.3262186,0.36790025
116346,0.6024692,0.31065387,0.37226355
132314,0.39903,0.5339704,0.77408206
137858,0.61285186,0.19954348,0.495742
107616,0.66490036,0.8765076,0.10424828
110822,0.70526755,0.36060017,0.50824976
133853,0.3092609,0.19856669,0.2623676
126443,0.6060252,0.1868863,0.309754
108842,0.7071309,0.46600282,0.7982094
115980,0.32834634,0.45642024,0.7822324
127154,0.3858386,0.4629021,0.4740597
132544,0.37426195,0.42794618,0.6298435
129273,0.6249656,0.45276618,0.49527562
101515,0.44879842,0.8755693,0.22859623
147857,0.4199323,0.14513043,0.4724538
137963,0.7757648,0.968544,0.6827781
145449,0.7257073,0.46195003,0.6281152
115933,0.39447403,0.27632567,0.40057316
143403,0.27541983,0.2592998,0.54723895
104759,0.40838954,0.3274972,0.8038149
106676,0.5564909,0.3030203,0.72397906
137035,0.30941316,0.45065528,0.77071923
114213,0.5811202,0.46199706,0.88884884
127830,0.45815584,0.8997856,0.2489356
149857,0.544619,0.3887361,0.30598208
136698,0.9222129,0.92144907,0.33698267
109234,0.7517462,0.4140451,0.802388
100220,0.28601506,0.37828752,0.3807941
111148,0.30520985,0.31342968,0.37319392
104601,0.47825575,0.260356,0.50881517
101643,0.62250465,0.46448785,0.5731739
105056,0.23649406,0.7935233,0.18013571
132660,0.31589872,0.87546676,0.15697621
137069,0.37856635,0.37521166,0.39772382
104047,0.57367134,0.41851303,0.23856626
101852,0.6168426,0.4400655,0.8289461
125123,0.7184996,0.2201041,0.8928957
131082,0.23282607,0.80347013,0.17094296
128079,0.21996361,0.34935367,0.35341322
124731,0.6470043,0.66730255,0.42392492
106244,0.3292388,0.75247246,0.5476147
122874,0.68086785,0.41772,0.72270983
105907,0.41160908,0.8386285,0.6563967
117586,0.5785526,0.9052717,0.3529448
112976,0.2699658,0.43058258,0.44595888
113238,0.40178734,0.5212632,0.4297138
136752,0.44286728,0.25240177,0.33516484
