id,bind_BRD4,bind_HSA,bind_sEH
112430,0.45264035,0.50946754,0.38366437
144912,0.3458591,0.48401996,0.32564342
117486,0.9323591,0.6056901,0.5061381
119196,0.4017725,0.2763387,0.28989005
105641,0.3787426,0.25114226,0.3243848
134372,0.60373926,0.29917857,0.48022616
129477,0.289858,0.5949679,0.8749183
134175,0.41374236,0.8985549,0.23220551
130160,0.37280244,0.8302023,0.71378547
129789,0.7570159,0.25124258,0.32872447
103854,0.31432542,0.58807707,0.3155051
123700,0.31900495,0.44241866,0.819908
115202,0.33810964,0.50308174,0.39362064
107189,0.68011653,0.42832473,0.66956943
105690,0.904723,0.48458835,0.526072
145904,0.38462785,0.44731903,0.5266113
121269,0.32226095,0.9395798,0.32432547
131310,0.56959665,0.50539106,0.45428565
105617,0.30805337,0.3825522,0.4620544
113667,0.42123008,0.4207757,0.8095356
138670,0.7314753,0.5934092,0.81991494
130850,0.36683017,0.4899755,0.81084394
104376,0.64864224,0.16903166,0.324515
147238,0.8194545,0.8171278,0.17474042
109759,0.68069345,0.56002045,0.50629705
132657,0.32665217,0.52539426,0.79174256
134029,0.671989,0.54913294,0.5633393
137760,0.64442027,0.87262166,0.16545175
121427,0.5931541,0.48117507,0.42569578
129014,0.64710224,0.36141613,0.37996447
124159,0.34497875,0.89119667,0.74747056
114851,0.70701087,0.17129906,0.7115288
149916,0.6928227,0.39974636,0.5322718
113492,0.34919703,0.4615199,0.44171077
105578,0.51930857,0.7524511,0.20347756
115904,0.95534486,0.18470052,0.2906831
104232,0.30809745,0.23361263,0.27856955
147760,0.676798,0.49956205,0.43641317
128512,0.6057051,0.83553463,0.21725266
115150,0.27409613,0.316565,0.40961713
148138,0.418634,0.39674193,0.4970152
144115,0.43597233,0.55974704,0.4695131
118120,0.36385408,0.34872964,0.39755872
116157,0.73256963,0.39153376,0.5849553
104111,0.35788497,0.5846172,0.44511884
145643,0.3500354,0.3596138,0.25564185
105980,0.29220098,0.3481895,0.4097996
146995,0.9283053,0.51891315,0.4190684
129932,0.6895062,0.41335198,0.44386545
133384,0.5322798,0.95253706,0.76793855
109280,0.6275283,0.8902342,0.49052528
123096,0.54992646,0.38192812,0.30874813
118019,0.28020707,0.84105706,0.247424
120436,0.37012792,0.28256533,0.40151227
131577,0.92878133,0.23533008,0.39176497
131863,0.36802265,0.4387975,0.8556391
116337,0.668553,0.46114463,0.37147096
111969,0.64589584,0.43858534,0.79408985
127923,0.37567937,0.34515452,0.40621638
134718,0.29252002,0.35764664,0.826661
128765,0.29004773,0.8319351,0.666753
132067,0.22045247,0.31727052,0.33268708
103264,0.3529503,0.42745927,0.50835276
120531,0.5998093,0.29115084,0.28612486
103791,0.7029795,0.5038879,0.5972123
136073,0.8749386,0.6981445,0.30605006
142121,0.31474105,0.46007317,0.26304117
115195,0.5618715,0.8681438,0.7186202
128007,0.6734444,0.33627877,0.3466284
136167,0.43124178,0.3415332,0.39799944
118127,0.45474973,0.32746035,0.42095444
108609,0.27302742,0.35738897,0.71636033
140125,0.37716243,0.20746577,0.4577925
125928,0.35487208,0.6775906,0.45127624
143446,0.21805929,0.79838616,0.49009252
121903,0.62400806,0.44953436,0.42095697
124146,0.6598974,0.4299225,0.3259614
148728,0.6319324,0.4104667,0.8132437
137071,0.8545266,0.5339539,0.38561323
109397,0.44294155,0.41638288,0.36444005
109330,0.3938545,0.71648544,0.2910318
108444,0.68203837,0.342882,0.75829357
115286,0.35712573,0.39615387,0.44588962
147188,0.3570451,0.4203958,0.31035998
139707,0.33099532,0.3260616,0.4017444
107831,0.3966301,0.32041985,0.31276828
104556,0.4554524,0.3062499,0.5383616
111989,0.44485956,0.43806216,0.38286677
113625,0.3854769,0.512612,0.78872293
136356,0.23619236,0.7135917,0.65246797
123217,0.30268753,0.31012052,0.34464335
111937,0.43481547,0.31324348,0.8703237
146441,0.35111707,0.3289283,0.3527669
149072,0.93309706,0.39323956,0.3548044
112776,0.37877646,0.4331032,0.44858694
110170,0.43675172,0.17939672,0.15691413
146740,0.31910002,0.24829362,0.87762976
134278,0.3944461,0.38578,0.4116511
123286,0.27746525,0.28789055,0.29065153
121339,0.2090752,0.55679643,0.6911951
105350,0.33930585,0.693326,0.84720224
137641,0.60091406,0.47885102,0.82945025
121107,0.52940416,0.397687,0.20234567
122067,0.7241911,0.3909105,0.8885499
138440,0.80561453,0.38972667,0.36115
127289,0.361373,0.2903837,0.7855488
113191,0.9373482,0.3226344,0.31619155
110845,0.29549235,0.37851503,0.4534301
144111,0.30083168,0.6401544,0.69087964
105212,0.27341527,0.45408827,0.25520462
100729,0.5753217,0.5696597,0.51536715
113841,0.38681686,0.20428418,0.30410093
114912,0.4884793,0.38665077,0.6945856
129640,0.4494517,0.3542523,0.45515928
116680,0.2861478,0.3840868,0.3412985
116111,0.75194085,0.88949823,0.9409165
149416,0.74516845,0.5283764,0.5682899
129875,0.75556076,0.26531354,0.4058787
142577,0.35851443,0.3335273,0.8120217
118591,0.56175005,0.83374816,0.36807975
110912,0.7975159,0.36768472,0.34367332
140691,0.6075629,0.439575,0.47019836
146167,0.6460049,0.5102359,0.5772323
145508,0.39402986,0.5908803,0.3895975
131831,0.64412546,0.4885042,0.6753049
115235,0.6883627,0.85370547,0.13005236
129385,0.44025093,0.881508,0.34053865
100707,0.6844882,0.70336765,0.8633021
134653,0.25737607,0.3902938,0.37274745
135198,0.88380724,0.4396123,0.71955794
131135,0.6788827,0.5277741,0.7419259
139111,0.3811055,0.43085292,0.3608647
129369,0.30193284,0.4200604,0.47144586
123599,0.3478438,0.4163,0.3460186
103162,0.32363054,0.7406864,0.16807684
111456,0.17489955,0.15933737,0.5051557
143123,0.41877878,0.32766291,0.4454119
108869,0.7455116,0.58121574,0.52309406
100389,0.35544297,0.322366,0.38700953
119732,0.47072423,0.20557301,0.24031158
100667,0.51934624,0.44122803,0.4206411
121479,0.32955337,0.48917398,0.3442201
100691,0.284353,0.3733672,0.2794268
124807,0.40922403,0.2177985,0.5581859
129643,0.5789373,0.3666882,0.36427552
125398,0.75556207,0.25387454,0.414171
118841,0.32800624,0.90040135,0.15291364
130393,0.56112283,0.44001976,0.5614539
145594,0.33116424,0.41655347,0.3275859
106307,0.29188433,0.25863197,0.29477367
100490,0.32181463,0.2218486,0.68425304
105096,0.3103156,0.22732027,0.30724645
109761,0.6930419,0.41864076,0.23008251
114248,0.39323944,0.3630158,0.55876285
115516,0.41507304,0.58000827,0.5521178
138851,0.38538715,0.5828662,0.7786231
121233,0.65211535,0.31592202,0.79368
125165,0.46896628,0.31552216,0.38115045
106318,0.5739011,0.335893,0.8088787
110249,0.7536843,0.8516252,0.64987797
112890,0.40712816,0.17645988,0.28603157
131733,0.95615,0.40873972,0.3876283
111747,0.735374,0.8639306,0.20401242
105518,0.5076217,0.3399556,0.8606312
133458,0.93363553,0.41953364,0.43032044
141598,0.566582,0.24073915,0.426395
115786,0.8475053,0.8668982,0.38702667
122382,0.40861744,0.9463519,0.5079127
116167,0.32611132,0.36612797,0.6233934
128290,0.9039891,0.7402254,0.7149713
119227,0.5000084,0.31200573,0.6866497
130317,0.564715,0.54652864,0.7259406
128343,0.27029574,0.33559024,0.4858309
135897,0.3001925,0.44754037,0.31275186
126969,0.6979032,0.45674527,0.49159727
125062,0.3727432,0.5593182,0.49469754
142004,0.5707043,0.14506099,0.3002858
124915,0.3547782,0.39656666,0.6163717
111025,0.22234108,0.5443779,0.81857526
123269,0.44890025,0.32013035,0.37495804
132094,0.91753584,0.63005745,0.8575656
110682,0.7458575,0.19605218,0.42824847
113255,0.6737188,0.8197756,0.23034307
111643,0.3515568,0.3766836,0.47784272
118881,0.4937092,0.47301507,0.55790484
128060,0.63313377,0.17842862,0.30864537
113187,0.62426406,0.58771265,0.5477934
118370,0.2716967,0.71309304,0.5262049
130361,0.72523504,0.5094608,0.5362781
139203,0.32008708,0.3867914,0.41548347
114888,0.6694138,0.7304767,0.18858375
133484,0.42955562,0.8189519,0.16507001
116348,0.32061192,0.23232353,0.27758315
138971,0.45520806,0.28358844,0.35112324
101955,0.23438026,0.5878913,0.47051534
122830,0.42010164,0.49261925,0.41092396
132380,0.4413352,0.8615697,0.700348
144152,0.26838717,0.34633535,0.81038874
102495,0.673065,0.29720587,0.30130804
122638,0.4542447,0.47524703,0.6213672
115793,0.330087,0.29354346,0.40270764
127824,0.34783998,0.3096444,0.39121416
119197,0.92786056,0.8909893,0.2583934
133223,0.35074857,0.3621577,0.38609603
130279,0.69851863,0.42072895,0.30281842
140785,0.7331844,0.6305176,0.555278
100860,0.7555081,0.33436367,0.3524448
122819,0.5644236,0.29955593,0.43303788
113985,0.42886043,0.20770437,0.3000601
110740,0.9449126,0.4342118,0.415881
123845,0.23850353,0.36156014,0.3741223
125468,0.6757512,0.2222714,0.23972285
129558,0.35085464,0.26341277,0.36798614
116993,0.7009172,0.38684124,0.38371983
102443,0.3652312,0.61411154,0.81079197
100919,0.3203597,0.36875758,0.25401634
126877,0.43149668,0.8489492,0.5420403
110129,0.30482358,0.45261416,0.76403385
102775,0.5090666,0.26926208,0.3699414
100357,0.54530793,0.40941304,0.7780621
121855,0.60052854,0.41357917,0.35897112
129413,0.33790702,0.49908853,0.29662305
101224,0.37594023,0.19902465,0.3275452
105065,0.802673,0.8772423,0.75697327
111947,0.8766364,0.89213896,0.50391346
113185,0.33638662,0.3414301,0.776934
127196,0.20795247,0.53140455,0.5218812
129353,0.38579232,0.54595417,0.4810818
112538,0.43850344,0.2314817,0.3198779
111312,0.6503455,0.43671352,0.48382074
113509,0.3160898,0.3206747,0.7584383
100250,0.3008372,0.30086875,0.4180909
117776,0.7654362,0.761825,0.21519008
148521,0.47402683,0.3298746,0.7879796
135995,0.64148664,0.39771754,0.49048224
116861,0.5479162,0.42228368,0.54493123
110078,0.78922445,0.49940318,0.5280442
127736,0.63534665,0.53144205,0.44151372
135193,0.44900376,0.4155915,0.38209185
112988,0.3060015,0.9131338,0.16056114
145063,0.59741056,0.5928778,0.48643056
108923,0.3127246,0.29106092,0.26056832
120646,0.25666115,0.2134361,0.3918076
105799,0.2945254,0.5736598,0.3619525
108415,0.5885513,0.83238536,0.40915892
124780,0.2704193,0.4120667,0.8546335
147829,0.7396676,0.9226922,0.24243641
102501,0.7116762,0.8893237,0.13372564
141668,0.41979945,0.37362143,0.3725816
129691,0.32078427,0.4941682,0.7629438
107620,0.39360347,0.4401511,0.6185467
134201,0.31562898,0.18769859,0.50433534
138675,0.69191337,0.33456573,0.87223333
109080,0.70619357,0.45045394,0.3798211
149364,0.31744018,0.4791849,0.7540981
102907,0.6849779,0.43991527,0.53449833
137000,0.4091149,0.5104163,0.49218673
121549,0.808208,0.8778957,0.23471329
146016,0.2230116,0.43849558,0.3497059
149596,0.92733395,0.3375221,0.3576176
101300,0.24435835,0.5173613,0.37572488
110859,0.33942813,0.82467777,0.65903026
148789,0.26287162,0.57290846,0.41796944
142966,0.32521787,0.28970382,0.4845468
141400,0.28500172,0.7443254,0.7034
103005,0.25459212,0.26471198,0.3711991
136690,0.8318734,0.7473782,0.20587997
109757,0.35995418,0.30765602,0.29841682
129051,0.5891699,0.35185042,0.1901884
122242,0.33222017,0.16311872,0.52993417
121571,0.3903687,0.46809956,0.5258322
146484,0.32376906,0.3388473,0.18270186
125666,0.76477677,0.33274412,0.37114102
122857,0.30707738,0.2915934,0.48600852
111297,0.4071165,0.5977752,0.6156826
110737,0.39469594,0.33684465,0.50877786
139306,0.5987832,0.7991687,0.30899194
120109,0.7462497,0.24750805,0.4615524
148944,0.54080176,0.42165053,0.40317452
127017,0.28185537,0.12116142,0.27941468
100587,0.26676303,0.51386976,0.57209367
108942,0.27529135,0.30402845,0.30350044
123637,0.7212126,0.8343921,0.25844958
119347,0.59476143,0.28964195,0.27587107
112370,0.31926844,0.6129206,0.4153783
111332,0.6864915,0.68243736,0.63273686
112427,0.47892758,0.5316724,0.33786875
133434,0.2741589,0.25108227,0.7405177
149501,0.78210604,0.81682783,0.5223634
107610,0.67525667,0.57622945,0.59099174
100629,0.35748497,0.87627286,0.64948064
136110,0.2858423,0.92278284,0.32577837
147336,0.685861,0.854819,0.6009951
133523,0.38247964,0.3609716,0.4062589
109640,0.6264352,0.28213906,0.46080843
103489,0.2715733,0.4117628,0.73521465
104838,0.44626993,0.40436825,0.3763871
121885,0.3378072,0.38709095,0.29708815
101527,0.46667105,0.53247756,0.41630593
130681,0.38251704,0.2284763,0.5034109
140651,0.31826353,0.41023916,0.33146098
108989,0.68106216,0.89751744,0.1311598
120267,0.30560085,0.24946132,0.45022324
132405,0.46094972,0.35903767,0.4798831
141026,0.32980007,0.4196562,0.62451476
106853,0.6717813,0.80076873,0.5912698
126510,0.4497729,0.43872225,0.8595961
134320,0.21064113,0.6279141,0.9091084
120919,0.6422037,0.90986514,0.17506298
141113,0.22226942,0.4249952,0.5661782
121292,0.5902361,0.443128,0.45403466
101840,0.517823,0.2987156,0.48260793
102441,0.7804901,0.438285,0.35140872
112323,0.23601367,0.6214135,0.8762828
104998,0.38054365,0.82112145,0.19854546
118377,0.30343726,0.4655957,0.43939307
117175,0.7770188,0.898457,0.18804544
132393,0.32214049,0.40851042,0.65306664
140233,0.42031887,0.62047386,0.62540156
104235,0.9633209,0.89449954,0.18516968
104402,0.317632,0.2896791,0.35203972
132467,0.367106,0.30599296,0.46425897
128430,0.6663538,0.79958016,0.63851434
125445,0.69869965,0.83066934,0.8809795
113680,0.37419066,0.3598863,0.46176136
148021,0.8594286,0.8754499,0.6245316
128951,0.3617937,0.2562301,0.3717424
104026,0.55842054,0.3264808,0.85500264
112841,0.90544075,0.40329707,0.31584343
147768,0.32921657,0.35229596,0.83019495
127671,0.6420496,0.4526888,0.85925996
143769,0.6602608,0.86509603,0.39032045
123520,0.7333759,0.48585606,0.35157973
118051,0.19518293,0.27983353,0.59028083
100083,0.66629326,0.38216475,0.39750415
131357,0.31566918,0.48353234,0.8966717
122250,0.5471852,0.6213766,0.61944324
106197,0.34324735,0.578363,0.87434566
104228,0.48221305,0.75169986,0.60386366
143281,0.7553966,0.7637475,0.8564653
121363,0.84176314,0.34141,0.8753682
136548,0.31361684,0.26967838,0.5184006
131641,0.68173707,0.59892184,0.4129503
125865,0.24066176,0.12526686,0.32231754
117757,0.3410195,0.45252618,0.7552524
105555,0.62061673,0.5349561,0.3614809
110417,0.78221536,0.5464919,0.78998995
118586,0.33896005,0.37966737,0.24505532
143763,0.35853186,0.4110132,0.3195088
136662,0.312356,0.5008335,0.5190406
113484,0.6854498,0.24356472,0.4196712
141778,0.37895706,0.3864868,0.27508277
127445,0.68184435,0.49584368,0.4830289
143672,0.7635126,0.21952188,0.407096
138904,0.2826039,0.3323927,0.4285228
143274,0.7222659,0.8610631,0.59480125
112564,0.65037304,0.4134444,0.8829698
112773,0.19898194,0.50664335,0.36358398
102527,0.3558353,0.5414305,0.3822422
149383,0.27086547,0.38244948,0.2321864
144712,0.2829962,0.4460668,0.61492205
119186,0.7504752,0.8265458,0.34723762
119839,0.24488512,0.28902605,0.568183
110916,0.24924715,0.47940397,0.9426332
131932,0.51817137,0.3101964,0.33842888
111700,0.37565047,0.1995756,0.27244523
143163,0.2088771,0.70885646,0.27426815
112314,0.5152287,0.84399533,0.26596037
102791,0.7938623,0.27024275,0.35011774
131071,0.27191186,0.8305169,0.15779924
148895,0.36064157,0.23059867,0.31771207
108509,0.35712752,0.4340684,0.52880454
129684,0.30963558,0.19053744,0.31016147
140356,0.5191334,0.44389167,0.38748312
108689,0.35670087,0.59951514,0.56062865
149887,0.28139865,0.3734753,0.32659265
120325,0.38595632,0.25319713,0.27474174
117706,0.39977723,0.26206183,0.2596935
116114,0.51455957,0.4084711,0.2535283
120426,0.77858984,0.5633038,0.4680753
113414,0.39098296,0.44628876,0.6555309
149895,0.5717349,0.8902224,0.14898068
136240,0.92974764,0.8614861,0.5290178
138540,0.31865367,0.9133213,0.77804095
121319,0.3306641,0.5446502,0.72299343
115306,0.36411622,0.38959938,0.6273249
137348,0.3692065,0.31120732,0.34005833
130235,0.72402614,0.4077067,0.5036833
107712,0.6670801,0.5277545,0.43781307
117031,0.6265268,0.57616323,0.85437673
147683,0.24494152,0.44901913,0.30967262
147851,0.8145775,0.349881,0.6927461
115766,0.37843883,0.43345007,0.48879346
145336,0.36678526,0.44041502,0.39090148
111750,0.73810047,0.1994296,0.2553496
130015,0.3667303,0.50059074,0.4795006
111086,0.5772305,0.32689044,0.3855595
149912,0.24947949,0.45932338,0.3334716
113717,0.3509714,0.39681143,0.36579043
111572,0.7207958,0.48303846,0.44126734
135508,0.4276554,0.8341905,0.6781546
145199,0.4536846,0.39721298,0.9525744
113906,0.28496733,0.58318454,0.4375725
148106,0.40757605,0.82076675,0.26970267
126780,0.48012644,0.31654415,0.31261826
102382,0.5473509,0.3875313,0.43332344
122161,0.26877823,0.8264316,0.13005
143411,0.27008477,0.9238609,0.52932686
135996,0.89677775,0.42777964,0.7693875
105398,0.32467034,0.49865514,0.52179307
146405,0.30637255,0.8944998,0.15740769
112109,0.2615981,0.76524466,0.2828087
118907,0.27252895,0.48188162,0.8487945
141074,0.69960725,0.38915068,0.32899708
137479,0.39332378,0.51866156,0.6021249
146228,0.43894386,0.42238456,0.4267195
122508,0.34144336,0.3843969,0.3860277
117217,0.6820794,0.39787292,0.5252466
105827,0.22142191,0.58437896,0.9421315
109406,0.5743371,0.534298,0.5917309
126968,0.25829953,0.36972454,0.77432644
146126,0.16562843,0.6323018,0.8780095
145783,0.970768,0.36624855,0.66306984
107309,0.4504,0.15031289,0.28369215
139102,0.6367978,0.2708134,0.38783047
146112,0.5715698,0.53385115,0.3854332
106009,0.4033496,0.36125275,0.9026975
111505,0.80003625,0.485416,0.44583905
139570,0.5628872,0.5047467,0.5672812
110221,0.32796243,0.47031125,0.8632138
142624,0.33814475,0.32725042,0.4672403
128989,0.6631954,0.51746464,0.6742478
124745,0.31304556,0.23408787,0.30936304
109163,0.6465495,0.41833487,0.36176518
139060,0.40118265,0.36557925,0.43182382
118218,0.6972389,0.6337242,0.931826
139177,0.6610182,0.8323936,0.12597848
149996,0.3914704,0.34973103,0.3625327
131565,0.8838211,0.30011228,0.5258618
133507,0.361574,0.3526299,0.82241374
131298,0.34886956,0.9074884,0.2620719
135801,0.45746037,0.34360832,0.40377593
145608,0.44454244,0.47945467,0.57775664
110394,0.31821886,0.8811344,0.4799363
146558,0.40800557,0.62772816,0.4835776
118652,0.28268227,0.5756875,0.24031301
109056,0.313156,0.2869043,0.8034247
147302,0.37743387,0.31114763,0.48034337
112128,0.5608171,0.4609747,0.8568803
105976,0.6602239,0.32373217,0.24006966
149106,0.63570315,0.97862476,0.7775821
103564,0.32354155,0.43951985,0.81421185
100808,0.7497024,0.4991346,0.35146567
132119,0.3317691,0.28489557,0.23714356
114955,0.77405345,0.31430477,0.3567218
140470,0.22827463,0.37032992,0.9275552
130308,0.20411733,0.8862973,0.6511296
119977,0.5647768,0.45309773,0.65794736
120047,0.26992285,0.35006708,0.2533592
147108,0.37145677,0.97666115,0.45146686
138270,0.53576654,0.92935324,0.23331195
139342,0.36617154,0.4921202,0.49734733
110837,0.31274506,0.5346521,0.42730957
107313,0.7542224,0.8130089,0.20104177
123770,0.34824562,0.24149308,0.74591196
145894,0.46112755,0.29959098,0.22474329
117422,0.586664,0.32817242,0.85816056
100218,0.6891669,0.39697638,0.27693152
109199,0.6535781,0.413263,0.56930304
142067,0.56118274,0.6135589,0.7394476
149132,0.3244074,0.76563597,0.24495731
146857,0.45918614,0.45065406,0.657861
138835,0.74502295,0.22800414,0.24682017
128514,0.76780707,0.32162073,0.52236116
135098,0.31428763,0.54646116,0.5391845
100176,0.33607644,0.2875675,0.34708777
114964,0.19770414,0.7365737,0.7982205
114289,0.38487962,0.5120921,0.40437505
110860,0.6545564,0.28249335,0.8726064
113964,0.26874992,0.33775845,0.54901373
112920,0.28329948,0.23246203,0.27936175
145183,0.24413256,0.4225329,0.2233627
111430,0.2873904,0.56406546,0.37481666
145792,0.34023547,0.34452218,0.36259967
145099,0.43552828,0.41333553,0.5154088
140788,0.7093204,0.44951448,0.46327335
117619,0.30129376,0.71727383,0.21110943
141753,0.43766063,0.86731917,0.548405
114494,0.3249265,0.32141116,0.7631482
139163,0.23835325,0.8295386,0.75312126
107896,0.35755894,0.7974101,0.9052637
102605,0.62381846,0.8264642,0.5604641
149933,0.29784226,0.19689775,0.3867521
124924,0.4264066,0.8632567,0.22854732
142823,0.33327436,0.42655993,0.62845016
146632,0.3508634,0.48149,0.70655185
136937,0.46906948,0.47759682,0.35332486
139524,0.6643822,0.21061052,0.46312055
108716,0.7134506,0.39620847,0.37955806
100778,0.40813902,0.34536722,0.46635857
142325,0.5258516,0.46293643,0.5002899
140279,0.56327254,0.42021477,0.5548828
139997,0.39066234,0.5710154,0.4843579
135272,0.2931189,0.43031394,0.41711283
149460,0.28142077,0.88912255,0.30908602
132159,0.66063386,0.62814176,0.41448262
114532,0.37827882,0.6572696,0.5820363
145773,0.46342814,0.47363997,0.5278923
131024,0.72547716,0.5409415,0.40666053
114819,0.30744094,0.5555029,0.7121467
110519,0.53617406,0.30303496,0.5395976
107597,0.3771558,0.32392484,0.4668102
109773,0.7928681,0.5147733,0.54904974
149488,0.32244083,0.5220551,0.7849064
138771,0.4609168,0.39845994,0.7002447
146416,0.6590298,0.58132553,0.901871
125534,0.37324923,0.90931195,0.26448712
145039,0.51089877,0.37937978,0.4480627
138444,0.343866,0.50517064,0.79163015
124617,0.3805685,0.39054903,0.85038877
147526,0.42736807,0.3964264,0.43870196
138179,0.57277805,0.62821496,0.85522586
142523,0.686485,0.55093527,0.23316425
120880,0.3672718,0.7211826,0.6429552
135934,0.28545293,0.5705295,0.56273955
122913,0.568751,0.28644705,0.7030779
113197,0.508217,0.34820312,0.40871635
133961,0.8590005,0.5980074,0.52681065
114389,0.36615154,0.38332102,0.725846
101914,0.92902327,0.76885706,0.15706815
141774,0.43481457,0.7348876,0.5831069
108015,0.2733115,0.39482567,0.8224068
104915,0.73167235,0.74245036,0.70860624
128929,0.7279787,0.45992607,0.77262336
130198,0.34301558,0.27746975,0.43791267
125805,0.39010316,0.29344648,0.2905529
142311,0.3375724,0.8942855,0.14162633
137547,0.62181926,0.93080807,0.12248045
115172,0.29109433,0.7261189,0.91997904
123374,0.95509857,0.4299664,0.31326208
114589,0.25064665,0.15168971,0.2848567
126749,0.6343156,0.40746054,0.3558898
125984,0.6949444,0.22389317,0.19403298
118599,0.35926488,0.50373536,0.44169742
105147,0.34448487,0.450012,0.6549208
129196,0.37795287,0.36776203,0.2148506
121931,0.33173668,0.46790144,0.8347498
130039,0.3294355,0.5733681,0.86146635
129119,0.32123658,0.3007216,0.28306702
121418,0.23856878,0.22061439,0.38706037
134428,0.6171158,0.40872,0.7660028
149535,0.49523562,0.26948747,0.2907739
115440,0.3958949,0.120998874,0.2269255
136828,0.63659203,0.15922663,0.29604384
127818,0.7655434,0.8825954,0.6207144
101146,0.28281236,0.31100395,0.5361702
111980,0.32709888,0.3660771,0.78947705
138399,0.25534925,0.23521152,0.38200527
111085,0.29111856,0.8238302,0.42606127
146539,0.33816817,0.5834831,0.47798684
107035,0.7784389,0.5123467,0.5444151
140501,0.6716469,0.49950126,0.9149814
108375,0.8341625,0.43646124,0.44317722
131913,0.17940067,0.47384885,0.852236
104968,0.9183389,0.40759957,0.36856988
129561,0.29872042,0.3281762,0.3405049
102392,0.28255045,0.26640698,0.40434134
123373,0.25105476,0.39408973,0.5647841
131637,0.5748914,0.515452,0.37476078
128095,0.9122453,0.8883657,0.8829239
116399,0.25123864,0.56486636,0.541473
105944,0.61011744,0.5906408,0.75759614
135397,0.6371721,0.69517034,0.7026228
118125,0.2664546,0.8879084,0.6789476
140546,0.4051938,0.38665295,0.73135895
110552,0.3155087,0.31837165,0.54084826
125744,0.33645308,0.4843668,0.70184004
118763,0.6474347,0.21461055,0.2775231
145899,0.33585706,0.361936,0.3120722
116544,0.39867598,0.24874115,0.27505258
121351,0.77305436,0.50401706,0.36882573
116709,0.45493764,0.37866485,0.46096218
121586,0.56778085,0.50223213,0.5852468
140276,0.47190407,0.49127448,0.30027303
109365,0.42668048,0.61658716,0.5219569
101186,0.88205886,0.9217093,0.26292446
141656,0.3128665,0.8214339,0.53367656
117922,0.8213572,0.88023806,0.2735709
136977,0.31328768,0.42231882,0.340897
144318,0.31319863,0.8762314,0.5957926
124771,0.35119626,0.79913944,0.25739986
118937,0.7142764,0.585249,0.5280276
110289,0.37859648,0.30622485,0.399205
143355,0.35259548,0.2595605,0.40665713
107192,0.22497037,0.34317786,0.3195894
101642,0.78469914,0.88975036,0.21525075
105731,0.3296546,0.36620763,0.5135237
108001,0.344599,0.38750267,0.40987667
117409,0.6574742,0.39637637,0.38643995
137744,0.28930426,0.61491615,0.4783048
102805,0.45987487,0.37323955,0.8626783
142171,0.30507636,0.46264246,0.58932114
124432,0.32573068,0.45697537,0.8522686
126712,0.39002988,0.82202184,0.17828378
124391,0.6651099,0.42532653,0.9230572
102904,0.9268312,0.39125124,0.37259287
106253,0.24229212,0.7942047,0.8752245
143229,0.65420336,0.5640652,0.6585084
114843,0.2894299,0.21958005,0.84752256
130488,0.30179396,0.36753157,0.77419585
148049,0.36354306,0.43395495,0.7082519
113882,0.580005,0.4711039,0.5935853
128429,0.6241793,0.4041849,0.56174225
139249,0.3490537,0.15561551,0.47572023
122694,0.3522004,0.9103802,0.22378549
126954,0.4243248,0.39461058,0.42030224
114039,0.64960146,0.3768528,0.44419894
136327,0.939547,0.34290123,0.3069075
137376,0.4173522,0.47999904,0.45564654
136928,0.4612511,0.4550164,0.50542367
116335,0.41686624,0.4372582,0.48225683
113364,0.28726354,0.26557222,0.8477007
109925,0.37765414,0.3202566,0.35238418
140710,0.27432218,0.42803213,0.7451691
132553,0.8157315,0.3053168,0.4409955
104504,0.41969112,0.27968603,0.52287567
144582,0.26600796,0.49667674,0.74128544
105218,0.22753689,0.5324219,0.925126
121402,0.37603074,0.57689893,0.39463753
105098,0.59538335,0.4734516,0.38550466
110361,0.39826545,0.27018982,0.34999806
139194,0.6311424,0.56231874,0.5637956
137515,0.28100914,0.5460302,0.87767714
107457,0.44557533,0.19073547,0.42348838
148812,0.9039481,0.401518,0.38331667
145921,0.6516829,0.34228182,0.3394015
107611,0.306997,0.8812161,0.26339525
125583,0.4070291,0.26430097,0.27742672
108150,0.91762227,0.5485588,0.75079954
102950,0.2969203,0.41435832,0.3253809
103483,0.9299529,0.5335472,0.36831442
115391,0.3083318,0.22173862,0.34564802
132775,0.59617347,0.2387448,0.7516924
143074,0.35859516,0.40250692,0.7531268
146360,0.37930948,0.55327636,0.8188555
118731,0.6959175,0.25544178,0.68908095
142512,0.43520358,0.7826328,0.48803562
102994,0.5106367,0.28950167,0.47577262
133751,0.42067772,0.25384164,0.41306302
149069,0.72541404,0.50276446,0.4418997
144768,0.55547386,0.27164468,0.39926177
136907,0.29578182,0.6428197,0.50297856
140621,0.46445164,0.6141333,0.39927977
133747,0.3496652,0.8669268,0.5161165
116357,0.65316314,0.33677924,0.26409167
143713,0.24587864,0.75751376,0.26702917
135379,0.35012144,0.3857964,0.4027501
141273,0.44548503,0.22221372,0.2891531
107181,0.4786932,0.469216,0.7972875
122222,0.7357332,0.2995723,0.4948312
126701,0.46467838,0.47074637,0.46183762
144801,0.7612284,0.44632187,0.39746904
118059,0.42889306,0.92812383,0.20581162
126601,0.74964243,0.26908806,0.47713116
123386,0.90557075,0.51442736,0.3616981
142522,0.34853458,0.89411765,0.8143556
110140,0.61682785,0.43820706,0.3370441
124770,0.23518962,0.48547056,0.8592069
103690,0.28186864,0.54441154,0.5859903
111626,0.28577724,0.5173196,0.83666295
135745,0.39462712,0.42757553,0.7542632
148796,0.8275268,0.8779899,0.16602401
123310,0.36238113,0.56229687,0.7287561
134512,0.49671358,0.29374996,0.8182404
110261,0.35873687,0.5565727,0.50105476
131213,0.7197298,0.9367193,0.3036885
143445,0.25825357,0.5348564,0.34328267
117349,0.9617753,0.3883686,0.44084573
107565,0.40588874,0.5191921,0.8521351
100891,0.34362313,0.51563287,0.8266515
133506,0.44062415,0.21972652,0.23320703
127940,0.62493104,0.31841868,0.7007091
116444,0.33239838,0.57440966,0.4393807
102498,0.75973034,0.48394942,0.24850959
145603,0.47004208,0.86051923,0.70739675
114894,0.4165479,0.2979649,0.28652465
112000,0.58687484,0.41009465,0.7087974
106950,0.8021541,0.313716,0.76557004
141121,0.38820657,0.53628075,0.8653331
132407,0.40502277,0.3863628,0.63726676
100237,0.59071034,0.3436333,0.33834675
133281,0.4370794,0.48179004,0.4523916
125528,0.28697404,0.39818904,0.3177476
145424,0.30094573,0.40723866,0.49222434
147564,0.83971864,0.35755563,0.4562848
132411,0.27852908,0.28893697,0.48587024
140775,0.68782043,0.4733018,0.28037366
116604,0.65643215,0.22985405,0.48251656
123890,0.5063151,0.49551085,0.41083965
123704,0.3705184,0.47326902,0.45889264
120316,0.444162,0.36989182,0.49414974
107215,0.25606805,0.4949561,0.2659581
120334,0.67652005,0.5263418,0.4238899
147623,0.44072694,0.39148518,0.6738883
147890,0.5028346,0.31250948,0.28089178
140374,0.37909654,0.40185603,0.7847441
135289,0.27187422,0.86453515,0.5253047
125706,0.5258388,0.33727348,0.32372868
136512,0.24319768,0.3181175,0.2756469
124043,0.29968765,0.56775814,0.31308782
129577,0.38163793,0.27631724,0.26064673
124246,0.5361852,0.85613734,0.61184365
104756,0.22882667,0.4901363,0.44297346
134768,0.43900537,0.30332434,0.37996393
102343,0.29432428,0.6950676,0.56855154
137201,0.27877304,0.7676714,0.1595661
135274,0.5458731,0.72400147,0.83286184
129965,0.49917814,0.54835397,0.29091808
138219,0.7370716,0.87462837,0.6948964
126789,0.2906771,0.28426456,0.5711068
122098,0.20549315,0.71728843,0.5610788
106696,0.9397194,0.806573,0.18392688
132560,0.50932896,0.8941621,0.40908107
123889,0.67858654,0.38027376,0.486325
147510,0.31072435,0.9302931,0.1913528
113519,0.730221,0.43709916,0.60691327
145982,0.40502527,0.40044698,0.3973642
134150,0.20983918,0.3664713,0.3567892
102175,0.28728774,0.613272,0.31106713
131678,0.31799862,0.8958556,0.16552813
136244,0.2809258,0.32887912,0.38731188
140041,0.3139671,0.35237917,0.3677459
110818,0.4335828,0.29439542,0.4405675
136232,0.38368902,0.21900566,0.38713413
141015,0.69315666,0.34772816,0.2632413
137211,0.43258923,0.33914316,0.7610325
134367,0.76913786,0.47846642,0.34085798
118185,0.35817006,0.57626826,0.8685726
141764,0.23894602,0.8787059,0.28289282
144230,0.6891196,0.36228144,0.32693803
121876,0.26222298,0.4473826,0.81308717
132429,0.44039857,0.33785716,0.30988413
117515,0.41505694,0.53813666,0.42608163
112167,0.35972628,0.76171064,0.9306385
116851,0.37276158,0.94467294,0.4288214
147409,0.28465754,0.5958102,0.8126001
109167,0.43506372,0.76527923,0.37002707
115285,0.65623504,0.55956393,0.55763906
113112,0.41670725,0.34755388,0.49848446
135507,0.3708936,0.9743969,0.475515
110802,0.75682545,0.5406359,0.49007863
149339,0.45308706,0.33739898,0.31581742
113601,0.5666724,0.8158813,0.27489826
105540,0.1717812,0.24196164,0.28215015
113022,0.74552774,0.6879144,0.4975262
139985,0.274075,0.4940526,0.57574403
104435,0.3706644,0.3249591,0.4020818
112275,0.65628123,0.41551122,0.4217289
116143,0.41738737,0.38930506,0.5124886
104809,0.7488141,0.77746356,0.69622064
122081,0.31701896,0.5256252,0.5805073
135972,0.36719766,0.28078625,0.5028481
111218,0.63955784,0.40645847,0.5323086
135186,0.24537005,0.47759894,0.48511755
136818,0.63120747,0.60935265,0.36308825
110281,0.37403107,0.30281484,0.26399803
127326,0.60271007,0.8460937,0.8698631
104637,0.6371734,0.5163903,0.7962241
125100,0.25107124,0.6068744,0.49762702
140757,0.33199474,0.35187078,0.28936595
149159,0.46486223,0.34628507,0.42076227
103065,0.52738976,0.5374871,0.27934587
138876,0.7944135,0.43250299,0.88781387
101805,0.5677853,0.38232288,0.6633662
146789,0.34355348,0.6344833,0.29882872
108285,0.9564741,0.46213847,0.47813275
105468,0.41786093,0.47425407,0.48434457
148434,0.39977825,0.45411015,0.32035682
126350,0.5209025,0.70170057,0.9023711
110198,0.45656145,0.32956424,0.7808929
126408,0.5897365,0.8543925,0.23544681
148099,0.92043996,0.42267162,0.39198816
130536,0.8914055,0.6224352,0.50362664
140996,0.6898691,0.4443808,0.39926344
137179,0.6724599,0.5869041,0.5921542
122806,0.3294445,0.57790774,0.3093032
141262,0.5749922,0.3603294,0.23428483
147231,0.4007983,0.43441516,0.4193964
103554,0.44450247,0.8606422,0.20751964
136286,0.94004405,0.23268725,0.21719734
112355,0.3062305,0.53309315,0.54790574
107174,0.31837958,0.58455986,0.70958734
118596,0.61414653,0.39047652,0.3662456
129909,0.48716074,0.55230963,0.7015875
125613,0.2968546,0.094710775,0.38927224
107151,0.33169958,0.41744697,0.6378413
147170,0.32732186,0.22656603,0.73039025
105177,0.32970315,0.36547077,0.3644817
105514,0.49924228,0.7176446,0.1933997
103501,0.6773431,0.33522117,0.41180548
110550,0.7125277,0.94393414,0.46086887
102046,0.4747358,0.6233135,0.71285534
137680,0.37237144,0.5634061,0.4224455
139289,0.74850976,0.7158073,0.59565246
108527,0.34538987,0.18593988,0.20148464
139563,0.30125138,0.2999246,0.6487858
119747,0.7014941,0.330382,0.5826549
114238,0.20781754,0.7413891,0.19991902
110941,0.36399037,0.18926038,0.3094668
106476,0.36957613,0.5301957,0.37583816
104710,0.46570194,0.50859374,0.8933664
118968,0.9551462,0.5289793,0.26320246
117858,0.3363013,0.35938907,0.48508513
120382,0.31959048,0.2660894,0.5151508
120046,0.37971422,0.34651902,0.6756444
128730,0.3879463,0.96170825,0.62703335
100254,0.2798786,0.48712277,0.61895853
107525,0.28680283,0.25205272,0.70851713
139596,0.16049246,0.7085909,0.66020846
103640,0.737118,0.28500527,0.43046564
144571,0.6406121,0.274588,0.41993016
140549,0.6891809,0.31911814,0.37061048
146375,0.70695686,0.24411054,0.23074296
118160,0.42897615,0.39522865,0.48976603
126646,0.33377796,0.41089803,0.40383962
100175,0.4250132,0.3749326,0.55958813
143427,0.2326924,0.89788777,0.16499618
137586,0.42813498,0.44418684,0.7604663
108054,0.5562916,0.5050114,0.2810766
103855,0.72390515,0.28799173,0.38513175
111145,0.58974755,0.55020267,0.72451645
103903,0.35700896,0.24991769,0.35224572
120200,0.52416396,0.780079,0.8933925
140704,0.89387745,0.4423022,0.44549787
147834,0.27876455,0.36171344,0.32026997
139542,0.29056337,0.23595187,0.37942553
129262,0.40222135,0.48764604,0.5808753
133688,0.37526253,0.8074225,0.5108624
132437,0.5003076,0.2818542,0.24784654
104800,0.27594447,0.35740006,0.47049507
113712,0.37044838,0.3384735,0.3770821
115374,0.72992986,0.5262148,0.47523722
107080,0.35785514,0.77179223,0.37794688
103491,0.32828072,0.37688762,0.39677
118717,0.75932914,0.40753752,0.49184424
135106,0.5569164,0.6356747,0.8239535
136900,0.32033518,0.8557539,0.14812765
135347,0.40554738,0.21512678,0.29826695
120876,0.6543432,0.33179495,0.2772479
106298,0.26201558,0.5172305,0.57050705
110306,0.3231292,0.27293378,0.36233276
122691,0.64702016,0.48322684,0.5767342
107624,0.6786975,0.5170337,0.5169737
114401,0.1913588,0.6664871,0.48134106
105631,0.34032604,0.3686394,0.85777664
113143,0.87254417,0.46289197,0.62561435
147092,0.26576763,0.37803355,0.29893497
100043,0.5815163,0.9236677,0.30639172
123010,0.3258796,0.3400899,0.5988776
106317,0.71113795,0.81891143,0.15062232
133787,0.72008276,0.85200197,0.24711446
104571,0.41012117,0.31884804,0.30149665
119081,0.3867198,0.20164524,0.2848693
136219,0.27925214,0.26106295,0.3498363
107493,0.32560396,0.31681645,0.4470959
120871,0.9363342,0.5654249,0.4262876
149099,0.4302265,0.4810907,0.45826706
123200,0.35450572,0.3274703,0.81036574
124258,0.7804953,0.1823036,0.4127554
129139,0.45127067,0.17054844,0.46593055
133992,0.76762325,0.31379646,0.4478345
107458,0.29347265,0.3470319,0.6376991
107547,0.33966243,0.40192673,0.4930605
123691,0.3171421,0.39637405,0.40033337
127987,0.7517082,0.32734293,0.32398394
110879,0.29478467,0.78686833,0.16888312
142555,0.29718426,0.33864412,0.79215866
114124,0.23046082,0.78138655,0.49847984
134358,0.4322314,0.97653764,0.47568107
128669,0.35609347,0.24095003,0.3059963
117823,0.27207947,0.3753477,0.39449218
103210,0.19745827,0.9095616,0.29256016
125066,0.19764212,0.2857547,0.34957993
126724,0.73106676,0.18005861,0.21998899
123162,0.36010075,0.4091929,0.3818208
112028,0.37891766,0.24392347,0.85236895
124655,0.43439,0.34905306,0.72170395
109595,0.6625696,0.53409195,0.8560172
132108,0.46422172,0.5345695,0.8401378
103877,0.26402757,0.7296619,0.44138122
109830,0.36404234,0.32927802,0.281783
118658,0.3725667,0.7916885,0.6618403
119990,0.2580176,0.42521864,0.26205888
136645,0.5533699,0.46010134,0.48139906
137902,0.27507707,0.52791274,0.30260026
105323,0.7351416,0.3632254,0.42477992
105207,0.33113587,0.4366889,0.85364354
112186,0.29158506,0.44721103,0.36251128
146196,0.45510226,0.33905882,0.4819706
126366,0.36415666,0.8106417,0.2573244
148623,0.2635603,0.61726326,0.95321363
126626,0.49084374,0.35383037,0.8300576
123005,0.23721555,0.30810133,0.4018206
101242,0.3287023,0.1924528,0.4605968
115537,0.34272286,0.55167484,0.82204777
113454,0.6594283,0.56214803,0.42753214
122359,0.29649654,0.24479307,0.77923983
124266,0.9407337,0.23255344,0.24455154
101842,0.2706407,0.3944704,0.60007995
119246,0.306949,0.37155744,0.30562752
122528,0.8054417,0.86422193,0.72473747
117443,0.5452802,0.3299839,0.88270754
124964,0.37387457,0.32782316,0.3078955
105762,0.41427034,0.5420613,0.6177179
116746,0.7002506,0.49301293,0.33328724
104941,0.7041293,0.75898165,0.4593784
147255,0.7808074,0.46629313,0.8823146
106461,0.25315705,0.44222143,0.81292987
147000,0.42422232,0.5936658,0.34286422
130699,0.6419983,0.46389624,0.32249448
110190,0.30786878,0.84989697,0.1876217
127494,0.7764542,0.52024376,0.3202343
146745,0.2535954,0.32557523,0.4041803
113932,0.41377416,0.1747575,0.39335158
146956,0.58819264,0.41572493,0.6048434
129929,0.30341196,0.4586915,0.87959427
100831,0.846309,0.8661571,0.35489878
148076,0.9362637,0.45863047,0.4060415
105106,0.7314929,0.36767754,0.5801208
147530,0.68704927,0.33741012,0.50776374
134573,0.40586227,0.27209288,0.53374696
137100,0.6428117,0.36321408,0.41342092
135798,0.927156,0.455316,0.39396682
149465,0.32730573,0.45701802,0.35460198
143736,0.6860632,0.30163068,0.6773433
111609,0.3710668,0.349757,0.23431303
109570,0.6580592,0.25057495,0.22035593
142436,0.17574097,0.50130033,0.3757753
141277,0.36531153,0.31725416,0.5467305
104565,0.4236866,0.6070489,0.5735816
118405,0.5787872,0.14566268,0.2291745
148005,0.8033264,0.40638158,0.35114357
104498,0.5078799,0.46860978,0.46386966
148257,0.3377637,0.32065144,0.36279774
115386,0.3674667,0.8065159,0.3889684
104092,0.5191553,0.24669021,0.48202124
100042,0.40423244,0.40873924,0.5510792
136332,0.59338456,0.31877548,0.21045375
119053,0.402896,0.47165447,0.48577908
145294,0.3532245,0.39839196,0.40137902
140174,0.6001577,0.91981643,0.44426104
107993,0.28246072,0.51829565,0.45354545
103283,0.7920207,0.8729341,0.4420727
145563,0.68993306,0.5799769,0.8246657
146144,0.4399263,0.7965865,0.18581676
144036,0.71952695,0.37694487,0.36241573
131250,0.64421827,0.78238386,0.59208256
125499,0.3931135,0.34197274,0.9282508
107841,0.32923698,0.8465826,0.44050348
118702,0.52984905,0.4299116,0.44374242
111993,0.517987,0.48890737,0.79671526
122486,0.71325344,0.7020955,0.7267691
132931,0.34713012,0.532465,0.4390192
115588,0.73973054,0.77177143,0.7051277
139475,0.42747968,0.35969228,0.4872988
143624,0.36882386,0.42918816,0.39477265
129604,0.68410766,0.5555872,0.4601513
107919,0.3273799,0.8204198,0.25386915
147618,0.41121426,0.37800863,0.36993438
100825,0.28346673,0.51242304,0.8905955
122963,0.18732618,0.5073741,0.47705925
101510,0.49141228,0.64384305,0.48087806
115577,0.92877865,0.418076,0.34383598
102561,0.7280145,0.61140674,0.73714143
117661,0.47760764,0.36482278,0.54990363
123652,0.46128154,0.3663863,0.5024212
106640,0.4437687,0.31903902,0.3407244
145679,0.26254937,0.21588676,0.29085124
103772,0.31358752,0.8187643,0.1361131
103719,0.6240388,0.43565226,0.6245547
141804,0.37210107,0.55257624,0.38628078
120936,0.446892,0.28160715,0.38229427
134675,0.42361397,0.57217854,0.7509164
119377,0.89108706,0.5673287,0.68102026
109508,0.3871667,0.1656747,0.2751431
126304,0.81299794,0.59829575,0.840115
144289,0.4007672,0.38390538,0.5172851
141612,0.23362562,0.3911592,0.27533764
113633,0.2243595,0.94108397,0.38295418
140742,0.6955132,0.18486296,0.36666414
145740,0.7710944,0.58037925,0.34846637
116515,0.31171924,0.37962618,0.2504766
110589,0.25826916,0.74059945,0.20562479
118456,0.49009493,0.55767167,0.6977142
120245,0.43175468,0.9040593,0.27669755
102914,0.47873017,0.15319365,0.82911235
130025,0.4193925,0.22101285,0.30507252
137663,0.27310005,0.7838312,0.5376009
136550,0.96607244,0.24142525,0.21700415
148692,0.35508525,0.5840533,0.76676905
106917,0.7298882,0.90210134,0.04941213
126955,0.34411412,0.86033547,0.21215451
115168,0.61805797,0.80704266,0.5350042
103677,0.55545807,0.37946987,0.34172305
137930,0.6917872,0.4178469,0.4600054
107430,0.56879926,0.6593954,0.38730836
103960,0.64528596,0.19015598,0.26609072
127104,0.69334596,0.89707726,0.23542424
122502,0.43019563,0.50125384,0.8118519
142217,0.93294024,0.86840767,0.7340714
112926,0.640835,0.28414848,0.34405693
113889,0.25116432,0.64159167,0.31781903
117163,0.9670429,0.33097923,0.3511006
104343,0.94281363,0.5178232,0.481563
129435,0.2555515,0.43117785,0.3864603
102657,0.72516,0.5355254,0.8088164
108333,0.8929941,0.48262632,0.4883121
130810,0.29123792,0.2233737,0.30551124
117237,0.29137954,0.3540088,0.3013206
147439,0.3532274,0.4154124,0.38504767
139873,0.237304,0.30683333,0.31130153
149081,0.8325607,0.39452,0.37537816
109434,0.76915264,0.8236458,0.25578824
138669,0.4184894,0.3291997,0.4803042
120072,0.34989238,0.82692486,0.5586088
120257,0.30531678,0.68417823,0.83750457
142558,0.7007495,0.8594508,0.31266335
109615,0.3513018,0.5113445,0.38506636
130430,0.47490564,0.2413414,0.33626232
114648,0.8721947,0.5268637,0.68573874
129127,0.49619764,0.48742774,0.57750875
128762,0.3942225,0.46173555,0.3517176
114620,0.36117566,0.84417176,0.19614546
108358,0.83469063,0.8189212,0.20199138
129007,0.85363066,0.36870986,0.41589636
129807,0.25342855,0.6158024,0.42109424
123600,0.30008098,0.8938345,0.3421365
126678,0.48420256,0.29889852,0.37317517
119352,0.7194385,0.47164175,0.42077464
144863,0.65979177,0.4498858,0.38097632
101472,0.398786,0.4607485,0.44865623
148665,0.4070875,0.40897194,0.77646685
122387,0.23966181,0.6317932,0.47518548
133035,0.34906268,0.22408593,0.6386433
123787,0.26525667,0.46860003,0.26187876
124793,0.82525355,0.51087415,0.5298525
133144,0.48377308,0.4222644,0.7262289
137157,0.5982738,0.30647182,0.24574639
114554,0.6799905,0.46562257,0.3569675
141251,0.8376293,0.80301255,0.72037923
100511,0.6793935,0.55518246,0.591107
145358,0.60644436,0.29334742,0.2590505
106604,0.94876415,0.4076608,0.31465903
128214,0.32799783,0.26567116,0.5216523
123103,0.32788712,0.49776006,0.30602884
125058,0.7183766,0.63039744,0.78124243
100764,0.3472539,0.32866922,0.77583987
124319,0.33136904,0.5968494,0.1887262
129576,0.25717255,0.36487114,0.75480217
138649,0.3766324,0.82479566,0.35077882
123016,0.39907467,0.7791213,0.5983105
127105,0.3773788,0.7729001,0.35888922
100459,0.42248404,0.35474342,0.3400116
114140,0.4020306,0.86931443,0.6176208
122551,0.7181308,0.84753996,0.4349029
139579,0.34934497,0.3541781,0.76625794
127172,0.5420818,0.5934316,0.8560434
110324,0.2970599,0.5899667,0.6455578
130351,0.3066526,0.4989052,0.27679706
129715,0.6796816,0.74780536,0.84839207
104815,0.31636426,0.2921652,0.40421012
127200,0.37938792,0.23982005,0.29261985
147431,0.5828335,0.5146216,0.45013195
145843,0.2171496,0.201341,0.2894289
112550,0.74660033,0.8892202,0.20160449
111857,0.78086764,0.50558823,0.26806024
144067,0.32906651,0.50273395,0.38893777
147785,0.31459072,0.32862866,0.4976626
129663,0.22836044,0.62536126,0.9388997
149181,0.8859412,0.42729276,0.36529595
141955,0.3637479,0.3108913,0.35895053
117317,0.56924164,0.38967642,0.7984007
145586,0.38098028,0.4169336,0.9459791
102462,0.6983399,0.5671045,0.89375675
145051,0.39133176,0.48874408,0.4936121
108236,0.29064542,0.4158914,0.5469009
106196,0.49741355,0.3867661,0.43339375
140776,0.37728712,0.32416695,0.8965604
132611,0.7190934,0.33262387,0.49231404
144007,0.40225014,0.31334648,0.2586578
119111,0.3425519,0.94128895,0.7553664
137818,0.7117653,0.22567327,0.43899417
134803,0.70226914,0.5097339,0.42691454
145163,0.32978174,0.77091575,0.13060284
116354,0.19960397,0.25750485,0.36310905
111407,0.5855591,0.40713975,0.266391
140319,0.64987135,0.5612472,0.7721382
122519,0.35020876,0.65706474,0.68929243
102968,0.73563415,0.29719317,0.39993462
127515,0.570313,0.31578264,0.75879586
149785,0.31716397,0.7962418,0.86849666
103850,0.70357174,0.48487544,0.80965626
131895,0.3090345,0.44320086,0.84545135
101150,0.64308053,0.2571187,0.33907536
136709,0.29583976,0.5591008,0.43729258
138830,0.38039738,0.33697605,0.31678826
147121,0.45667112,0.48051876,0.8130312
149365,0.29428285,0.4053833,0.40272775
113774,0.71294326,0.38190693,0.5545684
138572,0.3441497,0.59997785,0.772415
116505,0.9187869,0.6487236,0.5118578
133308,0.19449301,0.16918243,0.32648113
142669,0.29502738,0.45341837,0.8137659
133333,0.39487785,0.4265042,0.57608294
141288,0.427261,0.37719148,0.7611436
146819,0.5925783,0.34233683,0.337988
148743,0.32791603,0.39574936,0.35603747
119482,0.34905785,0.44966844,0.37604704
126229,0.7176118,0.54876316,0.60711116
128239,0.6427029,0.30511513,0.7040813
112786,0.69357866,0.8475598,0.26129743
110057,0.34169307,0.36878145,0.31072393
144194,0.68076015,0.3620661,0.696299
144930,0.71533155,0.4069818,0.34339514
135957,0.19656618,0.79987794,0.94676524
134481,0.6795912,0.29850718,0.16164324
131810,0.6336407,0.26691607,0.3750638
115514,0.687285,0.44096738,0.51076055
149600,0.642476,0.4142165,0.5571974
130694,0.6759835,0.31688356,0.3439644
139170,0.30766827,0.579547,0.6905923
108409,0.6902277,0.9043987,0.2326026
130902,0.35015744,0.43970853,0.51858765
122307,0.3065796,0.38189313,0.835261
114356,0.2986662,0.31898093,0.44772506
128310,0.26075116,0.32143435,0.25201428
141495,0.60530305,0.32143235,0.297797
115708,0.2729594,0.4205952,0.53808045
144228,0.34894195,0.6048213,0.71598065
118087,0.53433186,0.5959044,0.7390443
144974,0.58030444,0.43663058,0.21041128
118181,0.25864634,0.41975403,0.4776524
148614,0.4484828,0.23028009,0.8568621
127062,0.35579002,0.33605608,0.3710993
144570,0.8892675,0.91021895,0.108836636
106902,0.39799047,0.6131979,0.47560748
127487,0.32363892,0.46220243,0.41376692
121438,0.32458115,0.34757763,0.28229988
149506,0.3180829,0.58966255,0.5452341
126163,0.46031266,0.5177994,0.45626175
133417,0.47620273,0.7906061,0.5843088
142146,0.64949185,0.4301479,0.81953716
129298,0.97023386,0.32629433,0.25197744
104399,0.35015228,0.29671478,0.2248671
110084,0.9295557,0.5479255,0.36854193
122181,0.32389882,0.30346316,0.812246
142932,0.54843414,0.3944334,0.2232977
143147,0.36397785,0.29790255,0.37367192
137605,0.7289085,0.36514118,0.4923352
128610,0.28264624,0.5374205,0.31070414
140841,0.6162449,0.17924644,0.42155156
122458,0.9330192,0.52146107,0.3417594
122635,0.31484494,0.3319799,0.34031257
132761,0.37118423,0.57340854,0.4150804
145730,0.3280335,0.448339,0.52545273
108928,0.29663947,0.38316894,0.36269772
145554,0.4661987,0.7401848,0.6663268
139692,0.61095154,0.25387654,0.3632562
119417,0.35008618,0.8599855,0.65510136
101802,0.24826194,0.36839885,0.38426086
126475,0.6634545,0.34209993,0.5364487
108344,0.4898836,0.36371627,0.41119128
110662,0.59040964,0.8500033,0.2607166
148519,0.420519,0.53003883,0.3757075
132477,0.42713258,0.30011356,0.43024933
120773,0.27165353,0.877564,0.59617096
104370,0.2786017,0.46974498,0.5354667
112706,0.2739087,0.23942344,0.358983
142659,0.23829953,0.37361604,0.8377545
108132,0.3606358,0.8313441,0.89774823
100092,0.73011214,0.7008429,0.49097303
145604,0.39577404,0.53375405,0.80774003
140972,0.3531037,0.40061864,0.8335944
145576,0.28090042,0.48185146,0.80240434
134935,0.36565512,0.38088125,0.8938
112293,0.30313036,0.86014766,0.29522568
126391,0.44453737,0.5926335,0.46321434
121580,0.3263945,0.30483994,0.6118299
121466,0.45093954,0.44482198,0.49557886
141394,0.32085928,0.31552854,0.35822967
113651,0.38461268,0.32570785,0.44021416
125669,0.6083699,0.22106865,0.26025748
123274,0.69201905,0.8240589,0.5387714
105824,0.34031427,0.8294229,0.706073
143231,0.36312202,0.47528213,0.47128376
118852,0.3835815,0.29368934,0.3775317
126036,0.49500594,0.432796,0.5317496
141565,0.37766856,0.3010689,0.73059434
102727,0.54481596,0.5902963,0.906254
101682,0.39671153,0.23143797,0.33098325
122904,0.3787823,0.3745904,0.3490077
119980,0.3585349,0.30200973,0.38318315
107795,0.20823734,0.349893,0.26338077
105568,0.30154768,0.78724796,0.5101504
124749,0.59987605,0.37324765,0.31874046
130624,0.34310806,0.49348557,0.34835973
103759,0.54403436,0.41796717,0.4158669
122029,0.28408024,0.2318157,0.32639712
105010,0.8944237,0.5750681,0.2676308
135302,0.3483611,0.48349628,0.38183397
133352,0.44155,0.25331503,0.58894295
116923,0.8911606,0.3889516,0.48666987
141353,0.32994518,0.357908,0.24804303
147085,0.3946749,0.35064998,0.40882155
133609,0.39418864,0.5531018,0.67183495
140979,0.6034144,0.47985157,0.36591157
129083,0.62234914,0.7392117,0.53513384
144117,0.47786987,0.59315383,0.32561043
110863,0.6592357,0.5546664,0.66883373
149985,0.31092367,0.4753429,0.35003114
101665,0.4376015,0.36256614,0.4139954
134939,0.28040743,0.82037383,0.21931218
113897,0.90794134,0.25006473,0.22561938
111814,0.9364305,0.47988343,0.3907722
127937,0.4071927,0.27387393,0.25381443
149655,0.6126211,0.7579428,0.47256696
147020,0.42317083,0.44819778,0.6679649
145450,0.65747225,0.39523402,0.8650089
138740,0.6581618,0.34223604,0.46549782
137852,0.5151735,0.21630913,0.31434712
140839,0.7535401,0.48326153,0.31407216
140022,0.7363947,0.5910986,0.58449686
117438,0.6768987,0.37810114,0.88579994
133361,0.29283115,0.4827724,0.41763714
107851,0.37925157,0.37011883,0.47572136
144654,0.409385,0.52700883,0.57337755
109001,0.21168178,0.37685606,0.8301298
113996,0.6343041,0.19779572,0.42198056
124635,0.37004742,0.46063554,0.8509315
145816,0.40231064,0.54013383,0.71625626
110899,0.92706,0.43995816,0.87916666
121202,0.68935156,0.29568848,0.21069333
122377,0.32000294,0.37789798,0.4263887
136751,0.53523785,0.5180395,0.764655
110041,0.5032608,0.4668279,0.3975964
102419,0.36089465,0.24421673,0.39325485
148203,0.7509488,0.9120635,0.29301333
118634,0.36871865,0.25134295,0.7515925
148511,0.31211329,0.4452291,0.87770504
102937,0.34038877,0.3670108,0.34091017
106599,0.87628645,0.45529214,0.5749256
133890,0.5320456,0.41328576,0.29336601
130358,0.7991448,0.79835737,0.21318242
109104,0.3628391,0.5040637,0.58684164
110363,0.3966551,0.6924865,0.7455721
129058,0.56434834,0.82910866,0.396296
120142,0.26848537,0.45211205,0.40053767
148418,0.6220155,0.38745847,0.38419196
117561,0.37518808,0.86640716,0.20961869
114901,0.5827202,0.21015468,0.22725385
117612,0.28871882,0.60930884,0.8100082
103969,0.9104699,0.739492,0.8199943
147088,0.9284129,0.50258946,0.48435375
109172,0.6775921,0.47213396,0.27439117
110459,0.42213327,0.5117782,0.51984805
122825,0.622948,0.46148646,0.42991275
105003,0.4625474,0.5671963,0.52765757
139859,0.23595859,0.29015812,0.29603517
136779,0.2238786,0.7592957,0.44600546
143221,0.8230765,0.3493655,0.8483148
139172,0.24122655,0.5199277,0.8939807
103683,0.3327649,0.7676859,0.20059872
139282,0.34566408,0.3489772,0.43184
112416,0.46255606,0.49073315,0.50501853
101436,0.9123153,0.40159917,0.36557585
143676,0.5951132,0.36946967,0.28041628
147380,0.61642593,0.34977826,0.35419214
114301,0.44660097,0.46912023,0.3597188
118274,0.33782566,0.49900925,0.6786883
120892,0.34363034,0.4098915,0.31483752
101589,0.781389,0.4303784,0.60576326
143484,0.660505,0.8391901,0.18175486
106423,0.5565497,0.538934,0.48045373
105833,0.7498386,0.47361553,0.25174809
143708,0.9175667,0.5145387,0.40091026
132527,0.26763478,0.3811247,0.2842675
106031,0.25662872,0.8920132,0.6767855
116839,0.64954513,0.33738658,0.33365884
137577,0.58447087,0.54614246,0.79638374
124308,0.33666593,0.3480482,0.70855904
116933,0.36314887,0.33292487,0.22220089
134159,0.7717404,0.3661533,0.37093526
120304,0.9634557,0.35625204,0.45299733
119760,0.33788237,0.277262,0.3760811
118853,0.2794382,0.9173105,0.11994067
125957,0.59305453,0.67900604,0.4645962
102936,0.95655626,0.7807292,0.6263038
118993,0.38558185,0.6931807,0.60231054
106203,0.34486166,0.3711109,0.45550287
140218,0.79210895,0.43075094,0.40539896
134036,0.95679486,0.49045065,0.42506206
120209,0.6703913,0.2072154,0.6850242
103374,0.32950824,0.27102727,0.2496678
121547,0.6497531,0.26801997,0.6289136
125825,0.73030883,0.4756168,0.7125461
133560,0.34028214,0.7606063,0.72370464
137708,0.571174,0.40747967,0.6816784
145848,0.4218815,0.40729702,0.4346756
149519,0.8819011,0.48292264,0.44523016
119372,0.30250096,0.34392405,0.8264312
139013,0.62910527,0.6407458,0.83897674
136930,0.3003709,0.806857,0.27578235
103911,0.4331279,0.39970198,0.47351024
137373,0.7442719,0.53242457,0.67905056
134411,0.4854613,0.37712094,0.521336
100697,0.2411658,0.24437007,0.30655333
130683,0.69154984,0.89524305,0.70668966
144390,0.36368808,0.34146544,0.63661253
101316,0.25884596,0.25702956,0.32734475
140919,0.8920684,0.8126148,0.27653798
120742,0.4006268,0.21198347,0.65998983
116488,0.3641371,0.20331194,0.32828826
125899,0.30530208,0.34509125,0.35756865
110827,0.5762941,0.46568456,0.28765735
121342,0.48395,0.43492982,0.45290986
129475,0.33466467,0.86163783,0.16279316
116697,0.9307029,0.33850968,0.5280222
148939,0.37734568,0.5042831,0.55260783
104648,0.40342772,0.19902956,0.3237322
139386,0.26492766,0.33403897,0.7278969
103935,0.34431154,0.8100996,0.1079268
127775,0.67634577,0.31178275,0.7104648
108279,0.46269685,0.26527315,0.49023882
120941,0.33751065,0.35940573,0.3791783
148523,0.25713134,0.37463492,0.71861583
132111,0.33205733,0.21740742,0.3720709
107298,0.907047,0.39578202,0.56858397
148988,0.27236846,0.7793637,0.53992033
104795,0.6153812,0.39636472,0.3611669
139639,0.3780899,0.33003312,0.51575583
140845,0.31796324,0.80913013,0.16101949
137453,0.34914953,0.7668763,0.78078836
118910,0.4766418,0.3382996,0.5865611
133120,0.7509796,0.46922782,0.49919116
113118,0.29032323,0.73157084,0.28939167
146172,0.46450186,0.20478562,0.25425732
106942,0.7098709,0.4888519,0.5064247
102045,0.3258707,0.44401428,0.4424307
133040,0.4332059,0.47821224,0.5029435
118258,0.34456304,0.8467799,0.14676134
101227,0.47255132,0.62557554,0.46625715
135789,0.40122536,0.40846336,0.5090184
132163,0.90299326,0.54579735,0.58585775
144525,0.39393005,0.43678868,0.88645875
111271,0.43396986,0.5190465,0.46382216
120733,0.3940329,0.37032154,0.5351383
137141,0.78291774,0.7607818,0.6409497
100143,0.37776414,0.5598185,0.56627184
140790,0.60450494,0.5847584,0.39052698
143373,0.4390986,0.73332447,0.30404466
132680,0.8165168,0.55721015,0.52292675
120682,0.72160405,0.23511991,0.23999938
114059,0.9386568,0.37022027,0.7672753
112851,0.24720183,0.49633116,0.20848423
116447,0.36669895,0.5165175,0.50372314
123572,0.87348384,0.5527882,0.3903647
111106,0.278906,0.8258435,0.31152952
101094,0.6037529,0.5389546,0.9210163
109374,0.41589555,0.48697558,0.385481
120982,0.46305317,0.62345165,0.56823856
114688,0.8877455,0.38209432,0.47090703
133919,0.9096157,0.1912943,0.22150548
110166,0.28124854,0.40274373,0.8986871
126675,0.22634873,0.20881267,0.352677
115859,0.41104388,0.27365726,0.31580925
117297,0.8840031,0.45788574,0.39907518
138156,0.69108236,0.91201013,0.13095006
136289,0.4793026,0.4210684,0.6195298
104294,0.34285772,0.8680556,0.19124447
117337,0.2683767,0.32290566,0.28089693
111339,0.30356964,0.3535773,0.3043526
145074,0.9616531,0.41505072,0.41548544
110453,0.30846533,0.5278626,0.88041025
146821,0.6977184,0.32107937,0.81512994
139660,0.3092784,0.50351906,0.41547137
128004,0.32863423,0.60473645,0.4878543
136395,0.6017991,0.32433444,0.2901876
100735,0.88709515,0.43938056,0.26718417
125314,0.38601527,0.4949502,0.3856994
113279,0.8754832,0.452789,0.6634607
142849,0.64169717,0.53769404,0.8968303
147466,0.34230787,0.4232738,0.6306621
125262,0.5227557,0.32092947,0.45827168
113571,0.23090884,0.67056483,0.2549631
134821,0.19318306,0.9749442,0.45573196
113698,0.3274096,0.62680256,0.92009157
141230,0.52543193,0.4508329,0.7598974
142163,0.7261682,0.82305825,0.20546906
149886,0.95347565,0.5040397,0.38566965
116543,0.2874815,0.27692053,0.29400814
130387,0.39530337,0.3870931,0.81268203
105667,0.4522152,0.45734403,0.84642404
142190,0.32257178,0.57686794,0.7137717
120654,0.85827816,0.656636,0.51630145
140668,0.32752848,0.21363567,0.45222962
148299,0.40790048,0.8637029,0.45917493
108261,0.32112882,0.7472189,0.32965744
109857,0.44268566,0.5700902,0.5643916
118594,0.38028958,0.45972955,0.8591095
112978,0.6258468,0.49788138,0.32429907
142705,0.30449304,0.45978308,0.35192117
133118,0.4019859,0.8068288,0.735904
109472,0.67602193,0.8077196,0.42846203
102973,0.5035852,0.53500384,0.6531051
100347,0.34644344,0.33049524,0.5835905
141280,0.6142617,0.33093488,0.9461289
145672,0.27123803,0.35446176,0.5070729
143565,0.3921682,0.52628094,0.45441893
145584,0.26992926,0.43382066,0.86605877
132839,0.3996486,0.4703634,0.23613566
110180,0.47552165,0.3924387,0.45303378
146749,0.38232368,0.34469104,0.32577232
147967,0.60000306,0.36093256,0.432181
122569,0.29468226,0.8387273,0.5969585
116411,0.29303357,0.48233578,0.700199
118108,0.7536776,0.53941506,0.34946626
123176,0.1559344,0.6703821,0.97685075
141340,0.46516567,0.6089843,0.5316339
114853,0.917638,0.8338052,0.18425928
131639,0.70560944,0.49226528,0.51875496
100962,0.7607724,0.39989784,0.27116153
122263,0.41717353,0.40841767,0.3135245
110494,0.5670682,0.41241372,0.42573884
140427,0.74362177,0.3573388,0.7359379
100921,0.7846756,0.47568598,0.5233523
127033,0.4491352,0.616379,0.6250967
148327,0.38716134,0.5360683,0.81905204
133268,0.2394642,0.39441702,0.5182241
141398,0.37540862,0.5734702,0.42919922
148968,0.65591514,0.5710538,0.6075325
138312,0.32124665,0.40893397,0.89554936
111243,0.6725554,0.22384994,0.40327722
109149,0.3460625,0.6034043,0.6606212
140756,0.93340254,0.41817203,0.75469303
112004,0.40373668,0.37808323,0.3350218
108985,0.32763124,0.83447987,0.82278574
137650,0.59395635,0.48073575,0.83113295
102714,0.60831344,0.369777,0.43154696
149384,0.2994409,0.34381694,0.47161716
142493,0.61774683,0.6117729,0.7493917
133913,0.86348665,0.4088465,0.37422332
130535,0.59410775,0.3575399,0.6045892
147898,0.33651444,0.558382,0.33663842
135755,0.61206317,0.57459736,0.8000706
101940,0.4300902,0.4718282,0.41393477
113487,0.680786,0.50708294,0.41001764
124552,0.2736511,0.12790377,0.24143714
109040,0.3690443,0.42964283,0.43198937
147053,0.7510346,0.19501816,0.45095256
121138,0.3433073,0.42424795,0.4004201
141131,0.7417488,0.41592622,0.6124611
115603,0.39588386,0.47081867,0.5546833
119479,0.41333234,0.23667975,0.24025568
130271,0.36392668,0.9192209,0.68623626
115628,0.77564114,0.44629636,0.41495067
124843,0.3714413,0.41443595,0.5088177
103726,0.38067892,0.5868429,0.36967412
146954,0.21277477,0.42843035,0.88688755
105905,0.292684,0.44342875,0.36614597
128391,0.25394693,0.5913176,0.40537363
145974,0.2654803,0.37587413,0.5105592
126222,0.32712084,0.43957627,0.74123025
125972,0.3146575,0.3848419,0.43223208
118135,0.31104097,0.46994773,0.84018403
120549,0.42922503,0.44564644,0.5601555
138623,0.39931756,0.42699304,0.7321921
111790,0.2594143,0.5214745,0.35264298
133615,0.4533214,0.357064,0.4149182
115882,0.32701397,0.65399814,0.851928
102469,0.27418488,0.4519879,0.74192476
142986,0.33080232,0.38810405,0.60138667
124271,0.4542447,0.41146877,0.7808902
124029,0.30926794,0.6023142,0.7078774
106733,0.31386876,0.5420751,0.42340833
141243,0.37519997,0.3777094,0.6885352
134350,0.9010024,0.5968134,0.25695413
145372,0.33338895,0.40815344,0.39162242
147753,0.65735775,0.5673967,0.7028743
140093,0.68262106,0.39833793,0.75867933
138013,0.2701407,0.43168512,0.31566626
122829,0.23500367,0.27330592,0.6339895
116395,0.2383915,0.44645727,0.4006935
117343,0.32429293,0.7629629,0.3875788
120911,0.277622,0.429436,0.71303976
107585,0.72763324,0.97338796,0.6027309
105974,0.92272305,0.4523037,0.48608634
133692,0.7722541,0.33647066,0.3805468
114882,0.30143505,0.6958342,0.26550022
112478,0.5214436,0.47686377,0.6445614
146023,0.6760205,0.5669739,0.47478518
136023,0.56514996,0.5139979,0.72931147
146544,0.44561264,0.710736,0.61317545
122749,0.2779192,0.74872375,0.89012164
146653,0.6988105,0.39240947,0.5579959
145042,0.4414001,0.380823,0.69461876
125291,0.4009713,0.77671486,0.6405541
107508,0.6396564,0.39909843,0.37475464
118808,0.41157693,0.41540828,0.40894958
143118,0.63130254,0.2842954,0.8313161
145541,0.85630983,0.54292315,0.6336251
147685,0.7979271,0.22518708,0.3583072
104894,0.2746929,0.35926157,0.35697827
126763,0.43814027,0.52163845,0.5425866
124239,0.3756752,0.29032314,0.42193744
126244,0.58230644,0.5301441,0.69499314
121659,0.7287186,0.35091215,0.25467816
132578,0.37213242,0.8769741,0.953132
121061,0.8998,0.58274937,0.63405496
125820,0.56577927,0.8187572,0.4018227
127261,0.3134629,0.72754395,0.1820294
111837,0.6173675,0.42724854,0.3754917
142613,0.32408366,0.50533366,0.296346
124287,0.757427,0.37392133,0.5462479
112957,0.23236981,0.26027513,0.38897252
111854,0.636916,0.83524334,0.24082522
128227,0.3810571,0.33326715,0.50267935
107413,0.47395,0.35929692,0.80054075
144112,0.3038813,0.8976512,0.14604105
115928,0.8740822,0.4716467,0.5407607
112932,0.4307399,0.37162492,0.45009616
121924,0.39087036,0.32358825,0.19854225
135648,0.42184487,0.8185795,0.5598703
108330,0.6338207,0.6417162,0.2467247
103138,0.32626742,0.7610127,0.22613153
107058,0.46493694,0.46157035,0.74585944
132923,0.3830534,0.3484487,0.78799766
110855,0.38128006,0.3190593,0.47560528
140890,0.7633263,0.42086005,0.41710928
145588,0.6503134,0.3627695,0.41581365
147827,0.20566739,0.47846094,0.9608561
102480,0.9651954,0.41767183,0.41824496
125160,0.32027608,0.28962192,0.2832636
106211,0.3310824,0.3871855,0.7588955
103109,0.40913853,0.40588224,0.5062485
127596,0.75592697,0.59256405,0.67034364
139790,0.72811025,0.33786622,0.3300944
122575,0.31457472,0.39805856,0.32234287
116920,0.66708744,0.276013,0.24775712
145674,0.6456311,0.6134278,0.493179
140809,0.29831225,0.8259643,0.14584844
104903,0.88131976,0.8521382,0.22906488
144967,0.38327646,0.42278102,0.44541484
114071,0.33312976,0.38918784,0.4558811
149504,0.26316646,0.29374135,0.4358857
102426,0.64872384,0.76303655,0.82100415
114004,0.7096472,0.48641208,0.6627372
136056,0.7187223,0.27572185,0.5601343
115837,0.34533978,0.3090498,0.41082814
113728,0.3818326,0.6478284,0.6571947
135342,0.26589993,0.46696544,0.59115577
148354,0.78863174,0.5670003,0.49859586
100030,0.25314853,0.31323057,0.45695156
120775,0.33137542,0.28383532,0.34929365
111882,0.31442216,0.44720256,0.8689664
117633,0.37327754,0.4064441,0.40271947
125457,0.5545368,0.4794631,0.38329166
100379,0.53314376,0.91038066,0.17521702
114475,0.9054575,0.84618485,0.50320685
144604,0.74087894,0.3624815,0.5004988
140262,0.28101832,0.29585722,0.4383908
149637,0.35528323,0.48690084,0.5315243
140656,0.24707688,0.6633433,0.8899006
131036,0.25362027,0.57899034,0.88484526
112950,0.4069838,0.40121454,0.3225304
114373,0.47630984,0.35144922,0.7338337
129848,0.831981,0.86162263,0.19435354
133656,0.6764762,0.43548283,0.5573347
148559,0.37210533,0.43497682,0.7055973
114368,0.45696825,0.816478,0.7945565
115796,0.40616733,0.60232747,0.75824285
106299,0.30418926,0.28960523,0.37543693
120859,0.36897576,0.11966296,0.16968343
129582,0.399965,0.727992,0.3482991
122080,0.61790293,0.29064277,0.44072285
136451,0.25084904,0.29779944,0.38111722
105917,0.73055845,0.3363603,0.37792972
133878,0.38574556,0.4564804,0.30059358
141474,0.6438779,0.33456367,0.9308467
132076,0.70980823,0.44395947,0.23304154
148547,0.62923014,0.33545098,0.642282
105918,0.6624985,0.37948057,0.4029794
112912,0.9216366,0.46929917,0.40377158
129125,0.9672824,0.286422,0.38346145
138428,0.7882394,0.83441156,0.663523
118290,0.44737783,0.33075064,0.7020787
122166,0.73634154,0.38378528,0.36281946
114769,0.38384297,0.4350273,0.37612092
103799,0.7008638,0.5640833,0.84649587
121725,0.6788257,0.33765072,0.23701409
149651,0.314605,0.24676749,0.35981885
115932,0.40861169,0.33385682,0.4037505
135430,0.78594595,0.36846945,0.5899792
144010,0.5800019,0.73320276,0.7158549
146282,0.30837184,0.5448605,0.47307384
129925,0.8956969,0.7509162,0.41102505
140893,0.3486721,0.41094255,0.37826213
110003,0.26196823,0.8085094,0.6733113
125680,0.307798,0.44838098,0.47474545
124746,0.34884247,0.841138,0.6516187
141611,0.4664125,0.2241059,0.59913605
120217,0.36703625,0.2930369,0.24026318
104321,0.7723119,0.4912884,0.44610375
119653,0.32269827,0.63588166,0.47630027
134667,0.651008,0.5133362,0.60411805
146497,0.5619048,0.52166516,0.3794267
139589,0.32148114,0.38207272,0.58889276
120450,0.46475178,0.36150646,0.9072981
127240,0.7114796,0.8817431,0.6129813
136052,0.28723338,0.53388953,0.4195613
108460,0.19451484,0.6417054,0.7471405
126491,0.25285864,0.486671,0.60063344
134769,0.41268092,0.45256767,0.52080756
123295,0.35662386,0.21044838,0.38494492
125831,0.3837481,0.33654884,0.34441015
104318,0.65397125,0.57351685,0.69255316
125787,0.33899897,0.7421855,0.7122643
143224,0.45110813,0.54978627,0.55904645
136815,0.41775894,0.5178606,0.47309598
110907,0.33809632,0.26957834,0.41707867
129635,0.26317692,0.45118254,0.70787525
136084,0.53643864,0.51626474,0.757575
136963,0.37905684,0.7373161,0.4316582
126026,0.25820208,0.4520183,0.58524394
106944,0.64419013,0.57737327,0.38176462
103941,0.41547558,0.8607563,0.2711365
100496,0.35317135,0.5970462,0.7137342
149096,0.26219225,0.79760826,0.25749296
128530,0.6370187,0.28988442,0.450213
134461,0.6069763,0.28147247,0.19500123
106803,0.70031977,0.36781216,0.24416429
116229,0.560204,0.8077413,0.57532424
120034,0.3115248,0.16231315,0.36768544
106040,0.5148216,0.7329484,0.09695441
136088,0.3604478,0.45236942,0.6150766
142127,0.6810533,0.4198598,0.8356444
118251,0.28009424,0.39166605,0.25866932
148326,0.23765232,0.5244193,0.41375396
125286,0.7995254,0.25784463,0.3958618
144643,0.32803732,0.20428067,0.26656193
143991,0.36686432,0.47888684,0.34728637
122335,0.28489485,0.4464339,0.6598435
100472,0.31889302,0.9176097,0.2896989
108289,0.3003459,0.540795,0.75885695
133962,0.4227102,0.46993518,0.3465551
135539,0.26319697,0.45681384,0.700118
113041,0.50264966,0.6285092,0.3673907
102303,0.28052709,0.4270908,0.34334978
100147,0.302316,0.40906128,0.20634449
145179,0.5989936,0.62608063,0.4658952
107775,0.5082456,0.46603048,0.56965536
126981,0.3092722,0.39386183,0.46792397
141639,0.3982487,0.36008117,0.65933263
139182,0.36214837,0.49921694,0.6530203
102995,0.68195987,0.7095379,0.77242714
104270,0.36446533,0.41465014,0.31225392
114415,0.76065373,0.58484006,0.49957287
116462,0.2307271,0.65453887,0.75673157
122768,0.44121698,0.4901096,0.8074594
120080,0.3305349,0.5684592,0.6769872
117086,0.31156418,0.38627258,0.789116
120783,0.71885633,0.3476399,0.4338833
133101,0.5949622,0.44907886,0.325657
136501,0.32862037,0.7836338,0.58373594
126081,0.2630862,0.6644564,0.40560699
116632,0.38321862,0.45973182,0.5209311
124090,0.33050174,0.30710214,0.5044052
104467,0.3755073,0.69084334,0.6525845
109066,0.43639934,0.39868537,0.3700263
123958,0.65991426,0.5854428,0.8971543
130669,0.2556118,0.38882822,0.7763972
106992,0.63457894,0.21948129,0.37382832
145889,0.65959334,0.4173994,0.70048434
110613,0.7229935,0.4324744,0.6987557
126233,0.33082622,0.40565443,0.42110294
132343,0.3653622,0.49531567,0.39928755
140864,0.23622829,0.3697651,0.89044785
131910,0.2610659,0.48729903,0.58330965
127096,0.5856884,0.31470975,0.30516192
120669,0.67639625,0.37413085,0.39166299
100244,0.4221468,0.43346322,0.4671205
145722,0.6563051,0.43223488,0.45770916
136716,0.7020918,0.334933,0.3504352
131866,0.33534804,0.30761424,0.483107
143352,0.21633893,0.3306548,0.6904623
120371,0.5163273,0.38605714,0.42004153
121687,0.745831,0.3510172,0.35989264
111858,0.664315,0.20348305,0.2279938
100718,0.4325138,0.3891383,0.76419455
142270,0.38413367,0.25381655,0.22773093
131410,0.6114486,0.48390192,0.8931912
111992,0.28216353,0.6675902,0.15814719
129703,0.31430963,0.54621625,0.8362426
120585,0.36454222,0.3405283,0.3009753
142480,0.36359894,0.46440434,0.39527562
131847,0.6298261,0.47973418,0.4944821
113607,0.64485323,0.36627093,0.3789738
126771,0.6256237,0.64083016,0.6816391
138214,0.7374389,0.16181917,0.31544733
126680,0.38500404,0.28036052,0.6530363
123424,0.3376361,0.7865909,0.55916023
133575,0.33138648,0.37608227,0.7586738
116254,0.4161849,0.8743813,0.3409878
141890,0.9403178,0.48896015,0.4658078
143222,0.71490246,0.4468366,0.300622
120725,0.27490422,0.46917453,0.7119198
117503,0.468986,0.3790134,0.5010234
142135,0.28685886,0.89904195,0.66696787
126255,0.24427274,0.6209187,0.82629657
118730,0.30271822,0.4113011,0.45747593
112639,0.4124359,0.3852644,0.78608537
119264,0.7185303,0.26260212,0.34253702
102518,0.43630993,0.2508511,0.7171325
108010,0.44792318,0.25445592,0.76409364
130099,0.4125282,0.54826874,0.5634036
112183,0.6853384,0.49611875,0.34846362
115897,0.6027103,0.43844342,0.3116308
148068,0.48882577,0.4755599,0.4966939
116651,0.2918143,0.2702216,0.8310918
114624,0.60301405,0.2883798,0.36382753
135396,0.34512532,0.5297588,0.34044653
138263,0.82564265,0.7144914,0.14964466
143505,0.50656945,0.5097453,0.41694131
118489,0.34755027,0.24289201,0.41790855
145801,0.15366186,0.65975565,0.8656201
116525,0.408455,0.42141065,0.48514017
118955,0.5559502,0.3789942,0.8223899
139784,0.6624126,0.61471474,0.86232376
108712,0.5677806,0.37522057,0.82387644
123175,0.66209245,0.81767267,0.15125354
107952,0.3778523,0.437795,0.40859795
127389,0.43551782,0.48763424,0.6136641
117792,0.6104992,0.3699521,0.42936578
144821,0.29247513,0.28694478,0.71053374
103196,0.917639,0.47199613,0.4009699
103384,0.29965097,0.543644,0.8752992
140369,0.6379723,0.5430521,0.5885495
105046,0.29356003,0.58148664,0.6620195
125617,0.29788068,0.3934812,0.35546312
138591,0.23290515,0.9016155,0.4437549
145654,0.32411852,0.5476169,0.92657256
101112,0.28779918,0.29253793,0.3327347
126654,0.37969226,0.48834553,0.38543525
113867,0.65399635,0.8846697,0.28877935
108219,0.93807805,0.63865507,0.5175106
125574,0.71151143,0.12758328,0.25062653
140684,0.51486063,0.46488026,0.44682088
111258,0.6175071,0.31242007,0.75813824
126565,0.8696219,0.519615,0.6375022
132102,0.8873876,0.28553656,0.28447568
123251,0.31661677,0.41091502,0.4094135
136145,0.6185213,0.41231126,0.29918513
108675,0.7849015,0.97624105,0.62956667
112879,0.7407146,0.34721094,0.5899924
111277,0.68960494,0.44162545,0.41492087
114172,0.43201286,0.83864695,0.51605344
136383,0.68514764,0.5680228,0.32035902
137974,0.28536022,0.82309943,0.5328982
135819,0.31516993,0.5753602,0.5461302
120658,0.34694865,0.35383406,0.6220618
101445,0.22962844,0.81255984,0.5192253
147776,0.7286051,0.3064427,0.26543844
112210,0.27722627,0.52687705,0.86240256
130562,0.3672415,0.45255184,0.4221469
123421,0.64949614,0.45630312,0.3112928
147002,0.6332983,0.5780765,0.78376114
101179,0.34095022,0.9081028,0.21809472
131028,0.2760487,0.54299515,0.9425288
125647,0.3946045,0.2913738,0.39168668
102753,0.92035484,0.6611813,0.66892946
106658,0.87240946,0.4723202,0.5752999
146937,0.57271534,0.14627942,0.25089315
146701,0.35284573,0.3278761,0.7377367
118187,0.39506269,0.86219525,0.2564736
124893,0.37395093,0.5917175,0.52018523
114411,0.46617115,0.35528016,0.3700722
106347,0.68235517,0.83076316,0.22920698
141627,0.3446277,0.30880272,0.38175938
127298,0.24458548,0.2601993,0.39341378
128223,0.7247655,0.37873054,0.42190132
100051,0.32916006,0.22920856,0.29132146
131599,0.35693225,0.2810214,0.36305356
141644,0.36353424,0.45174325,0.46498683
124940,0.7045971,0.8038743,0.21819003
139356,0.8291056,0.82368165,0.22040404
133033,0.210251,0.28819516,0.25171492
141218,0.94040984,0.36307305,0.5611855
127307,0.8798337,0.43992317,0.49908638
109542,0.70662653,0.35155392,0.7774872
131247,0.7922968,0.38378155,0.59132445
147034,0.4515715,0.42667353,0.31567407
120234,0.37208298,0.49720347,0.6420642
101120,0.38235107,0.3299446,0.43113697
113727,0.7033144,0.43716633,0.50998646
104187,0.4459552,0.38571596,0.8066677
104249,0.42519382,0.25091016,0.3761802
148656,0.29885152,0.358635,0.8282334
132987,0.42355,0.54074216,0.41353896
126455,0.5137908,0.5485136,0.557219
149360,0.3676279,0.9251436,0.2809419
106504,0.7212572,0.34094372,0.21680969
126487,0.4205882,0.27308273,0.4146781
148927,0.6003991,0.4107656,0.3412306
146108,0.96672386,0.27713048,0.201488
119937,0.5892391,0.6132497,0.84921813
137761,0.44794127,0.4894805,0.6940418
121996,0.89617735,0.27734336,0.32349056
147859,0.68570095,0.39709944,0.35042715
100378,0.27629855,0.3751849,0.34986326
131089,0.37781104,0.394418,0.33298576
119236,0.7216265,0.48528773,0.6435802
111767,0.4003637,0.24560243,0.34562838
139021,0.40373954,0.40557733,0.8493428
102516,0.44305217,0.59565294,0.63971835
148887,0.3471456,0.44539973,0.37088957
120194,0.2880812,0.42216033,0.3475579
148296,0.63629556,0.595184,0.46876156
103789,0.33998287,0.36879045,0.84610057
106998,0.36931297,0.4191591,0.37848464
122718,0.3277021,0.5840139,0.66286975
134594,0.52756524,0.4676921,0.26589403
117683,0.24540976,0.26114243,0.32395768
148027,0.2477937,0.37153915,0.59384793
137847,0.9201956,0.45824614,0.4801513
125385,0.93498343,0.39567196,0.27468994
129876,0.7572758,0.70893955,0.19838066
118032,0.22107217,0.58366376,0.85580194
116231,0.67770827,0.42776498,0.42679465
115163,0.6960416,0.39035857,0.36494377
112113,0.8087056,0.3592688,0.2855787
123219,0.3705524,0.35323548,0.7842485
134281,0.3840622,0.25160268,0.17106569
126411,0.9559775,0.8152296,0.1652721
124423,0.4324688,0.91705084,0.27879873
134388,0.60512567,0.44060898,0.37711972
115303,0.3947709,0.49750954,0.8514363
147952,0.92741925,0.33408368,0.36836016
141734,0.63916445,0.84780264,0.24990976
125596,0.49721324,0.13252749,0.32720283
149490,0.26208502,0.85942364,0.8912748
123044,0.754193,0.34580293,0.85511106
108383,0.60736054,0.47529128,0.52230746
124839,0.41063726,0.39528498,0.28666487
147863,0.41883725,0.38586995,0.69781226
115087,0.94092625,0.47769392,0.67002183
120040,0.76110953,0.3200918,0.8449234
103285,0.380295,0.35713264,0.8293475
105825,0.7582728,0.5444212,0.58383596
116876,0.4102275,0.44463432,0.42654267
106071,0.35454902,0.44637394,0.88006103
146471,0.8532337,0.8503637,0.13652728
125663,0.78224206,0.45237184,0.67206764
130012,0.32694918,0.47985741,0.51391906
142189,0.36133602,0.8991761,0.19890693
145791,0.8029544,0.37536845,0.2634322
100113,0.5786826,0.28701317,0.53795415
130364,0.5383543,0.30311206,0.2988011
137908,0.35101473,0.3724055,0.35096642
110645,0.29667342,0.7207467,0.6838759
126298,0.39468294,0.36145198,0.91540605
104667,0.53739583,0.3691022,0.75870246
139303,0.58530986,0.8073166,0.18367122
135540,0.2774199,0.5227093,0.8135085
132695,0.32619932,0.30576542,0.7757882
109722,0.9459625,0.55448914,0.5492052
129769,0.7750702,0.52426034,0.61774796
126993,0.7242292,0.3504771,0.51931953
108340,0.5929094,0.6166969,0.8724685
139568,0.29380575,0.6366138,0.44730923
125923,0.3090201,0.64591956,0.34731123
130228,0.37435773,0.3761283,0.49671015
140317,0.3408816,0.38007823,0.298609
143384,0.3022645,0.4607095,0.33324245
113788,0.60598123,0.24075066,0.26213947
108752,0.32991064,0.51591444,0.41815886
103552,0.9341067,0.3360835,0.40250984
146838,0.7857721,0.54620653,0.3551621
124506,0.41110075,0.72470504,0.5570022
100585,0.39341873,0.27390495,0.4183045
112455,0.4035853,0.47224936,0.40365615
114198,0.40153202,0.5387279,0.7628347
142406,0.3135954,0.23885193,0.40401465
123702,0.41558844,0.42951348,0.4978426
114846,0.92569333,0.6237074,0.56784254
104475,0.39801532,0.43650934,0.79510903
135751,0.23383197,0.5261986,0.38228005
118275,0.28286725,0.79839736,0.39570567
123297,0.7055707,0.93844366,0.16662833
122433,0.3596978,0.13372119,0.35927707
114026,0.73529315,0.7741684,0.4833964
115864,0.5580353,0.5017687,0.56342685
141490,0.39823663,0.6626781,0.45987383
103745,0.64659697,0.81689864,0.18022433
109289,0.36969432,0.37891793,0.79040444
110488,0.50522095,0.4505293,0.39868203
104465,0.31422636,0.44168067,0.8656393
130598,0.53736144,0.4247534,0.8966308
113660,0.6890076,0.7963381,0.16010182
116406,0.31699914,0.35032156,0.22933404
100087,0.63359755,0.5363016,0.77727157
114473,0.6111487,0.2968158,0.8369266
124459,0.32798257,0.29949543,0.44536746
123232,0.25341207,0.46919343,0.8993445
147730,0.44198313,0.55396837,0.45045125
146031,0.2952456,0.3478569,0.81128764
133381,0.35724103,0.39192605,0.85116285
146910,0.6784051,0.2735194,0.25894862
116520,0.38473165,0.43436742,0.7823088
136000,0.25183165,0.24213338,0.7705075
105856,0.38214922,0.43525243,0.45770502
115052,0.26764077,0.54679316,0.63481325
103896,0.32975808,0.19421908,0.3191819
144026,0.6450601,0.3215139,0.5453472
142866,0.49185342,0.39469725,0.735735
137782,0.33272147,0.8219407,0.84720236
128655,0.52459437,0.65927744,0.44159135
136718,0.7876118,0.8077637,0.4718621
148596,0.2868969,0.41611522,0.5145724
119171,0.41571614,0.40825617,0.4297927
134234,0.72819036,0.3269731,0.37965953
115315,0.60148406,0.3270421,0.88961154
113502,0.45809135,0.715236,0.79338676
139323,0.61201596,0.52080226,0.39832506
144000,0.657862,0.27755773,0.35889032
115965,0.54235744,0.38010222,0.3906862
104076,0.8779379,0.8409869,0.40506518
123210,0.46391165,0.8794919,0.31847566
142834,0.26051626,0.570417,0.8637889
144886,0.6442037,0.61222154,0.48311734
148281,0.48285055,0.26594085,0.7486034
100383,0.32297555,0.42337126,0.32677287
113539,0.35968062,0.3167599,0.7710562
109733,0.42134744,0.8641976,0.72973704
117465,0.35620424,0.2999334,0.36946505
105777,0.36123902,0.16014731,0.6962538
140179,0.61600494,0.30950335,0.50532186
146639,0.70669985,0.26099515,0.2867884
128513,0.4228389,0.83182967,0.30764797
142445,0.24161342,0.48310387,0.79447865
123196,0.51230043,0.37268063,0.6491524
126379,0.43603867,0.2581654,0.33840466
115423,0.9133493,0.3895039,0.4340252
123385,0.30878147,0.22253968,0.43561408
137835,0.38830003,0.2980489,0.43101868
129352,0.7383228,0.28161055,0.77033615
111669,0.3293516,0.53746825,0.66026723
115834,0.40503308,0.3198831,0.21028034
100695,0.3513415,0.7436519,0.67477894
119137,0.25238478,0.2788243,0.8840719
128139,0.41496718,0.34431323,0.44741237
146006,0.40950885,0.49092233,0.889281
122564,0.31861466,0.87660706,0.24481799
118889,0.5629565,0.5884357,0.30343637
123249,0.92541033,0.5290979,0.48184732
120558,0.3489262,0.51900345,0.53764683
148905,0.69648904,0.8501749,0.6755214
127022,0.8209999,0.20226134,0.25460196
148797,0.6994267,0.49242342,0.35748085
133596,0.80334455,0.5299978,0.35856843
116269,0.57896113,0.33905894,0.73929936
112541,0.30982682,0.72807544,0.31196374
116827,0.39379275,0.40715855,0.7157204
138761,0.47548774,0.6818799,0.85383904
118237,0.5324692,0.45051378,0.2410662
119422,0.42498857,0.49077022,0.37965178
114235,0.7964217,0.5012151,0.7320556
145253,0.4045131,0.7800223,0.7008502
119515,0.44269106,0.6312042,0.805586
109483,0.57271594,0.43338335,0.5173484
103407,0.24769513,0.5018407,0.77450687
149180,0.92668945,0.37087303,0.2238826
110866,0.2516069,0.86839956,0.93690604
114076,0.40954792,0.35460034,0.30410072
115273,0.7797229,0.78347135,0.1937331
112640,0.6281099,0.31114605,0.31848142
132474,0.9281865,0.5348456,0.50862515
146123,0.26261714,0.22626548,0.26558247
118544,0.6844864,0.9204014,0.24193566
144493,0.33701643,0.3588635,0.35051858
102379,0.322805,0.30059782,0.29946995
102990,0.27806887,0.2819093,0.2100612
134644,0.29734585,0.39518976,0.52055514
136880,0.68029684,0.1635482,0.31771946
145980,0.2518447,0.24783377,0.84365445
118272,0.31892145,0.5262541,0.39405298
139552,0.3436554,0.42030513,0.37538
117723,0.71146506,0.48994264,0.2807849
143042,0.5994976,0.2446504,0.39781347
131019,0.43279314,0.80529916,0.5549528
119419,0.7689176,0.40768746,0.51408356
106840,0.34945324,0.8629904,0.16476418
123666,0.5631992,0.29702982,0.31732595
121304,0.7362446,0.22283795,0.60823154
148265,0.34273064,0.31074783,0.24024005
126546,0.6290871,0.39284572,0.41151607
123565,0.7623235,0.8784946,0.5487861
142973,0.7522838,0.23740955,0.31370828
136972,0.36313376,0.36298352,0.47804788
119946,0.4109316,0.8163969,0.1749514
128408,0.31090322,0.92275167,0.15187362
126110,0.30469605,0.43959346,0.65053684
123449,0.8998827,0.3471234,0.20701931
106962,0.6767974,0.5116845,0.36535358
134885,0.5207312,0.87089884,0.23913585
126114,0.3295231,0.36334196,0.36574477
105801,0.8224646,0.48157793,0.3464587
118303,0.34469584,0.31726822,0.23592293
130104,0.9401389,0.33959067,0.36052677
142547,0.72479475,0.34690705,0.50551033
104816,0.49268612,0.13911296,0.3677496
135333,0.6301943,0.8009057,0.16211188
131198,0.6213841,0.5343975,0.40702292
105836,0.30942404,0.2872386,0.6787498
141207,0.40143773,0.77738,0.76214164
128849,0.6902562,0.33701202,0.7520661
116171,0.26139018,0.49112284,0.61596704
101593,0.3316474,0.27076608,0.28903818
112692,0.68613803,0.13080764,0.27730685
104543,0.18055582,0.4422895,0.6192616
123525,0.42681962,0.33632988,0.80130804
127351,0.61315376,0.3165107,0.64361066
130463,0.76275223,0.8630936,0.09553797
123169,0.29294783,0.30027047,0.5069804
106083,0.45717052,0.5102783,0.43251893
108811,0.1861099,0.39295888,0.3887468
101125,0.34871453,0.45986453,0.7377594
120370,0.31559977,0.39387634,0.3696923
138847,0.6174573,0.45074758,0.5072135
113653,0.80057436,0.22507465,0.4175404
136953,0.24795875,0.27961484,0.22652292
129217,0.39816543,0.37232658,0.34882048
127653,0.3741621,0.27025294,0.48847634
100641,0.40721714,0.4617617,0.40876037
114734,0.6833662,0.42788464,0.84791327
124624,0.44464365,0.47618866,0.3640459
125960,0.4380638,0.368239,0.36764705
123406,0.32789892,0.5344243,0.51761925
149907,0.2589327,0.10361476,0.1915152
110527,0.33167645,0.4062908,0.47467652
133095,0.5331267,0.36382538,0.74583405
139419,0.43859598,0.35373557,0.47445664
116127,0.41213077,0.48382103,0.7615154
105601,0.7133942,0.8029834,0.70620584
106015,0.34860584,0.8981991,0.72596437
111401,0.97374314,0.4698441,0.291442
100850,0.27419147,0.33412993,0.34788677
122795,0.90980345,0.54698926,0.45139417
108668,0.3658319,0.42199835,0.4465989
102440,0.2810672,0.39303243,0.66404486
133131,0.31393623,0.5895997,0.53227663
100150,0.29296157,0.605998,0.7517569
120882,0.23741245,0.78288513,0.26071656
109238,0.38726625,0.6445487,0.8329186
145805,0.4994187,0.45236415,0.5573661
138873,0.77419907,0.37507233,0.18862128
141147,0.29888654,0.8852813,0.41459566
104852,0.27908266,0.6085662,0.6848734
147313,0.32712108,0.86331195,0.27298254
114935,0.58249503,0.20945142,0.23532374
132727,0.71532744,0.51046014,0.37757507
107072,0.30580285,0.2704484,0.74848056
127122,0.29553187,0.36526927,0.32216215
121245,0.5293624,0.88489723,0.36081526
109282,0.43241033,0.4422201,0.5824213
103239,0.18097475,0.3641578,0.5703898
137273,0.5429391,0.31378916,0.3814397
132813,0.55351484,0.5901945,0.4064031
107654,0.6428168,0.20575732,0.41137293
116123,0.86300695,0.6825501,0.5084938
145357,0.31826395,0.8348664,0.3794985
117501,0.88693124,0.31913817,0.3157016
107412,0.6972558,0.3333896,0.5052081
118805,0.538567,0.8107123,0.5567672
108976,0.3395649,0.47711965,0.2802401
125095,0.44942138,0.3601672,0.3616101
102070,0.7282597,0.9461717,0.69605714
112446,0.25724003,0.35734335,0.88620245
126220,0.38545486,0.9068465,0.11483609
119006,0.20846702,0.5246634,0.3998691
129968,0.72739196,0.36118406,0.24294154
110205,0.3032896,0.6084788,0.77136314
106160,0.5872599,0.3831946,0.3392612
139910,0.19754979,0.8576923,0.3021212
128328,0.2745065,0.8014724,0.28559065
136615,0.3432652,0.53191036,0.5473397
102679,0.75415635,0.71339315,0.10902921
139398,0.576255,0.5079908,0.941179
142263,0.65754294,0.27495447,0.31342393
119582,0.31140277,0.677799,0.5761796
129606,0.3205489,0.37635452,0.4087539
145243,0.9218992,0.90714955,0.20335846
118308,0.86240757,0.80884546,0.12900333
105348,0.6901371,0.34685203,0.25519934
125328,0.44909,0.6196771,0.7052901
107126,0.81827116,0.47045755,0.55680877
100434,0.38350716,0.52308035,0.9131829
143142,0.68172634,0.43179163,0.76952153
116727,0.30122277,0.41051346,0.560758
123097,0.6626348,0.19003007,0.5519087
134564,0.22600506,0.27392927,0.26308104
140421,0.33347312,0.40268347,0.7287729
130934,0.7156725,0.5567207,0.94128084
118650,0.9561838,0.31282642,0.396838
106017,0.21519448,0.30179784,0.59565026
115089,0.27962822,0.4570845,0.30860293
133316,0.47810322,0.34388906,0.51751286
102593,0.7099874,0.34076872,0.79933596
105746,0.38688236,0.8343198,0.24089731
144960,0.6866682,0.43393934,0.42725345
113596,0.63725865,0.79551345,0.61784697
149943,0.7024285,0.39922485,0.8582942
108540,0.3127486,0.41985303,0.5528705
133646,0.44861668,0.8844511,0.36000085
106976,0.33066955,0.35920727,0.23592646
129250,0.38136768,0.325079,0.20406036
122941,0.45751196,0.31830263,0.48768732
120798,0.6703858,0.27532506,0.33534837
106900,0.2383953,0.2759974,0.6822045
133121,0.27627674,0.4217631,0.43708476
142466,0.5969174,0.8484721,0.45654455
105716,0.39868197,0.46832126,0.6042734
113224,0.6332308,0.42448655,0.8155793
126721,0.39378098,0.5231478,0.3954632
136510,0.65350854,0.45597586,0.5244336
125448,0.36802328,0.29383913,0.6250633
110920,0.2784863,0.44690534,0.63771677
142820,0.40875533,0.35832748,0.54331416
103014,0.57435006,0.80848247,0.14213052
133435,0.87530607,0.6418317,0.4253674
149570,0.25524223,0.38972482,0.46686387
100757,0.68184954,0.26409033,0.44586986
114366,0.4116044,0.5584127,0.68037474
139896,0.4297366,0.2817198,0.26542038
102748,0.27508715,0.4112626,0.43135557
110218,0.92702186,0.3202612,0.31224877
142211,0.3225125,0.49295497,0.8414809
108539,0.39682615,0.52008295,0.60035574
147373,0.27211928,0.9031867,0.12967709
144156,0.26431724,0.47535005,0.3598216
131868,0.32228038,0.58673024,0.4232099
106909,0.37292713,0.41650406,0.3425371
121704,0.68783635,0.28928554,0.4053171
120800,0.297529,0.30755693,0.44771144
104450,0.64493304,0.34105974,0.29993322
144865,0.9320912,0.5959419,0.5757251
131742,0.9274109,0.3881741,0.6241324
119497,0.6109259,0.4476515,0.4023947
101639,0.63548696,0.47331738,0.71508634
115026,0.9209775,0.6631164,0.6011214
144101,0.3648771,0.25058496,0.31441212
127432,0.65016997,0.40139195,0.3806476
113747,0.30574402,0.80251384,0.34543306
104434,0.45862576,0.18405604,0.47639474
129012,0.742732,0.4537478,0.35896954
139470,0.3440133,0.3450737,0.7364826
122339,0.62312835,0.4134752,0.8523582
140181,0.88113546,0.45114216,0.44738755
103468,0.3030896,0.4241705,0.48192245
133548,0.31682494,0.7214577,0.4183542
148608,0.2922999,0.48382092,0.42015585
127356,0.91052526,0.5351784,0.50897366
125346,0.6664047,0.3413802,0.3414705
119301,0.40509,0.47152346,0.70111614
102248,0.72880566,0.30589068,0.56435853
124364,0.36172232,0.56773,0.45352492
137864,0.4153664,0.28417796,0.34533042
127343,0.89706826,0.3415854,0.32831702
141923,0.37248057,0.68664855,0.6798661
139659,0.2998231,0.8667789,0.1744208
146312,0.27586558,0.35090676,0.31892633
145207,0.421061,0.32464355,0.34035563
146074,0.34537488,0.4417197,0.2926246
147376,0.43924528,0.40842816,0.72304523
116317,0.7227951,0.6328908,0.51283956
147519,0.36785096,0.34015718,0.69622624
147205,0.4057947,0.35835144,0.74097043
119955,0.31686404,0.41100246,0.33438504
113683,0.9636684,0.41532114,0.33728734
149025,0.55498827,0.43416914,0.8698022
139156,0.9332937,0.843765,0.26853886
117601,0.6659588,0.3077383,0.56368315
125115,0.6770029,0.35017812,0.2895833
142886,0.38498437,0.33437353,0.44180238
131176,0.3000413,0.46022958,0.83781666
104892,0.36187086,0.413109,0.41993698
146062,0.572015,0.88307774,0.34893417
143301,0.7116655,0.43912378,0.296577
137667,0.24559404,0.4098873,0.21976687
123872,0.33459258,0.47426775,0.38686845
107356,0.5305908,0.49647215,0.27250177
119210,0.7215774,0.7133652,0.3861222
136507,0.3528848,0.86762327,0.282046
118785,0.3737348,0.22363998,0.3091342
139150,0.72297686,0.42196345,0.5189157
135763,0.75520027,0.40554425,0.27842322
142582,0.48259738,0.59528756,0.6627747
141240,0.33262265,0.63529325,0.3642482
100431,0.29733187,0.35585988,0.53796864
143430,0.36243284,0.48024958,0.45850822
131450,0.60145926,0.87801796,0.12744159
101383,0.24817196,0.9194359,0.17987111
108099,0.38754785,0.55617607,0.37364373
133645,0.91232455,0.42613634,0.37960956
145062,0.6246215,0.41019216,0.67765594
107452,0.37343735,0.29227683,0.250827
129898,0.20521988,0.3784001,0.3623221
133603,0.31100193,0.46375385,0.9584718
133290,0.45015836,0.2997999,0.35059613
113758,0.4252364,0.27857202,0.30221602
140305,0.26635036,0.5268947,0.5914162
129176,0.64984655,0.69928354,0.41081384
123706,0.34268567,0.8774017,0.48983887
103582,0.545827,0.21749622,0.27830142
118039,0.36113095,0.66439444,0.58108276
114291,0.24474655,0.8629297,0.44218883
132055,0.32447973,0.32104596,0.39664227
133727,0.23767646,0.41338482,0.4250379
108837,0.6835398,0.47170907,0.5145565
105045,0.35621718,0.3940085,0.49896193
121641,0.25463805,0.8508548,0.50313365
142602,0.21384445,0.53408056,0.3885189
136720,0.39725688,0.3468394,0.5137362
109420,0.59991664,0.34757555,0.4929492
134009,0.54231805,0.48218748,0.8861491
124030,0.8754897,0.9152704,0.81572133
123073,0.31707707,0.38537103,0.48101845
108406,0.33404917,0.4066219,0.49598333
100796,0.7180258,0.5439632,0.41500732
144683,0.5811171,0.44745323,0.50481707
137758,0.87176675,0.6392889,0.52834314
146763,0.64757264,0.33793262,0.37027925
108719,0.32703787,0.4605955,0.47537592
128911,0.3772215,0.47727084,0.83737946
116887,0.47652906,0.50913167,0.52971935
136194,0.27755445,0.90892166,0.73312217
139332,0.4513813,0.8389055,0.21923365
101483,0.19310427,0.41993263,0.93323857
123476,0.7970132,0.5190895,0.4643935
116005,0.37157208,0.477704,0.5593438
143893,0.61607665,0.54078746,0.5506278
135216,0.34493914,0.79963136,0.19074298
126732,0.21698646,0.9324561,0.20552719
125642,0.26168236,0.90184134,0.7890244
112849,0.2976039,0.23487012,0.29820034
136822,0.60021484,0.4697434,0.47676545
138414,0.19970892,0.31721714,0.61555153
141359,0.8992885,0.8098737,0.5124811
137992,0.693803,0.28453228,0.36750516
132031,0.5974579,0.3458616,0.31418815
130922,0.6028032,0.30618346,0.8120817
107948,0.6046652,0.8493267,0.7331491
102725,0.31854787,0.49551153,0.4294622
112520,0.5659934,0.5778834,0.46817124
117305,0.31188706,0.41411677,0.40959236
142470,0.36326262,0.52300936,0.7991723
121887,0.3645476,0.4946749,0.4064181
128515,0.79466987,0.4344711,0.7738469
131127,0.86618817,0.51474124,0.5040045
122408,0.67635036,0.4698981,0.6300547
140909,0.72729,0.7563297,0.12957542
141032,0.35852,0.34283876,0.36887822
125319,0.5182946,0.79990935,0.35120538
134618,0.67956775,0.90106016,0.2000189
115607,0.6772839,0.28512067,0.35077265
129934,0.34516618,0.39601573,0.33091667
134572,0.36772677,0.18761525,0.25900787
128902,0.32125005,0.8398261,0.25927505
128335,0.39824596,0.5549732,0.36793715
148398,0.39798975,0.43659192,0.6051607
124366,0.2550581,0.3264865,0.46474642
106956,0.5215197,0.2784697,0.30959237
122688,0.82743907,0.41684172,0.75967586
137224,0.3507319,0.29169434,0.29154387
128623,0.9150329,0.6676166,0.5340496
100112,0.7290295,0.3387967,0.49398267
119494,0.342333,0.3474816,0.38895246
144294,0.38244966,0.40330815,0.30374125
123964,0.6262174,0.3105136,0.40806466
147268,0.70480096,0.87613237,0.19142316
141009,0.68347436,0.17551106,0.24485806
138452,0.28963932,0.8111104,0.12533124
131660,0.6044389,0.8851375,0.2301216
134742,0.3245655,0.29248834,0.34593454
105629,0.5831143,0.3954729,0.25297984
121564,0.59134346,0.23527876,0.29606643
124055,0.35948968,0.40109146,0.43724507
131850,0.27202424,0.4562718,0.7227793
130982,0.21787433,0.4577198,0.92516357
100185,0.3197524,0.29395333,0.39873275
141604,0.72555196,0.556623,0.7033835
120241,0.6655801,0.5193101,0.8390933
129319,0.4611724,0.87351304,0.30503428
114506,0.5489388,0.2706428,0.37712315
149337,0.29318976,0.14437462,0.2532201
121000,0.36872327,0.47423682,0.3827713
126676,0.35061288,0.43803862,0.43350598
101638,0.55499494,0.4518313,0.36620596
103479,0.36672285,0.30018088,0.3460257
108576,0.3651865,0.37984857,0.8636046
123414,0.20345739,0.4817352,0.9257391
117329,0.45576936,0.30531117,0.51293415
135740,0.34181845,0.3097927,0.6272903
143171,0.6630154,0.24225546,0.43097523
114186,0.634854,0.5762027,0.5291988
123838,0.5269577,0.85730976,0.22387211
100984,0.4696481,0.3216498,0.5851198
114193,0.27653065,0.8041736,0.1856068
111007,0.34669936,0.32531294,0.42038333
104694,0.87620264,0.4458471,0.47029054
122373,0.6350796,0.28594473,0.3376225
100105,0.6282143,0.567233,0.44328073
109031,0.10609467,0.26254505,0.25811166
130020,0.31358233,0.29856604,0.4208865
116530,0.24563585,0.34319636,0.24699694
111571,0.29851043,0.24479759,0.35792553
103873,0.36704364,0.25894013,0.29961067
118810,0.2747826,0.39520404,0.26566538
139510,0.76504797,0.1573155,0.27388844
140786,0.36664343,0.47409937,0.4418264
140326,0.5883773,0.5406125,0.29073188
139776,0.8360878,0.32328734,0.43555284
141511,0.40629894,0.4573028,0.6423448
142677,0.35915732,0.46698382,0.7704948
147191,0.6009822,0.5361431,0.2650205
149355,0.43832564,0.52190286,0.7154507
103464,0.4534218,0.19054455,0.35914752
121134,0.28404462,0.349857,0.35934862
100942,0.26840127,0.2861526,0.418921
139674,0.42533723,0.35389072,0.49987438
102249,0.2029415,0.3816441,0.8833502
101491,0.32278284,0.51326,0.52561736
124309,0.63877153,0.3915997,0.69822735
135305,0.47439677,0.516689,0.44725668
149409,0.37295476,0.37966815,0.29109624
109128,0.91905195,0.8157446,0.7886481
114159,0.79478896,0.55602956,0.52208775
118114,0.70733094,0.92710096,0.20251216
136241,0.60507035,0.28337154,0.34194532
147273,0.3260494,0.3061399,0.25994915
149616,0.7478092,0.63015085,0.5180449
133044,0.5720654,0.57173306,0.49008045
106218,0.264865,0.37355003,0.32018846
133940,0.46598655,0.4420303,0.36120215
135976,0.37667188,0.89252144,0.73757935
106926,0.24368513,0.8209236,0.95058084
114065,0.68895763,0.66769475,0.48542982
127060,0.62507886,0.9398096,0.1152278
137925,0.5664785,0.27588996,0.8999704
101327,0.3280707,0.3521707,0.4147095
126279,0.66071695,0.24400708,0.7075297
111375,0.7318032,0.43801284,0.43252987
109323,0.44032973,0.3163401,0.40322182
120091,0.4754,0.52358186,0.48079318
140878,0.7899035,0.5939351,0.53847617
135383,0.2810002,0.30596313,0.26293042
113622,0.68793267,0.37477967,0.74282646
133018,0.6835538,0.38750595,0.33531836
108916,0.2645046,0.33650157,0.49556038
104418,0.44682792,0.44904914,0.6125434
125786,0.45457485,0.6693756,0.5497271
101577,0.684343,0.27476737,0.2422364
113301,0.8707169,0.6359287,0.53815174
124301,0.5409618,0.2816866,0.25837356
125507,0.55392563,0.6150555,0.6036744
131921,0.30381796,0.44923007,0.5848391
137897,0.733458,0.3254774,0.4454929
144221,0.5024319,0.34863734,0.4396205
105077,0.39866197,0.48135665,0.4282038
147621,0.35470456,0.34688926,0.4157384
149207,0.30902135,0.54767096,0.3843168
139457,0.34667102,0.34844673,0.46628734
102732,0.37935632,0.42184335,0.5024022
143004,0.5896261,0.32694453,0.6370633
146935,0.9274138,0.5237147,0.3977969
122126,0.42485034,0.4745203,0.6652962
149715,0.34563497,0.16473128,0.29033184
112929,0.5860175,0.8163506,0.17481479
138736,0.36005884,0.4278576,0.8094409
118689,0.9139843,0.5636213,0.51882386
104501,0.4834373,0.3162727,0.550339
136685,0.55981797,0.91074646,0.122848436
136218,0.48893785,0.2430381,0.5624615
104107,0.7435274,0.9032811,0.24698976
107132,0.2819347,0.3183111,0.51546586
125473,0.6645113,0.5193882,0.53562754
113401,0.5092176,0.41435865,0.4911944
120380,0.5622546,0.5126856,0.7833251
119928,0.919894,0.29526252,0.29056576
119554,0.3344648,0.409937,0.5794741
139180,0.33221862,0.32573444,0.46835902
106184,0.30808392,0.7315832,0.65362114
138666,0.4294974,0.31778485,0.46766186
120437,0.20566393,0.572536,0.4390853
128632,0.7350182,0.83623505,0.15619342
130256,0.36856574,0.42945394,0.53419024
112023,0.28631985,0.4331568,0.8793387
114546,0.42995676,0.37018982,0.86238647
120203,0.32534587,0.33976078,0.4229466
115775,0.73687685,0.5013771,0.56987673
110788,0.45204547,0.5850358,0.36572307
143755,0.7445019,0.45105416,0.48318925
119430,0.2448672,0.3120924,0.470191
147087,0.64695746,0.8655794,0.3174817
129818,0.25625426,0.25980893,0.31195608
130029,0.33799127,0.41290957,0.2983553
135767,0.34729573,0.31945267,0.7252697
102140,0.91839844,0.8716637,0.27834204
116788,0.30195367,0.4056403,0.5132611
132340,0.37769672,0.4356594,0.5591316
125622,0.5614807,0.37328905,0.42404553
111045,0.64620185,0.55060244,0.71927345
141698,0.3191012,0.3507623,0.84993935
117447,0.81464595,0.33831373,0.51744723
149040,0.31865078,0.2412371,0.5225639
127733,0.32340077,0.4086229,0.84952617
128713,0.26148704,0.3393266,0.36387405
105583,0.7440915,0.38615417,0.33732155
107931,0.3442177,0.34022206,0.33750582
132675,0.49901417,0.3170987,0.29866222
102810,0.4048033,0.137932,0.29397008
146040,0.319609,0.47803876,0.53194827
108963,0.6389025,0.28159246,0.19657615
148083,0.6206826,0.5005088,0.8732012
149612,0.95862544,0.36003983,0.31683627
113437,0.24316794,0.30416825,0.41569635
122668,0.31264973,0.34773636,0.46561843
108608,0.5531169,0.39146888,0.4320862
133296,0.2947842,0.45617166,0.76327103
147838,0.35742906,0.2079006,0.32478562
147011,0.59287775,0.5688496,0.41199958
107204,0.40145835,0.31890056,0.42029604
131258,0.36327642,0.5945044,0.8411894
140792,0.4209212,0.9458605,0.46544054
115032,0.77995515,0.25805378,0.32821453
125274,0.41888642,0.35497126,0.43176773
100708,0.39216748,0.6502106,0.87465024
133565,0.9490824,0.300631,0.40545136
127759,0.38630515,0.69049907,0.5285076
116486,0.34480253,0.3211666,0.3564839
108024,0.22946066,0.48193064,0.8624229
103208,0.25266743,0.2809962,0.8290445
101194,0.39401484,0.24426079,0.43131652
143826,0.7303086,0.39325786,0.3271483
149597,0.53348404,0.84239966,0.6367461
144011,0.68171805,0.9317908,0.23819748
118941,0.29749957,0.4228756,0.42537993
128619,0.7347059,0.28664622,0.40252322
139926,0.16743264,0.44847542,0.9180219
121266,0.7562013,0.39848572,0.21401143
104155,0.29567164,0.52030945,0.39369223
119886,0.24785374,0.36492842,0.49343285
103766,0.47226584,0.8821345,0.5072371
142959,0.4210643,0.9865595,0.3944766
142927,0.92324185,0.38042137,0.39719254
110423,0.64919084,0.842983,0.3324003
110182,0.38231093,0.3924603,0.8368868
115738,0.6657218,0.46999547,0.3337401
106469,0.37727904,0.43651843,0.48972586
103476,0.41557392,0.42623702,0.4098951
107172,0.4059236,0.4978549,0.8915626
126460,0.3604203,0.4933097,0.6281111
148060,0.32224512,0.50990254,0.33581468
137471,0.42452437,0.3038455,0.31876698
119005,0.3327864,0.7156817,0.8456351
126382,0.5463539,0.34374383,0.43633166
127384,0.43216366,0.17449658,0.43527764
119789,0.62175345,0.30590123,0.31525072
135149,0.6934658,0.97771627,0.50974864
140302,0.311565,0.5083594,0.4348185
112211,0.35702476,0.48436025,0.8859121
127616,0.3998012,0.8953251,0.18612818
107284,0.31342033,0.24394526,0.20984198
132170,0.40073952,0.18348357,0.23990016
114325,0.7136249,0.90316767,0.50334495
116122,0.32709983,0.35311684,0.33206522
122393,0.58162457,0.6248333,0.46014515
113423,0.3492354,0.55604696,0.39807007
127054,0.32383117,0.4318039,0.46125925
101389,0.2569554,0.49945146,0.8115632
113371,0.48650262,0.40050012,0.35570678
103638,0.670235,0.60775304,0.6352539
121890,0.30107027,0.4574348,0.31701902
136518,0.5660274,0.37708247,0.30551422
118376,0.6740545,0.5703913,0.64958054
136121,0.5881662,0.37986392,0.427872
142494,0.75356656,0.35254824,0.36620995
127253,0.2510891,0.4344332,0.42328474
106449,0.4120619,0.4749093,0.58498126
135722,0.6132008,0.23250553,0.3037781
106278,0.31266743,0.877219,0.82739425
129227,0.3613705,0.4261374,0.36675617
101047,0.29875165,0.75542855,0.4355311
143333,0.69006,0.64202344,0.44020084
135641,0.6506547,0.5949767,0.79729474
124000,0.42252883,0.4162302,0.75332195
134169,0.35742295,0.7738045,0.6349906
115271,0.42256528,0.3532756,0.41116977
126479,0.7326695,0.1844548,0.2344229
142232,0.6065407,0.69821197,0.55577487
137055,0.6671649,0.39789602,0.32454222
130041,0.8509335,0.38594288,0.2974453
133200,0.40967134,0.3047756,0.3865134
127792,0.74692094,0.5966117,0.5122111
121817,0.43876657,0.34265655,0.40019646
148970,0.40020868,0.37645572,0.32046977
131922,0.30544773,0.3537865,0.26981026
112368,0.33993182,0.5625153,0.37784854
120870,0.30600217,0.85510856,0.56452453
101771,0.1709574,0.8260642,0.320864
134992,0.6896847,0.35714155,0.3010184
113347,0.31085783,0.80984086,0.27254745
131207,0.34674516,0.45642403,0.5126295
128836,0.21309991,0.21161935,0.3570583
142313,0.28872916,0.5233286,0.33353144
144138,0.27847293,0.4379636,0.3617461
102471,0.7302747,0.24325794,0.5260917
101467,0.38232484,0.4511709,0.8590514
104741,0.8835524,0.4398037,0.5093622
122412,0.45104855,0.33842364,0.755169
104735,0.63930136,0.44351223,0.6763612
103178,0.62479144,0.60972965,0.48418176
101644,0.63060725,0.29687133,0.5063865
114707,0.3515713,0.3643447,0.6167776
148136,0.54312295,0.4178919,0.34106028
126942,0.4042569,0.24541914,0.2684429
139298,0.18775207,0.65395415,0.7757537
140494,0.5683021,0.41399384,0.35248923
106432,0.47213423,0.37181562,0.34848276
102391,0.6645574,0.8525382,0.4818754
138833,0.66185415,0.45192027,0.29892552
132850,0.33389026,0.71293163,0.17428175
132363,0.4601036,0.5106321,0.7597562
132919,0.7601976,0.833428,0.87082523
131215,0.6764831,0.84232944,0.4050643
144545,0.80688304,0.3494813,0.3826926
142450,0.34504148,0.34576645,0.51142144
122153,0.2639801,0.4675203,0.7656372
136373,0.2913227,0.80116457,0.22633706
116626,0.5000176,0.3845199,0.34956938
127737,0.40631032,0.5963108,0.50574243
100830,0.67235905,0.51171535,0.42337576
140648,0.40625444,0.42098838,0.76898646
101869,0.40492213,0.54453385,0.49559462
114580,0.32103872,0.6522444,0.5592661
111916,0.88761634,0.36806363,0.26044926
117802,0.28023204,0.5060812,0.5181619
146292,0.5513033,0.9068247,0.19451615
124877,0.35505533,0.8202524,0.13715246
119699,0.5983459,0.37207916,0.7868968
100021,0.38093925,0.42719662,0.32496402
145779,0.41648993,0.76986986,0.2633883
102217,0.9144044,0.3448679,0.15694037
122436,0.7381696,0.43269902,0.40574494
103685,0.2884037,0.22261555,0.22730719
116079,0.7194517,0.87423706,0.122441866
107742,0.70750856,0.6313201,0.59711593
146563,0.3436721,0.45205718,0.43991283
116880,0.28159347,0.31803083,0.44095528
108479,0.94050443,0.55737615,0.7643288
139237,0.36103082,0.22873245,0.32201993
138978,0.34555256,0.40603104,0.7432337
126695,0.29873484,0.9155724,0.20462926
109327,0.638185,0.56568694,0.9449141
121803,0.91946435,0.50525945,0.5597446
137082,0.3546695,0.20043467,0.3227661
137406,0.39547652,0.24112663,0.34328234
120565,0.6798838,0.19387121,0.3162623
100205,0.32059473,0.493413,0.35323375
125750,0.6394722,0.8494468,0.28042993
104837,0.6400061,0.19909154,0.73627687
122395,0.89112407,0.2774463,0.22931767
108335,0.6779219,0.5476043,0.7246207
110606,0.6781036,0.23458923,0.7617741
136087,0.8137958,0.57792264,0.388111
144020,0.38637245,0.36688,0.27553615
106664,0.93214226,0.45985195,0.64889187
132271,0.6636053,0.16403629,0.4024631
126431,0.7627881,0.42266634,0.50673187
117130,0.31454945,0.48561826,0.7742362
139748,0.32507095,0.89741796,0.19403008
147682,0.4848244,0.7627265,0.4829618
149196,0.38872236,0.5139074,0.79101855
116857,0.24761915,0.547534,0.81079704
123539,0.34069946,0.47828293,0.5025882
123493,0.31220964,0.2772263,0.24114548
115435,0.20567952,0.65350395,0.7687219
137399,0.26635104,0.50304914,0.48525372
143392,0.35044122,0.5945923,0.6371567
124782,0.5812826,0.85986066,0.6108026
147098,0.923609,0.6368212,0.41162837
149377,0.34579474,0.30594963,0.7584452
107761,0.43936417,0.42650175,0.4891733
123423,0.27465636,0.6686364,0.5700102
122286,0.56823623,0.4428084,0.3254098
135635,0.6447048,0.47526243,0.34355816
124869,0.31121603,0.14604175,0.26933923
143903,0.23553021,0.6285481,0.9185549
110156,0.5698576,0.4605551,0.68014634
134397,0.26562223,0.26882976,0.40942952
126647,0.20830588,0.7350208,0.3197329
119583,0.319355,0.33675677,0.3589754
128828,0.38292536,0.4411763,0.2622921
118764,0.69923973,0.4445819,0.31643406
114982,0.34623632,0.14303556,0.3164627
106881,0.3969622,0.3848497,0.2676281
104515,0.7763667,0.2145516,0.50061107
142084,0.32296073,0.2970413,0.36449373
146744,0.34904647,0.3792575,0.27486604
107001,0.9273452,0.36987597,0.66228426
141310,0.70952094,0.62176746,0.43415657
141527,0.3225366,0.8704943,0.1830634
112652,0.6824847,0.24390496,0.2825071
128616,0.8838234,0.48318478,0.4826237
133262,0.28257135,0.82112443,0.50217867
117295,0.70399565,0.26267248,0.40202162
147226,0.33852887,0.51851475,0.8355082
105584,0.77805805,0.36528835,0.3931765
128490,0.34357846,0.3234455,0.8757815
110882,0.21648952,0.27472576,0.348926
122241,0.25802422,0.6889796,0.29804578
131659,0.58885103,0.3872479,0.2854228
135121,0.34356838,0.5328311,0.5667318
133446,0.6908404,0.2776327,0.32501525
111964,0.92357296,0.8564209,0.76389366
122756,0.33250174,0.3131984,0.28948903
119061,0.94826657,0.49424303,0.35751185
113107,0.7427826,0.49229532,0.3635659
102814,0.2711961,0.5287943,0.41871288
124741,0.32416487,0.5181817,0.7561742
102128,0.42600822,0.4846534,0.63396007
116708,0.28417173,0.40659058,0.3058447
145230,0.420594,0.39251626,0.38238028
112104,0.3696044,0.4918641,0.7068065
107991,0.25534937,0.47519135,0.64470303
137192,0.28102788,0.23342101,0.886385
149293,0.8289689,0.43448874,0.43812943
110183,0.34479263,0.39992863,0.43040556
125418,0.26769733,0.17607875,0.3391997
143594,0.59996384,0.90782017,0.10494307
118528,0.9653244,0.3935274,0.4565669
135922,0.6582885,0.3012814,0.32392353
144146,0.6704239,0.3845754,0.65715075
131763,0.46623638,0.3304335,0.8347456
104956,0.3613714,0.51580215,0.75418663
129912,0.3599488,0.7813543,0.18560079
103190,0.5997118,0.88887507,0.19803885
108671,0.23479426,0.49349955,0.8349021
144048,0.41402808,0.8447152,0.1927407
104019,0.443465,0.5386533,0.89592206
122976,0.9319468,0.5078932,0.40551066
116195,0.6848985,0.25425574,0.5526197
115649,0.70202225,0.22277749,0.28514418
148210,0.7934002,0.32129997,0.4181988
132440,0.5758255,0.39308432,0.550931
148915,0.27888712,0.9776145,0.8171855
133553,0.20759048,0.51922363,0.3615812
129985,0.2941836,0.50716645,0.76956517
112615,0.7572768,0.23709765,0.65433544
125258,0.6913756,0.9396819,0.12726638
131481,0.31305674,0.6464813,0.57372075
146166,0.3960378,0.65737766,0.7008566
135250,0.24114494,0.48712415,0.7254918
112908,0.24372242,0.17848821,0.2957397
145041,0.76576626,0.46998784,0.55543035
149809,0.33486846,0.40416282,0.19089529
105485,0.4242391,0.9311291,0.3056398
130998,0.3139967,0.55329233,0.4948681
109196,0.6201024,0.5205557,0.4135569
115215,0.39252406,0.50415903,0.48313576
117735,0.9267086,0.9060878,0.15374613
106332,0.21604793,0.39748028,0.691128
111847,0.3962875,0.51127803,0.40337116
107754,0.9061875,0.33793277,0.2906263
118597,0.27042508,0.25104967,0.21323563
119512,0.3771547,0.39936677,0.5003037
119703,0.69213,0.21565485,0.41296315
117042,0.30188,0.94542164,0.59525067
107803,0.3418453,0.3906022,0.30463693
119662,0.67413163,0.4430583,0.2670921
131765,0.27820286,0.36497504,0.5055264
128030,0.3432407,0.40936828,0.5706125
146926,0.4422055,0.42244047,0.6283681
112402,0.23922189,0.6508606,0.52289325
119219,0.59687406,0.30957446,0.3903357
131613,0.656299,0.40862036,0.52807796
109961,0.58597904,0.38473997,0.4062692
106143,0.4093629,0.6235667,0.5566889
111748,0.35146496,0.40509427,0.482313
133163,0.36603254,0.3533078,0.8641278
113455,0.81033903,0.27087775,0.3349155
136804,0.79074687,0.30100867,0.28310075
146835,0.28777787,0.32167363,0.2801687
136531,0.39525568,0.30664617,0.3958071
149843,0.541439,0.56265736,0.8657947
146730,0.4092547,0.7773713,0.6720033
113469,0.3361947,0.2021725,0.7971397
114870,0.41137195,0.34424344,0.5016463
126310,0.22711404,0.48830426,0.7648185
103760,0.31434718,0.6497273,0.946664
100852,0.58962417,0.56835693,0.627966
115372,0.90439194,0.50594187,0.45289358
130944,0.662976,0.15925169,0.29772308
123802,0.32753164,0.8237514,0.17147534
140167,0.73006713,0.43015048,0.38845816
103034,0.44660336,0.6272945,0.64638567
129082,0.23815238,0.23721133,0.27560773
113377,0.7487562,0.12620811,0.32461286
142652,0.67842966,0.3543433,0.66461277
114510,0.4389749,0.22205962,0.34162366
113446,0.26148853,0.44573927,0.6256072
113417,0.76732135,0.3520268,0.36863303
110000,0.3150717,0.36561933,0.70349705
109911,0.5691149,0.4033478,0.7101693
123462,0.3465308,0.25435138,0.30322957
124556,0.35795784,0.5562685,0.4571878
131501,0.9422743,0.8677666,0.16680887
132853,0.33899698,0.8778215,0.36228144
145333,0.34924662,0.90504885,0.64418715
120580,0.27593923,0.5105082,0.73344797
103662,0.44100386,0.27250034,0.27568159
148878,0.6416905,0.20079085,0.33507645
129424,0.30316615,0.47526878,0.31131127
147723,0.6810139,0.34103915,0.7529054
112787,0.6172356,0.27336818,0.50274146
122745,0.7524823,0.6025061,0.4754048
100201,0.92554307,0.6347149,0.54204255
145591,0.3355454,0.48111227,0.47683525
114020,0.3750852,0.32658613,0.28293112
100475,0.35866165,0.5594063,0.41373423
101874,0.2899832,0.34397084,0.51917034
114103,0.87998664,0.4583397,0.37430587
134073,0.5266922,0.41775316,0.44108114
119131,0.73136663,0.82346386,0.6790675
125903,0.2969373,0.6401925,0.9309846
104286,0.94155985,0.2426026,0.2866255
113609,0.49351582,0.5646824,0.49048665
141867,0.5235394,0.29827237,0.2802683
149670,0.28679729,0.5389965,0.67180914
102034,0.3328659,0.50062406,0.35931912
106251,0.585405,0.42141068,0.44338554
142969,0.22026293,0.47807428,0.44792727
143084,0.3550622,0.54787207,0.4988903
141509,0.6298802,0.31522107,0.3501231
110365,0.43524304,0.33440855,0.60991514
148768,0.78869915,0.28635454,0.6790452
127505,0.4393292,0.32373726,0.7111994
135062,0.40072593,0.36448175,0.43600857
147872,0.59543747,0.37548047,0.7729531
109770,0.37064147,0.33558604,0.79842794
102007,0.66865945,0.57904184,0.5931606
132105,0.35797858,0.41359854,0.37445998
111111,0.37637296,0.22743525,0.32495195
125183,0.14424202,0.509053,0.91054815
146214,0.79967445,0.78914315,0.21086457
113164,0.6873739,0.46482596,0.92359185
143344,0.4322553,0.90782183,0.2749414
124404,0.93537194,0.36796033,0.32311204
141027,0.28925613,0.35709912,0.785505
117241,0.39876404,0.32296345,0.3801427
137521,0.60661334,0.4768985,0.5561556
130797,0.3891673,0.41447315,0.35168114
118043,0.76283616,0.19611858,0.34972054
123954,0.35472834,0.5733548,0.48257127
141865,0.30445528,0.4186278,0.88434494
112110,0.33748582,0.50334954,0.73529905
123139,0.33457407,0.8183325,0.34952924
113505,0.30987966,0.89610124,0.45535746
124323,0.3420733,0.39665708,0.5208501
146355,0.3769023,0.47383997,0.70461893
128467,0.40362212,0.8282311,0.46372792
142237,0.20306852,0.49012896,0.94474244
104091,0.8520353,0.39082426,0.87804925
129549,0.20571661,0.5466689,0.9119771
124625,0.30576578,0.3711635,0.8442131
106765,0.3578667,0.40493283,0.56033295
132869,0.27866918,0.5268247,0.55541986
102836,0.40321425,0.5651006,0.4769302
133632,0.37084222,0.4493427,0.36183634
136893,0.36830708,0.27350062,0.43728086
142462,0.2501146,0.40146178,0.33537546
132532,0.27201363,0.40692112,0.65458643
129574,0.64732975,0.89319825,0.20563559
105053,0.5748684,0.66629344,0.41534972
100488,0.74733573,0.8791707,0.81185853
138213,0.4082783,0.6838216,0.72124
123365,0.5862599,0.42801127,0.7187896
132177,0.40478003,0.25089917,0.3110564
107878,0.5181428,0.6995121,0.9593481
104042,0.39138952,0.39223495,0.45645806
104743,0.2889394,0.38186768,0.39690718
141151,0.3322141,0.3278814,0.7173919
107268,0.49137607,0.40555307,0.75926316
148903,0.7729488,0.9574169,0.5344204
134776,0.23530436,0.63182616,0.92665493
100563,0.19742458,0.40626323,0.9387359
110131,0.36128244,0.40098655,0.43110517
149349,0.46821687,0.31487933,0.72615415
137280,0.67816305,0.8748649,0.25291765
107930,0.6369996,0.9585378,0.48489174
132609,0.79911584,0.24440855,0.42825314
107644,0.1952705,0.31431344,0.61659425
125352,0.4415577,0.342733,0.36913717
134804,0.60450983,0.46619353,0.35602438
113155,0.40445068,0.325976,0.49027517
114206,0.41286826,0.62987167,0.6575425
140261,0.6456319,0.41761836,0.9275441
106018,0.39202642,0.34583163,0.6248774
142301,0.6137227,0.46068957,0.7707846
104937,0.7794617,0.34501627,0.28686434
140629,0.43861818,0.4482341,0.44558933
129078,0.9260733,0.8429418,0.21363243
133222,0.43378997,0.34780297,0.3326581
138020,0.6226204,0.4996861,0.8279952
144235,0.21951248,0.46304876,0.79717237
128248,0.7818319,0.40774205,0.5851564
111364,0.3860323,0.5592998,0.8853182
128302,0.40350428,0.31527674,0.3992633
106894,0.23095497,0.63977623,0.7765434
111335,0.35315916,0.38570163,0.35215273
147871,0.36123186,0.2799895,0.46193936
117105,0.32838213,0.84394133,0.23502295
125763,0.45692563,0.42277965,0.5340345
108897,0.7924076,0.45357332,0.42060056
103106,0.6476497,0.46833152,0.2729215
130785,0.9233922,0.39358845,0.301075
149142,0.31666848,0.473484,0.8094063
122572,0.6985189,0.36798474,0.71043694
105224,0.957515,0.73034436,0.8278418
125390,0.2123403,0.3013586,0.7761643
120702,0.39648074,0.346167,0.4684292
114831,0.61270225,0.48377532,0.4593121
144283,0.41382995,0.34565547,0.31320605
109125,0.35311213,0.24959303,0.5335242
119432,0.67010045,0.7128401,0.6921392
148411,0.7325069,0.5644456,0.5358702
100987,0.4828713,0.4594245,0.7817257
125252,0.42410296,0.26206842,0.26439676
118794,0.60367066,0.39609045,0.8797489
106442,0.4688713,0.40586293,0.59559447
141421,0.69918525,0.27878433,0.56129646
129073,0.6878401,0.392415,0.4056395
101006,0.20654641,0.8022169,0.94114745
119627,0.6284351,0.15592968,0.40063632
145656,0.68893,0.2742433,0.56429476
102401,0.31907663,0.42679864,0.3221742
126806,0.380969,0.7545003,0.6075115
138241,0.6949705,0.8531121,0.1640411
116943,0.78882706,0.5668072,0.43848044
133998,0.40673104,0.55288064,0.39968598
132991,0.64679205,0.82744014,0.4643887
126089,0.35929298,0.2687682,0.7363676
105425,0.34007633,0.48375335,0.42857105
144576,0.3320498,0.8913863,0.84844536
116189,0.32401532,0.48105323,0.72546923
142653,0.2847609,0.31631523,0.42449957
114302,0.7392917,0.23981841,0.2786398
130064,0.58628285,0.19272494,0.24640992
127283,0.37084863,0.54467547,0.4787558
131679,0.6895389,0.3604584,0.34563765
126717,0.26153517,0.30892274,0.8027445
112240,0.43699116,0.4983584,0.800419
108325,0.32078737,0.36924037,0.35535017
133214,0.90991765,0.8932297,0.33702075
106164,0.33168492,0.25378487,0.42259744
122454,0.26443565,0.49651212,0.31273925
122808,0.92115855,0.4921195,0.34019348
126130,0.6798406,0.4493057,0.5966736
130128,0.27972406,0.82777125,0.9355113
141571,0.9536435,0.5617466,0.73472744
132754,0.27879843,0.28243843,0.37046868
122118,0.30666262,0.47512433,0.4709239
108857,0.39448306,0.28464326,0.71937686
132367,0.39375913,0.4697436,0.54301775
125021,0.21412848,0.30024782,0.8698863
114582,0.45194328,0.41708827,0.39903006
121789,0.51995456,0.8909595,0.35537735
109263,0.25108477,0.5436521,0.8108913
104675,0.2977004,0.28902087,0.7683054
139945,0.39120877,0.8585769,0.36470413
132141,0.66269076,0.2852666,0.30668727
142076,0.37596852,0.20842053,0.3044642
103238,0.75465435,0.3995033,0.78832626
121598,0.7439966,0.8685108,0.6700545
121352,0.7932866,0.7665385,0.6672936
129526,0.516768,0.5098357,0.45727193
123541,0.27720046,0.25355923,0.2339252
149306,0.3432489,0.36281055,0.44539663
141760,0.390242,0.33609775,0.31125757
120774,0.94154865,0.82197964,0.950862
115725,0.3823721,0.37985432,0.8345777
128185,0.3458111,0.4829557,0.79103065
131789,0.33102548,0.22267245,0.2991934
103449,0.70250905,0.44158834,0.37569574
117572,0.61492234,0.8872093,0.14072166
115682,0.28034842,0.64219964,0.58447015
137145,0.6827873,0.42957705,0.8208745
116522,0.6378479,0.29259792,0.2458848
104812,0.31744796,0.31706563,0.8630337
124492,0.9103704,0.8276592,0.7196531
133827,0.57472366,0.4674686,0.85661274
142934,0.80082,0.35589918,0.46794382
107592,0.6325174,0.91626513,0.9389936
148589,0.5206124,0.5201704,0.4029472
148212,0.38938534,0.78880674,0.26071694
114630,0.40975305,0.90951157,0.18703046
115016,0.37255713,0.34479114,0.51217395
121569,0.78267914,0.37450433,0.50914276
140930,0.25437573,0.42719397,0.44481257
140881,0.3322617,0.41009942,0.2557985
118766,0.61701053,0.27229008,0.2802237
111309,0.4493927,0.3959988,0.40347177
105366,0.2863142,0.33226982,0.3208299
101019,0.68981963,0.46999416,0.40217555
148084,0.45995855,0.3389651,0.5083482
103385,0.71345806,0.29507408,0.39825204
108467,0.5074397,0.8882231,0.3540138
132890,0.64808494,0.9792412,0.78631914
101681,0.60305274,0.6425037,0.7624947
148108,0.8911712,0.31533876,0.8389494
104400,0.27335688,0.8214525,0.14547707
113718,0.58800125,0.54513997,0.61671835
105337,0.28669557,0.7424078,0.14735691
126840,0.29426593,0.82483345,0.9377951
105025,0.2315162,0.3765787,0.85951906
145065,0.44450134,0.53525645,0.64431125
149540,0.29283878,0.5108495,0.300875
116948,0.30912247,0.7408351,0.19825013
123315,0.48777047,0.25075397,0.30966887
146970,0.90251267,0.5536147,0.3889798
126581,0.29816973,0.2758183,0.48513746
136710,0.7448771,0.54519373,0.28323716
126278,0.34419003,0.5705176,0.82868147
129315,0.42286286,0.45101067,0.42950448
141044,0.37772304,0.26951903,0.32127646
134745,0.87091136,0.5781414,0.49915624
105193,0.3559262,0.55600417,0.25098723
101269,0.49883014,0.59245396,0.29078972
138364,0.23172413,0.44006395,0.90950024
143949,0.55084354,0.43455654,0.3933472
134583,0.34982288,0.24446496,0.2665374
123989,0.50992924,0.52474463,0.26187405
149577,0.31048122,0.26891437,0.2557375
141692,0.6930808,0.33662474,0.32687062
102040,0.73582345,0.46442688,0.71821624
101214,0.6645214,0.43226576,0.53189677
145152,0.9447114,0.54448265,0.73440695
102228,0.6878271,0.39573807,0.4341784
104247,0.3535748,0.9054936,0.5612585
104567,0.30165306,0.28788543,0.31525213
146608,0.7076311,0.14081506,0.2618332
137756,0.32940078,0.32881558,0.43441677
113464,0.27521858,0.46030605,0.45068544
138397,0.5426158,0.873042,0.6917669
114718,0.2920312,0.49503273,0.6810713
100564,0.3068713,0.86792195,0.7989257
144682,0.6901934,0.82703394,0.14581066
114458,0.65695906,0.717879,0.1877592
116281,0.20306396,0.20874965,0.76894313
139160,0.6158251,0.70875424,0.6139079
120542,0.3248671,0.28317675,0.23468947
110575,0.8746134,0.45125866,0.4187052
142109,0.30389333,0.27213997,0.46059698
121297,0.27532932,0.26219052,0.43852133
130433,0.6553557,0.4063826,0.42482913
129038,0.639644,0.42643207,0.42095527
140847,0.31853178,0.30747375,0.32665753
136277,0.52960443,0.8297577,0.58108544
135270,0.71286666,0.37634584,0.499767
132294,0.7148665,0.37340102,0.5202674
143858,0.6051584,0.9039627,0.9352228
119707,0.38805136,0.8757185,0.6006046
119763,0.7858594,0.49720746,0.3973577
127463,0.30966923,0.30362606,0.25863618
142598,0.23210426,0.86070985,0.563279
147846,0.74585503,0.53978664,0.39089522
109720,0.44684312,0.3385708,0.56560737
113011,0.36841524,0.34829146,0.4696073
141777,0.4099818,0.8035132,0.29540038
138274,0.67695016,0.33856806,0.35762227
143889,0.30838612,0.4239857,0.3249443
128103,0.48455957,0.44571775,0.82716185
131939,0.7319134,0.44340524,0.36416766
149850,0.6898881,0.48412085,0.4679587
115051,0.274223,0.33205238,0.60600704
130399,0.757233,0.45053342,0.3460093
127093,0.2764334,0.76925,0.31561396
129797,0.93565243,0.47330597,0.4179237
121431,0.37568396,0.8825395,0.22158816
106090,0.7728971,0.77159613,0.9125836
140140,0.36623842,0.48245937,0.89804906
123598,0.6672922,0.68449825,0.567909
133991,0.42421967,0.44062084,0.44147995
121605,0.77770144,0.73962045,0.23522228
132496,0.7062087,0.360932,0.5062289
115268,0.48464748,0.26142195,0.3089735
141786,0.58542097,0.29192123,0.3131618
141534,0.28528363,0.56854516,0.5601785
113163,0.43363884,0.96825856,0.44928777
146298,0.47537732,0.56450415,0.87590146
129984,0.25401267,0.37769815,0.3964212
149693,0.4201176,0.41344544,0.4607019
144383,0.9388556,0.37979954,0.31037757
117599,0.2830477,0.72946817,0.18361488
125450,0.53809834,0.88545924,0.09759003
104753,0.39720872,0.39730293,0.40961528
124966,0.44811743,0.57128465,0.7476313
104336,0.91030383,0.65803605,0.6113274
125951,0.35884798,0.29500756,0.42913073
104264,0.93504107,0.39433336,0.51201856
102807,0.4064322,0.9006499,0.50669444
139493,0.41753367,0.34443355,0.3584953
129959,0.43498304,0.25500223,0.4699685
122157,0.40501416,0.47180176,0.40230146
104448,0.5429996,0.8807172,0.6700104
130269,0.26212397,0.38990352,0.4032097
112672,0.8998152,0.32491773,0.3597612
130823,0.7265454,0.5602389,0.46634373
115128,0.37342498,0.74320906,0.19722489
101946,0.3936183,0.5538325,0.7359587
139233,0.23525152,0.5881224,0.5314082
132317,0.29285774,0.35597536,0.825104
135653,0.35194188,0.49946353,0.4161578
118053,0.38378814,0.45736548,0.37773776
132359,0.5885511,0.8948579,0.15747744
100534,0.26431462,0.30468994,0.8995881
133406,0.30320895,0.9080407,0.13493703
117431,0.48092702,0.27377847,0.38573825
112809,0.26567775,0.5472241,0.2755397
138140,0.41692036,0.48556492,0.5776003
145829,0.397122,0.46968573,0.4584352
115762,0.91837186,0.4329869,0.38429216
119288,0.38105264,0.67057127,0.4525798
146468,0.61294967,0.5228912,0.5794727
115530,0.6707575,0.34978133,0.6865564
100954,0.35388097,0.41380268,0.33582407
143036,0.3648791,0.28333816,0.6948053
103225,0.318269,0.5504631,0.7097741
110751,0.30651587,0.20309761,0.30375102
112804,0.3694557,0.70942754,0.7405091
125033,0.9600964,0.43394375,0.29938567
125326,0.39769343,0.21304177,0.7790451
137944,0.31924644,0.3725335,0.7557646
137702,0.3841333,0.47562933,0.4619598
136442,0.34384683,0.6342039,0.8863514
131128,0.7401426,0.88687646,0.72757167
140562,0.38434908,0.45355782,0.3413506
132551,0.58653635,0.5675501,0.701457
111015,0.52230203,0.51373315,0.79488415
136430,0.35177752,0.4163403,0.8608157
145917,0.41776,0.3138938,0.39938655
100574,0.39360163,0.4887075,0.506981
108843,0.72914577,0.51844054,0.47360605
114527,0.45976806,0.33840108,0.4439529
118401,0.32404336,0.49147716,0.5240976
140090,0.7403686,0.5423004,0.6219142
139030,0.6103826,0.27255198,0.3150949
123030,0.40146607,0.46391246,0.6276348
116217,0.28791273,0.7971492,0.41429955
141967,0.581193,0.32754925,0.33994907
148667,0.2780715,0.342108,0.43786806
135792,0.92938185,0.4706592,0.7408808
143391,0.45135885,0.4099697,0.45729038
132382,0.32372013,0.6080374,0.24126768
138371,0.31780347,0.4105056,0.37937748
145626,0.33601683,0.8543078,0.9255201
111741,0.7271887,0.23882523,0.25338003
120934,0.33083686,0.4035012,0.8941909
132069,0.37781298,0.45772675,0.47965097
116055,0.34944332,0.20372573,0.30030015
126341,0.58810866,0.53949386,0.3723235
114470,0.9208545,0.5952082,0.662886
137559,0.9293828,0.42569286,0.31067586
130903,0.3913181,0.48738924,0.8205524
137111,0.22912012,0.8434374,0.94740456
120627,0.33670643,0.866514,0.12731007
118616,0.3469415,0.4870451,0.6479814
145483,0.36576864,0.36173397,0.76164067
141866,0.24667226,0.31857207,0.2507196
149077,0.30281597,0.254886,0.5205197
136833,0.36553472,0.47600707,0.7966099
138836,0.47587433,0.7997548,0.28052565
112540,0.35356978,0.72210646,0.7711026
137528,0.28609085,0.6560467,0.3802704
131563,0.2660041,0.5625469,0.80758476
126423,0.7880706,0.6641092,0.6100187
119671,0.91828513,0.4228245,0.36070323
116892,0.57334715,0.38175815,0.7416472
118084,0.8222644,0.83426905,0.20764045
127695,0.22241317,0.3900493,0.49187025
131493,0.28305593,0.27848676,0.5100637
144977,0.32169178,0.4307299,0.8352718
109081,0.23940188,0.5874348,0.75754446
109727,0.6292183,0.5415747,0.91188717
138398,0.35133454,0.29669088,0.2923236
117839,0.571279,0.50221705,0.2977062
136029,0.41937596,0.34922034,0.81003255
124679,0.36171126,0.49627572,0.5831226
119100,0.30940977,0.3219899,0.44606623
120730,0.28556624,0.3816028,0.28681055
131268,0.29609188,0.6258129,0.84829795
141538,0.43873703,0.39817673,0.5299926
102304,0.6872595,0.46157345,0.5524731
148025,0.29672983,0.5944935,0.49664345
137020,0.6456433,0.4652825,0.66317
120004,0.21046852,0.6956089,0.92045116
119996,0.935696,0.21683937,0.29720658
112030,0.9482022,0.356289,0.63597476
145985,0.2732254,0.8291276,0.17053369
136179,0.6547193,0.5173396,0.81653374
136524,0.5625808,0.43407306,0.4330122
109480,0.60335237,0.4504102,0.7405494
144413,0.8241944,0.884057,0.1948037
123925,0.36203387,0.8487981,0.4019848
140803,0.80311936,0.8209759,0.80482715
100672,0.36474553,0.8214759,0.71355975
123516,0.36368573,0.47228995,0.41447535
121920,0.2140479,0.53929394,0.5024256
125846,0.7585271,0.30351108,0.3497395
146418,0.26375902,0.72200125,0.56994754
137445,0.30670735,0.20062262,0.29522958
117167,0.26066342,0.3492433,0.31127474
106641,0.3604561,0.26433945,0.32974276
143840,0.3925306,0.38518533,0.4012869
101886,0.37581113,0.21739577,0.6929079
124588,0.36018655,0.2835139,0.37526646
114537,0.39300594,0.47394583,0.3604549
117080,0.47982424,0.47936097,0.42770478
130971,0.43673566,0.3005473,0.83559287
116597,0.321014,0.33523083,0.797211
116263,0.29472178,0.8787973,0.55566883
130134,0.6301066,0.80221856,0.1745841
106537,0.22325832,0.36712605,0.3469927
118632,0.37555036,0.36537814,0.5131343
136339,0.350326,0.87616986,0.108277544
115419,0.22032847,0.35438225,0.33589676
111834,0.44521427,0.5403324,0.8416895
130346,0.23760423,0.91715634,0.17429425
149063,0.3201934,0.78899664,0.926688
108080,0.92182,0.5151303,0.52579015
137081,0.23673852,0.7819865,0.14932545
133539,0.29674193,0.54119676,0.5444442
131162,0.7476278,0.6136506,0.37597042
125874,0.37378833,0.8079137,0.2152391
118091,0.63175935,0.53714883,0.5497095
129081,0.6662082,0.14635918,0.3385765
145493,0.8014799,0.60386443,0.7319493
117382,0.53948313,0.36634427,0.37002373
135952,0.7321503,0.3822449,0.48569086
120641,0.34770262,0.3141315,0.2608389
112141,0.41168368,0.96880597,0.5205042
142679,0.6162231,0.4823246,0.3352822
112121,0.3543589,0.54133165,0.8129345
141737,0.43680134,0.5453252,0.7544046
127592,0.2399176,0.59473985,0.52461207
105534,0.41417944,0.71514493,0.89224565
101096,0.2724596,0.32977578,0.7540041
115945,0.5377618,0.42492765,0.36743194
128096,0.82175803,0.37283882,0.35206613
147736,0.3558802,0.3785145,0.40129307
142360,0.6591559,0.5351518,0.42855984
123696,0.35034463,0.39323437,0.8658028
125778,0.3001491,0.28788778,0.6188662
142781,0.46301687,0.4379422,0.36844045
104383,0.3242537,0.5479767,0.88750905
112464,0.36117223,0.41893983,0.2990335
143433,0.44241548,0.8867591,0.901504
124445,0.54541004,0.57237667,0.8200066
138482,0.7457148,0.5143012,0.69939196
123536,0.367423,0.44103456,0.34555638
123014,0.26390746,0.29366907,0.42187062
116893,0.37170753,0.2632244,0.26781085
139963,0.27436224,0.4640145,0.44385868
115417,0.2516957,0.2075334,0.2597848
125598,0.17393869,0.53100663,0.8872507
110542,0.68542904,0.39784914,0.63682944
137707,0.28789622,0.30987707,0.8224436
140800,0.39982018,0.5272605,0.82503736
145417,0.5850545,0.27470872,0.31217703
106045,0.35237208,0.58120733,0.28852844
134544,0.327454,0.37361032,0.5576601
131232,0.3749055,0.55485094,0.5217883
142933,0.33903882,0.32423308,0.2835943
138764,0.2077426,0.30889675,0.92852265
122753,0.8649545,0.7135962,0.68795854
108278,0.808864,0.35669142,0.46388003
106634,0.32082778,0.46531555,0.89414257
148094,0.22489531,0.29563546,0.37061054
105599,0.40161043,0.7262806,0.5660822
134130,0.43873426,0.53773654,0.66255254
104217,0.28311056,0.3531573,0.3429204
149097,0.9174999,0.7991846,0.12755838
144034,0.88829535,0.81749094,0.545638
113023,0.526339,0.67026854,0.5505631
132503,0.28408238,0.22774203,0.33664936
147892,0.9608138,0.37197685,0.70237255
119296,0.7110719,0.35466808,0.35595295
123262,0.31074274,0.5078558,0.79807866
124881,0.9629698,0.47454098,0.23103118
148295,0.39864823,0.445546,0.38205186
143286,0.31351477,0.31611603,0.34375432
107116,0.6332694,0.8176984,0.697306
105897,0.3806987,0.5563365,0.5478009
110407,0.25085098,0.51323926,0.3104134
110618,0.73332536,0.31974012,0.52338463
141284,0.95311606,0.48412314,0.3068872
126242,0.7337845,0.69259304,0.6653489
125887,0.2371671,0.7525671,0.5488367
127402,0.73988986,0.3022915,0.3351092
131586,0.43831494,0.86353797,0.24648245
109557,0.25671428,0.724894,0.29121965
103432,0.36732805,0.2898908,0.5347759
104180,0.8134414,0.8887757,0.32343358
121094,0.355468,0.4073707,0.42071345
149841,0.3033918,0.2587672,0.31330186
125007,0.6765267,0.34483063,0.37121823
137820,0.65667987,0.6677033,0.8162339
148397,0.6945689,0.20690648,0.3145096
131160,0.28189927,0.5367329,0.6930742
101211,0.58301383,0.5188164,0.36471924
124035,0.5606471,0.4068459,0.54008657
107591,0.35530913,0.4783269,0.7386294
133169,0.27095124,0.3032038,0.320096
135325,0.41295388,0.46912792,0.6134325
123466,0.29068136,0.8149763,0.34669572
135822,0.3636756,0.40258354,0.5123318
131489,0.33999607,0.5029164,0.40087605
142692,0.33668348,0.2704737,0.3178987
138315,0.9618207,0.29566,0.36279693
107366,0.27403483,0.40833288,0.21435823
139462,0.7850409,0.30779,0.38346878
142315,0.3914875,0.5676714,0.46770066
135080,0.38328418,0.2630621,0.50991017
108966,0.31976914,0.4000897,0.76322377
120322,0.41862556,0.48550585,0.7998707
107057,0.8298539,0.7952018,0.26363632
104425,0.43321487,0.81398755,0.1994835
121139,0.35697868,0.31366196,0.34596434
115360,0.5433005,0.49814758,0.48559123
140171,0.7648861,0.97823346,0.6011293
105889,0.31992683,0.4037879,0.6496102
116726,0.9049145,0.5828445,0.45235848
146638,0.21744087,0.4938091,0.8388472
139650,0.19526981,0.34259772,0.8635771
132459,0.29521203,0.36074367,0.6233754
140647,0.27159768,0.5129314,0.34301418
149507,0.27880147,0.37548587,0.62976515
111355,0.5600054,0.4992308,0.43351495
105931,0.7273708,0.4761813,0.33044308
121238,0.3463043,0.8862682,0.22144997
130357,0.6807593,0.91751987,0.34740657
145263,0.7609167,0.38774177,0.596891
121416,0.6792727,0.88938934,0.10783843
113369,0.58620286,0.96098787,0.63582194
130255,0.32700372,0.7644737,0.17633834
149436,0.5796887,0.34752378,0.43634716
144689,0.36941504,0.8852689,0.3557654
132344,0.2804009,0.838675,0.41296616
129428,0.23731595,0.276478,0.2359354
149174,0.3641399,0.31045184,0.428988
131909,0.46388456,0.27178204,0.50180554
132226,0.27839667,0.48952922,0.5175851
100782,0.38113904,0.32122704,0.44046572
141248,0.67625827,0.31267598,0.45926517
143744,0.7492174,0.48383325,0.32528058
135374,0.28240097,0.75957197,0.5519127
146350,0.28764385,0.5134103,0.29239208
122558,0.32553893,0.44916147,0.591869
103919,0.47608438,0.64575726,0.33476728
116095,0.38502952,0.45212647,0.30546516
142936,0.8528281,0.84168905,0.17181326
115515,0.33540112,0.5118421,0.3609438
143351,0.5973051,0.31506187,0.3300421
112252,0.5481487,0.4412983,0.778481
114340,0.3809522,0.5788699,0.49076092
133487,0.9557121,0.91827255,0.16819501
128425,0.38646886,0.36644363,0.74735165
125914,0.1922715,0.4416405,0.50713223
140780,0.35971618,0.848093,0.37013775
120693,0.31454647,0.44551995,0.4285129
115813,0.819236,0.4967148,0.7883034
145512,0.92815495,0.461512,0.49686727
107615,0.65237296,0.39163414,0.44495666
130539,0.22929668,0.21273023,0.48134074
132466,0.49319082,0.78408545,0.7454692
112255,0.9097723,0.43982726,0.3561173
112547,0.25019062,0.70777273,0.69532603
138850,0.2791343,0.38347515,0.6269173
115517,0.32265025,0.28962085,0.32295117
136650,0.44889247,0.9233007,0.3328763
103924,0.26736265,0.49333093,0.7534158
137293,0.3297079,0.4409477,0.84573305
107287,0.28308964,0.35941327,0.7751805
102324,0.65590173,0.3245501,0.90112776
148954,0.3085009,0.5813452,0.44778916
120323,0.3849533,0.55724823,0.92646974
120619,0.5065139,0.19219291,0.74277735
116275,0.49329466,0.18124215,0.36657068
135387,0.38241193,0.48930934,0.383268
136659,0.6826345,0.3291937,0.8898261
136827,0.7193937,0.37721467,0.746122
127407,0.35796967,0.34908104,0.42263362
105209,0.44004238,0.284797,0.46738765
131285,0.6347699,0.36318433,0.24691369
103237,0.30246413,0.45858735,0.5014611
132826,0.28294188,0.4581739,0.7681059
100971,0.8949541,0.3211992,0.30530688
111321,0.2950143,0.42241043,0.57275
105993,0.4028843,0.3913262,0.3949882
135719,0.43702832,0.45552868,0.43308657
112536,0.2048379,0.39773053,0.6700733
135761,0.43820298,0.42582133,0.3984098
146908,0.64605516,0.38276276,0.41168937
142674,0.26698554,0.3239062,0.3289032
140072,0.46117955,0.3688685,0.39589667
131102,0.31481218,0.7988165,0.5901112
145610,0.4061774,0.30409682,0.45548436
124358,0.39209947,0.41150117,0.79324436
128563,0.29273084,0.3267489,0.303475
139736,0.27372473,0.2948317,0.3793306
118291,0.34217313,0.16671313,0.24916737
139868,0.407998,0.36371768,0.3080941
127431,0.3685711,0.32731026,0.36398375
132789,0.20988327,0.8921466,0.36327577
130733,0.50066453,0.3534571,0.42792636
120107,0.2896307,0.5488835,0.90521175
114600,0.3525641,0.88194025,0.31779408
141518,0.45322064,0.27816767,0.43000746
103120,0.42903373,0.40346026,0.48905933
131390,0.70667356,0.4709297,0.38485017
104243,0.26726598,0.46077266,0.5692184
141519,0.4718827,0.38927463,0.5312021
145807,0.666497,0.25164494,0.7685963
149835,0.46683148,0.8637898,0.6158993
125591,0.3639567,0.4167434,0.41574147
145463,0.28408003,0.37417805,0.890815
109871,0.3202886,0.7073771,0.45769164
138022,0.32032314,0.3181289,0.42260164
128220,0.9265648,0.4373108,0.63618994
124165,0.579827,0.762017,0.13590361
143288,0.29805315,0.24849716,0.84369594
113314,0.90332144,0.32995316,0.30614692
149015,0.34822777,0.4142075,0.7006458
107099,0.3844565,0.49363413,0.69338
119400,0.26604027,0.7206092,0.33878222
130814,0.22675624,0.3032927,0.5111697
133701,0.46627066,0.39040643,0.49937522
130801,0.48475716,0.52384585,0.7642897
104882,0.4699908,0.47864807,0.8099569
134364,0.21009766,0.34142557,0.8247941
107201,0.4198669,0.35736638,0.39102104
100008,0.9568538,0.81949914,0.4866605
146205,0.37681395,0.49263301,0.43358
113217,0.51860225,0.84075904,0.13962509
115192,0.7553459,0.98140395,0.45227408
108348,0.32786158,0.4784822,0.7412356
104363,0.35473415,0.8924951,0.17248438
121033,0.22158183,0.8853752,0.7774917
149825,0.25246203,0.15903752,0.3885877
141138,0.6751574,0.6717955,0.5574924
104965,0.7622641,0.38120788,0.20935595
134528,0.42255494,0.9087936,0.2553464
135714,0.79153013,0.30734417,0.27831918
143251,0.92948717,0.95074743,0.37107778
134450,0.1442904,0.45009297,0.8645577
118238,0.35008472,0.8755482,0.20077375
143927,0.33787388,0.4766441,0.33588254
102095,0.6458237,0.7833011,0.40820384
120341,0.36834437,0.23177609,0.84837455
118949,0.39314765,0.37954205,0.4232165
105330,0.53873533,0.7636819,0.18769893
108545,0.335299,0.3562062,0.34627777
136189,0.26800948,0.79674673,0.5199827
115256,0.33743316,0.3544713,0.80173135
123322,0.45035812,0.48998684,0.70694894
110075,0.85767776,0.6687846,0.45771635
111244,0.46239433,0.3882796,0.45569488
120807,0.4076117,0.53001505,0.30524403
105141,0.37216857,0.2715146,0.27839762
135735,0.36171865,0.3399296,0.39030927
100096,0.9157496,0.6576537,0.6298633
127968,0.72261006,0.29173234,0.31292307
128758,0.3227991,0.2861354,0.37546808
131767,0.42203638,0.3273183,0.442819
105804,0.95371974,0.60404354,0.5464127
107940,0.34009296,0.1850151,0.2758575
136620,0.5592363,0.45761994,0.30082646
144227,0.596326,0.5184715,0.89037204
131669,0.34088698,0.45230386,0.45238432
105136,0.7178066,0.9765341,0.54536545
123866,0.27030694,0.36791134,0.23809692
122141,0.30300105,0.56248444,0.51179045
117041,0.35505185,0.8467478,0.15027983
115002,0.51897633,0.50299144,0.59322524
148029,0.662532,0.50343114,0.5229232
130637,0.5668956,0.42637,0.5093809
137475,0.7533527,0.28407893,0.31487912
133467,0.21963128,0.35113668,0.59874415
110680,0.718701,0.89507765,0.118366055
144393,0.52602863,0.448657,0.5761184
115548,0.708347,0.8788446,0.6279729
135470,0.25203872,0.5040797,0.47184172
134694,0.4813753,0.4968805,0.4108891
134749,0.569102,0.35718486,0.24320355
134127,0.6637647,0.35075822,0.71529114
134489,0.46511343,0.42700434,0.5080922
108823,0.63583136,0.5673872,0.3933217
147282,0.27265432,0.18698305,0.33388
146035,0.40616903,0.3865583,0.2912391
142341,0.56987596,0.77653545,0.87172264
132189,0.4071133,0.83174217,0.21898967
144796,0.2697971,0.48169014,0.30593577
110841,0.32582235,0.8561993,0.24530073
108396,0.32486254,0.45171463,0.3138573
101338,0.8027256,0.46116865,0.50714606
133556,0.9310007,0.38149878,0.32075888
149723,0.38630158,0.69511706,0.5808902
131046,0.19837277,0.68092996,0.2678012
143019,0.3423841,0.36110178,0.78348714
102704,0.3765228,0.28469044,0.34974968
121151,0.33549574,0.5886806,0.50029004
134006,0.33167705,0.46990296,0.40137833
100260,0.3688961,0.46371916,0.7725583
101969,0.29989517,0.7095331,0.30123404
136777,0.27455804,0.2871187,0.4616719
136599,0.6513779,0.8848285,0.16610083
149632,0.29403478,0.2285668,0.65175974
109435,0.3162272,0.37255514,0.35808605
135806,0.3040385,0.45482755,0.32218114
146994,0.6502622,0.4559444,0.513575
142426,0.76338893,0.28541046,0.3377346
136999,0.33334386,0.3366238,0.30057403
132817,0.27816987,0.36050665,0.32759804
140075,0.32977888,0.8900919,0.1463814
134560,0.3299874,0.30259013,0.2852102
143126,0.69623023,0.52421457,0.60231555
125653,0.42657357,0.5287511,0.44682336
141053,0.17921174,0.8762803,0.4606788
126164,0.28081888,0.52974766,0.49753883
146425,0.27722576,0.86951005,0.27269268
144836,0.5938006,0.74301875,0.79741085
131942,0.24170065,0.36489597,0.66341835
139954,0.89604163,0.70635784,0.5211319
118535,0.24977647,0.733443,0.24192561
124976,0.32733628,0.26638752,0.8972274
135879,0.37265715,0.60829365,0.42826
127757,0.78271663,0.31405514,0.32714334
136230,0.6474423,0.5836196,0.3040944
105829,0.26676917,0.750093,0.8729703
148389,0.22509283,0.40134376,0.5346839
126203,0.8528105,0.39831796,0.43138388
143079,0.31996933,0.5090926,0.9239087
109343,0.8418638,0.29366666,0.35887992
148585,0.4017177,0.6421527,0.70375776
117204,0.34384203,0.8154233,0.1627819
111670,0.26100156,0.50522155,0.9189736
130794,0.54129744,0.8193824,0.90712494
103916,0.6723065,0.7676902,0.64675194
105433,0.27747422,0.94385195,0.27027866
147369,0.37579134,0.3813247,0.45045185
135623,0.30876145,0.5219025,0.5761356
132430,0.34712514,0.5075383,0.49810362
129243,0.30631062,0.55933493,0.71725947
119650,0.7046851,0.47843105,0.32582155
119008,0.29549912,0.29376566,0.3510108
112263,0.35300216,0.34267408,0.34706408
111611,0.37398353,0.75203496,0.72172666
148502,0.23911218,0.7835393,0.47585008
136877,0.33559868,0.37600225,0.40450764
117883,0.4170551,0.41698596,0.8137225
101617,0.42858317,0.30651766,0.6732088
104345,0.28897324,0.43435237,0.32700655
112038,0.7113607,0.18059132,0.32110053
103133,0.57482827,0.3402704,0.304083
138792,0.66789186,0.38765615,0.43032515
110717,0.6786178,0.5291595,0.72077024
149250,0.46388394,0.37609282,0.39692703
122037,0.28958136,0.24329412,0.6928705
137016,0.28421617,0.21178609,0.3721664
147529,0.41416055,0.41118503,0.49488539
146976,0.89373165,0.7263205,0.82528
137287,0.41035664,0.27016836,0.33638176
115044,0.28284955,0.43992612,0.38692123
119905,0.93654615,0.37895745,0.31668854
128588,0.37175,0.97755516,0.4524344
100661,0.7157769,0.5456513,0.55031717
110693,0.31459472,0.40991753,0.33396932
148706,0.35414898,0.52947843,0.88061756
142024,0.26993313,0.8610703,0.6912115
149910,0.34221193,0.44640288,0.31480786
144005,0.67440593,0.3404619,0.27761623
149879,0.33973843,0.18813533,0.52060294
107275,0.5719492,0.4715473,0.7754658
128587,0.6149279,0.32187298,0.48966077
117444,0.26691943,0.23142785,0.77682465
129124,0.29745233,0.24971691,0.37675855
140905,0.45719796,0.3562193,0.41458982
111438,0.31340432,0.4440877,0.3666134
102280,0.5821802,0.436487,0.37329498
141411,0.35481313,0.38610286,0.4699114
113193,0.22416393,0.30509093,0.35935488
136370,0.2699256,0.3831986,0.36481345
121141,0.93875796,0.47644615,0.43517968
131395,0.29192817,0.2252015,0.26606572
117872,0.43716663,0.34091046,0.36326227
130686,0.5002921,0.31795886,0.2474749
101828,0.4634631,0.8732033,0.28583008
104847,0.42800915,0.47427782,0.83266926
129659,0.30830586,0.31792665,0.32694638
111281,0.55033875,0.5057423,0.8437483
137885,0.34128457,0.27519327,0.30852175
114812,0.74541605,0.7974103,0.7145905
111848,0.33154204,0.53358036,0.8949536
103777,0.2938202,0.36887893,0.2540964
123148,0.54523677,0.35938013,0.33081773
102574,0.292189,0.44350415,0.7908959
145762,0.45251164,0.839758,0.71060985
106106,0.5767317,0.65493417,0.72877204
109817,0.36075664,0.49111307,0.55845386
112795,0.6633233,0.46559188,0.80235034
147969,0.66035026,0.6167371,0.46917164
142877,0.27560988,0.3919234,0.34926805
149170,0.28236306,0.44628483,0.796124
118552,0.5606236,0.5329866,0.8202187
132464,0.4489044,0.36096087,0.35433543
149538,0.3786209,0.41862467,0.4102648
133697,0.94980246,0.44783172,0.51164156
131670,0.783158,0.3517362,0.34247693
130818,0.70966905,0.36965325,0.35696545
115385,0.27669448,0.9143237,0.14618802
102344,0.38885432,0.5033612,0.3238455
134219,0.41722357,0.7266771,0.6783083
124101,0.36507607,0.44287226,0.8193504
121752,0.5414682,0.46254608,0.618861
143606,0.55824053,0.80263287,0.21343374
108408,0.38313454,0.3161552,0.72057146
100583,0.32731193,0.39209142,0.29388377
114857,0.26888248,0.27877015,0.29068953
146890,0.33846867,0.32694337,0.34500146
128537,0.42462397,0.8463686,0.2980464
128319,0.40122375,0.59982616,0.8208751
105849,0.32154688,0.32953027,0.23305206
105850,0.39131978,0.3908869,0.32956767
111193,0.46784267,0.4683175,0.40311903
136922,0.3724706,0.35668918,0.2958918
117717,0.2942938,0.35380992,0.23940942
129858,0.33361107,0.23946357,0.28990865
128174,0.36005348,0.31718153,0.5141318
120422,0.6007159,0.484772,0.4081365
114122,0.92550665,0.4170444,0.34176838
106709,0.21880402,0.8620849,0.34038195
129654,0.36474854,0.5686649,0.5867982
131997,0.8101735,0.43251708,0.3798768
126034,0.3136,0.54495,0.9229513
139399,0.30805227,0.33826357,0.39361516
111294,0.7589098,0.4520185,0.26325122
138875,0.7351407,0.63326305,0.73359483
121864,0.33082083,0.22972445,0.23960602
117420,0.38819197,0.40006128,0.6759211
129570,0.8559807,0.261495,0.19241823
132263,0.6268824,0.5233937,0.52819043
123708,0.38377804,0.4541581,0.43699116
145196,0.5539475,0.5337212,0.49934068
149286,0.34884393,0.59463775,0.7646422
107875,0.53411096,0.35785243,0.6793051
118549,0.38337323,0.24819855,0.4174908
124865,0.32230487,0.6831173,0.23083991
104114,0.8014038,0.47072417,0.5471426
130863,0.388945,0.28579357,0.46128044
139005,0.93599594,0.5720439,0.52002466
102428,0.91050935,0.566129,0.636543
137723,0.8919747,0.7063536,0.42612076
100228,0.7389883,0.268502,0.64004153
120813,0.67653084,0.3412529,0.341264
125544,0.73562247,0.47112623,0.82768553
116930,0.68269336,0.21731146,0.3128506
147414,0.35890323,0.27055007,0.331147
134782,0.45300186,0.31758508,0.45523816
101715,0.61236393,0.7673944,0.2479995
143511,0.4931234,0.26286036,0.42281285
133660,0.3212114,0.8296704,0.35789108
108366,0.2952377,0.44705215,0.7136775
107273,0.84037614,0.439061,0.6600013
126529,0.6622022,0.27985737,0.48820558
132896,0.835174,0.802939,0.30284613
146669,0.4446437,0.40036243,0.36003584
145379,0.6053706,0.32543615,0.33051637
116571,0.69767565,0.5061737,0.4314516
126292,0.3207635,0.5867429,0.8498131
140412,0.7831316,0.89618474,0.7192952
110814,0.72417307,0.27404955,0.27065444
103023,0.25058362,0.5546744,0.4068823
126535,0.74179745,0.42238006,0.3085968
117535,0.6283865,0.59507245,0.8115988
105312,0.6191567,0.3800819,0.3510382
105535,0.13320231,0.4611433,0.762952
142704,0.7487072,0.43503082,0.46468598
142739,0.45158574,0.43278778,0.5424168
116247,0.89358675,0.9490817,0.22659586
133266,0.61869067,0.5708084,0.88230747
100839,0.6566163,0.084665574,0.38163093
142103,0.32008684,0.73795736,0.93979675
105781,0.7010971,0.55320287,0.3953363
137526,0.41352886,0.4475927,0.4823483
147213,0.7062942,0.4771603,0.48275134
107122,0.65758926,0.28588298,0.7084642
141048,0.35682535,0.3915842,0.35617408
100945,0.3191437,0.87387294,0.22621652
132874,0.6572601,0.5427698,0.5070315
112058,0.7258942,0.6205261,0.4386278
126845,0.37516183,0.88800836,0.41376275
146347,0.6266193,0.25844866,0.3353554
122599,0.4561905,0.23989151,0.38837388
148496,0.32550788,0.2522288,0.3812567
102589,0.40356722,0.5143293,0.7651953
123870,0.6601052,0.53313,0.3514388
110441,0.40878308,0.8183006,0.69035035
132921,0.22021797,0.392376,0.45669258
147136,0.9288636,0.41299796,0.335602
138301,0.34871417,0.67623496,0.51143456
110967,0.30155286,0.39904678,0.7798657
119943,0.27486137,0.36139786,0.31051072
147179,0.68320656,0.28819302,0.35535318
104646,0.24077012,0.60204816,0.437098
127403,0.38605502,0.83578193,0.28259483
114138,0.7519444,0.83138967,0.7134541
121513,0.26478752,0.20782271,0.32714173
125018,0.70185935,0.6321282,0.8683064
129672,0.2483789,0.79423976,0.19006473
144731,0.23099993,0.83515555,0.5084728
105626,0.3177181,0.57247955,0.87200665
122073,0.2877286,0.35999742,0.22037269
148848,0.4070216,0.4609331,0.5245403
141144,0.64648724,0.8177123,0.20960897
120634,0.42272937,0.42072675,0.38710225
125691,0.37595558,0.44557646,0.5946227
111773,0.39666253,0.4430791,0.38659033
128671,0.8228136,0.22355376,0.33043507
133864,0.311663,0.19949144,0.25225163
144818,0.89627665,0.8860098,0.3511531
116643,0.28023377,0.47681087,0.6708751
122240,0.53359944,0.8777753,0.36668602
138979,0.31747866,0.334264,0.49813527
104711,0.602129,0.59478426,0.5487935
117744,0.34123176,0.55959845,0.53365535
107692,0.35632467,0.7169769,0.6985474
120283,0.65206754,0.61171734,0.8079462
113156,0.6943792,0.47672233,0.44787264
114480,0.6886614,0.8958614,0.10467133
132729,0.5780272,0.4373608,0.4327261
130509,0.32091483,0.8103939,0.24794775
134183,0.96143776,0.33890602,0.34308192
105532,0.39514264,0.31735432,0.63600326
105093,0.95533574,0.48796186,0.39361238
138248,0.37409088,0.8266742,0.2658709
148356,0.256543,0.7259896,0.97021145
137827,0.5581761,0.21321805,0.21884269
127030,0.3300372,0.30949017,0.6952756
144523,0.6577083,0.6703167,0.6379664
116885,0.3392295,0.36104757,0.47770223
129712,0.36238065,0.30211735,0.26032802
117508,0.7609593,0.8207247,0.26947254
124692,0.6652789,0.46001697,0.31263855
121732,0.6960634,0.8117453,0.7771009
109300,0.28066117,0.34849396,0.72605085
139787,0.30532393,0.5935171,0.34432307
129860,0.3892047,0.40584823,0.4072192
145900,0.62758344,0.84513545,0.21996675
113978,0.7274494,0.34419203,0.37076512
123195,0.29878947,0.4590426,0.32611477
135290,0.25272274,0.27645543,0.5300594
105029,0.5681033,0.33958873,0.6642066
111533,0.44163612,0.8625889,0.33893803
118028,0.34527078,0.29086354,0.41081262
141341,0.2526444,0.76257825,0.62676525
102143,0.4276238,0.23454608,0.30794594
141715,0.31424385,0.5682023,0.5508264
140510,0.3417984,0.5444692,0.74902606
136705,0.38561964,0.3104741,0.4102356
136399,0.3898231,0.43662053,0.3000862
101255,0.33044556,0.78869486,0.15876353
119670,0.9242045,0.40325624,0.32721508
108401,0.63978475,0.4091588,0.4218642
122910,0.3847784,0.36831158,0.413492
143798,0.6786316,0.7589232,0.7845129
116903,0.5702944,0.5190758,0.8789943
117986,0.37389803,0.45824152,0.45756805
110024,0.9337303,0.874564,0.3263861
109304,0.40094155,0.4080464,0.7531096
134057,0.35761607,0.39615577,0.73181146
117451,0.42671978,0.43080822,0.56849396
114419,0.69504666,0.52059805,0.35719514
116282,0.6211288,0.8097334,0.2256328
122354,0.24723642,0.45656607,0.39258328
146397,0.6651396,0.2877366,0.41496497
137924,0.30382022,0.36359325,0.8504494
134037,0.4461643,0.314545,0.39003187
123034,0.21797878,0.849006,0.6923065
106353,0.9258248,0.5738834,0.47725984
114530,0.3844767,0.88989294,0.13133538
115841,0.33419967,0.47088367,0.5701952
111057,0.56635475,0.25275078,0.3200758
134103,0.53741443,0.45717674,0.31812957
134549,0.27827904,0.3208414,0.5063713
117733,0.37415943,0.4325495,0.88841516
126150,0.5718676,0.40500572,0.4906847
135437,0.5570163,0.8714886,0.4297299
138453,0.33131087,0.8878313,0.19720282
137015,0.365925,0.61820936,0.706815
121225,0.72974515,0.21945271,0.44770834
120861,0.4846598,0.37997293,0.44104755
116899,0.72588444,0.43133464,0.46207502
114632,0.28958112,0.44945914,0.42769274
105445,0.26018503,0.5065259,0.6674654
141939,0.74763364,0.51442564,0.8598194
103676,0.9090554,0.6411304,0.4265045
125190,0.33548856,0.32266417,0.6607129
148152,0.4542632,0.36855936,0.618455
136105,0.32638833,0.26130491,0.34997025
110560,0.18590724,0.44522232,0.9369351
148573,0.32773525,0.92800957,0.6464375
142072,0.6730313,0.44399017,0.24370569
132097,0.24003173,0.5266774,0.7594178
101172,0.6959318,0.5428996,0.3924855
111370,0.33933526,0.42045942,0.37887695
143933,0.75227094,0.4480987,0.8166491
140889,0.57965857,0.34866413,0.5156964
135085,0.614336,0.8614808,0.21081533
111511,0.38726804,0.36562964,0.2404231
131261,0.35985214,0.9561909,0.8030044
126739,0.63621294,0.22396636,0.45049635
109313,0.43081078,0.4215009,0.31143838
147169,0.3060005,0.7553444,0.5347002
107000,0.7053299,0.51136625,0.5360807
101462,0.7476946,0.28298834,0.46904027
112021,0.622709,0.37184763,0.35723475
141374,0.62061757,0.33223093,0.43359554
135589,0.25724044,0.24238253,0.35889357
139866,0.6355084,0.3717737,0.39828584
121746,0.3995214,0.42106295,0.55191594
110780,0.34972847,0.5286791,0.51206225
148085,0.4267536,0.6913913,0.5477434
134566,0.57217324,0.4297419,0.42363015
114664,0.37983337,0.28960466,0.44254422
109382,0.7105974,0.8619156,0.61258346
144082,0.45581684,0.43376574,0.75414014
121588,0.7645003,0.94281524,0.2864879
132247,0.28706172,0.78122145,0.2541031
114613,0.402965,0.29855826,0.40834314
146559,0.5712716,0.84730005,0.22286461
119054,0.8434628,0.3976419,0.39129862
135179,0.6060852,0.5435203,0.50925916
149511,0.8629848,0.8171428,0.2092407
103811,0.5822739,0.41339743,0.2998323
129894,0.31949744,0.4354377,0.7667129
129070,0.70437884,0.8778974,0.91249347
120853,0.94226116,0.64415944,0.6555373
122748,0.80038446,0.8398865,0.23236054
123690,0.2561476,0.36233646,0.32993785
108634,0.64869505,0.4445329,0.3485447
106416,0.29028422,0.28876427,0.82183313
130526,0.3044371,0.39543897,0.2781028
107425,0.29752365,0.30715287,0.37998047
127650,0.26194304,0.39645612,0.50403535
138639,0.6442532,0.5095114,0.37334445
109592,0.6923172,0.81557524,0.9683994
133232,0.37155902,0.41730407,0.31154794
119529,0.34872684,0.8980749,0.37040424
128267,0.62219,0.5189668,0.77783906
142210,0.3434998,0.39327696,0.57988364
118957,0.26391447,0.8680867,0.47166726
103054,0.399344,0.56395394,0.63981444
111514,0.34036067,0.46139076,0.40428725
144139,0.4427748,0.4289094,0.7620037
136823,0.30991423,0.48238623,0.7253411
122630,0.6531017,0.37551048,0.49640974
122041,0.40732476,0.8117797,0.3370298
119778,0.42408302,0.87030494,0.5156871
103508,0.6481656,0.5252157,0.7511592
123300,0.6514988,0.50732565,0.47575197
107694,0.7619832,0.60806066,0.5989971
106433,0.22995721,0.57450986,0.7733329
133943,0.28274438,0.9492877,0.21497059
140061,0.4632667,0.25439668,0.29189947
110117,0.26062265,0.3641016,0.20657812
125289,0.3504542,0.23221287,0.39529786
125922,0.45354056,0.4467441,0.68548036
113854,0.3964944,0.419972,0.5229161
125766,0.3477498,0.86441857,0.6332041
138569,0.33719677,0.5274063,0.41852468
144589,0.6639632,0.7854856,0.93824023
108093,0.7665328,0.4663527,0.41285154
145190,0.60158694,0.7623436,0.23338369
110294,0.35837734,0.502581,0.41562748
143381,0.6607274,0.706506,0.41137454
101806,0.33863613,0.29978782,0.3029646
127413,0.23037407,0.4425331,0.29630005
108115,0.3880141,0.39874083,0.3386444
112414,0.33387092,0.57356685,0.7196266
120786,0.44089854,0.42598745,0.4637199
131593,0.4190412,0.37652916,0.39189848
142784,0.7478455,0.8493581,0.16318017
105149,0.1710791,0.6225773,0.73019075
110919,0.32729048,0.45592397,0.8235137
113206,0.7560931,0.8611048,0.25386563
140983,0.29417527,0.5343881,0.8268086
123510,0.27501944,0.23543634,0.42158046
107737,0.57019824,0.3359523,0.46921095
146114,0.4530341,0.36746657,0.51900953
117678,0.5776583,0.7603774,0.69713134
127933,0.2637384,0.6806174,0.66512847
110007,0.349871,0.38504252,0.29247877
127408,0.9517845,0.96916604,0.609807
129615,0.29343182,0.9868702,0.5615901
130617,0.37829086,0.3610404,0.43179208
132706,0.33824202,0.16852626,0.69997025
117285,0.67129886,0.68592787,0.40830007
136896,0.21366505,0.84424525,0.28769895
103795,0.32001743,0.41607895,0.32251057
117505,0.28658268,0.85749483,0.2388817
137871,0.38415134,0.9793098,0.5837431
139254,0.25026017,0.41901663,0.8220676
129697,0.65570086,0.49452472,0.7065602
118777,0.32027733,0.4898734,0.48594287
130217,0.65589345,0.936167,0.09592518
120889,0.47711286,0.44900697,0.4099834
140116,0.7807759,0.89534825,0.14494433
139850,0.657588,0.7241668,0.53482556
130300,0.95877105,0.39919597,0.36858806
124593,0.36372986,0.4249624,0.49896136
140565,0.5427485,0.35914135,0.57698023
111081,0.7623024,0.5641045,0.5147098
109777,0.68275154,0.2765801,0.4465783
149322,0.5608338,0.4678007,0.4531921
141376,0.57977945,0.48459214,0.31908834
116056,0.6962909,0.5274226,0.44278532
128877,0.6459896,0.936306,0.65877235
134860,0.3466235,0.4268923,0.5399999
117727,0.9723156,0.31028828,0.29038665
109778,0.261306,0.5535114,0.5302077
136065,0.7120467,0.82413715,0.057770763
126393,0.33406493,0.43466318,0.6672754
131339,0.624283,0.88653594,0.27661508
106979,0.67343086,0.4532514,0.35132205
126053,0.4023099,0.46145907,0.34272602
106520,0.351092,0.3797256,0.31044543
121071,0.31550914,0.49553052,0.36509845
138015,0.8437847,0.86699605,0.6157945
106243,0.62810284,0.60978293,0.47238383
137358,0.8911017,0.946533,0.2074961
123316,0.6718577,0.6613178,0.5166724
136975,0.5173774,0.38106528,0.5338335
114861,0.3538637,0.8316977,0.7613681
114435,0.5200903,0.6489872,0.7689787
120240,0.43377537,0.24717893,0.62525284
113069,0.92836636,0.8955266,0.21540406
120518,0.28710216,0.55087763,0.4486589
121848,0.6221717,0.4902691,0.8618433
110401,0.78052187,0.8760843,0.77332604
109372,0.64732337,0.42347562,0.76854974
144512,0.71314114,0.41261157,0.35720125
108055,0.33240148,0.30169454,0.33054793
129869,0.35933203,0.5606271,0.49013984
102017,0.6503334,0.30541253,0.535839
101157,0.40085497,0.3554732,0.39020932
121669,0.3633397,0.37432188,0.32175288
109979,0.33130845,0.62425333,0.5551546
147667,0.66676265,0.55692756,0.47027013
137869,0.31025025,0.49060503,0.5551798
134360,0.40546373,0.8626337,0.3659517
102884,0.4150078,0.3834697,0.72654116
116660,0.2996193,0.9244288,0.42733848
145890,0.2674793,0.45311213,0.5596853
109387,0.7034774,0.8210363,0.15867998
105899,0.26173583,0.77034736,0.61863405
117033,0.37807617,0.46453744,0.51932603
103146,0.7136182,0.8281675,0.5252376
127424,0.3257813,0.8555155,0.3849075
136269,0.49078,0.48221266,0.821705
139880,0.4205741,0.5599097,0.87227076
103749,0.349395,0.357119,0.3861955
103243,0.58175814,0.42226285,0.63663286
108353,0.20307241,0.42746946,0.26615164
145419,0.7834846,0.24166873,0.2844166
109195,0.40208656,0.5151772,0.6056471
108267,0.72381794,0.37169513,0.6561499
133709,0.3477111,0.6914051,0.8933398
131294,0.6750478,0.8540894,0.16109714
120680,0.76035863,0.6449114,0.8785539
139416,0.55000865,0.56594783,0.5512326
118285,0.65779835,0.5860865,0.47507143
120743,0.69032174,0.3891939,0.7992189
135473,0.35709196,0.3601265,0.3733668
110014,0.22465272,0.45326352,0.75149626
147004,0.3764513,0.7801239,0.14336757
141384,0.92928094,0.37713355,0.37326825
141545,0.5234582,0.44213957,0.31354898
101766,0.78200585,0.31792325,0.53084844
108865,0.46861956,0.46814328,0.48558325
117788,0.95164466,0.4213186,0.39422086
108840,0.5881133,0.2582512,0.37351355
113946,0.7313206,0.3516591,0.48565972
114805,0.6843284,0.36830327,0.3128772
104451,0.45742804,0.47953996,0.32487488
139014,0.38411143,0.4121429,0.3641393
149712,0.30458468,0.6581325,0.44435403
103362,0.5240789,0.24352723,0.44385052
141261,0.34888107,0.4808595,0.8674083
123276,0.293966,0.39792305,0.42695758
139482,0.40052631,0.39298448,0.47934377
103152,0.2511804,0.29008803,0.3911305
145238,0.6271616,0.4741934,0.8774666
107110,0.36183783,0.9446457,0.28723782
111762,0.7105941,0.3604628,0.81406826
149218,0.40193802,0.4725501,0.90021455
121185,0.57521677,0.46597844,0.3747271
147062,0.28875792,0.40523437,0.40773278
131000,0.62334216,0.9020042,0.57595587
137150,0.640657,0.4569808,0.65344155
134629,0.3509438,0.36392057,0.5543092
122784,0.31006554,0.4543255,0.43416718
121696,0.9155978,0.410484,0.47305956
149219,0.42609555,0.838139,0.5525055
138426,0.7429213,0.27252787,0.34692636
101812,0.36176872,0.37566134,0.44162345
139424,0.7868375,0.44023317,0.27421007
139938,0.6698859,0.2834894,0.22464497
116754,0.5962746,0.8593753,0.21659634
118550,0.26054016,0.39122102,0.25020528
143980,0.31011716,0.62313473,0.87511635
142655,0.39344966,0.49440372,0.3848081
145647,0.31121394,0.8991815,0.18866955
109684,0.64983207,0.894462,0.20799884
143460,0.31997,0.4408248,0.31032026
148077,0.6047008,0.5350936,0.38770935
100515,0.7100252,0.84507036,0.9255014
123013,0.33804572,0.32055405,0.32754424
131750,0.36572322,0.1974578,0.69329953
104466,0.7073505,0.6939352,0.82305646
131529,0.92735946,0.6360954,0.46707675
114179,0.33198193,0.78610396,0.8930424
147263,0.61513984,0.4090051,0.8490965
105663,0.2767409,0.903136,0.6291962
115173,0.41091678,0.16815223,0.39844403
117748,0.41784975,0.1216786,0.3547944
137450,0.33589175,0.51938695,0.4467157
120951,0.36321956,0.39050275,0.3414053
120587,0.40467483,0.5073493,0.8425594
132060,0.6128812,0.38561475,0.55669314
144254,0.32961032,0.30812448,0.2739245
113507,0.6576708,0.75134194,0.31745398
140332,0.6630322,0.49520427,0.7864384
132391,0.4075969,0.3572164,0.54437286
111052,0.34043598,0.47490865,0.5111513
118835,0.36487877,0.3398161,0.6850323
131365,0.5914837,0.48398337,0.26478386
137462,0.5023197,0.6222977,0.41976964
138996,0.4655786,0.36987212,0.3829776
135599,0.3282789,0.56905645,0.4861558
122970,0.71700335,0.61205286,0.86661106
121757,0.44845745,0.38442186,0.41499847
105386,0.31056222,0.614696,0.57454073
107196,0.43332368,0.4344757,0.5307991
112469,0.7106874,0.63574123,0.3182773
127346,0.3437213,0.4635546,0.26522404
101469,0.34730732,0.89598256,0.5836634
119638,0.71659917,0.79200655,0.09794885
122924,0.23556024,0.66269857,0.7727375
120141,0.25431108,0.30675155,0.6992133
129836,0.61343944,0.41237995,0.25595808
113786,0.3475107,0.3091591,0.5070421
122529,0.843612,0.47687528,0.32452896
107587,0.50378954,0.64270896,0.60403514
140307,0.18427204,0.35451975,0.73721945
102941,0.3804351,0.25745454,0.3008887
113060,0.79468083,0.97571236,0.66692597
110964,0.26475364,0.91902256,0.69536203
137074,0.9008001,0.4798762,0.42284247
106057,0.6533967,0.3261743,0.3256793
117097,0.4295279,0.58683544,0.4468145
140071,0.3017567,0.35836893,0.30386096
116512,0.44138098,0.5196987,0.4623245
106420,0.39643374,0.23429127,0.2991666
104826,0.3635638,0.44980714,0.84481436
101386,0.6351682,0.4093257,0.32214633
100790,0.5939078,0.6105949,0.715372
143819,0.2826727,0.8406396,0.8858124
109501,0.9448353,0.43336543,0.71008795
142923,0.8620798,0.64502573,0.65062493
134963,0.9577513,0.42982015,0.7764321
137127,0.49982512,0.20203127,0.31326833
104002,0.24120505,0.94393003,0.19691512
118294,0.7181479,0.63058025,0.80403
113235,0.28235185,0.5437981,0.86519814
112126,0.33231705,0.34567764,0.76788604
143797,0.5752366,0.6822201,0.8296004
136557,0.55267143,0.4795608,0.5560606
121688,0.46492735,0.3788019,0.7065413
102202,0.6867429,0.3333253,0.91178036
137046,0.37380955,0.49943444,0.6184656
138750,0.66823137,0.4698076,0.40148145
119001,0.24502686,0.28114745,0.30127108
121954,0.32666945,0.94693285,0.4820808
102709,0.8801929,0.5167864,0.3716876
143630,0.4535126,0.4478958,0.694981
114563,0.71971834,0.46366954,0.57289565
142693,0.6960076,0.34441677,0.6815641
108535,0.7375097,0.5602414,0.46520582
122966,0.20838462,0.23805454,0.2987992
115111,0.36347306,0.335444,0.4904561
124460,0.37448794,0.26331943,0.3702303
142411,0.60726905,0.5754788,0.3607392
134479,0.36509335,0.8599839,0.68594104
125505,0.5019866,0.34893656,0.5082357
121459,0.3322704,0.44748232,0.45194963
105440,0.3799475,0.3993446,0.48966274
108300,0.7225074,0.27436617,0.26311472
144981,0.3182329,0.4264163,0.89630884
143969,0.5542672,0.42775023,0.43387002
135252,0.29435888,0.8934166,0.31359208
146134,0.87163895,0.75189185,0.6987067
108894,0.33220237,0.5067663,0.4772432
132211,0.32983303,0.25996175,0.46265277
119496,0.3817949,0.38688308,0.29412916
138663,0.36850163,0.33168527,0.34075272
134243,0.31944332,0.3929834,0.77331287
103819,0.38759062,0.60121554,0.4437974
149703,0.2885939,0.84038097,0.32594386
129392,0.25616983,0.82490045,0.8465666
118651,0.45167473,0.5112642,0.71722245
142499,0.5507761,0.367724,0.42110515
120755,0.40058264,0.548949,0.42662925
129252,0.4379645,0.7949099,0.6103467
107408,0.730015,0.7342461,0.46361232
135167,0.36959115,0.48434278,0.80171496
137426,0.8061394,0.37551752,0.4058643
102211,0.24379314,0.17230526,0.25392604
103051,0.2860617,0.3019881,0.64817977
134585,0.5842209,0.6913025,0.5378205
130672,0.6708747,0.9307593,0.14579584
137906,0.39953363,0.42521426,0.34236294
104802,0.6359806,0.45726246,0.6290593
127410,0.7453176,0.84930754,0.09647349
112173,0.71522367,0.46449238,0.57615167
117016,0.313889,0.21344294,0.22297189
142780,0.63315785,0.44868776,0.58885527
113766,0.28675807,0.8861216,0.92429596
112332,0.3549401,0.90362513,0.19652754
115582,0.31098232,0.3830433,0.77236325
119528,0.5541383,0.41218284,0.64275485
103838,0.44149882,0.56152886,0.762561
148235,0.38896585,0.4043454,0.87974834
148576,0.2142942,0.39077094,0.3448709
129306,0.50185984,0.7307964,0.9038292
125580,0.32830432,0.40338272,0.9347827
101654,0.2995774,0.37448758,0.29335368
105598,0.27026364,0.34915912,0.43210244
133939,0.3018888,0.32590163,0.37155667
101966,0.2879606,0.7742092,0.1467275
108380,0.3557153,0.28974137,0.2930492
137932,0.3064325,0.4280584,0.68864965
109155,0.34353855,0.46391436,0.8925908
145264,0.41411582,0.58343124,0.6024874
107975,0.71161854,0.8454022,0.1974602
125856,0.51036704,0.39454496,0.44212717
132786,0.26428503,0.5550244,0.69462466
106994,0.33828762,0.16896802,0.20955668
111688,0.47089267,0.8395562,0.34227145
128054,0.5758516,0.8630383,0.28749523
140640,0.38502747,0.6438189,0.48271146
137500,0.33279997,0.37077573,0.85508865
108723,0.36864498,0.2736718,0.33079484
101197,0.4066715,0.18326482,0.37058672
117412,0.43334037,0.8472761,0.361358
138244,0.5022065,0.5087548,0.50387406
120053,0.6117641,0.30151016,0.3188261
117778,0.6600271,0.6939352,0.50079834
106025,0.3533544,0.3043646,0.41037217
143010,0.33191556,0.28549886,0.42399684
117538,0.3317576,0.4923616,0.4051734
138700,0.42224365,0.34480023,0.8636198
142524,0.6733704,0.4791599,0.21293995
141800,0.45253292,0.3019449,0.30765697
112383,0.8255824,0.38874307,0.2667289
132945,0.5158459,0.45996496,0.31647688
138784,0.83475083,0.30783835,0.5034822
108764,0.9579477,0.47636053,0.6077039
122521,0.65701735,0.6239076,0.29842538
142765,0.28103024,0.20554818,0.35304198
146297,0.38442117,0.45685798,0.65118784
149066,0.25000823,0.41400933,0.9484302
116983,0.33473837,0.4804283,0.5302538
102987,0.5150382,0.4086998,0.42819294
133068,0.35552418,0.46051466,0.50886154
105227,0.5166838,0.42120185,0.775645
101641,0.7523112,0.41744325,0.3370406
100635,0.41192085,0.2538798,0.40724593
108867,0.65600175,0.2387085,0.22937919
123784,0.6514033,0.3480511,0.8189525
111512,0.35003924,0.2886433,0.2913817
127814,0.30206597,0.23246776,0.7441521
109347,0.2821475,0.4077927,0.47337893
130375,0.2811048,0.4937198,0.54395074
131388,0.26515397,0.31468514,0.28103074
122839,0.690516,0.44193357,0.8869546
113646,0.66010106,0.5547649,0.2946216
141648,0.6316019,0.594772,0.8843652
142275,0.38409364,0.32607746,0.5276779
135617,0.3445724,0.81683403,0.72636527
106932,0.6672536,0.35544845,0.4746929
127636,0.39929143,0.4242213,0.7924269
126064,0.28969714,0.6592029,0.5724304
137442,0.5596486,0.58910197,0.7253889
128931,0.61311674,0.36588523,0.32132465
112166,0.5055165,0.44935787,0.60047483
139651,0.5246435,0.46753007,0.59964067
111683,0.39168438,0.5580494,0.5100814
138366,0.5620912,0.3593011,0.4009646
112071,0.6186751,0.54226124,0.4799853
148532,0.48565668,0.4460739,0.51139027
141412,0.55291986,0.5033113,0.47614628
139090,0.41375738,0.26804614,0.51471364
123773,0.312091,0.3161148,0.6013292
132220,0.3036527,0.4957702,0.2896748
133165,0.35529095,0.43710154,0.4549411
136359,0.40296477,0.23657754,0.31663424
143653,0.4000815,0.38938767,0.6065085
120817,0.6363485,0.4619357,0.32894936
122650,0.3713619,0.21907082,0.3331139
122544,0.7333725,0.38847744,0.45216292
140516,0.28434718,0.44767058,0.48931062
103453,0.25283933,0.5888937,0.36760822
135202,0.49623638,0.82456416,0.29489616
122571,0.42446995,0.54193246,0.59281784
103559,0.30746144,0.53118896,0.30702665
136611,0.86659217,0.6024464,0.29716954
103835,0.42555267,0.3819035,0.34507287
129587,0.34120843,0.8879477,0.23137112
103744,0.26010063,0.44418782,0.85363185
149989,0.4398392,0.12752396,0.43600935
147106,0.28280997,0.30342737,0.42609608
125794,0.41164747,0.46492806,0.38497153
121751,0.36256486,0.52486426,0.6253216
110820,0.63052404,0.89454895,0.27194545
137054,0.21242692,0.5701674,0.31617036
146429,0.7144683,0.3640765,0.3808973
119147,0.23995961,0.75010663,0.38495123
144563,0.7251185,0.7533826,0.7647375
148811,0.35923263,0.3549996,0.46924612
146959,0.92832536,0.6369437,0.54551333
146831,0.71145004,0.14977019,0.42786002
102455,0.3545809,0.6035132,0.49926996
107748,0.43168882,0.4650874,0.6268381
140971,0.40671527,0.2896369,0.6921529
134346,0.38104692,0.8739261,0.16646895
134018,0.3940216,0.8380395,0.7051032
125116,0.7148432,0.50533396,0.8428277
130406,0.46345758,0.32115477,0.5125807
149500,0.47024414,0.28586942,0.46920872
119023,0.36657408,0.31549507,0.30177096
109230,0.30287433,0.32155278,0.43495545
101226,0.5934202,0.48595548,0.7995801
104957,0.6814574,0.52582943,0.39135298
135261,0.5312649,0.2773364,0.44749868
123651,0.6129496,0.9630449,0.53984153
129705,0.39928502,0.51415104,0.73651874
125327,0.36932188,0.39325482,0.3990307
105834,0.39569518,0.24733543,0.5096017
134076,0.24561457,0.56680495,0.46449506
141526,0.69567287,0.34000745,0.2977897
139602,0.93085104,0.26322973,0.4646344
128848,0.24697195,0.17932658,0.4616408
147935,0.4278944,0.35840476,0.33709496
123142,0.29728478,0.27738902,0.6901083
140036,0.3347308,0.7368957,0.24710716
117874,0.19298092,0.25547156,0.24216121
122092,0.38489646,0.4221391,0.45738083
144140,0.96842515,0.30423194,0.34416848
133698,0.44580114,0.3627685,0.28425595
137363,0.28022805,0.33150303,0.774347
104225,0.57958287,0.711161,0.39023557
127953,0.34135133,0.3582545,0.7504089
121780,0.36892924,0.8548915,0.6351281
117346,0.69691056,0.40719754,0.37509477
109872,0.46209794,0.5080369,0.36322755
136387,0.6572057,0.17515714,0.6205716
100064,0.9534223,0.21705209,0.24910405
131766,0.67745376,0.505341,0.57600206
120318,0.20922098,0.3202145,0.71691746
142418,0.3413385,0.25859395,0.7593182
138028,0.21661548,0.3618184,0.33974987
113602,0.36587763,0.27932376,0.6976048
139018,0.72670126,0.15367076,0.40308544
113105,0.33791098,0.31972674,0.30874613
108349,0.36148968,0.3897042,0.3627121
136469,0.39172858,0.45727652,0.30517578
111852,0.4641254,0.40543923,0.523416
135596,0.4523866,0.35348555,0.36898047
122109,0.328534,0.43839058,0.43947697
134007,0.61916316,0.499247,0.835172
135935,0.41965476,0.4388425,0.35625377
125833,0.7721124,0.53945655,0.39018822
103212,0.65550935,0.7194923,0.3497106
107833,0.5652728,0.3969265,0.46205956
140062,0.46487758,0.42497247,0.3904767
139951,0.28327525,0.57741374,0.9561459
130184,0.35520744,0.3853686,0.34116808
134102,0.23432754,0.37688985,0.84737897
103629,0.25408778,0.8061025,0.14458866
132178,0.30421138,0.5438275,0.54194134
112487,0.6791846,0.38270265,0.2295124
140134,0.545582,0.798609,0.13883449
107384,0.2823561,0.53812814,0.78651124
132805,0.33006057,0.32904372,0.40564317
133612,0.9600278,0.39445382,0.29471868
107633,0.29498023,0.51194614,0.729359
107226,0.9012771,0.5615057,0.63859487
138995,0.70520866,0.36321712,0.377696
112611,0.40748453,0.9235098,0.31156826
102407,0.34926727,0.40289018,0.656566
123439,0.39273995,0.2528707,0.87303525
126690,0.8230237,0.27609795,0.3340517
136254,0.27005485,0.3669787,0.55092067
136010,0.71088105,0.3832971,0.3312841
135651,0.27431136,0.30051938,0.7605066
148978,0.36992738,0.90345466,0.23940222
148701,0.72008777,0.3858875,0.84849644
145282,0.32678986,0.21843015,0.34693956
147659,0.39671406,0.4750576,0.47505292
120524,0.65259373,0.48025134,0.82274574
135614,0.667366,0.5120787,0.3334698
135143,0.1998536,0.37157893,0.5557463
148452,0.3450441,0.2056245,0.4125456
131755,0.35750934,0.8675483,0.15114702
102383,0.60602176,0.5363298,0.85205853
110021,0.38578013,0.90401757,0.5456174
113611,0.6191366,0.43551758,0.70193213
100955,0.33597896,0.72246176,0.5215934
112624,0.282266,0.44336182,0.7088891
117765,0.6680323,0.23605576,0.51081073
133971,0.49560347,0.31188965,0.8277829
145448,0.2746405,0.338708,0.75399435
119884,0.2945341,0.4325404,0.5061945
141733,0.64913434,0.56852436,0.48264942
145727,0.5649631,0.40364346,0.3562146
142887,0.3644739,0.50895894,0.57654583
136284,0.58678174,0.6161521,0.73338133
148920,0.70109296,0.47368163,0.3331886
134304,0.6820247,0.44807172,0.71052486
132403,0.8279326,0.26818404,0.40990686
128418,0.9477629,0.21914226,0.4445492
136576,0.36479947,0.58670545,0.733321
113264,0.70037645,0.289361,0.31839627
119632,0.43453962,0.3380191,0.5338027
136845,0.40870094,0.5220844,0.51768553
141730,0.65277356,0.3394126,0.23827809
123032,0.61526734,0.5791716,0.51149946
139641,0.28850102,0.45766643,0.51611334
130059,0.704227,0.906335,0.17450586
126247,0.37296805,0.5086549,0.81073415
125313,0.71220326,0.841561,0.13849992
131020,0.33239633,0.50474834,0.85881966
102346,0.6133827,0.4798271,0.45102197
106424,0.2817528,0.1076335,0.34372023
109546,0.95612866,0.40694484,0.71853775
122854,0.26364523,0.42572555,0.85585797
102857,0.36071447,0.1906047,0.3241836
136844,0.38217008,0.6811218,0.95411754
101046,0.43906236,0.35262325,0.39706853
106724,0.19902858,0.5380832,0.8803486
146288,0.3704819,0.51983404,0.8446849
106646,0.29721728,0.3290787,0.53845793
110319,0.28101292,0.33660218,0.7857016
103530,0.35585058,0.23496844,0.38697338
122438,0.6130404,0.45466256,0.33773157
141468,0.30605862,0.44503415,0.51581216
126866,0.6547486,0.37647587,0.7339324
135116,0.313556,0.62550193,0.44321904
141990,0.6459115,0.47117683,0.38187137
125364,0.4687779,0.85287565,0.34847632
129759,0.32163218,0.31892124,0.30646175
101763,0.74007684,0.5168359,0.50126094
149034,0.44834125,0.47488737,0.4250507
102338,0.8091847,0.8530995,0.79870915
132990,0.86148435,0.88210595,0.18962158
112088,0.5402767,0.4289831,0.34396744
115262,0.60741174,0.244683,0.21763563
109517,0.77388895,0.77898216,0.7354351
147402,0.94468117,0.6108536,0.72434884
138436,0.32796702,0.8543299,0.56503975
131591,0.4560411,0.42360145,0.37443647
146315,0.32250303,0.80034184,0.36551815
140614,0.36206785,0.5398749,0.38679874
115608,0.20802681,0.58223367,0.8645173
130910,0.6700618,0.561511,0.5298712
107426,0.25107065,0.5173618,0.41042048
135923,0.7358876,0.4609947,0.61081666
149885,0.3967102,0.6078221,0.31013778
126583,0.87769586,0.2566851,0.50427145
119341,0.2926817,0.5842864,0.8555697
121313,0.17836858,0.46844608,0.8891553
146927,0.2757887,0.57009906,0.29972658
112419,0.26544255,0.65104145,0.5536833
105545,0.5346751,0.5705288,0.21244025
137786,0.19590908,0.9855121,0.13546121
102842,0.51181394,0.4721282,0.80745995
147178,0.35005018,0.4139802,0.26847714
117790,0.34232396,0.24569917,0.44149393
100269,0.5861225,0.6212763,0.6828249
101072,0.3858456,0.7807675,0.5499331
105086,0.24347708,0.86014456,0.2014227
103224,0.6478955,0.3471837,0.3418558
144100,0.35699144,0.5278029,0.71016574
100348,0.41430193,0.37530962,0.34297487
125239,0.31228906,0.5749766,0.57820404
115986,0.31789413,0.27892983,0.32663426
114706,0.6222284,0.19937645,0.43366763
134521,0.7477019,0.8744643,0.1775093
115289,0.37132365,0.36360937,0.3206636
115135,0.9046899,0.46186754,0.33897042
136009,0.652249,0.3510085,0.7537484
137098,0.36025777,0.27601266,0.37821877
142564,0.769899,0.67292666,0.49251825
149650,0.8982416,0.37743756,0.7883565
141837,0.30526355,0.3030548,0.46038547
119105,0.71322924,0.18873666,0.31866762
138624,0.27653933,0.45245284,0.89747834
128131,0.669101,0.3597844,0.49654573
141003,0.29469377,0.4408598,0.4055819
144499,0.6282747,0.40930745,0.40218025
141171,0.6308814,0.79659694,0.19694422
112902,0.37850383,0.31531793,0.5364133
113393,0.25713694,0.5399867,0.74171424
135001,0.7139502,0.2788196,0.35455668
103371,0.38423282,0.4355977,0.3677169
110337,0.9429582,0.52615863,0.74633485
137978,0.32332513,0.4400971,0.2907628
109572,0.48006034,0.4116988,0.4861437
146101,0.4174064,0.45813793,0.86707526
138896,0.62110364,0.42593268,0.8670959
125255,0.4401186,0.33178884,0.74427634
118848,0.397476,0.42809165,0.50542
125552,0.6923861,0.51547664,0.41943327
132292,0.39254603,0.31421456,0.36668947
100055,0.32107115,0.34809,0.34932476
140634,0.38403487,0.288521,0.3623929
142919,0.42036816,0.46585205,0.61228526
145395,0.22349706,0.53345805,0.37312943
131614,0.2702925,0.9504726,0.27376792
130578,0.7677036,0.91655046,0.1366036
105368,0.36015496,0.27433607,0.7341282
117530,0.3306867,0.8426922,0.14102136
119384,0.57040316,0.40978792,0.3902804
146865,0.36586735,0.40682343,0.85083884
100608,0.69950265,0.34381723,0.2609785
106041,0.64776844,0.8925684,0.72724015
142071,0.48949695,0.8584686,0.63294953
114961,0.40365282,0.3720915,0.5388741
135519,0.44938815,0.84671074,0.24341646
136703,0.3380536,0.62437797,0.5791944
117884,0.2945758,0.51289576,0.8376886
133800,0.24723315,0.20889427,0.28261328
107501,0.29970676,0.83939993,0.15390077
128875,0.40233228,0.22979139,0.31473842
120104,0.35969123,0.6170209,0.4831426
139818,0.8900421,0.57239366,0.45570397
141750,0.64054644,0.41660905,0.39235428
100351,0.72374296,0.3237231,0.8826625
146354,0.7564789,0.34390822,0.7562616
114365,0.28258535,0.31355068,0.77260894
102028,0.70061374,0.4568688,0.3583283
133138,0.48321095,0.43541202,0.48987937
142343,0.39637455,0.38805693,0.42201898
118561,0.71830106,0.5644156,0.32988825
119592,0.5194497,0.22947305,0.4715912
100715,0.30582565,0.39348125,0.7592137
100620,0.32766747,0.2875157,0.36137813
121505,0.75468993,0.30839372,0.43033227
129397,0.9359107,0.67271817,0.84430265
146977,0.4216705,0.8850689,0.55083877
135608,0.2889219,0.18234043,0.338164
110323,0.25480163,0.29647702,0.53106755
116922,0.26391095,0.3871442,0.34001338
139669,0.6047302,0.50041896,0.87634975
122292,0.25180054,0.31589055,0.32348937
147784,0.79867744,0.7393246,0.42652357
145527,0.4404636,0.5330377,0.45516938
124430,0.24881451,0.46390015,0.8564309
119998,0.743147,0.31112456,0.5128078
103280,0.5696461,0.22235544,0.2983549
120381,0.59844935,0.39794576,0.2802759
132846,0.77233565,0.2923256,0.40744245
107716,0.46353894,0.3517292,0.5390478
117614,0.69107807,0.48480707,0.9050975
124611,0.8873595,0.5482628,0.57231635
144553,0.3551289,0.84509,0.5587027
113900,0.3181697,0.16061251,0.354973
133205,0.32984102,0.43954054,0.62993443
110710,0.41015568,0.21363184,0.28305003
142860,0.34593734,0.29353866,0.42504466
140053,0.75539225,0.40343556,0.3883645
120907,0.51988494,0.47127005,0.53201675
101164,0.3424721,0.47841293,0.39177853
134779,0.27424902,0.50401884,0.7923349
112118,0.787687,0.47920227,0.37248832
106687,0.42731705,0.31390116,0.36536384
119017,0.2034695,0.48680878,0.8791304
109407,0.4951642,0.4100286,0.7620594
107499,0.94026953,0.30323997,0.2509882
100316,0.6771144,0.33558163,0.3183936
127548,0.66650355,0.41060293,0.3848744
139988,0.5669483,0.28986987,0.2120526
102693,0.29659343,0.32702368,0.23254175
149548,0.8253499,0.7273859,0.5480508
103415,0.62754864,0.21685778,0.25426364
115414,0.35005087,0.32672453,0.32414457
123642,0.34318915,0.24098414,0.31892067
119579,0.3874439,0.5013524,0.34684658
118799,0.3183778,0.36720273,0.7755138
101692,0.41149592,0.3470998,0.66956276
113166,0.42440802,0.4647832,0.66580564
120787,0.7983902,0.29586774,0.40603942
149417,0.77425617,0.57145315,0.7255306
132521,0.3145968,0.41855478,0.81668866
108538,0.25736746,0.3101981,0.35547355
121044,0.52612096,0.77695173,0.33978242
120138,0.20867014,0.42637867,0.46287355
127826,0.3146822,0.25940043,0.43128628
145516,0.3552276,0.50471824,0.80924684
126137,0.341176,0.6244605,0.36772618
129121,0.7425192,0.87551606,0.13996169
121880,0.30707452,0.48806196,0.6976877
123881,0.34010103,0.7976811,0.19912006
147725,0.9553305,0.22684239,0.24556234
127336,0.8540638,0.8725808,0.58814675
141275,0.43043643,0.27817303,0.4249762
116671,0.30850607,0.29731622,0.26471245
146609,0.3066321,0.51923704,0.35572383
111055,0.6702742,0.85637206,0.15399155
130576,0.40160632,0.4111816,0.82819957
135831,0.37477297,0.8143588,0.3807051
129080,0.88813514,0.6032973,0.8972137
116214,0.33700114,0.29935834,0.8936748
110653,0.4254135,0.32965636,0.3725026
133438,0.6958602,0.5244289,0.77059984
145933,0.96241355,0.32102475,0.3968438
100915,0.27697045,0.4078922,0.35675904
144184,0.2872832,0.7841147,0.184806
108756,0.6084529,0.75677145,0.24258335
142187,0.6372331,0.8266013,0.63526577
147895,0.43287167,0.3288565,0.46752155
105349,0.56263155,0.8426229,0.118765086
132339,0.6485636,0.70145553,0.2794498
101230,0.33097965,0.9202066,0.1648195
128246,0.61585313,0.48931712,0.8517351
107749,0.7377882,0.84503037,0.29198152
140348,0.43105486,0.41971543,0.3864828
133105,0.9216787,0.69179934,0.7327099
118842,0.416485,0.57674545,0.8022169
103223,0.5461428,0.48783898,0.76339966
116966,0.27349976,0.22816458,0.39316761
135638,0.7982058,0.40832168,0.3046097
109593,0.66399467,0.3023314,0.4032534
138255,0.5478662,0.7881736,0.94704187
101002,0.4154932,0.32982302,0.37051192
140472,0.9546445,0.90520257,0.79348814
141902,0.44605687,0.23986207,0.76688594
141938,0.3596055,0.22736116,0.70224327
105183,0.9190149,0.5171805,0.5426358
115737,0.2510493,0.9455631,0.78715855
113178,0.33724934,0.38576004,0.6994038
113562,0.73158985,0.46859375,0.53159404
112947,0.32078588,0.86913127,0.22047292
135598,0.83327997,0.6470125,0.62470114
114164,0.6510769,0.39692283,0.36736643
101279,0.7556997,0.8875346,0.47395322
107231,0.6145177,0.68785244,0.5279755
137682,0.3764464,0.3327744,0.46008033
105752,0.21702446,0.2994158,0.4179312
105765,0.42647743,0.51198864,0.47272077
142206,0.37372562,0.33441898,0.44219002
121629,0.30651113,0.4369804,0.5461638
111192,0.6845247,0.8656554,0.21370372
130736,0.3015642,0.48394525,0.53287035
105418,0.59832543,0.3467596,0.4721398
135065,0.29927236,0.2783361,0.43520385
146301,0.38030404,0.28447247,0.3213729
133923,0.48103678,0.3102931,0.74332774
112816,0.39527804,0.60247356,0.43619967
135368,0.31371844,0.41844833,0.49892798
142714,0.30877042,0.36789805,0.38298228
148097,0.28054002,0.7949991,0.38159537
136471,0.33945683,0.39026126,0.25218612
109169,0.3665471,0.29046494,0.4555707
120874,0.8390736,0.37736443,0.54282415
102456,0.21954599,0.4124183,0.5757226
113546,0.646617,0.21390381,0.2693465
134504,0.34531334,0.8017656,0.17361332
100988,0.29826653,0.604613,0.45292953
107984,0.41870764,0.34599292,0.38530245
147805,0.42323682,0.5086494,0.47333923
136418,0.45146126,0.9102254,0.5560892
100078,0.44385034,0.33981085,0.39366192
145353,0.30377862,0.34077817,0.49421048
117181,0.7240757,0.3612828,0.4676745
109221,0.41998467,0.46399418,0.68457115
103538,0.44297183,0.21408711,0.43465647
148238,0.8822633,0.8771526,0.4243885
121831,0.78144777,0.45429933,0.41275933
129048,0.7054659,0.39638454,0.41768104
108286,0.34372896,0.78772235,0.21354014
116405,0.25741053,0.35170627,0.21797565
107103,0.3759467,0.22131947,0.29708332
124958,0.7545792,0.3781561,0.55465585
126633,0.3206253,0.89210254,0.20587918
135219,0.3035523,0.48254353,0.8196812
131473,0.79184705,0.4620956,0.6384977
109868,0.34758776,0.9028278,0.2988428
138221,0.41814086,0.47582632,0.6858793
129940,0.79785776,0.56442064,0.5819235
143911,0.42290238,0.3852215,0.48930404
135884,0.3907437,0.49059516,0.7390113
116356,0.5815549,0.3468776,0.40783682
108977,0.69930845,0.76601946,0.16808334
120347,0.25790936,0.4568031,0.8978777
108223,0.74999475,0.76198304,0.6876818
140859,0.64525646,0.844665,0.5913541
100142,0.7976525,0.3025068,0.26642224
148416,0.3069646,0.87085503,0.2540377
133567,0.91907096,0.27294263,0.6574682
117714,0.6505186,0.12750392,0.29778305
134819,0.6781005,0.5833969,0.5251754
149312,0.4961778,0.46925402,0.31375983
135423,0.33540168,0.42079055,0.85463756
115926,0.270117,0.5332396,0.87464315
118462,0.3872538,0.5535545,0.5229374
148484,0.3974601,0.79474777,0.7291011
110204,0.27986085,0.40735412,0.48690444
100506,0.42435694,0.50141615,0.5423113
137021,0.28649515,0.500173,0.54182225
105302,0.31684342,0.4514682,0.46919784
135281,0.37486145,0.47673222,0.7799723
125885,0.6889941,0.45856246,0.43611947
132625,0.32100466,0.43590948,0.8301109
112474,0.25453803,0.5312668,0.8978143
126887,0.51905054,0.33455572,0.3111425
142266,0.25796118,0.5263976,0.8824574
138841,0.94507235,0.51359564,0.45651802
127241,0.4223857,0.48978096,0.56198627
101319,0.77124774,0.46843135,0.8410261
109324,0.53510267,0.40294534,0.3847467
109752,0.32968542,0.49742505,0.8337628
114339,0.27593765,0.40783444,0.7591273
131026,0.37456495,0.38545567,0.49246272
137986,0.594828,0.40183985,0.57485455
130225,0.28904283,0.18789351,0.29192242
124740,0.2683096,0.2616679,0.5046647
114093,0.34319314,0.88618374,0.14699312
138076,0.41463956,0.7625885,0.6801931
117789,0.24672617,0.20884241,0.37600574
119436,0.35601604,0.29540965,0.4338307
132165,0.76888144,0.45205668,0.30053148
134893,0.42779168,0.43722045,0.6952631
148260,0.6413171,0.44600973,0.20958312
144779,0.3904898,0.45152682,0.35959136
120129,0.36633307,0.60473895,0.78126
137384,0.44961408,0.48120984,0.831773
140538,0.5077447,0.58806384,0.36880445
131784,0.6708327,0.72363675,0.35558
113755,0.40177774,0.315336,0.40221697
117007,0.29045907,0.28974453,0.88982415
147277,0.3376225,0.83501613,0.24582808
137492,0.43259314,0.2527907,0.37525192
118475,0.60625446,0.43471578,0.7332578
120599,0.20795952,0.8608121,0.13686255
130167,0.2600515,0.52474415,0.7990367
121491,0.35882968,0.39588413,0.7225245
135547,0.3185384,0.3351449,0.4510595
125782,0.590001,0.4786206,0.5448993
111362,0.7329163,0.7227214,0.68190926
139106,0.3776062,0.24578607,0.6052932
136361,0.34120998,0.4921795,0.457799
109178,0.26493078,0.8885413,0.9088025
118513,0.34020165,0.32107064,0.22873083
137218,0.3124066,0.45388323,0.41415384
136664,0.30017388,0.40284473,0.523365
129804,0.39745915,0.5959033,0.470091
120560,0.3830327,0.46731287,0.7087816
144877,0.76584464,0.48932877,0.7667206
125690,0.33980814,0.4660492,0.2820077
123558,0.36337048,0.396969,0.6293291
108189,0.5608835,0.486149,0.70285267
115568,0.65090626,0.5147395,0.89947015
123331,0.36900693,0.36765704,0.34399858
126306,0.3573934,0.38682804,0.38041937
110275,0.7565878,0.61738884,0.81487983
145669,0.559056,0.6931299,0.1710715
110513,0.35174218,0.7863967,0.14147942
146924,0.29628354,0.56821305,0.43485874
102728,0.39961866,0.23187812,0.30604157
118155,0.7193263,0.88764423,0.13065135
136575,0.35711357,0.46688694,0.4042403
127490,0.4019023,0.34555817,0.532843
103647,0.43745148,0.32380188,0.30899146
116278,0.299509,0.30824357,0.28362375
110873,0.16089652,0.58122194,0.9224216
140143,0.31620827,0.52558935,0.88453656
102849,0.9427594,0.5404513,0.4212041
115520,0.25312465,0.54668105,0.7171858
125700,0.38548243,0.6212779,0.45101848
102717,0.3603575,0.8854556,0.33977735
128437,0.4018761,0.4086648,0.37990582
103696,0.7267728,0.6778954,0.5490006
125784,0.90895003,0.5628549,0.47560695
129341,0.6794216,0.3336149,0.76029986
109944,0.27061835,0.86383086,0.59522945
137837,0.24785346,0.4076581,0.6911924
125211,0.35428467,0.37549192,0.74917465
135484,0.31701496,0.16019833,0.4508579
112518,0.7861233,0.74131984,0.66513795
138303,0.43158078,0.49604946,0.58179694
125200,0.37501398,0.8011284,0.54314
145480,0.32745028,0.37301934,0.23362786
144799,0.521045,0.44028252,0.6082425
110230,0.33109513,0.43608874,0.4343623
128432,0.4471385,0.19621629,0.7539403
108863,0.2836874,0.3857547,0.8036892
148886,0.74000204,0.28673202,0.8313094
126630,0.6116277,0.8621603,0.26695365
105396,0.42994636,0.87955093,0.20034549
145352,0.2677554,0.3214213,0.4231136
137394,0.46430585,0.26768157,0.2827957
106907,0.6972565,0.48235518,0.5091985
144033,0.3462895,0.7326735,0.25331795
112856,0.30020037,0.27980554,0.3442815
118951,0.43264702,0.5047564,0.40050548
147720,0.70650053,0.31466588,0.43599975
106619,0.48096684,0.46185842,0.41975236
122859,0.37042096,0.67028815,0.30593848
131843,0.5825647,0.46203503,0.52203286
100339,0.4628564,0.5142899,0.32244375
100192,0.8053132,0.38907024,0.45335367
120418,0.7985395,0.18197052,0.27444315
125724,0.7856429,0.928029,0.10688483
140931,0.5343509,0.6872139,0.83158046
104016,0.40248477,0.16762571,0.79011065
115831,0.28457856,0.3904873,0.43342867
106675,0.40697548,0.9829116,0.6082577
141746,0.4892693,0.5003794,0.5381433
105129,0.63617826,0.7569192,0.4743147
144160,0.33487532,0.25206935,0.39067268
132426,0.37805912,0.6448065,0.51242673
136630,0.6092147,0.43238714,0.7786503
141123,0.16856925,0.3654766,0.6894458
141329,0.61744964,0.31725347,0.32891732
125657,0.6725602,0.31321976,0.4249872
142126,0.1786729,0.2883153,0.5689677
106627,0.34198058,0.33033973,0.31725824
104242,0.44973755,0.4137787,0.54377407
144716,0.29613966,0.29254657,0.75259113
122154,0.9005506,0.57165253,0.48436
114957,0.2875891,0.28416675,0.61007714
118346,0.69451344,0.32439476,0.7457789
147083,0.3696734,0.41006407,0.46065098
128811,0.2986364,0.51250017,0.317036
132190,0.59403545,0.37028247,0.79481775
107640,0.5152712,0.85337424,0.098520465
137423,0.6711817,0.5600638,0.76028836
128934,0.33842802,0.38939175,0.578084
110089,0.73547834,0.4858769,0.6371255
139374,0.37561983,0.35278648,0.3720024
104069,0.46808827,0.19810504,0.33498827
129518,0.2591701,0.48333636,0.3899595
133476,0.69317806,0.53431875,0.40423763
144610,0.5857829,0.6555483,0.7537176
100295,0.25169507,0.41652083,0.5955695
144782,0.33155876,0.52495795,0.39785042
110648,0.39490646,0.3121099,0.25390324
145524,0.66432124,0.20381403,0.4483028
145106,0.6609414,0.33194837,0.43528676
133633,0.74796057,0.47237328,0.531281
110104,0.37960586,0.41459993,0.5880273
145902,0.4655557,0.21548484,0.30428347
139562,0.35926965,0.30924553,0.395699
147752,0.35727853,0.3623081,0.37932953
130999,0.5981704,0.41141704,0.2602721
104432,0.32352376,0.9037632,0.9141002
137318,0.6798836,0.28268585,0.34967276
145003,0.47671255,0.32419276,0.35574952
107225,0.5788327,0.91296,0.1625278
142216,0.3291544,0.57745856,0.72902894
112472,0.3877664,0.5151499,0.62365633
145155,0.9216551,0.33126354,0.36673635
145433,0.39701372,0.2672782,0.4201024
140820,0.29899427,0.5952346,0.55615145
113843,0.37598017,0.54526263,0.9518286
101747,0.9603345,0.40269917,0.48021352
100829,0.9150864,0.50832117,0.74162954
144883,0.34845135,0.40436375,0.6667699
129566,0.44731498,0.6257158,0.46231624
149353,0.31884116,0.40774998,0.5433104
147540,0.47985926,0.352048,0.33486575
136726,0.92534566,0.4810509,0.4226162
129372,0.71162176,0.32149005,0.58440006
139606,0.35335943,0.74295276,0.21304972
140678,0.7059586,0.3712706,0.44994542
127832,0.3250769,0.48534152,0.3317865
136634,0.29817373,0.618501,0.3370502
142427,0.40038472,0.7677973,0.28396755
122391,0.41554597,0.5647666,0.73942244
125762,0.3458736,0.32370883,0.22210765
132626,0.46560186,0.40597588,0.40466437
129429,0.70361394,0.8513723,0.1857989
145976,0.3121,0.26455808,0.29132077
109496,0.25537902,0.5025159,0.3461163
101663,0.6458949,0.33687776,0.4566715
100221,0.5758562,0.44962797,0.5678899
123861,0.6631971,0.58616865,0.40184194
146426,0.6284075,0.517666,0.52358454
106922,0.3207731,0.20335443,0.37714463
137571,0.25306955,0.35680425,0.8956946
124863,0.5963854,0.2343455,0.42946917
117514,0.28995338,0.49635282,0.33267063
112286,0.62570864,0.56472963,0.6987511
100670,0.51769376,0.56713665,0.43240052
143188,0.727372,0.35660836,0.79151183
149314,0.4261601,0.45503804,0.40146866
111613,0.6258203,0.38603228,0.37830958
147763,0.19104747,0.15420784,0.2648079
109320,0.54798275,0.72198534,0.29648033
122481,0.51543313,0.52806556,0.49959394
121114,0.686222,0.36758232,0.19588184
107061,0.32590386,0.44486022,0.7698651
109547,0.51170945,0.34283108,0.2983224
139843,0.365326,0.5621269,0.43309596
136841,0.33379564,0.39432797,0.46962142
135520,0.33404443,0.47268403,0.21385935
120208,0.41048053,0.41481167,0.4428301
126256,0.355394,0.18537197,0.25780702
110437,0.84195185,0.35983256,0.48170447
149602,0.4908958,0.5465043,0.89835083
111636,0.28934798,0.37482142,0.3278314
148792,0.2588421,0.330651,0.73678035
111591,0.9095234,0.66352135,0.5822741
123865,0.31908342,0.537612,0.36348233
117688,0.3419784,0.41784415,0.35554478
120448,0.3993607,0.785249,0.16992682
120684,0.31379464,0.307504,0.34648314
141086,0.28959024,0.33848077,0.3112958
102489,0.7849698,0.2288265,0.42203435
132070,0.420735,0.4349329,0.71267116
131554,0.2938275,0.31170866,0.26823005
118395,0.50487304,0.35519034,0.34619322
126434,0.67279774,0.41766527,0.4075941
141315,0.8022175,0.38280827,0.3605711
101039,0.3726649,0.38061753,0.480975
134252,0.35520625,0.3894247,0.43050134
115082,0.4449729,0.24399152,0.3342335
116331,0.42617553,0.42724147,0.81505245
102841,0.6265244,0.8745102,0.2743995
147780,0.9159555,0.5815485,0.48770887
116119,0.37387234,0.6539449,0.43569762
122606,0.27511337,0.5425189,0.4076613
143638,0.6694603,0.2901524,0.22611934
137228,0.22359437,0.32486886,0.71077186
113348,0.56176645,0.3309925,0.38970628
104592,0.31045943,0.44426924,0.59256023
143185,0.59183246,0.41649684,0.32122558
140984,0.39093322,0.317141,0.36290455
137369,0.4257012,0.86500245,0.5168073
115343,0.29532918,0.40437514,0.8593434
122226,0.6804327,0.54799676,0.6483054
113096,0.6501922,0.5184447,0.64939266
116060,0.28364944,0.22823769,0.76425326
127787,0.4322392,0.84515876,0.91845834
128368,0.31665024,0.4620169,0.52296835
116023,0.6000873,0.5960299,0.52770966
106242,0.35952386,0.53419226,0.47275892
147774,0.45186004,0.43332958,0.3381869
115981,0.4330627,0.3119635,0.7736765
131845,0.37317994,0.44083178,0.33682105
127218,0.28066283,0.9309518,0.20610237
132414,0.63318413,0.8392274,0.16940612
129947,0.5638665,0.5437209,0.8074924
129388,0.36752015,0.38643435,0.36054868
121070,0.6033029,0.3590624,0.80319834
130405,0.92692643,0.79700875,0.87744534
122905,0.43435815,0.571997,0.57721096
139322,0.7132407,0.48287967,0.48747027
100251,0.6683904,0.2255169,0.2987101
110650,0.567838,0.5109975,0.6283371
135390,0.4222071,0.48853847,0.3412426
129257,0.30459344,0.49674428,0.39052412
131305,0.41984087,0.5736236,0.7782082
102452,0.45710224,0.31090328,0.45773274
103579,0.2708,0.24199669,0.6605948
126126,0.71394813,0.40208837,0.39398688
147449,0.36850402,0.3047915,0.4310202
102754,0.7982499,0.5963583,0.38359123
109865,0.86975193,0.5049463,0.760731
130285,0.59647083,0.59023595,0.8208172
117648,0.3250869,0.3839928,0.9120514
148232,0.45217326,0.89449364,0.41829914
105293,0.35715002,0.26675314,0.37589687
116461,0.61466694,0.33598226,0.40480995
126655,0.4632371,0.35876012,0.50052637
129379,0.43457735,0.41724536,0.45355162
119129,0.4260915,0.5388497,0.5720228
115508,0.37828133,0.80467147,0.5156806
121330,0.34258646,0.48502666,0.41389725
102108,0.39573267,0.30441293,0.24922341
112340,0.6923774,0.40838307,0.86324286
105084,0.18044867,0.80426705,0.97139716
111024,0.4247692,0.23247316,0.42470318
117997,0.47785228,0.2579646,0.42294243
128556,0.750338,0.5502201,0.47242814
133824,0.7181837,0.3362575,0.29059955
103927,0.43236288,0.5549857,0.8011502
130688,0.6546428,0.2905393,0.42509544
120030,0.30528978,0.36109483,0.3675569
121060,0.70304674,0.28301105,0.34653267
121558,0.7129847,0.39198935,0.6823504
144170,0.715766,0.36577368,0.36714357
145755,0.96088934,0.36988842,0.30083537
145555,0.46580604,0.31858593,0.31174424
124202,0.36748362,0.2512795,0.4451297
148732,0.38992652,0.38591397,0.3999785
121163,0.8710014,0.8469574,0.720253
124649,0.67253,0.3683824,0.2664174
128524,0.38967866,0.52123374,0.69825584
102380,0.3566337,0.3135844,0.4142111
110123,0.3368248,0.2844505,0.40965748
114409,0.30210644,0.26969504,0.26975423
148875,0.3095922,0.56045383,0.8732832
148367,0.41825494,0.7985797,0.65672743
117093,0.36113063,0.85484976,0.7917389
134341,0.43475142,0.6054437,0.8451006
119958,0.9309369,0.836953,0.20063865
105610,0.34745088,0.37603593,0.51367605
113760,0.5060432,0.261144,0.37616396
115533,0.40629277,0.47179374,0.40581766
108186,0.3578304,0.37300166,0.59385365
133828,0.3327228,0.9691094,0.8381334
148339,0.67475367,0.501997,0.7665986
143318,0.9486535,0.30845746,0.25727263
147381,0.44868368,0.7392762,0.7999744
110880,0.9192244,0.5125186,0.7633024
112060,0.3188795,0.40219206,0.85599685
149684,0.34998304,0.6258686,0.6965223
101253,0.4713006,0.7731614,0.9462945
107317,0.91963327,0.9238937,0.3635703
102106,0.28910717,0.47727162,0.27449507
115700,0.73715246,0.5121053,0.45763335
110062,0.5723379,0.48438922,0.68553245
135364,0.728651,0.7199676,0.5666821
124710,0.31258455,0.5771527,0.41187415
119191,0.35594636,0.39840338,0.33005175
139168,0.34024155,0.8079453,0.32588145
107405,0.36555228,0.25255355,0.42615312
112881,0.6474139,0.64863896,0.44399318
132550,0.60055745,0.22756162,0.39428946
107871,0.55132794,0.44438747,0.34044233
128987,0.5463623,0.4694775,0.52253616
115584,0.48119777,0.41445994,0.8115287
108908,0.6513171,0.6722653,0.7699743
111255,0.42758396,0.86188203,0.6476043
122757,0.4359088,0.58663845,0.73744994
142516,0.35916373,0.4840556,0.6993589
103234,0.6810009,0.21876216,0.4032562
129052,0.2090812,0.3191733,0.3920012
109026,0.64223087,0.34612414,0.29563323
120663,0.29151738,0.19043988,0.71837175
138690,0.3521965,0.3199553,0.40650618
127297,0.85178155,0.5849569,0.80575246
100689,0.5554328,0.5866401,0.4594864
105176,0.8256138,0.3998894,0.36870837
119190,0.33274165,0.35816097,0.56787455
107725,0.36617935,0.5070089,0.34520754
104612,0.9463532,0.47855183,0.740266
107385,0.32904062,0.23775999,0.39778847
138529,0.27430803,0.5939206,0.769436
109248,0.8017597,0.81853086,0.13071445
107355,0.35303867,0.35702622,0.52801174
119452,0.69272316,0.86822605,0.3103087
144116,0.38589156,0.48160106,0.71123475
122816,0.7226733,0.8168315,0.6967441
133083,0.24907142,0.26693526,0.2830203
125633,0.34409043,0.29454282,0.3252935
146700,0.21318543,0.40340284,0.7522324
124999,0.34161574,0.3712037,0.8028782
148127,0.25433472,0.8315748,0.19693866
106194,0.6376283,0.43115714,0.23541611
126188,0.5519886,0.31225434,0.43292457
110949,0.44397432,0.8202965,0.20498925
146048,0.23408191,0.29200736,0.4380951
146894,0.92993087,0.89392126,0.7071774
136491,0.7864738,0.8441635,0.89703494
148865,0.603282,0.40938383,0.4047052
107783,0.5019628,0.8666219,0.61501384
103192,0.5185768,0.44763622,0.47805974
132264,0.25828427,0.6371888,0.6525817
149583,0.33987948,0.6130327,0.5237978
118773,0.33211815,0.60134804,0.55966175
126214,0.34469327,0.48497003,0.5775201
148960,0.3216834,0.3839901,0.6816748
143162,0.94400334,0.8503017,0.27269176
143160,0.54825145,0.5865673,0.21323837
127555,0.6487699,0.35177085,0.47907177
141182,0.76377416,0.21409611,0.44785514
107427,0.47030288,0.30005407,0.42646
144975,0.643379,0.4595447,0.22684292
129476,0.30833277,0.3472813,0.33601594
117436,0.6148411,0.47908774,0.3778026
115020,0.9227805,0.39814168,0.3998855
115325,0.29604676,0.47547048,0.7444983
129802,0.37239063,0.35805395,0.36410058
142837,0.29869515,0.11965623,0.7009011
108841,0.43298626,0.5285221,0.4373381
115387,0.3079692,0.6240412,0.49798387
143757,0.23247805,0.39264902,0.35263452
139816,0.37711433,0.43421337,0.77157223
138894,0.450018,0.66302526,0.6779646
142750,0.31371716,0.3710813,0.21255927
140600,0.60288274,0.37870014,0.2645225
105257,0.4938273,0.5958867,0.7642658
130153,0.2976316,0.3283484,0.34525836
131224,0.42556518,0.4163935,0.7407442
133443,0.34181565,0.7341968,0.52857757
122090,0.7538312,0.6119661,0.57000554
131687,0.55836785,0.43435398,0.3491116
130268,0.9234348,0.63799363,0.4803246
140782,0.3114822,0.57986605,0.46898347
103621,0.37418556,0.42813185,0.5986597
104048,0.2783067,0.5668271,0.4958438
126016,0.34822318,0.24170595,0.48839694
116133,0.6986771,0.31224653,0.39379197
109859,0.33835807,0.47586915,0.5040858
105546,0.34797534,0.2714304,0.5093718
100209,0.47052878,0.31372938,0.30026788
120252,0.29500666,0.2721176,0.7348552
128840,0.31192404,0.14728506,0.23705438
134932,0.7527519,0.62559676,0.92281675
132319,0.22247125,0.30981252,0.27784455
103156,0.5414032,0.26631528,0.5704013
123017,0.31978175,0.2752271,0.8372633
149336,0.3265494,0.42956597,0.7778314
142261,0.5691458,0.25958037,0.2960474
106392,0.6371058,0.42938846,0.3270095
145788,0.30884746,0.41351375,0.8646257
141163,0.56734425,0.53316444,0.39780545
117151,0.48915175,0.27099174,0.48279107
145205,0.8451465,0.8577466,0.38748813
123810,0.25564584,0.5169154,0.80573636
101258,0.33947074,0.4385218,0.2655164
123577,0.93159604,0.6632802,0.47249696
100432,0.94489366,0.8542329,0.23659903
123233,0.26709503,0.19613044,0.27488253
120712,0.38520515,0.49531737,0.49401128
112064,0.42366338,0.49782264,0.5502799
109231,0.5674074,0.5042218,0.35197055
148645,0.7378825,0.26861703,0.30740643
117182,0.42320615,0.41023546,0.36084822
110883,0.34131685,0.3886291,0.38527492
145268,0.736142,0.842722,0.13153987
135810,0.4117347,0.32579592,0.34377056
123671,0.49138615,0.3632311,0.54922676
122744,0.3749409,0.46962306,0.25137448
124955,0.804183,0.35981625,0.6711592
109921,0.37561736,0.21061133,0.36785066
128562,0.3733238,0.2994185,0.2993282
145909,0.31512165,0.61843824,0.5952595
137178,0.50393,0.43519202,0.72840387
122861,0.2954631,0.42765924,0.32745835
146707,0.5803669,0.5550025,0.50132275
128712,0.8709274,0.50380915,0.61337316
114514,0.9528626,0.86743766,0.2607522
118613,0.3025496,0.7962177,0.26307186
101281,0.6303009,0.40169063,0.47263354
117456,0.3007171,0.7950736,0.9140952
116108,0.5869565,0.8711457,0.25763842
145702,0.37949467,0.51299965,0.6181905
135662,0.69002885,0.92363083,0.23508655
129444,0.49086523,0.40641347,0.618769
108587,0.38062805,0.44541308,0.3653211
101602,0.321633,0.50709516,0.30966428
114010,0.24005026,0.22426468,0.3649761
125811,0.74163073,0.38603947,0.48134694
128247,0.40292847,0.3922423,0.5274038
134173,0.34233725,0.5379319,0.5623472
118335,0.34890082,0.21673802,0.16950862
131214,0.40230328,0.5193813,0.32930726
149344,0.6922559,0.33274233,0.26280338
