id,sales
1175653,3.0
1043951,7.0
1468880,1.0
1348158,0.0
1402063,1.0
1011714,17.0
1368106,5.0
1263736,38.0
1321292,24.0
1343296,143.0
1206319,71.0
1176675,40.0
1047912,19.0
1143941,1.0
1113670,0.0
1328057,8.0
1084728,10.0
1274231,7.0
1227123,5.0
1017019,4.0
1214056,85.0
1204218,3.0
1005862,38.0
1262953,16.0
1322497,1.0
1066422,21.0
1121773,3.0
1397373,19.0
1262413,10.0
1412394,7.0
1252921,8.0
1229305,6.0
1253976,10.0
1361689,8.0
1148115,6.0
1267588,3.0
1357807,5.0
1445884,17.0
1375117,14.0
1227568,13.0
1157745,9.0
1146425,40.0
1150898,18.0
1028480,26.0
1065248,1.0
1395605,2.0
1401314,6.0
1018958,1.0
1226898,1.0
1277198,1.0
1208089,11.0
1225083,6.0
1278979,69.0
1416363,33.0
1256471,79.0
1460207,43.0
1344482,51.0
1030341,10.0
1022811,1.0
1145195,2.0
1028875,7.0
1150261,8.0
1125397,10.0
1007412,8.0
1007089,6.0
1022951,82.0
1148888,11.0
1245093,66.0
1455957,23.0
1197514,5.0
1298595,35.0
1089760,6.0
1115936,21.0
1061789,14.0
1217535,18.0
1413342,10.0
1118270,5.0
1105204,13.0
1195124,18.0
1176780,10.0
1133205,10.0
1007134,8.0
1295974,11.0
1155448,6.0
1290557,12.0
1279564,10.0
1110503,17.0
1055148,20.0
1418938,21.0
1387077,1.0
1109470,2.0
1260500,2.0
1204343,1.0
1164712,0.0
1005483,1.0
1335364,6.0
1065748,3.0
1382363,47.0
1353086,18.0
1048191,108.0
1371047,28.0
1444681,29.0
1096867,7.0
1060291,0.0
1302473,1.0
1323732,1.0
1396795,2.0
1110386,2.0
1442811,1.0
1203583,0.0
1074825,12.0
1089578,1.0
1466935,4.0
1227060,1.0
1257258,3.0
1242948,2.0
1158431,2.0
1388696,1.0
1022446,1.0
1095748,1.0
1271239,1.0
1444820,1.0
1341040,0.0
1283108,1.0
1049318,4.0
1432683,1.0
1231636,2.0
1018833,2.0
1452706,10.0
1171243,12.0
1397234,12.0
1375368,0.0
1233139,4.0
1337835,3.0
1405761,1.0
1163197,1.0
1141329,1.0
1015433,6.0
1465013,9.0
1268052,41.0
1149032,22.0
1068948,120.0
1402849,61.0
1159964,55.0
1136013,9.0
1269479,3.0
1010585,7.0
1332792,5.0
1066448,9.0
1117511,3.0
1119774,34.0
1123816,3.0
1024421,13.0
1078866,3.0
1309137,5.0
1206161,1.0
1084770,8.0
1285569,3.0
1424366,6.0
1421400,2.0
1429240,2.0
1355072,1.0
1244140,1.0
1084775,2.0
1455255,1.0
1042725,4.0
1005191,9.0
1166487,2.0
1398159,10.0
1202159,4.0
1322436,18.0
1265070,17.0
1174758,24.0
1277193,3.0
1146466,2.0
1156183,0.0
1323529,1.0
1324696,2.0
1177450,9.0
1227846,3.0
1103588,40.0
1404526,32.0
1037315,95.0
1405303,69.0
1196545,61.0
1153991,7.0
1028205,1.0
1418934,1.0
1272056,5.0
1156690,6.0
1344471,10.0
1127411,6.0
1261673,3.0
1334935,64.0
1034390,4.0
1328748,23.0
1464228,14.0
1077961,1.0
1088477,15.0
1397304,3.0
1153966,13.0
1246719,5.0
1429230,4.0
1442352,3.0
1133590,5.0
1369000,9.0
1261786,7.0
1249465,5.0
1366045,4.0
1330947,7.0
1204721,6.0
1161345,6.0
1469191,9.0
1254859,6.0
1054222,21.0
1258351,24.0
1035952,27.0
1196313,1.0
1230271,4.0
1279879,8.0
1010015,1.0
1368504,0.0
1301829,1.0
1394262,17.0
1421914,4.0
1331707,30.0
1144397,17.0
1370423,101.0
1204409,51.0
1118355,30.0
1030554,36.0
1125757,1.0
1208326,0.0
1157487,8.0
1244111,10.0
1116972,7.0
1024974,5.0
1338458,4.0
1116032,87.0
1290259,3.0
1268884,35.0
1234829,15.0
1246281,1.0
1001574,19.0
1115232,3.0
1176513,23.0
1322207,11.0
1161786,9.0
1186518,10.0
1415089,7.0
1399054,21.0
1444814,16.0
1185751,12.0
1209054,7.0
1092836,5.0
1299867,16.0
1140535,13.0
1312040,12.0
1147081,9.0
1330839,33.0
1141957,16.0
1114281,18.0
1148235,1.0
1306249,3.0
1078862,7.0
1153262,1.0
1234274,1.0
1297172,1.0
1333513,12.0
1184483,5.0
1421290,57.0
1224060,26.0
1251418,58.0
1325954,32.0
1043777,40.0
1429504,21.0
1121561,1.0
1451006,2.0
1125754,7.0
1380147,8.0
1131534,10.0
1152839,8.0
1088185,6.0
1314541,88.0
1318299,12.0
1168676,64.0
1111560,22.0
1151997,5.0
1363645,34.0
1266645,6.0
1398663,26.0
1368846,16.0
1098778,22.0
1208591,12.0
1056049,6.0
1348259,28.0
1231623,40.0
1179043,20.0
1136418,21.0
1192617,8.0
1052795,11.0
1317553,5.0
1283660,12.0
1152684,10.0
1450617,15.0
1239867,19.0
1036726,15.0
1263062,1.0
1203015,6.0
1452783,6.0
1357093,3.0
1170296,2.0
1154532,4.0
1251554,21.0
1071987,8.0
1310920,119.0
1021765,43.0
1435071,252.0
1299894,65.0
1345307,69.0
1117303,42.0
1199156,2.0
1029493,2.0
1046248,2.0
1260347,8.0
1001179,6.0
1194652,3.0
1064343,2.0
1420233,40.0
1331620,4.0
1000890,13.0
1267149,2.0
1010332,13.0
1030930,8.0
1390194,8.0
1387356,3.0
1283618,3.0
1330588,6.0
1399951,7.0
1431917,8.0
1431981,4.0
1349802,3.0
1095061,13.0
1239934,3.0
1290934,7.0
1377908,7.0
1325660,27.0
1020641,33.0
1059352,26.0
1316885,2.0
1244061,8.0
1127766,5.0
1204450,2.0
1331757,1.0
1021146,2.0
1139377,10.0
1256440,12.0
1096643,54.0
1417384,27.0
1026334,143.0
1459325,71.0
1366559,67.0
1377410,28.0
1307067,5.0
1013476,13.0
1466963,8.0
1215506,14.0
1312098,5.0
1055836,57.0
1022593,4.0
1031823,21.0
1010505,5.0
1455951,8.0
1267961,2.0
1078245,15.0
1379556,5.0
1226090,10.0
1289981,4.0
1259965,3.0
1059549,5.0
1028581,5.0
1105355,5.0
1363988,3.0
1421867,6.0
1079280,15.0
1039337,3.0
1454083,16.0
1104425,6.0
1026319,24.0
1237404,25.0
1116370,28.0
1395524,3.0
1163371,3.0
1153330,0.0
1253775,1.0
1221335,2.0
1130103,10.0
1197529,2.0
1100620,32.0
1427523,24.0
1444423,68.0
1359808,50.0
1444159,46.0
1065151,13.0
1015266,1.0
1079615,1.0
1021916,5.0
1067461,7.0
1055519,9.0
1209406,6.0
1222337,3.0
1077865,68.0
1354769,4.0
1401794,22.0
1060420,13.0
1049858,1.0
1142826,14.0
1420787,3.0
1146372,15.0
1029977,6.0
1451850,5.0
1378986,3.0
1403906,6.0
1248812,18.0
1445145,15.0
1310751,9.0
1012043,9.0
1081839,6.0
1077799,6.0
1160996,5.0
1109875,8.0
1360322,6.0
1039321,17.0
1324639,21.0
1015001,20.0
1325984,1.0
1463135,4.0
1087868,8.0
1087943,1.0
1100459,0.0
1388434,2.0
1298879,19.0
1424379,5.0
1069820,36.0
1269359,19.0
1057376,112.0
1112069,56.0
1150932,33.0
1110896,40.0
1380428,1.0
1453540,2.0
1100621,0.0
1044101,8.0
1200749,11.0
1331881,8.0
1463171,6.0
1369913,4.0
1465696,94.0
1058583,3.0
1434001,37.0
1083194,16.0
1375661,1.0
1075578,21.0
1135430,3.0
1404844,24.0
1070277,10.0
1454390,8.0
1313183,9.0
1217582,7.0
1021336,18.0
1189278,12.0
1231504,10.0
1399844,6.0
1353632,5.0
1364393,18.0
1242407,14.0
1438680,13.0
1012301,9.0
1102570,37.0
1214100,17.0
1363042,20.0
1448201,1.0
1141803,3.0
1239062,8.0
1230459,2.0
1092662,1.0
1342253,1.0
1099545,13.0
1084526,6.0
1351855,69.0
1182746,29.0
1170169,64.0
1357392,36.0
1122782,44.0
1321688,23.0
1060845,1.0
1390606,2.0
1127328,2.0
1046022,8.0
1412430,9.0
1347339,11.0
1416152,9.0
1410459,6.0
1197064,94.0
1221096,13.0
1141286,67.0
1315928,24.0
1091246,5.0
1374037,35.0
1195772,6.0
1340772,27.0
1008227,16.0
1415993,22.0
1029640,11.0
1280575,6.0
1084525,23.0
1075366,30.0
1385088,17.0
1412149,17.0
1248034,9.0
1266038,12.0
1158610,6.0
1312610,13.0
1208219,10.0
1163648,16.0
1398915,20.0
1347108,17.0
1120664,1.0
1419403,3.0
1220692,3.0
1424012,1.0
1330067,1.0
1260352,2.0
1108740,11.0
1129521,4.0
1206054,69.0
1386863,23.0
1443584,133.0
1165975,34.0
1425968,36.0
1071476,23.0
1251707,1.0
1423710,1.0
1377130,1.0
1424861,1.0
1336515,4.0
1233914,3.0
1288534,2.0
1456000,1.0
1068366,20.0
1417315,2.0
1268299,7.0
1033228,1.0
1377350,6.0
1131602,4.0
1261832,4.0
1259018,1.0
1307166,1.0
1236962,2.0
1184335,3.0
1249225,3.0
1193769,1.0
1205177,2.0
1330587,7.0
1228717,2.0
1233263,4.0
1267925,3.0
1032823,14.0
1212988,16.0
1287289,14.0
1375051,1.0
1187920,7.0
1084018,4.0
1114382,2.0
1361753,1.0
1293112,1.0
1293509,9.0
1326398,11.0
1100127,51.0
1234122,23.0
1080190,122.0
1252080,62.0
1331690,57.0
1350991,25.0
1051070,4.0
1261563,11.0
1381851,7.0
1153194,12.0
1276829,4.0
1085654,48.0
1215299,3.0
1351526,17.0
1308355,4.0
1222638,6.0
1230996,1.0
1199993,12.0
1262262,4.0
1019733,8.0
1295839,3.0
1358220,2.0
1070381,3.0
1371720,3.0
1468946,3.0
1139422,2.0
1157088,5.0
1266988,12.0
1343820,3.0
1056376,14.0
1108109,5.0
1444334,21.0
1320321,20.0
1022626,24.0
1099425,3.0
1241930,3.0
1326030,1.0
1067799,2.0
1188858,2.0
1338371,11.0
1042803,2.0
1123434,39.0
1353601,27.0
1230070,77.0
1457677,56.0
1095057,51.0
1237628,15.0
1014574,1.0
1195359,2.0
1227421,1.0
1044839,6.0
1083339,8.0
1317153,10.0
1058002,7.0
1063806,3.0
1331714,74.0
1284880,4.0
1279011,24.0
1137446,14.0
1352561,1.0
1450383,15.0
1117181,3.0
1253920,16.0
1435257,6.0
1065769,5.0
1049937,3.0
1125406,6.0
1463110,15.0
1063354,11.0
1087161,8.0
1411204,7.0
1306181,7.0
1269238,6.0
1090415,6.0
1427871,9.0
1277547,6.0
1240255,20.0
1110208,22.0
1151969,22.0
1402517,1.0
1146770,4.0
1321517,8.0
1053348,1.0
1424960,0.0
1260788,2.0
1283717,19.0
1282022,5.0
1213228,36.0
1456700,19.0
1374406,116.0
1320755,58.0
1224354,32.0
1448950,39.0
1189279,1.0
1310015,3.0
1328711,0.0
1146723,9.0
1002652,11.0
1056609,8.0
1366527,6.0
1169976,4.0
1324317,103.0
1232819,3.0
1393177,39.0
1057655,16.0
1034061,1.0
1278023,20.0
1067967,3.0
1121620,20.0
1382527,9.0
1293130,7.0
1397815,8.0
1392617,6.0
1140276,11.0
1370172,7.0
1317012,6.0
1198265,3.0
1081056,5.0
1319564,18.0
1146631,14.0
1180338,14.0
1445288,10.0
1416099,38.0
1404906,17.0
1351219,21.0
1100636,1.0
1273978,3.0
1173129,8.0
1350489,2.0
1387366,1.0
1219438,1.0
1364955,14.0
1418107,6.0
1074672,73.0
1163874,29.0
1306987,71.0
1063263,39.0
1225650,46.0
1089150,24.0
1107144,1.0
1218187,2.0
1331391,2.0
1248255,8.0
1444618,9.0
1138283,12.0
1186233,9.0
1463957,7.0
1134265,108.0
1431680,15.0
1287672,72.0
1316243,24.0
1343841,5.0
1111602,37.0
1201571,6.0
1223002,24.0
1304077,15.0
1057629,19.0
1313962,10.0
1355150,5.0
1188301,15.0
1284536,20.0
1158156,10.0
1004767,11.0
1053450,9.0
1461323,13.0
1087766,6.0
1379113,15.0
1375208,11.0
1202455,17.0
1263873,21.0
1035408,19.0
1320825,1.0
1012445,2.0
1464286,2.0
1055274,1.0
1437160,0.0
1139325,2.0
1233242,8.0
1019178,3.0
1060925,51.0
1036651,17.0
1158396,103.0
1064781,26.0
1354409,27.0
1052930,17.0
1162064,1.0
1232978,1.0
1007048,1.0
1167863,1.0
1338673,3.0
1425763,3.0
1030426,1.0
1218594,1.0
1348097,17.0
1447040,1.0
1389315,5.0
1412626,1.0
1329187,4.0
1341132,3.0
1396480,2.0
1384486,1.0
1009131,1.0
1422407,1.0
1149224,1.0
1276623,1.0
1282548,1.0
1272698,1.0
1272181,5.0
1364837,1.0
1423431,3.0
1176522,3.0
1227058,11.0
1175520,12.0
1153135,11.0
1420628,1.0
1139672,6.0
1205092,4.0
1187219,2.0
1189879,1.0
1432808,1.0
1141050,8.0
1468336,10.0
1135664,47.0
1303587,21.0
1462998,118.0
1031607,59.0
1069112,54.0
1035261,22.0
1249177,4.0
1425762,10.0
1382144,7.0
1066821,12.0
1080685,4.0
1010705,49.0
1105535,4.0
1391171,16.0
1149587,4.0
1167847,6.0
1129040,1.0
1094960,9.0
1422148,3.0
1002491,6.0
1467472,3.0
1299937,2.0
1410990,2.0
1125227,2.0
1321315,2.0
1169816,1.0
1063967,5.0
1299181,12.0
1332007,3.0
1040036,14.0
1240290,5.0
1154506,20.0
1400143,19.0
1092888,23.0
1291358,3.0
1253877,3.0
1199846,1.0
1124062,1.0
1345932,2.0
1060037,10.0
1093058,2.0
1454724,39.0
1375645,26.0
1142555,79.0
1409979,57.0
1371161,50.0
1037889,14.0
1132363,1.0
1286216,2.0
1246188,1.0
1106030,6.0
1096469,7.0
1060896,11.0
1025572,7.0
1016570,3.0
1217692,79.0
1280687,4.0
1290897,24.0
1258893,14.0
1444203,1.0
1357399,14.0
1164985,3.0
1398946,13.0
1286758,5.0
1274279,4.0
1247442,3.0
1301734,5.0
1366461,9.0
1248122,7.0
1432444,4.0
1365218,4.0
1137403,7.0
1291036,6.0
1306000,6.0
1370123,9.0
1325325,6.0
1454588,20.0
1058269,23.0
1326641,22.0
1296658,1.0
1433415,3.0
1408393,7.0
1301326,1.0
1284388,0.0
1281765,1.0
1050263,16.0
1188665,4.0
1322584,27.0
1438528,16.0
1167580,105.0
1044854,48.0
1108676,27.0
1076989,34.0
1230390,1.0
1071154,2.0
1237220,0.0
1408508,7.0
1007021,9.0
1029975,7.0
1246767,5.0
1306886,3.0
1417879,92.0
1407168,3.0
1008459,35.0
1149729,15.0
1449089,1.0
1105383,18.0
1457923,2.0
1215389,17.0
1359788,8.0
1098077,6.0
1320571,7.0
1344154,5.0
1010947,10.0
1115652,6.0
1044632,5.0
1096755,3.0
1133227,5.0
1327672,16.0
1110131,12.0
1126144,11.0
1259276,8.0
1145121,34.0
1382558,16.0
1110537,18.0
1447487,1.0
1204331,3.0
1065667,7.0
1409068,1.0
1129730,1.0
1253368,1.0
1223092,12.0
1200357,5.0
1092326,52.0
1233297,25.0
1099680,62.0
1100253,32.0
1378436,37.0
1295511,20.0
1182424,1.0
1186187,1.0
1447830,2.0
1274501,6.0
1391038,8.0
1270425,10.0
1182062,8.0
1164819,6.0
1321050,95.0
1059055,12.0
1387149,64.0
1347813,23.0
1200194,5.0
1462727,32.0
1188553,5.0
1119004,20.0
1297073,12.0
1172977,16.0
1402312,9.0
1330286,4.0
1134990,14.0
1073320,17.0
1275000,9.0
1279965,10.0
1426580,8.0
1184267,11.0
1380601,5.0
1231276,12.0
1218159,9.0
1207782,15.0
1323799,19.0
1009883,15.0
1215413,1.0
1057937,5.0
1183977,6.0
1129323,2.0
1120798,1.0
1321030,4.0
1166347,20.0
1207884,7.0
1373001,105.0
1316883,41.0
1140956,260.0
1318968,62.0
1078275,62.0
1223373,39.0
1036008,2.0
1165215,2.0
1067554,2.0
1126323,2.0
1049765,7.0
1006407,6.0
1356199,4.0
1286203,2.0
1114343,42.0
1331250,3.0
1377679,12.0
1451550,2.0
1320815,9.0
1052702,6.0
1039461,6.0
1122746,2.0
1001424,2.0
1445084,3.0
1177063,3.0
1085001,3.0
1069459,2.0
1384958,3.0
1061540,13.0
1360899,3.0
1317910,7.0
1465417,6.0
1292390,27.0
1133299,31.0
1118297,25.0
1342169,1.0
1008536,7.0
1406737,4.0
1357906,2.0
1136135,1.0
1296006,2.0
1422106,10.0
1076100,10.0
1331538,48.0
1067837,25.0
1103723,148.0
1458524,69.0
1383106,61.0
1284569,26.0
1224951,4.0
1414588,11.0
1182083,8.0
1180068,14.0
1216622,4.0
1115717,60.0
1444837,4.0
1004078,20.0
1194119,5.0
1317215,7.0
1418740,2.0
1327829,11.0
1115393,4.0
1461074,8.0
1007414,3.0
1170142,2.0
1234691,2.0
1383276,2.0
1122889,2.0
1050345,1.0
1103609,6.0
1206980,14.0
1170980,3.0
1142990,16.0
1212916,6.0
1375817,25.0
1359407,24.0
1443446,27.0
1307223,3.0
1010534,2.0
1365271,0.0
1395680,1.0
1294409,2.0
1126232,9.0
1352838,2.0
1040096,29.0
1214830,23.0
1310708,71.0
1454899,48.0
1129214,41.0
1067776,13.0
1270005,1.0
1276741,1.0
1050511,1.0
1246801,5.0
1211139,6.0
1305273,9.0
1074886,6.0
1333539,2.0
1213975,72.0
1450431,4.0
1140809,22.0
1166814,13.0
1367040,1.0
1014583,13.0
1277703,3.0
1307601,11.0
1394125,4.0
1081053,3.0
1068787,2.0
1375720,4.0
1401538,8.0
1441008,6.0
1133028,4.0
1026469,4.0
1340021,6.0
1195500,6.0
1107776,5.0
1359012,8.0
1041316,5.0
1422887,18.0
1266649,20.0
1222299,19.0
1462649,1.0
1445876,3.0
1160427,7.0
1387782,1.0
1405674,0.0
1353794,1.0
1002575,16.0
1316245,3.0
1253016,25.0
1208999,16.0
1370960,102.0
1369207,47.0
1259749,25.0
1355147,29.0
1462739,1.0
1121587,2.0
1198487,0.0
1151883,7.0
1014663,9.0
1430374,7.0
1318791,5.0
1269585,3.0
1262957,88.0
1039200,3.0
1303887,33.0
1463838,14.0
1011257,1.0
1201277,18.0
1258525,2.0
1338778,16.0
1273363,8.0
1271243,6.0
1080561,7.0
1110180,5.0
1213919,9.0
1006991,6.0
1073342,5.0
1045661,3.0
1216865,4.0
1209404,15.0
1389873,11.0
1030476,11.0
1054566,8.0
1198949,31.0
1243170,15.0
1382891,17.0
1030174,1.0
1072340,2.0
1250091,7.0
1264674,1.0
1066671,1.0
1422376,1.0
1054320,12.0
1150845,4.0
1441236,49.0
1436281,24.0
1434905,61.0
1447877,31.0
1153729,35.0
1193870,17.0
1412040,1.0
1000636,1.0
1354154,2.0
1343630,6.0
1213613,8.0
1084858,10.0
1053948,8.0
1375865,6.0
1463512,92.0
1264015,12.0
1337104,61.0
1364448,21.0
1221611,4.0
1206472,32.0
1299064,5.0
1404484,19.0
1028561,13.0
1340547,16.0
1213107,9.0
1237708,4.0
1126435,13.0
1008326,17.0
1040665,8.0
1127069,10.0
1253508,7.0
1033727,10.0
1243918,5.0
1100700,12.0
1171286,9.0
1080328,14.0
1010587,18.0
1409799,15.0
1004028,1.0
1075103,5.0
1026272,6.0
1060697,2.0
1124328,1.0
1326181,4.0
1036276,20.0
1234273,6.0
1313379,99.0
1026342,39.0
1430184,258.0
1359277,61.0
1090851,58.0
1025587,35.0
1176817,2.0
1424405,2.0
1431573,2.0
1117307,2.0
1105442,7.0
1210431,6.0
1302455,4.0
1468249,2.0
1266584,41.0
1302878,3.0
1245086,12.0
1462015,2.0
1412837,9.0
1150316,6.0
1115675,6.0
1306772,2.0
1015904,2.0
1009869,3.0
1253986,3.0
1331231,3.0
1055991,2.0
1304597,3.0
1396843,12.0
1010019,3.0
1128790,7.0
1409561,6.0
1245055,25.0
1034581,30.0
1299426,24.0
1049105,1.0
1348388,7.0
1298865,4.0
1154537,2.0
1199867,1.0
1415979,1.0
1167845,10.0
1167492,9.0
1109569,45.0
1168482,24.0
1308817,145.0
1384081,67.0
1433137,57.0
1347196,23.0
1241449,4.0
1417303,11.0
1298542,8.0
1460941,14.0
1122491,4.0
1052062,58.0
1253831,4.0
1216784,19.0
1188939,5.0
1227028,7.0
1156804,1.0
1122389,11.0
1232222,4.0
1161466,7.0
1450732,3.0
1445605,2.0
1352024,2.0
1004475,2.0
1243969,2.0
1146913,1.0
1461304,5.0
1204121,13.0
1131541,3.0
1454709,15.0
1199281,6.0
1418793,23.0
1273007,22.0
1411264,25.0
1351926,3.0
1359879,2.0
1433151,0.0
1160697,1.0
1222237,2.0
1382585,9.0
1030884,2.0
1010908,28.0
1435237,22.0
1019164,72.0
1461800,48.0
1214461,40.0
1330361,11.0
1035110,1.0
1294302,1.0
1044504,1.0
1215824,5.0
1023794,6.0
1337049,9.0
1387305,6.0
1018079,3.0
1458996,71.0
1324378,4.0
1184215,21.0
1124108,13.0
1156044,1.0
1204565,13.0
1274122,2.0
1314791,11.0
1031970,4.0
1119426,4.0
1281115,2.0
1318413,4.0
1133794,8.0
1449670,6.0
1108915,4.0
1328933,4.0
1199041,6.0
1214102,5.0
1414759,5.0
1192215,8.0
1158363,5.0
1423727,17.0
1160906,20.0
1157757,19.0
1398388,1.0
1079523,3.0
1205204,8.0
1465899,1.0
1197412,0.0
1113681,1.0
1437122,18.0
1401310,4.0
1404124,28.0
1147591,17.0
1035519,103.0
1000608,48.0
1042351,26.0
1365977,31.0
1309661,1.0
1297974,2.0
1072864,0.0
1323198,8.0
1152607,9.0
1312084,7.0
1031081,6.0
1372477,3.0
1200018,94.0
1123928,3.0
1082958,37.0
1208397,17.0
1157326,1.0
1054454,19.0
1062602,2.0
1446859,16.0
1258851,8.0
1113041,6.0
1205938,7.0
1414848,5.0
1301753,10.0
1289531,7.0
1135498,5.0
1130145,3.0
1307169,4.0
1021053,16.0
1399852,13.0
1205237,12.0
1105885,8.0
1028175,32.0
1404190,15.0
1170599,17.0
1019138,1.0
1056412,3.0
1433078,7.0
1164707,2.0
1170766,1.0
1396969,1.0
1409285,13.0
1291226,4.0
1004725,53.0
1365780,24.0
1050564,59.0
1097602,30.0
1138964,34.0
1270562,18.0
1128212,1.0
1314248,1.0
1149304,2.0
1469278,7.0
1058951,7.0
1022410,10.0
1213114,8.0
1001188,6.0
1325676,94.0
1227259,13.0
1327864,66.0
1165929,24.0
1167781,5.0
1441131,32.0
1241051,5.0
1095042,19.0
1069109,13.0
1219540,16.0
1279961,8.0
1143802,4.0
1084953,13.0
1334629,17.0
1436182,8.0
1070467,10.0
1377207,7.0
1047407,11.0
1113409,5.0
1031096,12.0
1439065,9.0
1139006,14.0
1286864,18.0
1245033,14.0
1092302,1.0
1434053,5.0
1212647,6.0
1216913,3.0
1332166,2.0
1294922,4.0
1448150,21.0
1408500,6.0
1122772,108.0
1249149,39.0
1359070,248.0
1196319,58.0
1418871,57.0
1333268,34.0
1195923,2.0
1386447,2.0
1229071,2.0
1388902,2.0
1157069,7.0
1144591,6.0
1015557,4.0
1293819,2.0
1126252,41.0
1402549,4.0
1291421,12.0
1283776,2.0
1172278,9.0
1265323,6.0
1267835,6.0
1392862,2.0
1221288,2.0
1424104,3.0
1444061,3.0
1385333,3.0
1457445,2.0
1082835,3.0
1117023,12.0
1063465,3.0
1069788,7.0
1182123,6.0
1078863,25.0
1443501,30.0
1246893,23.0
1231574,1.0
1048810,8.0
1339480,5.0
1273905,2.0
1124645,1.0
1092763,2.0
1168193,11.0
1230664,10.0
1178323,50.0
1466637,25.0
1045923,145.0
1210842,67.0
1111107,58.0
1252402,24.0
1232099,5.0
1027323,11.0
1407157,9.0
1018158,15.0
1289505,4.0
1316123,61.0
1207399,5.0
1004671,21.0
1114330,5.0
1460501,7.0
1171415,2.0
1247315,11.0
1189182,4.0
1161259,8.0
1184836,3.0
1384532,2.0
1396360,2.0
1254551,2.0
1329503,2.0
1276837,1.0
1026492,6.0
1186948,14.0
1380669,3.0
1450298,16.0
1339770,6.0
1012333,23.0
1321336,24.0
1380055,26.0
1048240,3.0
1225940,2.0
1308903,0.0
1248512,1.0
1289312,2.0
1389214,10.0
1266357,2.0
1135123,30.0
1443731,22.0
1032609,68.0
1393353,46.0
1224322,39.0
1301416,11.0
1280503,1.0
1206435,1.0
1277835,1.0
1211305,5.0
1292628,6.0
1371983,10.0
1215078,6.0
1137743,3.0
1258814,71.0
1070013,4.0
1117205,23.0
1422658,14.0
1123835,1.0
1210616,13.0
1381070,2.0
1386586,11.0
1238017,4.0
1022810,4.0
1271231,2.0
1280520,4.0
1389883,9.0
1169819,6.0
1120949,4.0
1003959,4.0
1154231,6.0
1072614,6.0
1315890,5.0
1388682,8.0
1287453,5.0
1124886,16.0
1190477,20.0
1185885,18.0
1035142,1.0
1261137,3.0
1348659,8.0
1395693,1.0
1458421,0.0
1374000,1.0
1282564,18.0
1119390,4.0
1387494,28.0
1343345,17.0
1238115,107.0
1004135,49.0
1338052,27.0
1428549,34.0
1307879,1.0
1190722,2.0
1179277,2.0
1432864,0.0
1433894,7.0
1271072,9.0
1168128,7.0
1084657,6.0
1276613,3.0
1453728,91.0
1124839,3.0
1451110,37.0
1037991,16.0
1316931,1.0
1054570,19.0
1033247,2.0
1131419,14.0
1215603,6.0
1166056,5.0
1389924,7.0
1430568,6.0
1127033,11.0
1308137,7.0
1278060,5.0
1116132,3.0
1267170,5.0
1166060,17.0
1248892,13.0
1030622,12.0
1348028,9.0
1382763,32.0
1344659,16.0
1330783,19.0
1202218,1.0
1178895,3.0
1323779,8.0
1226453,2.0
1387475,1.0
1272710,1.0
1122083,13.0
1049303,5.0
1063711,55.0
1437230,25.0
1250037,64.0
1018642,32.0
1349450,37.0
1034505,21.0
1261522,1.0
1113839,1.0
1053027,1.0
1125843,2.0
1131392,7.0
1020634,8.0
1324572,11.0
1132188,9.0
1054693,6.0
1013488,95.0
1060425,14.0
1463658,69.0
1316186,24.0
1466500,5.0
1239602,35.0
1166371,5.0
1118940,21.0
1069874,14.0
1385646,18.0
1148311,9.0
1373359,5.0
1210496,15.0
1364954,18.0
1281024,9.0
1082057,10.0
1170954,8.0
1228316,12.0
1242010,6.0
1158953,13.0
1144976,10.0
1298529,15.0
1297187,19.0
1004869,16.0
1426886,1.0
1404703,4.0
1287651,5.0
1027815,2.0
1276454,1.0
1377472,3.0
1102983,18.0
1451280,6.0
1080423,95.0
1263421,36.0
1389459,230.0
1282769,54.0
1167179,54.0
1158394,34.0
1038158,2.0
1171543,1.0
1399730,2.0
1437174,2.0
1032358,2.0
1264768,6.0
1105926,6.0
1054580,3.0
1100120,1.0
1351316,36.0
1384962,3.0
1053582,11.0
1058812,2.0
1050181,7.0
1135390,4.0
1352028,4.0
1135405,2.0
1356144,2.0
1149625,2.0
1308305,3.0
1075850,3.0
1072821,1.0
1101581,3.0
1278136,12.0
1354362,3.0
1227286,6.0
1382946,6.0
1311574,23.0
1440992,28.0
1213931,23.0
1070130,1.0
1161938,6.0
1425804,4.0
1037936,2.0
1427994,1.0
1042389,1.0
1378349,9.0
1180648,10.0
1257456,43.0
1162292,22.0
1242684,129.0
1275638,59.0
1308371,53.0
1220214,23.0
1453654,4.0
1309822,10.0
1224217,7.0
1053102,13.0
1276307,3.0
1383994,51.0
1101477,4.0
1381443,18.0
1261064,4.0
1460011,7.0
1145404,1.0
1420849,8.0
1381323,3.0
1324942,6.0
1151078,3.0
1063414,2.0
1023096,2.0
1255369,2.0
1420144,2.0
1028158,1.0
1315175,5.0
1448522,13.0
1446141,3.0
1333964,14.0
1413349,5.0
1283486,21.0
1469596,21.0
1196236,24.0
1279850,3.0
1140155,2.0
1355151,0.0
1435285,1.0
1464709,2.0
1308097,9.0
1428400,2.0
1368533,28.0
1204241,21.0
1051284,68.0
1405848,45.0
1277145,39.0
1113185,12.0
1078642,1.0
1001196,1.0
1226163,1.0
1426814,1.0
1431719,5.0
1184042,6.0
1251122,9.0
1085362,6.0
1012106,2.0
1034881,66.0
1114413,4.0
1375840,22.0
1347472,13.0
1461319,1.0
1106958,13.0
1138691,2.0
1286073,11.0
1169793,4.0
1239646,4.0
1332969,2.0
1390598,5.0
1433605,9.0
1251059,6.0
1029414,4.0
1211368,4.0
1428869,6.0
1005348,6.0
1248656,5.0
1422327,8.0
1255489,5.0
1385141,16.0
1098531,20.0
1130336,19.0
1314613,1.0
1280788,3.0
1279403,7.0
1369853,1.0
1149759,0.0
1432136,1.0
1252689,18.0
1329963,4.0
1038470,32.0
1412838,17.0
1102804,110.0
1041755,52.0
1050398,29.0
1302147,12.0
1469277,1.0
1191596,1.0
1363045,2.0
1004713,0.0
1026200,8.0
1457774,9.0
1062099,8.0
1374784,6.0
1428193,3.0
1457707,93.0
1034895,3.0
1095886,38.0
1246127,15.0
1433923,1.0
1189656,21.0
1068742,2.0
1371176,14.0
1156356,7.0
1114130,5.0
1153006,7.0
1239236,6.0
1088373,10.0
1042895,7.0
1331733,5.0
1111839,3.0
1314389,4.0
1310269,16.0
1322261,12.0
1401035,12.0
1326280,8.0
1307506,49.0
1278422,25.0
1209232,20.0
1448827,1.0
1266338,3.0
1146657,7.0
1220187,2.0
1317369,1.0
1381474,1.0
1182061,13.0
1148890,6.0
1008515,61.0
1397115,25.0
1076766,64.0
1433072,33.0
1073829,39.0
1446528,7.0
1135070,1.0
1061548,1.0
1331864,1.0
1041632,2.0
1448404,7.0
1099403,8.0
1443278,11.0
1155418,9.0
1073904,6.0
1379855,95.0
1466867,14.0
1335774,70.0
1226969,23.0
1117084,4.0
1354762,37.0
1288053,5.0
1418191,21.0
1247004,14.0
1283188,18.0
1133146,9.0
1388725,5.0
1388692,14.0
1395022,18.0
1464125,9.0
1111897,11.0
1404072,7.0
1394045,11.0
1299510,5.0
1451854,13.0
1026004,9.0
1460701,22.0
1188781,29.0
1063822,17.0
1027739,1.0
1353321,5.0
1053905,6.0
1140400,3.0
1048726,2.0
1050314,4.0
1263887,21.0
1452014,8.0
1015353,124.0
1221875,41.0
1050138,268.0
1171999,65.0
1347067,66.0
1069075,13.0
1347169,2.0
1311378,1.0
1098074,2.0
1452888,2.0
1449422,2.0
1156081,7.0
1132065,7.0
1263081,4.0
1180966,2.0
1272476,42.0
1094351,4.0
1097543,13.0
1169107,2.0
1345441,7.0
1126929,5.0
1381432,5.0
1331802,2.0
1117389,3.0
1150260,3.0
1310483,3.0
1047471,3.0
1333805,2.0
1086307,3.0
1354139,13.0
1064911,3.0
1074393,7.0
1301057,6.0
1194856,38.0
1435565,49.0
1246619,28.0
1083214,1.0
1297588,7.0
1133938,4.0
1464565,2.0
1212452,1.0
1164775,2.0
1226660,10.0
1414819,11.0
1291930,50.0
1233426,23.0
1085946,135.0
1238750,64.0
1016045,58.0
1457350,8.0
1172792,4.0
1422443,10.0
1374570,8.0
1153833,13.0
1419782,4.0
1301800,54.0
1345189,4.0
1357731,19.0
1251599,4.0
1341523,7.0
1418301,1.0
1094322,8.0
1293350,3.0
1207011,6.0
1241073,3.0
1192291,2.0
1382569,2.0
1356625,2.0
1213306,2.0
1252293,1.0
1454464,5.0
1287220,13.0
1274530,3.0
1151615,15.0
1019568,5.0
1106743,32.0
1115237,33.0
1003652,26.0
1376543,3.0
1277624,2.0
1239789,0.0
1222326,1.0
1074095,2.0
1074542,9.0
1005749,2.0
1105412,32.0
1433832,21.0
1280893,69.0
1312624,48.0
1127830,41.0
1284146,4.0
1455958,1.0
1467878,1.0
1448846,1.0
1176089,1.0
1182982,5.0
1053032,6.0
1083699,10.0
1440453,6.0
1418219,2.0
1304810,67.0
1270150,4.0
1075064,22.0
1180555,12.0
1171838,1.0
1441980,14.0
1337030,2.0
1291532,11.0
1220295,4.0
1204345,4.0
1177041,2.0
1375038,4.0
1225571,8.0
1068006,6.0
1287973,4.0
1204391,4.0
1092490,6.0
1258775,5.0
1317413,5.0
1010448,8.0
1247258,5.0
1168821,24.0
1133733,30.0
1365713,20.0
1434423,1.0
1410881,3.0
1284566,8.0
1412199,1.0
1129131,0.0
1403842,2.0
1115009,18.0
1457138,7.0
1207029,36.0
1203354,18.0
1194172,110.0
1203656,53.0
1184984,29.0
1170461,13.0
1222628,1.0
1424402,1.0
1458171,2.0
1003136,0.0
1363379,9.0
1196553,11.0
1352991,8.0
1029366,6.0
1222692,3.0
1096003,103.0
1366963,3.0
1058535,41.0
1293117,17.0
1113727,1.0
1122031,22.0
1063607,3.0
1293527,15.0
1272662,7.0
1072932,6.0
1004710,8.0
1359697,6.0
1039045,12.0
1208638,8.0
1249654,6.0
1288120,4.0
1207101,5.0
1460517,19.0
1220453,13.0
1081671,14.0
1447740,9.0
1320668,52.0
1035999,25.0
1001918,20.0
1388589,1.0
1014201,3.0
1065714,8.0
1049478,2.0
1010834,1.0
1048691,1.0
1166808,14.0
1437184,10.0
1015937,74.0
1139702,28.0
1061625,68.0
1164199,36.0
1214352,42.0
1466899,8.0
1361103,1.0
1158677,1.0
1177317,1.0
1129039,2.0
1237786,8.0
1359032,9.0
1124740,12.0
1241625,10.0
1260379,6.0
1462074,109.0
1403671,15.0
1046626,78.0
1352908,26.0
1455566,5.0
1278469,39.0
1302908,6.0
1274165,24.0
1252624,15.0
1245425,20.0
1164420,10.0
1091979,5.0
1074896,16.0
1163127,22.0
1368393,11.0
1278580,12.0
1041002,9.0
1356350,13.0
1265088,6.0
1029558,15.0
1365005,11.0
1208554,25.0
1024700,31.0
1372832,18.0
1245887,1.0
1132775,3.0
1433120,3.0
1105158,1.0
1259785,1.0
1314028,2.0
1301957,11.0
1380881,7.0
1418851,77.0
1315932,23.0
1243749,144.0
1098047,35.0
1213989,35.0
1103253,8.0
1097057,1.0
1432641,1.0
1048397,1.0
1357175,1.0
1439132,1.0
1110119,4.0
1259860,4.0
1269283,2.0
1465502,1.0
1096194,25.0
1125564,2.0
1134187,7.0
1341870,1.0
1324324,4.0
1217572,3.0
1265142,3.0
1269392,1.0
1183002,1.0
1100417,2.0
1072464,2.0
1455171,2.0
1276034,1.0
1017576,2.0
1469058,8.0
1416364,2.0
1300516,4.0
1286165,4.0
1444352,22.0
1203788,27.0
1408477,16.0
1181091,1.0
1077969,6.0
1040651,4.0
1319379,2.0
1108052,1.0
1429303,2.0
1090045,9.0
1316704,18.0
1394941,55.0
1178618,23.0
1247874,131.0
1031521,63.0
1177803,56.0
1220441,8.0
1132087,4.0
1401473,11.0
1119555,8.0
1203397,14.0
1064348,4.0
1199448,56.0
1465820,4.0
1048919,20.0
1158826,4.0
1244357,7.0
1428021,1.0
1201685,8.0
1423760,3.0
1366862,6.0
1345550,3.0
1035087,2.0
1170407,2.0
1149913,2.0
1316453,2.0
1350011,1.0
1344654,6.0
1057712,14.0
1257799,3.0
1118156,16.0
1404197,6.0
1273754,33.0
1333092,32.0
1210715,26.0
1408503,3.0
1412908,3.0
1230645,1.0
1124888,1.0
1095852,2.0
1143823,10.0
1002875,4.0
1400193,40.0
1049491,25.0
1390789,75.0
1045229,53.0
1217191,46.0
1153044,5.0
1067836,1.0
1281310,1.0
1159365,2.0
1429050,1.0
1230170,6.0
1349707,7.0
1290311,11.0
1209228,7.0
1176308,3.0
1312711,80.0
1113289,4.0
1278559,26.0
1262065,15.0
1147350,1.0
1126248,15.0
1070505,3.0
1059884,13.0
1134439,5.0
1428755,4.0
1118964,3.0
1454276,5.0
1415260,10.0
1201093,8.0
1442355,5.0
1083956,5.0
1035475,7.0
1243579,7.0
1356707,5.0
1080567,10.0
1452344,6.0
1086996,27.0
1396623,33.0
1368512,22.0
1397465,1.0
1076950,3.0
1346342,10.0
1004004,2.0
1416934,1.0
1351420,2.0
1120023,18.0
1173533,7.0
1093109,33.0
1356931,18.0
1348862,107.0
1183318,50.0
1329098,29.0
1419344,12.0
1345688,1.0
1147812,2.0
1290250,2.0
1305625,0.0
1113474,8.0
1313998,10.0
1425633,8.0
1153192,6.0
1416278,3.0
1287125,99.0
1198299,3.0
1052187,39.0
1433405,16.0
1334178,1.0
1442461,21.0
1352226,3.0
1316766,14.0
1142339,7.0
1158069,6.0
1142735,7.0
1383222,6.0
1162386,11.0
1055198,7.0
1409176,6.0
1335540,3.0
1055255,5.0
1162720,17.0
1337982,13.0
1092325,13.0
1366416,8.0
1395063,50.0
1204776,24.0
1059755,19.0
1360531,1.0
1132790,3.0
1360825,12.0
1408462,3.0
1136576,2.0
1111266,2.0
1334937,16.0
1258395,10.0
1352170,77.0
1251965,33.0
1382611,76.0
1129666,39.0
1081310,49.0
1462850,8.0
1468168,1.0
1185953,2.0
1305747,2.0
1282672,2.0
1162311,8.0
1460673,10.0
1419600,13.0
1314385,11.0
1316729,7.0
1161193,121.0
1424897,17.0
1299579,86.0
1090262,29.0
1056048,6.0
1300557,43.0
1329553,7.0
1136297,27.0
1172514,16.0
1106133,22.0
1199268,11.0
1257855,6.0
1438815,18.0
1226051,23.0
1054472,12.0
1072417,14.0
1073378,10.0
1279047,14.0
1359773,7.0
1466897,16.0
1323076,12.0
1435002,27.0
1295085,34.0
1442334,20.0
1392731,1.0
1264475,2.0
1263277,3.0
1175295,2.0
1438411,1.0
1199060,2.0
1134079,9.0
1469418,5.0
1048684,51.0
1394570,18.0
1240056,106.0
1457753,25.0
1275710,27.0
1316903,5.0
1422399,1.0
1079260,1.0
1159140,1.0
1093052,1.0
1134006,1.0
1269053,3.0
1399624,3.0
1194613,1.0
1343586,1.0
1000737,18.0
1200415,1.0
1178507,5.0
1218242,1.0
1126609,3.0
1001123,2.0
1231767,2.0
1210804,1.0
1293824,1.0
1037433,1.0
1133681,1.0
1051304,1.0
1417197,1.0
1430832,1.0
1174135,5.0
1158682,1.0
1239178,3.0
1310574,3.0
1161288,16.0
1268764,19.0
1266658,11.0
1311202,1.0
1139196,6.0
1108949,5.0
1165784,3.0
1041760,2.0
1333827,2.0
1019363,9.0
1008027,15.0
1297275,48.0
1236371,23.0
1442578,123.0
1293764,58.0
1342588,54.0
1032775,8.0
1340072,4.0
1332901,10.0
1415499,7.0
1327789,13.0
1044813,3.0
1308886,53.0
1142868,4.0
1352490,18.0
1257025,4.0
1153163,7.0
1373034,1.0
1357406,8.0
1398909,3.0
1316677,6.0
1074696,3.0
1451904,2.0
1179958,2.0
1301962,2.0
1406045,2.0
1370480,1.0
1377686,5.0
1002512,12.0
1392046,3.0
1417753,14.0
1075734,5.0
1297071,31.0
1357012,30.0
1451127,24.0
1181521,3.0
1206853,3.0
1055802,1.0
1299102,2.0
1108264,3.0
1434311,10.0
1285099,4.0
1279273,37.0
1166266,26.0
1461543,75.0
1103686,52.0
1403002,47.0
1289293,4.0
1196071,1.0
1122211,1.0
1056543,2.0
1194707,1.0
1058300,5.0
1446182,7.0
1444437,10.0
1183987,7.0
1278317,3.0
1358652,79.0
1320917,4.0
1359169,25.0
1161443,14.0
1309097,1.0
1257517,15.0
1306994,3.0
1073196,13.0
1314169,5.0
1128114,4.0
1225667,3.0
1296011,5.0
1401443,10.0
1120491,7.0
1272528,5.0
1396096,5.0
1163145,7.0
1232617,6.0
1096262,6.0
1195907,9.0
1268010,6.0
1119541,27.0
1067048,32.0
1039189,21.0
1402369,1.0
1424995,3.0
1403510,10.0
1241875,2.0
1046818,1.0
1279934,2.0
1169519,16.0
1015503,5.0
1411955,27.0
1390265,17.0
1020185,98.0
1115745,49.0
1340679,27.0
1317376,10.0
1407282,1.0
1040604,2.0
1285060,3.0
1087932,0.0
1367397,7.0
1055530,9.0
1176881,7.0
1129825,5.0
1301647,3.0
1465221,88.0
1003876,3.0
1241558,36.0
1446980,14.0
1433811,1.0
1299354,18.0
1038379,2.0
1299856,13.0
1397894,6.0
1424021,5.0
1320763,6.0
1433817,5.0
1103048,9.0
1247062,6.0
1406377,5.0
1044859,3.0
1211213,4.0
1244893,17.0
1431954,11.0
1056098,11.0
1149568,8.0
1296637,43.0
1416993,23.0
1214938,19.0
1447475,2.0
1312922,2.0
1229907,9.0
1197724,2.0
1419516,2.0
1298590,1.0
1198714,12.0
1185174,7.0
1184913,51.0
1014175,25.0
1097717,57.0
1042474,31.0
1464661,36.0
1060529,6.0
1066946,1.0
1048009,1.0
1146918,2.0
1332150,2.0
1233386,6.0
1295084,7.0
1049431,10.0
1089725,8.0
1097620,5.0
1070744,91.0
1123688,12.0
1164344,66.0
1121754,20.0
1041272,4.0
1418945,32.0
1241799,5.0
1449031,20.0
1319043,12.0
1367700,16.0
1408900,8.0
1376459,4.0
1015445,12.0
1355357,16.0
1266778,8.0
1029078,9.0
1001542,7.0
1409293,11.0
1116848,5.0
1111174,12.0
1063582,9.0
1371625,19.0
1295456,27.0
1029201,16.0
1339389,1.0
1019784,5.0
1036937,8.0
1452950,4.0
1032350,3.0
1437655,5.0
1444628,20.0
1255463,10.0
1161762,106.0
1076649,42.0
1264541,246.0
1306041,63.0
1254308,62.0
1133082,12.0
1240282,2.0
1092210,1.0
1307269,3.0
1247102,2.0
1341698,2.0
1361319,7.0
1060592,6.0
1125110,4.0
1222212,1.0
1229330,40.0
1357431,3.0
1309587,12.0
1142067,2.0
1427458,7.0
1312339,5.0
1349281,5.0
1009314,2.0
1037862,2.0
1392188,2.0
1142058,3.0
1445716,3.0
1051116,2.0
1271121,3.0
1278238,13.0
1015458,3.0
1024709,7.0
1110603,6.0
1382095,35.0
1253116,46.0
1097892,27.0
1110828,2.0
1403652,6.0
1056289,6.0
1227797,3.0
1433066,3.0
1107186,2.0
1156321,10.0
1460374,15.0
1056686,48.0
1084380,26.0
1390367,139.0
1434938,69.0
1350983,61.0
1197336,8.0
1455811,4.0
1333729,11.0
1420227,8.0
1256041,14.0
1121061,4.0
1035063,58.0
1341234,4.0
1033665,21.0
1232231,4.0
1248056,7.0
1050887,1.0
1117137,8.0
1030176,3.0
1097799,6.0
1366434,3.0
1397528,2.0
1127395,2.0
1420416,2.0
1151182,2.0
1194794,1.0
1365013,6.0
1006582,15.0
1172863,3.0
1047965,15.0
1340715,6.0
1389009,33.0
1365374,35.0
1267644,29.0
1239393,2.0
1380446,3.0
1113714,1.0
1101204,2.0
1265470,2.0
1399202,9.0
1214875,3.0
1384275,28.0
1070402,22.0
1089125,64.0
1082340,47.0
1054213,39.0
1069240,4.0
1168548,1.0
1289762,1.0
1450108,2.0
1230627,1.0
1178631,4.0
1178041,6.0
1147366,9.0
1008644,6.0
1067411,2.0
1186287,66.0
1084766,3.0
1177139,22.0
1037605,11.0
1414946,1.0
1333768,12.0
1369562,2.0
1214148,11.0
1162133,4.0
1234410,3.0
1176129,2.0
1230142,4.0
1350589,7.0
1058462,6.0
1427877,4.0
1279529,3.0
1088822,6.0
1416674,6.0
1099087,5.0
1072987,7.0
1330107,5.0
1107497,22.0
1110375,29.0
1002326,19.0
1216753,1.0
1234186,3.0
1461248,9.0
1179779,2.0
1034086,1.0
1019912,2.0
1047612,16.0
1390410,5.0
1434599,25.0
1250578,15.0
1394080,101.0
1321515,45.0
1013833,26.0
1216945,10.0
1161220,1.0
1028971,1.0
1082906,2.0
1365064,0.0
1251843,7.0
1232658,8.0
1303783,7.0
1248616,5.0
1326917,3.0
1054194,87.0
1442172,3.0
1196665,33.0
1356386,13.0
1162873,1.0
1040137,18.0
1100651,2.0
1364345,12.0
1274332,5.0
1240313,5.0
1312197,6.0
1406868,5.0
1123945,10.0
1353969,6.0
1418089,5.0
1422212,3.0
1288512,4.0
1455557,15.0
1317673,11.0
1038761,11.0
1356084,8.0
1242571,42.0
1149515,22.0
1153116,18.0
1169556,1.0
1250097,2.0
1190089,9.0
1046661,2.0
1356080,2.0
1434481,1.0
1404934,12.0
1062664,7.0
1372219,51.0
1445395,25.0
1013466,64.0
1203620,32.0
1237339,39.0
1137885,7.0
1000815,1.0
1114139,1.0
1030225,1.0
1106332,2.0
1243838,7.0
1179292,7.0
1029217,11.0
1368521,9.0
1008620,5.0
1082542,96.0
1057754,13.0
1201898,65.0
1097365,21.0
1154510,5.0
1023381,34.0
1361179,5.0
1065634,20.0
1253730,12.0
1442998,17.0
1034054,9.0
1361618,4.0
1117401,14.0
1284561,17.0
1219995,9.0
1290989,10.0
1016372,7.0
1067129,11.0
1216065,5.0
1405834,12.0
1390414,9.0
1025796,21.0
1444147,28.0
1124826,16.0
1295338,1.0
1005980,5.0
1447507,8.0
1109344,4.0
1064623,3.0
1168832,5.0
1314662,19.0
1211288,10.0
1086930,100.0
1195469,39.0
1193107,259.0
1263412,60.0
1374801,62.0
1388997,12.0
1462326,2.0
1166874,1.0
1174298,3.0
1101462,2.0
1384068,2.0
1162460,7.0
1275292,6.0
1345934,4.0
1018812,1.0
1012924,40.0
1198143,4.0
1090344,12.0
1427606,2.0
1462615,7.0
1314850,4.0
1150651,5.0
1370076,2.0
1132745,2.0
1082290,3.0
1033668,3.0
1318122,3.0
1002314,2.0
1333973,3.0
1466835,12.0
1394056,3.0
1348442,7.0
1239039,6.0
1448555,35.0
1065692,46.0
1234887,26.0
1165664,2.0
1032205,6.0
1075881,6.0
1164594,3.0
1381383,2.0
1440360,2.0
1157966,10.0
1139250,15.0
1390742,46.0
1068269,25.0
1443644,149.0
1096758,67.0
1296048,63.0
1292045,8.0
1384411,4.0
1273402,11.0
1261679,8.0
1244765,14.0
1090788,4.0
1054278,59.0
1333502,4.0
1121732,20.0
1266000,4.0
1088683,7.0
1425231,2.0
1351014,8.0
1426483,3.0
1196022,6.0
1064034,3.0
1459186,2.0
1345892,2.0
1294388,2.0
1113466,2.0
1319264,1.0
1081247,6.0
1431305,14.0
1341762,3.0
1067498,16.0
1056274,6.0
1134700,33.0
1318860,35.0
1361037,28.0
1440330,2.0
1106175,3.0
1020285,1.0
1445075,2.0
1101259,3.0
1145942,9.0
1460704,3.0
1102431,27.0
1360187,21.0
1193804,69.0
1280160,45.0
1417850,41.0
1110316,4.0
1250800,1.0
1278863,1.0
1041890,1.0
1279633,1.0
1033640,5.0
1175541,6.0
1071474,9.0
1021437,6.0
1385459,2.0
1010605,67.0
1206480,4.0
1354833,21.0
1226796,11.0
1203259,1.0
1121957,13.0
1075188,2.0
1013114,11.0
1042421,4.0
1402713,4.0
1317343,2.0
1040337,4.0
1323691,8.0
1214169,6.0
1225691,4.0
1215977,4.0
1355614,6.0
1186710,5.0
1167190,4.0
1024885,8.0
1294369,5.0
1043437,23.0
1157922,29.0
1269899,19.0
1299104,1.0
1279078,3.0
1205208,9.0
1260747,2.0
1116608,1.0
1004421,2.0
1022936,15.0
1390646,3.0
1227566,24.0
1106214,15.0
1220694,92.0
1406416,43.0
1105134,24.0
1237497,10.0
1009668,1.0
1016396,1.0
1371917,2.0
1005908,0.0
1038904,7.0
1254511,13.0
1106477,7.0
1458262,5.0
1156372,3.0
1245307,87.0
1118089,4.0
1327740,35.0
1315966,15.0
1415433,1.0
1373073,20.0
1006936,2.0
1322902,13.0
1117794,5.0
1216915,4.0
1270844,6.0
1234934,5.0
1428111,10.0
1126887,6.0
1469009,5.0
1132563,3.0
1050309,4.0
1208238,15.0
1411175,11.0
1366520,11.0
1431578,8.0
1316124,41.0
1158613,22.0
1229988,17.0
1138299,1.0
1355456,2.0
1096718,9.0
1088417,2.0
1449674,2.0
1466553,1.0
1339599,12.0
1176368,4.0
1275917,51.0
1306795,24.0
1244406,59.0
1290335,31.0
1042068,37.0
1174609,7.0
1041787,1.0
1025405,1.0
1090871,2.0
1231794,2.0
1357530,7.0
1034942,12.0
1232147,10.0
1035472,9.0
1196568,6.0
1253360,98.0
1464902,20.0
1392631,71.0
1177119,24.0
1392332,5.0
1013335,38.0
1225822,6.0
1121707,21.0
1108577,12.0
1042727,16.0
1381475,9.0
1441244,5.0
1276210,14.0
1140650,18.0
1122693,9.0
1313876,10.0
1355324,8.0
1062748,11.0
1174683,5.0
1093606,13.0
1453153,10.0
1194645,20.0
1112073,29.0
1370663,16.0
1307524,1.0
1154639,5.0
1074738,8.0
1068092,4.0
1143480,3.0
1433836,6.0
1103696,20.0
1256397,6.0
1223122,103.0
1399798,39.0
1437803,249.0
1233430,60.0
1166548,60.0
1194404,13.0
1351560,2.0
1084033,1.0
1068796,4.0
1445107,2.0
1234304,2.0
1065086,11.0
1163756,6.0
1134193,4.0
1188423,1.0
1334806,42.0
1127744,5.0
1330920,13.0
1285593,2.0
1439931,7.0
1041015,4.0
1380259,4.0
1040536,2.0
1143526,2.0
1407351,3.0
1227672,3.0
1269102,4.0
1199642,2.0
1234660,3.0
1353923,13.0
1346521,3.0
1458097,7.0
1453641,6.0
1183240,35.0
1344396,48.0
1035593,26.0
1234435,2.0
1074845,6.0
1231502,6.0
1230931,3.0
1013158,2.0
1366807,2.0
1134508,10.0
1210047,9.0
1076893,45.0
1009674,24.0
1304159,137.0
1420084,65.0
1128983,58.0
1394666,8.0
1294517,4.0
1111531,17.0
1018949,8.0
1346957,14.0
1150577,4.0
1414754,59.0
1360006,7.0
1252761,21.0
1035302,5.0
1271224,8.0
1076554,2.0
1120486,8.0
1279947,3.0
1282018,6.0
1033257,3.0
1338229,2.0
1110183,2.0
1265941,2.0
1337500,2.0
1368122,1.0
1268107,6.0
1375764,14.0
1440792,3.0
1179858,16.0
1077157,6.0
1410438,32.0
1240588,35.0
1267321,26.0
1048336,2.0
1142784,3.0
1048392,1.0
1104837,2.0
1210762,3.0
1189940,8.0
1335156,1.0
1376934,25.0
1371058,20.0
1111306,61.0
1441726,42.0
1119115,37.0
1155297,4.0
1413998,1.0
1450999,1.0
1424451,2.0
1229367,1.0
1161249,4.0
1230200,9.0
1298791,9.0
1030565,6.0
1118864,2.0
1272752,66.0
1429926,5.0
1033066,22.0
1154595,13.0
1388009,1.0
1135069,14.0
1208230,2.0
1182488,11.0
1209251,4.0
1451557,3.0
1074488,2.0
1042801,4.0
1276957,8.0
1216041,6.0
1127258,4.0
1425363,4.0
1232241,6.0
1169872,5.0
1204375,5.0
1245697,8.0
1158072,5.0
1058633,21.0
1184785,28.0
1046506,18.0
1196481,1.0
1205268,3.0
1049036,7.0
1134689,1.0
1005570,0.0
1463098,1.0
1447372,16.0
1036644,3.0
1392931,25.0
1174867,15.0
1068997,93.0
1022698,45.0
1193283,25.0
1242179,10.0
1035082,1.0
1411231,2.0
1321985,3.0
1177942,0.0
1125605,7.0
1381314,12.0
1228267,7.0
1027874,5.0
1029385,3.0
1275811,86.0
1275459,4.0
1125932,33.0
1233606,14.0
1039530,1.0
1445929,18.0
1258531,2.0
1431057,14.0
1359451,6.0
1332889,5.0
1328501,7.0
1454101,5.0
1386796,10.0
1057756,6.0
1326459,5.0
1210119,3.0
1171203,4.0
1165399,16.0
1349645,11.0
1326118,11.0
1191549,8.0
1056930,42.0
1377241,22.0
1166043,17.0
1083869,2.0
1107616,2.0
1176823,7.0
1432003,1.0
1275019,1.0
1136806,1.0
1014305,11.0
1182625,4.0
1415358,47.0
1149898,23.0
1348166,54.0
1342267,29.0
1436961,34.0
1367033,6.0
1429786,1.0
1108394,2.0
1043274,2.0
1234340,2.0
1090528,6.0
1185915,10.0
1020378,10.0
1179376,8.0
1382303,5.0
1153781,87.0
1215411,18.0
1246476,60.0
1392629,20.0
1418200,4.0
1203086,32.0
1080348,5.0
1118835,20.0
1005706,11.0
1329192,16.0
1066787,9.0
1232058,4.0
1310188,13.0
1469381,16.0
1177038,9.0
1429060,9.0
1260529,7.0
1045339,11.0
1421375,5.0
1184520,11.0
1034745,9.0
1329524,19.0
1432622,26.0
1140398,15.0
1142739,1.0
1275505,5.0
1450525,5.0
1333664,2.0
1088287,1.0
1040672,4.0
1074104,19.0
1379092,5.0
1442752,96.0
1284267,38.0
1232621,227.0
1186496,56.0
1094924,56.0
1306575,12.0
1115394,2.0
1355487,2.0
1215230,4.0
1043502,2.0
1027710,2.0
1022396,9.0
1434824,6.0
1339733,3.0
1275389,1.0
1092352,38.0
1246820,5.0
1317091,12.0
1204653,2.0
1352756,7.0
1090693,4.0
1312071,5.0
1259304,2.0
1128620,2.0
1448945,3.0
1179132,3.0
1406900,3.0
1367770,2.0
1354263,3.0
1119590,12.0
1422734,3.0
1152479,7.0
1317389,6.0
1400711,33.0
1151348,43.0
1039099,24.0
1253571,2.0
1319914,6.0
1250190,4.0
1303990,2.0
1292809,1.0
1427024,2.0
1438401,9.0
1376275,9.0
1199554,43.0
1206020,23.0
1462316,128.0
1290444,62.0
1064752,55.0
1281153,8.0
1197347,4.0
1133494,15.0
1142865,8.0
1402607,14.0
1336385,4.0
1431243,55.0
1429669,6.0
1391170,18.0
1142858,4.0
1174791,7.0
1167171,2.0
1083681,8.0
1100573,2.0
1346607,6.0
1323475,3.0
1401430,2.0
1365068,2.0
1232638,2.0
1005216,2.0
1038209,1.0
1307196,6.0
1459632,14.0
1032253,3.0
1289541,15.0
1003065,6.0
1034212,30.0
1244586,33.0
1188358,25.0
1365268,3.0
1386225,2.0
1207867,0.0
1185981,1.0
1405819,2.0
1262434,10.0
1085412,2.0
1425993,29.0
1190787,23.0
1446731,68.0
1247076,48.0
1163786,41.0
1280455,4.0
1166458,1.0
1460398,1.0
1361340,2.0
1331139,1.0
1065870,5.0
1006808,9.0
1299506,10.0
1034239,6.0
1142553,3.0
1364879,72.0
1228681,6.0
1040384,22.0
1427366,13.0
1304814,1.0
1359466,14.0
1375406,3.0
1321127,13.0
1186958,4.0
1344160,4.0
1036922,2.0
1355047,5.0
1218905,9.0
1078096,6.0
1448811,4.0
1128217,4.0
1008086,7.0
1458751,6.0
1069804,5.0
1084752,8.0
1338777,6.0
1040955,24.0
1311022,31.0
1400971,20.0
1248474,2.0
1467346,4.0
1441363,8.0
1399456,1.0
1336360,0.0
1283735,1.0
1359041,18.0
1383674,4.0
1222317,29.0
1126321,17.0
1401500,101.0
1037705,48.0
1180705,27.0
1427689,12.0
1118387,1.0
1138578,2.0
1316042,3.0
1251030,0.0
1397546,7.0
1331946,13.0
1383472,7.0
1345623,6.0
1031714,3.0
1040234,93.0
1379810,5.0
1333808,34.0
1108380,14.0
1371896,1.0
1344332,19.0
1374189,3.0
1034296,14.0
1357804,6.0
1272237,5.0
1284921,7.0
1330419,6.0
1367722,10.0
1155587,7.0
1009806,5.0
1079553,3.0
1088285,5.0
1450301,16.0
1246935,12.0
1229274,12.0
1167292,9.0
1465137,31.0
1293230,14.0
1387756,19.0
1001417,2.0
1180014,3.0
1010366,8.0
1425216,2.0
1436037,1.0
1247143,1.0
1151499,14.0
1199510,5.0
1329533,59.0
1328325,26.0
1165143,62.0
1067061,33.0
1042714,39.0
1099202,8.0
1237917,1.0
1283667,2.0
1203414,2.0
1400787,2.0
1083497,7.0
1139586,12.0
1279227,11.0
1015892,9.0
1323563,6.0
1331260,99.0
1352244,22.0
1005336,65.0
1418699,22.0
1091952,5.0
1360061,35.0
1320690,6.0
1265958,22.0
1079133,13.0
1046447,17.0
1428166,9.0
1050153,5.0
1179510,14.0
1017351,18.0
1256069,9.0
1400889,11.0
1231227,9.0
1423950,12.0
1360262,5.0
1203237,13.0
1038865,10.0
1010420,15.0
1147161,18.0
1394644,17.0
1150433,1.0
1410734,5.0
1408035,6.0
1379245,2.0
1276769,1.0
1276217,4.0
1207528,20.0
1212397,6.0
1323567,109.0
1365139,39.0
1439769,238.0
1392381,59.0
1380177,59.0
1153159,14.0
1112393,2.0
1435063,1.0
1322664,4.0
1357647,2.0
1009737,2.0
1101531,10.0
1095822,6.0
1344400,4.0
1108107,2.0
1318965,40.0
1092098,6.0
1106591,12.0
1316467,2.0
1252088,7.0
1276412,4.0
1316361,4.0
1125818,2.0
1353657,2.0
1451134,3.0
1258985,3.0
1290212,3.0
1349080,2.0
1145631,4.0
1064822,12.0
1365739,3.0
1294481,7.0
1245352,6.0
1196342,23.0
1016584,27.0
1230273,26.0
1422058,2.0
1180631,7.0
1459631,4.0
1133250,2.0
1335285,1.0
1090988,1.0
1015948,10.0
1367503,10.0
1155699,48.0
1374841,23.0
1244971,129.0
1257481,63.0
1131784,56.0
1009469,9.0
1279605,4.0
1193431,15.0
1179305,8.0
1296440,14.0
1404039,4.0
1439472,56.0
1021150,7.0
1185881,18.0
1464421,4.0
1401628,7.0
1226658,1.0
1166151,8.0
1343600,2.0
1325849,5.0
1043266,3.0
1378044,2.0
1075042,2.0
1284277,2.0
1406254,2.0
1389857,1.0
1314456,6.0
1107490,13.0
1232588,3.0
1405702,15.0
1112130,6.0
1160309,21.0
1278871,20.0
1183257,26.0
1133848,3.0
1127116,3.0
1187787,0.0
1375421,1.0
1374717,2.0
1110542,10.0
1065538,2.0
1442008,33.0
1332987,23.0
1381600,71.0
1386692,50.0
1223194,43.0
1465388,5.0
1043488,1.0
1129573,1.0
1203596,2.0
1257072,1.0
1439499,5.0
1414834,10.0
1159435,10.0
1165916,7.0
1282266,3.0
1251929,75.0
1191911,7.0
1240157,22.0
1466128,13.0
1371704,1.0
1067760,14.0
1138010,3.0
1152266,12.0
1036229,4.0
1090506,4.0
1371551,2.0
1129505,5.0
1306492,9.0
1201904,7.0
1029560,4.0
1281441,4.0
1335170,7.0
1297579,6.0
1018799,5.0
1368072,9.0
1254228,6.0
1258567,17.0
1396470,20.0
1396198,21.0
1388185,1.0
1410413,4.0
1262409,8.0
1054353,1.0
1259147,0.0
1235981,2.0
1215937,19.0
1390166,4.0
1413439,34.0
1404136,18.0
1246310,104.0
1294754,50.0
1223146,30.0
1118357,13.0
1343750,1.0
1305953,3.0
1309378,3.0
1143696,0.0
1368101,8.0
1440247,15.0
1360909,7.0
1136468,6.0
1227754,3.0
1462379,97.0
1166449,5.0
1316761,37.0
1328586,16.0
1159567,1.0
1320841,19.0
1325136,3.0
1324978,16.0
1223177,7.0
1086013,7.0
1403200,9.0
1062713,7.0
1242195,17.0
1104585,11.0
1029022,9.0
1343829,5.0
1398044,5.0
1088264,18.0
1011505,12.0
1395935,12.0
1062848,9.0
1315453,34.0
1028652,15.0
1211475,20.0
1034625,2.0
1030463,3.0
1415764,9.0
1009970,2.0
1407115,1.0
1450652,1.0
1454854,15.0
1409695,6.0
1274466,73.0
1279260,30.0
1461844,66.0
1422856,35.0
1409332,44.0
1354029,8.0
1054713,1.0
1170297,3.0
1406589,2.0
1146375,2.0
1238120,8.0
1132002,14.0
1097218,12.0
1307012,10.0
1099015,6.0
1404490,107.0
1116076,23.0
1063027,72.0
1049716,25.0
1045168,5.0
1167754,37.0
1303927,6.0
1019189,27.0
1301820,17.0
1133691,24.0
1061361,12.0
1261924,6.0
1180599,24.0
1245831,32.0
1306679,17.0
1073099,18.0
1438536,9.0
1313492,13.0
1309799,6.0
1279527,14.0
1298576,11.0
1051279,16.0
1100381,20.0
1254785,18.0
1016878,1.0
1341416,3.0
1003674,3.0
1328046,1.0
1051237,1.0
1178317,2.0
1343942,10.0
1458904,3.0
1067071,64.0
1027067,21.0
1449217,119.0
1240602,30.0
1417431,31.0
1158923,7.0
1446456,1.0
1037307,1.0
1239037,2.0
1071874,1.0
1423487,1.0
1001679,6.0
1117326,3.0
1400032,2.0
1280951,1.0
1107005,20.0
1098220,3.0
1257867,6.0
1275281,1.0
1052122,4.0
1418976,3.0
1014500,3.0
1155435,1.0
1381955,1.0
1371401,2.0
1064744,2.0
1253861,3.0
1176190,1.0
1318881,2.0
1312991,7.0
1236897,1.0
1435595,3.0
1056255,3.0
1340702,12.0
1150290,14.0
1401265,13.0
1399272,1.0
1151343,6.0
1056191,4.0
1255848,2.0
1468569,1.0
1168061,1.0
1453300,8.0
1261628,8.0
1256354,45.0
1064290,20.0
1190594,106.0
1006935,52.0
1302185,49.0
1303540,7.0
1129555,3.0
1264284,14.0
1231686,6.0
1131425,12.0
1012973,3.0
1082356,46.0
1333030,5.0
1196017,16.0
1117203,4.0
1463000,6.0
1177011,1.0
1096516,8.0
1468870,2.0
1247681,6.0
1156337,3.0
1289833,2.0
1018993,3.0
1168672,2.0
1215109,3.0
1274565,2.0
1134526,5.0
1449193,11.0
1047335,2.0
1422828,12.0
1367401,5.0
1292135,18.0
1014324,17.0
1254111,21.0
1041268,3.0
1292254,3.0
1394689,1.0
1070055,1.0
1372239,2.0
1005429,11.0
1309432,2.0
1142757,38.0
1094724,26.0
1386661,72.0
1022601,51.0
1089290,47.0
1383990,5.0
1050269,1.0
1148946,2.0
1248615,2.0
1038906,1.0
1068514,6.0
1047551,11.0
1256625,10.0
1179749,7.0
1304885,3.0
1445071,77.0
1411349,7.0
1202003,24.0
1315679,14.0
1186211,1.0
1122778,14.0
1137089,3.0
1234542,14.0
1235224,5.0
1021389,5.0
1161848,3.0
1412256,6.0
1259689,14.0
1089701,11.0
1074117,7.0
1140664,7.0
1260380,7.0
1007909,6.0
1223035,5.0
1106298,9.0
1319959,6.0
1168432,18.0
1418349,20.0
1078971,21.0
1199349,2.0
1449199,4.0
1127447,9.0
1390423,2.0
1325213,0.0
1153265,2.0
1289085,19.0
1442044,5.0
1007593,36.0
1375047,20.0
1151773,113.0
1112987,58.0
1160676,32.0
1292564,15.0
1303950,2.0
1311790,3.0
1316394,4.0
1047303,0.0
1389202,8.0
1018978,10.0
1321692,8.0
1214961,7.0
1215098,4.0
1346609,98.0
1124446,3.0
1370473,40.0
1056426,15.0
1271968,1.0
1033892,20.0
1228052,3.0
1029216,19.0
1102781,8.0
1267172,7.0
1398048,10.0
1129421,8.0
1257815,24.0
1112591,15.0
1246299,12.0
1032664,8.0
1388738,5.0
1273380,17.0
1453639,13.0
1184926,13.0
1015680,9.0
1379736,36.0
1414600,16.0
1115807,22.0
1432238,3.0
1277289,4.0
1418967,11.0
1229101,2.0
1365273,2.0
1417077,2.0
1303738,18.0
1097719,8.0
1405398,91.0
1158240,39.0
1106037,84.0
1391798,48.0
1373919,57.0
1015189,11.0
1172003,2.0
1234703,3.0
1163091,4.0
1180539,3.0
1360850,10.0
1388729,10.0
1294955,14.0
1326653,13.0
1012917,9.0
1439349,126.0
1417467,17.0
1035331,91.0
1181824,29.0
1449068,7.0
1269909,43.0
1110084,8.0
1274354,37.0
1452185,22.0
1355858,30.0
1254196,16.0
1340590,9.0
1078039,42.0
1268805,51.0
1035768,27.0
1250094,32.0
1212306,10.0
1049792,15.0
1151510,7.0
1198289,17.0
1090419,13.0
1407726,21.0
1249471,25.0
1432418,25.0
1324122,2.0
1378392,2.0
1278212,3.0
1219003,1.0
1147334,1.0
1325833,2.0
1352817,8.0
1320868,3.0
1457397,51.0
1344754,18.0
1193277,102.0
1282204,27.0
1225397,27.0
1141710,6.0
1160464,1.0
1400343,1.0
1215406,2.0
1195042,1.0
1249049,1.0
1251502,3.0
1222977,2.0
1019828,2.0
1159517,1.0
1059012,16.0
1000390,1.0
1115844,5.0
1461335,1.0
1033484,4.0
1223030,2.0
1151252,2.0
1378442,1.0
1323761,1.0
1368588,2.0
1403943,2.0
1297435,3.0
1233383,1.0
1383359,1.0
1376667,5.0
1152311,1.0
1262903,3.0
1017036,3.0
1107076,10.0
1440749,12.0
1396109,12.0
1408735,1.0
1255478,6.0
1143431,4.0
1163345,2.0
1000138,1.0
1088944,1.0
1068730,8.0
1009960,10.0
1069481,46.0
1111896,22.0
1306813,113.0
1430857,58.0
1038363,51.0
1076797,8.0
1076928,4.0
1114536,9.0
1256627,6.0
1266387,13.0
1077338,3.0
1287117,46.0
1051745,3.0
1019540,16.0
1447907,3.0
1147895,5.0
1320322,1.0
1012083,9.0
1024087,3.0
1301983,6.0
1272360,3.0
1216314,2.0
1465628,4.0
1130295,3.0
1275935,3.0
1431654,2.0
1029275,4.0
1386132,10.0
1451951,2.0
1178404,13.0
1299168,5.0
1063069,19.0
1460377,17.0
1468899,24.0
1180761,3.0
1210541,3.0
1267706,1.0
1035376,2.0
1397028,2.0
1090877,11.0
1296023,2.0
1375492,40.0
1400481,28.0
1319002,79.0
1375363,59.0
1398797,51.0
1268758,6.0
1203729,1.0
1189025,2.0
1184128,3.0
1288342,1.0
1340493,6.0
1306857,7.0
1058251,11.0
1298709,8.0
1217229,3.0
1278445,78.0
1031197,4.0
1045017,25.0
1137350,14.0
1358256,1.0
1388751,14.0
1208401,3.0
1231314,17.0
1082313,6.0
1103012,5.0
1247618,3.0
1196318,7.0
1165118,20.0
1089802,14.0
1040758,9.0
1406836,10.0
1176159,7.0
1298798,6.0
1307646,6.0
1434754,9.0
1223656,6.0
1057031,19.0
1333761,22.0
1223834,25.0
1208113,2.0
1167648,3.0
1434833,7.0
1392400,1.0
1145955,0.0
1117815,1.0
1228636,17.0
1168717,3.0
1043575,27.0
1428287,16.0
1454015,98.0
1201276,50.0
1115050,27.0
1140802,12.0
1451437,1.0
1237589,2.0
1084630,3.0
1316981,0.0
1019542,7.0
1411990,8.0
1305492,7.0
1361636,6.0
1288067,3.0
1452890,88.0
1214477,2.0
1348060,33.0
1289973,14.0
1078793,1.0
1091091,17.0
1185960,2.0
1250385,15.0
1213596,7.0
1291582,5.0
1058649,8.0
1097384,6.0
1007657,17.0
1310243,10.0
1341458,9.0
1194383,5.0
1358856,5.0
1167086,16.0
1107487,13.0
1246737,12.0
1200534,9.0
1238624,31.0
1041306,14.0
1260819,19.0
1207854,2.0
1242153,3.0
1040262,7.0
1191128,2.0
1268614,1.0
1388746,1.0
1412379,13.0
1352119,4.0
1234634,54.0
1163772,26.0
1153452,60.0
1017720,33.0
1305233,38.0
1382143,7.0
1171339,1.0
1110116,2.0
1464786,2.0
1314566,2.0
1038839,6.0
1214215,7.0
1190130,10.0
1368348,9.0
1135531,6.0
1073994,94.0
1366584,11.0
1222162,63.0
1032720,22.0
1361949,4.0
1248264,31.0
1029937,6.0
1437732,24.0
1098504,15.0
1184444,19.0
1088327,10.0
1143520,5.0
1318215,24.0
1352442,28.0
1361673,15.0
1347597,16.0
1382556,8.0
1380545,12.0
1063473,6.0
1182780,13.0
1089139,10.0
1199416,15.0
1307970,18.0
1045942,17.0
1163393,1.0
1310167,5.0
1038857,6.0
1376803,3.0
1279809,2.0
1047686,4.0
1085826,20.0
1200422,6.0
1376825,106.0
1408480,41.0
1419104,246.0
1295574,64.0
1272244,62.0
1268615,14.0
1388045,2.0
1451020,2.0
1371961,4.0
1303456,2.0
1186373,2.0
1241847,6.0
1464645,6.0
1164068,4.0
1216588,2.0
1016697,40.0
1395108,3.0
1266262,11.0
1124632,2.0
1134778,8.0
1053003,5.0
1152510,5.0
1028073,3.0
1255684,3.0
1009496,5.0
1235408,5.0
1308391,6.0
1071598,3.0
1432711,3.0
1370002,13.0
1268826,3.0
1107585,8.0
1383761,7.0
1058773,25.0
1174686,29.0
1234388,28.0
1419178,2.0
1120855,8.0
1093308,5.0
1357442,2.0
1014208,2.0
1062517,2.0
1437695,11.0
1208331,10.0
1435353,52.0
1348545,28.0
1092573,150.0
1152385,76.0
1063830,66.0
1223247,10.0
1128807,4.0
1331674,11.0
1088105,9.0
1095338,16.0
1121253,4.0
1407821,62.0
1239440,4.0
1308003,21.0
1211010,5.0
1240760,7.0
1464447,2.0
1151958,10.0
1448586,3.0
1051804,7.0
1187754,4.0
1444174,3.0
1036317,4.0
1306439,3.0
1356411,4.0
1163481,2.0
1041531,7.0
1369640,16.0
1018458,4.0
1105642,18.0
1143878,7.0
1402049,25.0
1427173,24.0
1417682,31.0
1098386,3.0
1134161,2.0
1443089,1.0
1184125,1.0
1250162,2.0
1364442,10.0
1085314,2.0
1277890,30.0
1046084,24.0
1245452,70.0
1126488,52.0
1191296,44.0
1060196,5.0
1374399,1.0
1315787,1.0
1420890,2.0
1186607,1.0
1182389,5.0
1388344,6.0
1103677,10.0
1050308,7.0
1232364,3.0
1002808,72.0
1332557,4.0
1125333,22.0
1394052,13.0
1400139,1.0
1460143,13.0
1356437,3.0
1229430,14.0
1337784,5.0
1299278,4.0
1395878,3.0
1074338,5.0
1436234,15.0
1464509,10.0
1215241,7.0
1039436,7.0
1099287,7.0
1348577,6.0
1048644,6.0
1191023,9.0
1307361,6.0
1209351,17.0
1221138,20.0
1168992,22.0
1190929,1.0
1013362,3.0
1288503,7.0
1304514,1.0
1103563,0.0
1162344,1.0
1256897,16.0
1180037,3.0
1047286,25.0
1072694,15.0
1412632,101.0
1434942,47.0
1301804,27.0
1441736,12.0
1363799,1.0
1067162,4.0
1126708,4.0
1082968,0.0
1118102,7.0
1033792,8.0
1204879,7.0
1195897,6.0
1084511,3.0
1251576,83.0
1306596,2.0
1363299,32.0
1208486,14.0
1382910,1.0
1134688,17.0
1011805,2.0
1046110,12.0
1157732,6.0
1029944,5.0
1400548,6.0
1157768,5.0
1188317,9.0
1142796,6.0
1187386,5.0
1235861,3.0
1347544,4.0
1367020,15.0
1161427,11.0
1110920,11.0
1417799,7.0
1092708,29.0
1076152,14.0
1314665,18.0
1362971,3.0
1395382,2.0
1295558,7.0
1112755,1.0
1147565,1.0
1263753,1.0
1034215,12.0
1324535,4.0
1463505,48.0
1170309,23.0
1130713,59.0
1241685,30.0
1029623,36.0
1432608,7.0
1000090,1.0
1402576,3.0
1086868,3.0
1207972,2.0
1339081,6.0
1421063,7.0
1008357,9.0
1352056,9.0
1250859,5.0
1106430,84.0
1073772,11.0
1214671,59.0
1422490,20.0
1348722,4.0
1164002,30.0
1088009,5.0
1094343,18.0
1376785,12.0
1198073,15.0
1108335,8.0
1181885,4.0
1212879,12.0
1406673,15.0
1244569,8.0
1365085,9.0
1394347,7.0
1116460,10.0
1340396,5.0
1311328,12.0
1190203,8.0
1010586,13.0
1442064,16.0
1070116,15.0
1353443,2.0
1456578,5.0
1326382,6.0
1065826,3.0
1183895,1.0
1020716,4.0
1365124,19.0
1462180,5.0
1372742,94.0
1063683,37.0
1298996,237.0
1360384,57.0
1353320,58.0
1148814,13.0
1411072,2.0
1459525,3.0
1334669,5.0
1340751,2.0
1174441,2.0
1358184,6.0
1402511,6.0
1274894,4.0
1011325,1.0
1114706,35.0
1102532,3.0
1188558,10.0
1020215,2.0
1179052,6.0
1298541,4.0
1165551,4.0
1385804,2.0
1023871,2.0
1122341,2.0
1005981,2.0
1393534,3.0
1075369,1.0
1365467,3.0
1381488,11.0
1465979,3.0
1436033,7.0
1023070,5.0
1097914,22.0
1330158,26.0
1007136,25.0
1468169,3.0
1301691,6.0
1440486,4.0
1275591,2.0
1358551,1.0
1112901,1.0
1079636,9.0
1064338,8.0
1317893,42.0
1201104,22.0
1233704,130.0
1178955,62.0
1136622,56.0
1012096,8.0
1403182,4.0
1393156,9.0
1076363,7.0
1106740,14.0
1052168,4.0
1181397,51.0
1153319,4.0
1135413,17.0
1391682,4.0
1205640,6.0
1316323,1.0
1023293,7.0
1362761,2.0
1191923,5.0
1315620,3.0
1433737,2.0
1062388,2.0
1099674,2.0
1152398,2.0
1250235,1.0
1348562,5.0
1389524,12.0
1127284,3.0
1228656,15.0
1058012,5.0
1368584,20.0
1197894,20.0
1160586,25.0
1018540,3.0
1353030,2.0
1357563,0.0
1319861,1.0
1421515,2.0
1241093,9.0
1219465,2.0
1085741,28.0
1100610,22.0
1236327,70.0
1102698,48.0
1107019,42.0
1348472,4.0
1409537,1.0
1411542,2.0
1460788,3.0
1190866,1.0
1451432,5.0
1209586,6.0
1165478,9.0
1223299,6.0
1200751,2.0
1292369,67.0
1116127,3.0
1272754,21.0
1354711,12.0
1179037,1.0
1242230,13.0
1039948,2.0
1395679,11.0
1064886,4.0
1243122,3.0
1338904,2.0
1363841,4.0
1025311,8.0
1241544,6.0
1053438,4.0
1296084,4.0
1280031,6.0
1233953,5.0
1146568,5.0
1381570,8.0
1007649,5.0
1128384,16.0
1113369,19.0
1026894,20.0
1081447,2.0
1167339,3.0
1056066,8.0
1297786,1.0
1256209,0.0
1445585,2.0
1335965,18.0
1185415,4.0
1367017,29.0
1209182,17.0
1357721,110.0
1366981,52.0
1201063,29.0
1353614,13.0
1127379,2.0
1230496,3.0
1253051,5.0
1068022,0.0
1385415,8.0
1052365,9.0
1353452,8.0
1152720,6.0
1243538,3.0
1413199,94.0
1383300,3.0
1021345,35.0
1130819,14.0
1278397,1.0
1188525,18.0
1208523,2.0
1127590,14.0
1051586,6.0
1223859,5.0
1311986,7.0
1300262,5.0
1360587,10.0
1347569,7.0
1142394,6.0
1011765,3.0
1045075,5.0
1122867,17.0
1325095,14.0
1188026,13.0
1209470,9.0
1293457,34.0
1079141,16.0
1334616,20.0
1363900,3.0
1356369,3.0
1392727,8.0
1129544,2.0
1301284,1.0
1439533,1.0
1294767,14.0
1225116,5.0
1088858,56.0
1275145,26.0
1039930,65.0
1332510,34.0
1270952,40.0
1356342,8.0
1469593,1.0
1169671,3.0
1355897,3.0
1058793,2.0
1294801,7.0
1273298,8.0
1075726,11.0
1171141,10.0
1073792,6.0
1409239,97.0
1034070,12.0
1363347,64.0
1309663,21.0
1158609,5.0
1002611,32.0
1354836,5.0
1396561,21.0
1286873,13.0
1329508,17.0
1297087,9.0
1040863,4.0
1007846,14.0
1173927,18.0
1386621,9.0
1422792,10.0
1455235,8.0
1402825,12.0
1013265,6.0
1408255,13.0
1101451,10.0
1186371,15.0
1437113,19.0
1290580,18.0
1437738,2.0
1341506,4.0
1173745,5.0
1142195,2.0
1113300,1.0
1258522,3.0
1231150,18.0
1456936,6.0
1019595,90.0
1236029,35.0
1097178,222.0
1236341,53.0
1159854,53.0
1049218,12.0
1351178,2.0
1266111,2.0
1435717,5.0
1172047,2.0
1019062,2.0
1216531,6.0
1264862,6.0
1046238,3.0
1001876,1.0
1085806,35.0
1389502,3.0
1376359,10.0
1075591,2.0
1462422,6.0
1320161,4.0
1271383,4.0
1218301,2.0
1309427,2.0
1097987,2.0
1142766,2.0
1023274,3.0
1055934,1.0
1329235,3.0
1078936,11.0
1312402,3.0
1468750,6.0
1028769,6.0
1130889,22.0
1015430,25.0
1219383,23.0
1135659,3.0
1228191,6.0
1430487,4.0
1346341,2.0
1378589,1.0
1268650,2.0
1317301,10.0
1244202,10.0
1063611,47.0
1073609,24.0
1156545,139.0
1251988,67.0
1049197,59.0
1037047,9.0
1389297,4.0
1089897,11.0
1029001,8.0
1028022,15.0
1314135,4.0
1053405,57.0
1454220,4.0
1379748,18.0
1440479,4.0
1412745,7.0
1251721,1.0
1172305,8.0
1410383,3.0
1383243,6.0
1339440,3.0
1214682,2.0
1175458,2.0
1308638,2.0
1191916,2.0
1110697,1.0
1053072,6.0
1040583,14.0
1288815,3.0
1282137,16.0
1227799,6.0
1434467,23.0
1075343,22.0
1209249,28.0
1083937,3.0
1454474,3.0
1167836,1.0
1350729,1.0
1255770,2.0
1380692,10.0
1388707,2.0
1170960,31.0
1438017,23.0
1285797,74.0
1322929,51.0
1006797,44.0
1464549,5.0
1148694,1.0
1410995,2.0
1195388,3.0
1078491,1.0
1337561,5.0
1093744,6.0
1408170,10.0
1069849,7.0
1215608,3.0
1464751,73.0
1384591,4.0
1205589,22.0
1394841,12.0
1015858,1.0
1241154,13.0
1146879,3.0
1017714,12.0
1395528,4.0
1111330,4.0
1441813,2.0
1114303,4.0
1001684,9.0
1156271,6.0
1145075,4.0
1376002,4.0
1012647,7.0
1118094,6.0
1100781,6.0
1205780,9.0
1419648,6.0
1297162,18.0
1024611,21.0
1256137,22.0
1217409,2.0
1439674,3.0
1392175,7.0
1109731,1.0
1168296,0.0
1405588,1.0
1332412,16.0
1469218,3.0
1456390,25.0
1025727,16.0
1136528,96.0
1129776,47.0
1221782,27.0
1246875,11.0
1356167,2.0
1469123,4.0
1278972,4.0
1275527,0.0
1187752,7.0
1319099,8.0
1342652,7.0
1401641,5.0
1179762,3.0
1179581,80.0
1018003,2.0
1445573,31.0
1040426,13.0
1426642,1.0
1168843,17.0
1451120,2.0
1200351,12.0
1113228,6.0
1268628,5.0
1401366,6.0
1203491,5.0
1130365,9.0
1335367,6.0
1221958,5.0
1226671,3.0
1177762,4.0
1302622,15.0
1185426,12.0
1453664,11.0
1349611,8.0
1359739,29.0
1416939,13.0
1180282,19.0
1208481,3.0
1427376,3.0
1165940,8.0
1275993,2.0
1275032,1.0
1084480,1.0
1084539,13.0
1283866,5.0
1100276,52.0
1036787,26.0
1088547,62.0
1113040,34.0
1184802,41.0
1026781,7.0
1201608,1.0
1213986,4.0
1254465,3.0
1129802,2.0
1079729,6.0
1094030,7.0
1017902,10.0
1400951,9.0
1395045,5.0
1271961,90.0
1344384,11.0
1276321,63.0
1365824,21.0
1093580,4.0
1185136,33.0
1362674,5.0
1342344,21.0
1421537,13.0
1393104,18.0
1149889,8.0
1183028,5.0
1147211,13.0
1441099,18.0
1218973,9.0
1324047,11.0
1418772,8.0
1012342,11.0
1279231,5.0
1346486,13.0
1244204,10.0
1090191,14.0
1013003,17.0
1087069,18.0
1414815,2.0
1242082,5.0
1414486,6.0
1261578,3.0
1363995,2.0
1251111,4.0
1384675,19.0
1090964,6.0
1190378,95.0
1361183,39.0
1287234,237.0
1116191,59.0
1437722,61.0
1099073,13.0
1233979,3.0
1228296,4.0
1194628,6.0
1422761,2.0
1135566,2.0
1302322,6.0
1048243,6.0
1083421,3.0
1135191,1.0
1138861,36.0
1380361,3.0
1320357,11.0
1287793,2.0
1011546,7.0
1469031,4.0
1093169,5.0
1296039,2.0
1359175,2.0
1205738,2.0
1202184,3.0
1114627,3.0
1251853,2.0
1028471,3.0
1153702,12.0
1192912,3.0
1227819,7.0
1405435,6.0
1057237,23.0
1091197,26.0
1005621,26.0
1334394,4.0
1016229,7.0
1355907,5.0
1373611,2.0
1208616,1.0
1374663,2.0
1020010,10.0
1320521,11.0
1143655,45.0
1236936,25.0
1104077,138.0
1309618,68.0
1468737,63.0
1420817,9.0
1292116,4.0
1369727,11.0
1183120,8.0
1126883,14.0
1074133,4.0
1437622,54.0
1440437,4.0
1063714,18.0
1114282,4.0
1279590,7.0
1195419,1.0
1242958,8.0
1025728,3.0
1159080,6.0
1205416,3.0
1039258,2.0
1211852,2.0
1114155,2.0
1409744,2.0
1397547,1.0
1002595,6.0
1150519,14.0
1295674,3.0
1191187,16.0
1076049,6.0
1182132,22.0
1144286,21.0
1019084,29.0
1460965,3.0
1363244,2.0
1410090,1.0
1260816,1.0
1148302,2.0
1138554,9.0
1039998,2.0
1459703,27.0
1176326,22.0
1420297,67.0
1371435,48.0
1303038,43.0
1341221,4.0
1099747,1.0
1059738,3.0
1400208,3.0
1052781,1.0
1048459,5.0
1318790,6.0
1096928,9.0
1210411,6.0
1398362,2.0
1163695,64.0
1334567,3.0
1218881,20.0
1177420,11.0
1017318,1.0
1134404,12.0
1027460,2.0
1293852,11.0
1460599,4.0
1206111,4.0
1407882,2.0
1217361,4.0
1428587,8.0
1229059,6.0
1087370,4.0
1071724,4.0
1348752,6.0
1104029,6.0
1039609,5.0
1389126,8.0
1424959,5.0
1046073,16.0
1305114,18.0
1168297,20.0
1176391,2.0
1129151,4.0
1425471,10.0
1000117,2.0
1399979,1.0
1402266,2.0
1195185,20.0
1111666,4.0
1327119,30.0
1229630,18.0
1044177,107.0
1462559,52.0
1071765,30.0
1262613,14.0
1184719,2.0
1352961,5.0
1035183,7.0
1053889,1.0
1298953,8.0
1204272,9.0
1445624,8.0
1258479,6.0
1463141,3.0
1321032,97.0
1000865,3.0
1153648,35.0
1253340,16.0
1028771,1.0
1094992,19.0
1049940,3.0
1377450,14.0
1268905,6.0
1313811,5.0
1063094,7.0
1260724,6.0
1196244,11.0
1068648,8.0
1313638,6.0
1025749,3.0
1171451,5.0
1444052,17.0
1268218,13.0
1283472,12.0
1349786,9.0
1295331,35.0
1014736,16.0
1214468,21.0
1162262,5.0
1240766,3.0
1303664,10.0
1372447,2.0
1130803,2.0
1220040,1.0
1016665,15.0
1361048,5.0
1467986,61.0
1234223,28.0
1013762,66.0
1317370,35.0
1328851,43.0
1274938,8.0
1126477,2.0
1151565,4.0
1357288,6.0
1094927,3.0
1443613,8.0
1113815,8.0
1167000,11.0
1237531,10.0
1339114,6.0
1174989,102.0
1461010,13.0
1365427,68.0
1213250,24.0
1415493,5.0
1028368,34.0
1313188,6.0
1288022,23.0
1326565,14.0
1172014,19.0
1196142,10.0
1166269,5.0
1370154,15.0
1202000,21.0
1182886,10.0
1094194,11.0
1181533,9.0
1386842,12.0
1220031,6.0
1143248,13.0
1387335,10.0
1322483,16.0
1035413,20.0
1318680,19.0
1121325,4.0
1263066,7.0
1373795,9.0
1295064,4.0
1465738,2.0
1283448,6.0
1089201,26.0
1098643,8.0
1315043,124.0
1180110,47.0
1443959,279.0
1087109,70.0
1090070,72.0
1060785,17.0
1300817,4.0
1452584,5.0
1118501,12.0
1273192,4.0
1165735,2.0
1320391,8.0
1276211,7.0
1126497,4.0
1054169,2.0
1432277,46.0
1289290,4.0
1119055,12.0
1231764,2.0
1059848,8.0
1344028,5.0
1233751,5.0
1194903,3.0
1465872,3.0
1337683,3.0
1335583,4.0
1189450,4.0
1395394,2.0
1232103,4.0
1052988,15.0
1257180,4.0
1229293,8.0
1427697,7.0
1168825,29.0
1256242,34.0
1104643,31.0
1302755,8.0
1137774,7.0
1206260,5.0
1439443,2.0
1321796,2.0
1085282,2.0
1265771,10.0
1105706,10.0
1320025,45.0
1212286,22.0
1459899,125.0
1397099,61.0
1412627,56.0
1369680,9.0
1429379,4.0
1422296,10.0
1279002,7.0
1099490,14.0
1308986,4.0
1301399,53.0
1154893,4.0
1264809,17.0
1083252,4.0
1170682,6.0
1312833,1.0
1349013,7.0
1206583,2.0
1332100,5.0
1355964,3.0
1037473,2.0
1431110,2.0
1182428,2.0
1444958,2.0
1316112,1.0
1196311,5.0
1086621,13.0
1375030,3.0
1108049,14.0
1442474,6.0
1112476,22.0
1217426,20.0
1226307,26.0
1438773,3.0
1370189,3.0
1359211,1.0
1127825,2.0
1405864,2.0
1076376,11.0
1027194,2.0
1286103,31.0
1042411,23.0
1011747,70.0
1133232,50.0
1395313,45.0
1264506,5.0
1260656,1.0
1292935,3.0
1344325,5.0
1027802,2.0
1431453,5.0
1369846,6.0
1382249,10.0
1215985,7.0
1027804,3.0
1386442,73.0
1353703,4.0
1087912,22.0
1440491,13.0
1052640,1.0
1219456,13.0
1093689,3.0
1325352,12.0
1300679,4.0
1024383,4.0
1432754,2.0
1400693,5.0
1255561,9.0
1187224,7.0
1414377,4.0
1087133,4.0
1406304,6.0
1109024,6.0
1371860,5.0
1419716,8.0
1254878,6.0
1253885,18.0
1312649,21.0
1013116,21.0
1031843,3.0
1054388,6.0
1151093,12.0
1351345,2.0
1004692,1.0
1461758,2.0
1103971,24.0
1002703,6.0
1434337,34.0
1453863,28.0
1458068,105.0
1089433,54.0
1122540,30.0
1408747,21.0
1184352,2.0
1206722,5.0
1444009,7.0
1351681,1.0
1326141,9.0
1345067,10.0
1005590,8.0
1394939,7.0
1012406,3.0
1088293,102.0
1215111,3.0
1018512,38.0
1160944,15.0
1252731,1.0
1255823,19.0
1264412,3.0
1191628,15.0
1403313,7.0
1105604,6.0
1082736,7.0
1002496,6.0
1029947,11.0
1106713,7.0
1318873,6.0
1228993,4.0
1035290,5.0
1419552,20.0
1319545,14.0
1024836,14.0
1236878,10.0
1450136,36.0
1309314,17.0
1084808,21.0
1421134,4.0
1293796,5.0
1294591,13.0
1318540,2.0
1366967,2.0
1227620,2.0
1319104,18.0
1348641,8.0
1111962,71.0
1073900,45.0
1023524,65.0
1014773,36.0
1366869,44.0
1427786,14.0
1182356,2.0
1018656,5.0
1422105,5.0
1271115,4.0
1450224,8.0
1450034,9.0
1280757,12.0
1323174,11.0
1313000,6.0
1084692,109.0
1172592,13.0
1009466,71.0
1354243,23.0
1127051,5.0
1017320,35.0
1110136,6.0
1033402,24.0
1184912,15.0
1173922,21.0
1367936,9.0
1089753,5.0
1247358,15.0
1156890,21.0
1377050,11.0
1288490,12.0
1270706,9.0
1316056,14.0
1365685,6.0
1296804,15.0
1099223,12.0
1014169,17.0
1129923,21.0
1449885,19.0
1092017,3.0
1435773,5.0
1114805,6.0
1192338,2.0
1002099,1.0
1316261,3.0
1112706,17.0
1216340,6.0
1430935,72.0
1233486,38.0
1154013,139.0
1234724,36.0
1226375,37.0
1420610,14.0
1148048,2.0
1002551,3.0
1350573,5.0
1433051,2.0
1265254,1.0
1353688,4.0
1340738,4.0
1270075,2.0
1428503,1.0
1285339,25.0
1150531,2.0
1212599,7.0
1228946,1.0
1006303,4.0
1104860,3.0
1296714,3.0
1108814,1.0
1413542,1.0
1077514,2.0
1021387,2.0
1010306,2.0
1445767,1.0
1380339,2.0
1267928,9.0
1099398,2.0
1442025,5.0
1127343,4.0
1024905,16.0
1411758,18.0
1221912,16.0
1075759,3.0
1062316,9.0
1438233,6.0
1240238,2.0
1166766,2.0
1332822,2.0
1227366,11.0
1070730,13.0
1043832,46.0
1285813,32.0
1370068,110.0
1071502,57.0
1409796,51.0
1332608,12.0
1266339,4.0
1207220,9.0
1108781,7.0
1044225,13.0
1180509,3.0
1043426,49.0
1431963,3.0
1046470,16.0
1194676,4.0
1038332,6.0
1105032,1.0
1372530,7.0
1238912,2.0
1011447,6.0
1022227,2.0
1311393,2.0
1199458,2.0
1208608,2.0
1275948,2.0
1144534,1.0
1444800,5.0
1090458,13.0
1120376,3.0
1208640,14.0
1026252,6.0
1398425,20.0
1121857,19.0
1083399,24.0
1144663,5.0
1364031,4.0
1311819,1.0
1103350,2.0
1284420,3.0
1219585,13.0
1103679,3.0
1119064,36.0
1322353,37.0
1224027,69.0
1260386,52.0
1402110,45.0
1136425,8.0
1067845,1.0
1246057,3.0
1052156,5.0
1006975,2.0
1403845,6.0
1331457,7.0
1249584,11.0
1410338,8.0
1155426,3.0
1112050,76.0
1328855,4.0
1222159,23.0
1013783,13.0
1153308,1.0
1244508,13.0
1117406,3.0
1210291,13.0
1398846,5.0
1020973,4.0
1159444,2.0
1228422,5.0
1043872,9.0
1094802,7.0
1327649,4.0
1121867,4.0
1109280,7.0
1133952,7.0
1045016,6.0
1126326,9.0
1294179,7.0
1353835,18.0
1157108,21.0
1336401,22.0
1399608,3.0
1065345,6.0
1146044,13.0
1241508,2.0
1075804,1.0
1002599,2.0
1125010,27.0
1010325,7.0
1196004,34.0
1378897,28.0
1043431,111.0
1298110,56.0
1227966,32.0
1139120,22.0
1184307,3.0
1065733,6.0
1411067,9.0
1233408,1.0
1176465,8.0
1192119,11.0
1062620,8.0
1217268,7.0
1155408,4.0
1086775,99.0
1101475,3.0
1135407,40.0
1338309,17.0
1197515,1.0
1421208,21.0
1142992,3.0
1222474,16.0
1038775,7.0
1014626,6.0
1163295,7.0
1182797,6.0
1042873,11.0
1251762,7.0
1237808,6.0
1032611,4.0
1235603,5.0
1230119,19.0
1124218,29.0
1158415,28.0
1207216,10.0
1160160,37.0
1111314,16.0
1387606,22.0
1368507,6.0
1319092,6.0
1129539,15.0
1100335,3.0
1125639,2.0
1335100,2.0
1273627,22.0
1051611,11.0
1028604,75.0
1054886,49.0
1060724,74.0
1293768,42.0
1376893,51.0
1021732,15.0
1328775,2.0
1312115,6.0
1341108,7.0
1048654,4.0
1072559,9.0
1178622,11.0
1455433,13.0
1387596,12.0
1445098,7.0
1106815,114.0
1058714,16.0
1281596,83.0
1061513,29.0
1238108,6.0
1108283,41.0
1241795,7.0
1275855,27.0
1354338,16.0
1407534,22.0
1076578,11.0
1288469,6.0
1257366,17.0
1379293,22.0
1440021,11.0
1251070,13.0
1192284,10.0
1419493,15.0
1229287,14.0
1336524,33.0
1028160,13.0
1202059,19.0
1452873,22.0
1191696,22.0
1006754,5.0
1167170,4.0
1035030,5.0
1135194,2.0
1395510,1.0
1099503,3.0
1232965,14.0
1435060,5.0
1379151,53.0
1455035,28.0
1285894,107.0
1154975,28.0
1175837,29.0
1299864,10.0
1312707,2.0
1222194,2.0
1164536,5.0
1300995,2.0
1450253,1.0
1004264,3.0
1411181,3.0
1051242,2.0
1293865,1.0
1317764,17.0
1134340,1.0
1097001,5.0
1046827,1.0
1267360,3.0
1104358,2.0
1169037,2.0
1207759,1.0
1019979,1.0
1456410,1.0
1343614,1.0
1077680,1.0
1420656,1.0
1064548,1.0
1092238,6.0
1174285,3.0
1199980,7.0
1409502,3.0
1366185,12.0
1043993,13.0
1015755,13.0
1003522,3.0
1335684,9.0
1372805,5.0
1233445,2.0
1328827,2.0
1262677,2.0
1010103,11.0
1338695,14.0
1156869,41.0
1208973,28.0
1113051,104.0
1271864,53.0
1343462,49.0
1285926,11.0
1061602,3.0
1464246,9.0
1178115,6.0
1446767,12.0
1375388,3.0
1298061,43.0
1440133,3.0
1337485,16.0
1013794,4.0
1149614,6.0
1125313,1.0
1007885,7.0
1187504,2.0
1251304,5.0
1104264,2.0
1334136,2.0
1143695,2.0
1262407,1.0
1059910,1.0
1054753,1.0
1312132,4.0
1392052,11.0
1321612,5.0
1385182,25.0
1452358,5.0
1066705,19.0
1010455,17.0
1307346,23.0
1240258,5.0
1467799,4.0
1082520,1.0
1143876,2.0
1117494,3.0
1057890,14.0
1131125,4.0
1377086,35.0
1407353,37.0
1117674,72.0
1406334,54.0
1297396,48.0
1368363,8.0
1143341,1.0
1077904,3.0
1192400,6.0
1196287,2.0
1444843,5.0
1296736,7.0
1351663,10.0
1288204,7.0
1406933,3.0
1389789,74.0
1456044,4.0
1292293,24.0
1100795,14.0
1302516,1.0
1153731,14.0
1358055,3.0
1146508,13.0
1092716,5.0
1333562,4.0
1161963,2.0
1006513,5.0
1058432,9.0
1019966,7.0
1282155,4.0
1300525,4.0
1021117,6.0
1058084,7.0
1168852,11.0
1195198,18.0
1450747,6.0
1349724,19.0
1085881,21.0
1318578,23.0
1263709,4.0
1033863,6.0
1464948,12.0
1146247,2.0
1363268,1.0
1346045,2.0
1304783,24.0
1243351,5.0
1275218,25.0
1373469,25.0
1087622,97.0
1122104,48.0
1130187,27.0
1209290,19.0
1447357,2.0
1186349,8.0
1238084,11.0
1129473,1.0
1354506,7.0
1061193,9.0
1157638,7.0
1074178,6.0
1200816,3.0
1257056,89.0
1300523,3.0
1394620,34.0
1018142,15.0
1165808,1.0
1258966,18.0
1105143,3.0
1226844,15.0
1153656,6.0
1372358,5.0
1343428,7.0
1105749,6.0
1122215,10.0
1388014,6.0
1237102,5.0
1310408,3.0
1283499,4.0
1387563,16.0
1312489,26.0
1158618,24.0
1251791,8.0
1092301,31.0
1414119,14.0
1099149,19.0
1250004,7.0
1140823,4.0
1158536,11.0
1469116,2.0
1466978,1.0
1177677,1.0
1328841,16.0
1353996,6.0
1386352,45.0
1151611,35.0
1354264,53.0
1299655,29.0
1270752,35.0
1384980,11.0
1038329,2.0
1207315,6.0
1356191,7.0
1024769,6.0
1051682,6.0
1148027,7.0
1030944,9.0
1023281,8.0
1075728,5.0
1265909,85.0
1255767,12.0
1112081,59.0
1151567,21.0
1402289,4.0
1063905,29.0
1212784,5.0
1374666,21.0
1126388,12.0
1360145,16.0
1020765,8.0
1193900,4.0
1287760,13.0
1327097,16.0
1339434,8.0
1429038,9.0
1029273,7.0
1013321,10.0
1250698,11.0
1189097,23.0
1271571,9.0
1240113,13.0
1058619,16.0
1315805,15.0
1368483,4.0
1297430,11.0
1016975,12.0
1154449,5.0
1286263,3.0
1189091,7.0
1093374,34.0
1258154,10.0
1081630,105.0
1192956,65.0
1100155,261.0
1371764,67.0
1375969,67.0
1203441,25.0
1305913,4.0
1080497,9.0
1094637,17.0
1049928,5.0
1240490,2.0
1378775,8.0
1270358,7.0
1299531,4.0
1134101,2.0
1349911,43.0
1387779,4.0
1083419,12.0
1425304,2.0
1025861,9.0
1170067,5.0
1389167,5.0
1192476,2.0
1090050,3.0
1260683,3.0
1458162,3.0
1322593,3.0
1166733,2.0
1147838,3.0
1090439,14.0
1011968,7.0
1179728,16.0
1443628,7.0
1045971,26.0
1244506,31.0
1448506,30.0
1253792,11.0
1052008,10.0
1432850,6.0
1152354,2.0
1262654,2.0
1329060,2.0
1418248,12.0
1245232,12.0
1100392,39.0
1054588,31.0
1434939,119.0
1294527,60.0
1280921,53.0
1178054,13.0
1137749,4.0
1435888,10.0
1373175,7.0
1375982,14.0
1073995,4.0
1111077,52.0
1327065,4.0
1260295,17.0
1221698,4.0
1150756,6.0
1175401,1.0
1094051,8.0
1466245,2.0
1388903,5.0
1210249,3.0
1394860,2.0
1234806,2.0
1265732,2.0
1017169,2.0
1174209,1.0
1077782,5.0
1204886,13.0
1378403,6.0
1372281,27.0
1283741,5.0
1259845,20.0
1147233,19.0
1314301,25.0
1068134,5.0
1138670,4.0
1133214,1.0
1450940,2.0
1005854,3.0
1466070,13.0
1251532,3.0
1043096,26.0
1030996,33.0
1103745,65.0
1336962,48.0
1373878,41.0
1217531,7.0
1423613,1.0
1431029,5.0
1174269,8.0
1033781,2.0
1082182,5.0
1017353,6.0
1393416,9.0
1281551,7.0
1232033,2.0
1355669,68.0
1130478,4.0
1232845,21.0
1331916,13.0
1039929,1.0
1170513,13.0
1262471,3.0
1364525,13.0
1125567,4.0
1359039,4.0
1332694,2.0
1027939,5.0
1443335,9.0
1464084,6.0
1383556,4.0
1384586,4.0
1031976,6.0
1262964,6.0
1409903,11.0
1229608,16.0
1090555,5.0
1222340,16.0
1033448,19.0
1309090,20.0
1351677,5.0
1384252,6.0
1030446,13.0
1434605,2.0
1329476,1.0
1058227,2.0
1441301,23.0
1137839,6.0
1016493,25.0
1043342,24.0
1361926,98.0
1460614,48.0
1099120,27.0
1157656,19.0
1464780,3.0
1340474,8.0
1232444,10.0
1151169,1.0
1377537,7.0
1023956,10.0
1017368,7.0
1220693,6.0
1102026,3.0
1171651,86.0
1017413,3.0
1352604,32.0
1443684,14.0
1350582,1.0
1394629,17.0
1178167,2.0
1105721,14.0
1291174,6.0
1153105,5.0
1169979,7.0
1097210,5.0
1345195,10.0
1397270,7.0
1161166,5.0
1370054,3.0
1263687,4.0
1242546,16.0
1185707,24.0
1064617,23.0
1165107,8.0
1131111,31.0
1294870,15.0
1070979,19.0
1298082,7.0
1003129,5.0
1378852,12.0
1362159,2.0
1057036,2.0
1229489,2.0
1269701,18.0
1006922,7.0
1046880,50.0
1050316,37.0
1333669,60.0
1174750,32.0
1261890,38.0
1170057,12.0
1298437,2.0
1079967,6.0
1453729,7.0
1045999,7.0
1112709,7.0
1009282,9.0
1452979,11.0
1056514,10.0
1368578,6.0
1443152,91.0
1035437,13.0
1247321,61.0
1346997,21.0
1432155,5.0
1439676,32.0
1104168,5.0
1037251,23.0
1428886,13.0
1001720,17.0
1238686,10.0
1179303,5.0
1324447,14.0
1195305,18.0
1430179,9.0
1038866,10.0
1393077,8.0
1415919,11.0
1115185,11.0
1219480,25.0
1265333,10.0
1111942,15.0
1125967,18.0
1104678,17.0
1016957,4.0
1330070,12.0
1188692,13.0
1060921,5.0
1299107,3.0
1256165,8.0
1324711,35.0
1310808,12.0
1104898,109.0
1358306,66.0
1055121,270.0
1228505,68.0
1207233,68.0
1246811,25.0
1189098,5.0
1240308,9.0
1400833,16.0
1370177,5.0
1437635,2.0
1155866,9.0
1142002,7.0
1350761,4.0
1330176,2.0
1459035,43.0
1400086,4.0
1240407,12.0
1416890,2.0
1064167,9.0
1408328,5.0
1191202,5.0
1385199,3.0
1084329,3.0
1298684,3.0
1221469,3.0
1408018,4.0
1250149,2.0
1120356,4.0
1105003,14.0
1113275,7.0
1140115,16.0
1249361,7.0
1344374,27.0
1242784,33.0
1453981,30.0
1441052,10.0
1445611,12.0
1022795,8.0
1409129,3.0
1207802,2.0
1117341,3.0
1302433,14.0
1401597,16.0
1079169,44.0
1206697,36.0
1341434,137.0
1335342,67.0
1063078,61.0
1356179,15.0
1155984,4.0
1392927,12.0
1431273,8.0
1039868,16.0
1118015,4.0
1055396,56.0
1295433,4.0
1417125,18.0
1139900,4.0
1129052,7.0
1465082,2.0
1468416,9.0
1227818,3.0
1430604,6.0
1309710,3.0
1126655,2.0
1443718,2.0
1348972,2.0
1053211,2.0
1183723,1.0
1160463,6.0
1123573,14.0
1057881,6.0
1196982,31.0
1048011,6.0
1297655,23.0
1048841,22.0
1194511,29.0
1057157,5.0
1387321,4.0
1324846,1.0
1345517,2.0
1344097,3.0
1103386,14.0
1208111,3.0
1092120,28.0
1088955,34.0
1040464,70.0
1123732,50.0
1444143,43.0
1261282,7.0
1154174,1.0
1052121,5.0
1301856,8.0
1372296,2.0
1183363,5.0
1000549,7.0
1207438,10.0
1317217,7.0
1189207,2.0
1384842,71.0
1370339,4.0
1037959,21.0
1351390,12.0
1015994,1.0
1182644,13.0
1363319,3.0
1272038,13.0
1446691,4.0
1025478,4.0
1404508,2.0
1466082,5.0
1441557,9.0
1175568,7.0
1443539,4.0
1339703,4.0
1389323,6.0
1449912,6.0
1243617,11.0
1081374,17.0
1430700,6.0
1081967,17.0
1293757,20.0
1456427,21.0
1288196,5.0
1073237,7.0
1453018,15.0
1399702,2.0
1075933,1.0
1098426,2.0
1130892,25.0
1021278,5.0
1014861,27.0
1457786,23.0
1375160,95.0
1453798,47.0
1219812,28.0
1437660,19.0
1410949,3.0
1198870,6.0
1166468,12.0
1348728,1.0
1231443,8.0
1314020,10.0
1066912,7.0
1414495,6.0
1344699,3.0
1337325,84.0
1461320,3.0
1191469,32.0
1449818,15.0
1253880,1.0
1414037,18.0
1061886,2.0
1131615,14.0
1285679,6.0
1419914,5.0
1298653,7.0
1406559,5.0
1190875,11.0
1457297,7.0
1359298,6.0
1419091,3.0
1402419,4.0
1381043,17.0
1409717,25.0
1003347,24.0
1134659,9.0
1033981,32.0
1398123,15.0
1356838,19.0
1049005,7.0
1297000,5.0
1145920,14.0
1146809,3.0
1218251,2.0
1083238,2.0
1073360,17.0
1149107,7.0
1052344,49.0
1057235,34.0
1070452,53.0
1441789,30.0
1026544,36.0
1010257,11.0
1426440,2.0
1183279,5.0
1037996,8.0
1113119,7.0
1019370,7.0
1310744,8.0
1185750,10.0
1128294,8.0
1277723,5.0
1108620,82.0
1184554,12.0
1330060,57.0
1216717,21.0
1447908,5.0
1389558,30.0
1367259,5.0
1369165,21.0
1408626,12.0
1020482,16.0
1415144,9.0
1387981,4.0
1079846,14.0
1157183,17.0
1126262,10.0
1302674,9.0
1365187,7.0
1359952,11.0
1108591,10.0
1113339,24.0
1032051,10.0
1306012,14.0
1299809,17.0
1251635,15.0
1448493,5.0
1260784,13.0
1287715,14.0
1434335,6.0
1179656,3.0
1318327,8.0
1446666,35.0
1315469,10.0
1305752,106.0
1084001,59.0
1216968,239.0
1235273,62.0
1090960,63.0
1279557,23.0
1469604,5.0
1133107,7.0
1017309,18.0
1404079,5.0
1233157,2.0
1433570,8.0
1084992,7.0
1082476,4.0
1001624,2.0
1310923,38.0
1246208,4.0
1446336,12.0
1298396,2.0
1180442,8.0
1145007,5.0
1182796,5.0
1045628,2.0
1387418,2.0
1090955,3.0
1331721,3.0
1246707,4.0
1301410,2.0
1393108,3.0
1059710,14.0
1354893,6.0
1161946,15.0
1040725,7.0
1340327,26.0
1273439,30.0
1022988,27.0
1089302,11.0
1227603,5.0
1102413,4.0
1186311,1.0
1344293,1.0
1001707,1.0
1224905,6.0
1192094,7.0
1177945,21.0
1451968,14.0
1437068,58.0
1024778,29.0
1248770,27.0
1093430,6.0
1031611,2.0
1324117,5.0
1279122,4.0
1236428,7.0
1177374,2.0
1305546,23.0
1218643,2.0
1286391,8.0
1350792,2.0
1401984,3.0
1383507,1.0
1095253,4.0
1371224,1.0
1335754,3.0
1446491,1.0
1259249,1.0
1342595,1.0
1416782,1.0
1307000,1.0
1222971,0.0
1384564,2.0
1011913,6.0
1396188,3.0
1151204,14.0
1395920,3.0
1411367,10.0
1443618,9.0
1198554,12.0
1281496,5.0
1244500,4.0
1353287,1.0
1367462,2.0
1318290,3.0
1328880,13.0
1125964,3.0
1129601,27.0
1194825,29.0
1384709,60.0
1408069,44.0
1008303,39.0
1251399,7.0
1245495,1.0
1058957,3.0
1338577,7.0
1083130,2.0
1049624,5.0
1449920,6.0
1137563,9.0
1059314,6.0
1154565,2.0
1097784,61.0
1413629,4.0
1044679,19.0
1222831,12.0
1212422,1.0
1227485,12.0
1335791,2.0
1441191,12.0
1307284,4.0
1392844,3.0
1105249,2.0
1282087,4.0
1053367,9.0
1157924,6.0
1443403,4.0
1055928,4.0
1316547,6.0
1097955,6.0
1374598,9.0
1068883,15.0
1286770,5.0
1079470,16.0
1399328,18.0
1369757,19.0
1118622,5.0
1356509,8.0
1422813,17.0
1188140,3.0
1218605,1.0
1044840,3.0
1386198,26.0
1432921,6.0
1024794,28.0
1332365,26.0
1186686,100.0
1098427,49.0
1414871,28.0
1337043,19.0
1004813,3.0
1108850,10.0
1133330,14.0
1178964,1.0
1443182,8.0
1192341,10.0
1270027,8.0
1449163,6.0
1390271,3.0
1257202,90.0
1020501,3.0
1271889,34.0
1115330,16.0
1052130,1.0
1246109,19.0
1062254,2.0
1453817,14.0
1418258,6.0
1463894,5.0
1464898,7.0
1050083,6.0
1072189,11.0
1275501,7.0
1442770,6.0
1349554,3.0
1178060,5.0
1082438,20.0
1390985,29.0
1428779,27.0
1233019,10.0
1042168,34.0
1290600,16.0
1387610,20.0
1334555,9.0
1368316,6.0
1347707,16.0
1287450,3.0
1460068,2.0
1139387,2.0
1063888,18.0
1323922,7.0
1076299,52.0
1429122,38.0
1067531,56.0
1024595,31.0
1068622,37.0
1289111,11.0
1226217,3.0
1360540,8.0
1339655,9.0
1222270,8.0
1261735,7.0
1356940,8.0
1030582,10.0
1306161,9.0
1067802,5.0
1257755,88.0
1239171,13.0
1351123,59.0
1284826,22.0
1249767,5.0
1081174,31.0
1289964,5.0
1411513,20.0
1361287,12.0
1233921,17.0
1032120,9.0
1121921,5.0
1218894,14.0
1196195,17.0
1197773,10.0
1041189,9.0
1387322,8.0
1145670,13.0
1098354,12.0
1374947,27.0
1217580,11.0
1058621,15.0
1419692,19.0
1292345,16.0
1403239,6.0
1438580,15.0
1386489,16.0
1091392,6.0
1381378,4.0
1403205,9.0
1394876,34.0
1188234,11.0
1387125,104.0
1402237,63.0
1084683,233.0
1132852,60.0
1187624,62.0
1313423,22.0
1314516,6.0
1204366,9.0
1033859,20.0
1157938,5.0
1005564,2.0
1359730,8.0
1201212,7.0
1048279,4.0
1207837,2.0
1465071,39.0
1113675,4.0
1240613,11.0
1339025,2.0
1242624,7.0
1447074,5.0
1236045,5.0
1043824,2.0
1297855,2.0
1229997,3.0
1373429,3.0
1104148,4.0
1166933,2.0
1099645,4.0
1400256,15.0
1429521,7.0
1158157,16.0
1014308,8.0
1343079,26.0
1355827,32.0
1416665,27.0
1041541,13.0
1234286,7.0
1318765,4.0
1449446,2.0
1297401,1.0
1106180,1.0
1112944,6.0
1283922,6.0
1181942,19.0
1050285,14.0
1304625,53.0
1290344,27.0
1029892,24.0
1111938,6.0
1213492,2.0
1181427,5.0
1179506,3.0
1336439,6.0
1305579,2.0
1072310,23.0
1172707,2.0
1137412,7.0
1093381,2.0
1008739,3.0
1026127,1.0
1002996,3.0
1227494,1.0
1071017,2.0
1401606,1.0
1341669,1.0
1401914,1.0
1411858,1.0
1179164,1.0
1200255,0.0
1076361,2.0
1038606,7.0
1031272,3.0
1237845,14.0
1102542,3.0
1111321,10.0
1373537,9.0
1432770,11.0
1326903,7.0
1199174,5.0
1159774,1.0
1141732,2.0
1291803,4.0
1039978,14.0
1466351,3.0
1337851,28.0
1025779,33.0
1050946,64.0
1163984,46.0
1205666,41.0
1358436,7.0
1316345,2.0
1339145,6.0
1063359,10.0
1395826,2.0
1026459,5.0
1371460,7.0
1228569,10.0
1329590,6.0
1041436,2.0
1224118,67.0
1022586,4.0
1306962,20.0
1381123,13.0
1062468,1.0
1356068,13.0
1180079,2.0
1415230,11.0
1253741,4.0
1406034,4.0
1242893,2.0
1383466,4.0
1368200,9.0
1226449,6.0
1373551,4.0
1315935,4.0
1344321,6.0
1106047,7.0
1186401,11.0
1402543,18.0
1410506,6.0
1170261,17.0
1419762,21.0
1022440,20.0
1410908,7.0
1133433,10.0
1323545,20.0
1296176,3.0
1244617,1.0
1432740,4.0
1316267,29.0
1273415,7.0
1345679,32.0
1084340,28.0
1176019,101.0
1100553,53.0
1316197,30.0
1196642,21.0
1308079,4.0
1148627,9.0
1459552,14.0
1428049,1.0
1327720,8.0
1224831,11.0
1067725,8.0
1104108,6.0
1185074,3.0
1404120,94.0
1102522,3.0
1246951,34.0
1291040,16.0
1303398,1.0
1314352,19.0
1368480,2.0
1038131,14.0
1306165,7.0
1379004,5.0
1446786,8.0
1224210,6.0
1028191,11.0
1200619,7.0
1307064,6.0
1133029,3.0
1203830,5.0
1077072,20.0
1024266,15.0
1337839,13.0
1416106,11.0
1277680,34.0
1447536,16.0
1260838,22.0
1136349,9.0
1031534,8.0
1185212,20.0
1260099,4.0
1373482,3.0
1404388,3.0
1267747,23.0
1288462,9.0
1407570,65.0
1067931,44.0
1439636,63.0
1454725,37.0
1085703,43.0
1088987,14.0
1255062,3.0
1367072,8.0
1385674,11.0
1279483,6.0
1016197,8.0
1152273,10.0
1177410,12.0
1219089,10.0
1444259,6.0
1340276,101.0
1109119,15.0
1382027,66.0
1404775,24.0
1442395,4.0
1142977,34.0
1092034,6.0
1369780,22.0
1458773,14.0
1380248,18.0
1043056,10.0
1046488,5.0
1257416,16.0
1173564,19.0
1159956,11.0
1261246,11.0
1331651,10.0
1027552,14.0
1165092,7.0
1050954,14.0
1120620,13.0
1109138,16.0
1003556,20.0
1208392,20.0
1007675,7.0
1402400,16.0
1071127,16.0
1091240,7.0
1333810,4.0
1312976,10.0
1349698,37.0
1237078,11.0
1078221,113.0
1301047,62.0
1446582,227.0
1010441,62.0
1153752,61.0
1130663,23.0
1298042,6.0
1142706,8.0
1026064,19.0
1059927,6.0
1263169,2.0
1131690,8.0
1016420,7.0
1343028,4.0
1366556,2.0
1284339,38.0
1089841,4.0
1280820,11.0
1116442,2.0
1250000,7.0
1128891,5.0
1027725,5.0
1124224,2.0
1061573,2.0
1118801,3.0
1364727,3.0
1389349,4.0
1109004,1.0
1351553,4.0
1188129,15.0
1444455,3.0
1399864,8.0
1437437,7.0
1329154,25.0
1344501,29.0
1043774,28.0
1117234,12.0
1360527,6.0
1116513,4.0
1237923,1.0
1324269,1.0
1397105,1.0
1451458,5.0
1443600,6.0
1235630,19.0
1393171,12.0
1431452,45.0
1246160,24.0
1343191,20.0
1070923,5.0
1012314,2.0
1275606,4.0
1201379,3.0
1052291,5.0
1164249,1.0
1314252,20.0
1203413,2.0
1239530,6.0
1065341,1.0
1248840,2.0
1366666,0.0
1144365,3.0
1275849,1.0
1115589,2.0
1280756,1.0
1036266,1.0
1115857,1.0
1420133,0.0
1007774,1.0
1437879,0.0
1228022,2.0
1321859,6.0
1232662,1.0
1245335,6.0
1061362,3.0
1259959,8.0
1332348,7.0
1443297,10.0
1455522,7.0
1085669,5.0
1408033,1.0
1405174,2.0
1101874,4.0
1031765,13.0
1443132,3.0
1030913,29.0
1147765,31.0
1232160,58.0
1060083,45.0
1405150,38.0
1359552,7.0
1236501,1.0
1192162,4.0
1311570,8.0
1388106,2.0
1222451,5.0
1419007,7.0
1116286,9.0
1375297,6.0
1150674,2.0
1433260,63.0
1456280,4.0
1367025,18.0
1206842,12.0
1016172,1.0
1255663,11.0
1107528,2.0
1209207,10.0
1109080,4.0
1225091,3.0
1453098,2.0
1160776,4.0
1388081,8.0
1353219,5.0
1135948,4.0
1337981,3.0
1153337,6.0
1250459,6.0
1075055,5.0
1363288,8.0
1062718,6.0
1207611,15.0
1162803,18.0
1060531,19.0
1079786,6.0
1228098,11.0
1003484,21.0
1004033,3.0
1310066,1.0
1219645,4.0
1055460,30.0
1131799,8.0
1223235,34.0
1071889,28.0
1014814,102.0
1413812,52.0
1267114,30.0
1383207,22.0
1184784,4.0
1072650,13.0
1298500,15.0
1335927,2.0
1057652,8.0
1071562,11.0
1175895,8.0
1209649,7.0
1029176,4.0
1262582,96.0
1137269,3.0
1282602,38.0
1367307,18.0
1342565,1.0
1092858,21.0
1089748,3.0
1381526,15.0
1081588,7.0
1134591,6.0
1029223,8.0
1216962,6.0
1067409,11.0
1112133,8.0
1031112,6.0
1234491,3.0
1309842,6.0
1307826,22.0
1441456,17.0
1005838,14.0
1214703,12.0
1226858,35.0
1034073,17.0
1224198,21.0
1343055,10.0
1025060,10.0
1285218,24.0
1080321,5.0
1164861,3.0
1276403,4.0
1217761,25.0
1446577,12.0
1104465,76.0
1072516,48.0
1012509,68.0
1468017,39.0
1092118,48.0
1137172,16.0
1374420,4.0
1294291,13.0
1380012,12.0
1428300,9.0
1158644,8.0
1208671,11.0
1261521,14.0
1466756,12.0
1281957,8.0
1117716,111.0
1204835,16.0
1393981,78.0
1038561,30.0
1015895,6.0
1137657,41.0
1255137,7.0
1057175,26.0
1431977,16.0
1215841,21.0
1336437,12.0
1217838,6.0
1039659,17.0
1273832,22.0
1190972,13.0
1031589,12.0
1385809,12.0
1415503,17.0
1183286,8.0
1411884,16.0
1106664,16.0
1137541,18.0
1031345,23.0
1426649,21.0
1444594,8.0
1102666,10.0
1233472,11.0
1393838,4.0
1038501,3.0
1082912,7.0
1296776,24.0
1280894,8.0
1263331,77.0
1306011,39.0
1067382,144.0
1375108,37.0
1266919,39.0
1047032,15.0
1073971,4.0
1343117,7.0
1253581,12.0
1288797,5.0
1233668,1.0
1280203,5.0
1196565,4.0
1351513,2.0
1191283,1.0
1319681,25.0
1128951,2.0
1057388,8.0
1433801,1.0
1262039,5.0
1125766,3.0
1245178,3.0
1259761,1.0
1105972,1.0
1178365,2.0
1405246,2.0
1097278,2.0
1065331,1.0
1329842,2.0
1087655,10.0
1126162,2.0
1106418,5.0
1382133,5.0
1035649,16.0
1014596,19.0
1027622,17.0
1217435,8.0
1035395,6.0
1065818,4.0
1417861,2.0
1296244,1.0
1022164,1.0
1443251,5.0
1464066,7.0
1280542,18.0
1106550,12.0
1347734,42.0
1458495,22.0
1050406,20.0
1005656,5.0
1277690,1.0
1382221,4.0
1085164,3.0
1170024,5.0
1129742,1.0
1347667,19.0
1407500,1.0
1000821,6.0
1010102,2.0
1406394,2.0
1015883,0.0
1316896,3.0
1422193,1.0
1445226,2.0
1365188,1.0
1351707,1.0
1063655,1.0
1462442,0.0
1209878,1.0
1434855,0.0
1241531,2.0
1188840,6.0
1456420,1.0
1075817,6.0
1084498,3.0
1192699,7.0
1464316,7.0
1454545,9.0
1202586,8.0
1235095,6.0
1410366,1.0
1442751,3.0
1260565,5.0
1270195,16.0
1132312,4.0
1280020,35.0
1130950,35.0
1144827,64.0
1319579,48.0
1334192,44.0
1224672,8.0
1340638,2.0
1017088,7.0
1374693,10.0
1033112,3.0
1104970,5.0
1298135,7.0
1235189,10.0
1434580,7.0
1337845,3.0
1000210,70.0
1120777,4.0
1203631,23.0
1251137,15.0
1404758,1.0
1251159,14.0
1411148,3.0
1114035,12.0
1363378,5.0
1420463,4.0
1204021,3.0
1253701,5.0
1349745,9.0
1205297,7.0
1246605,5.0
1022917,4.0
1258909,8.0
1386930,7.0
1457335,7.0
1392601,9.0
1443363,7.0
1348560,17.0
1113259,21.0
1214509,21.0
1085081,7.0
1098813,11.0
1215368,26.0
1102615,4.0
1030097,1.0
1382728,4.0
1149400,31.0
1124732,7.0
1373048,33.0
1329498,29.0
1131515,99.0
1457833,53.0
1277631,30.0
1271817,24.0
1368928,6.0
1287589,11.0
1386393,15.0
1358922,2.0
1097182,8.0
1302896,12.0
1289934,9.0
1188855,7.0
1106823,4.0
1014089,96.0
1329684,3.0
1056375,39.0
1441540,17.0
1317395,1.0
1283858,21.0
1427198,3.0
1421000,19.0
1405741,8.0
1396677,7.0
1339943,10.0
1128091,7.0
1282597,23.0
1204548,15.0
1001116,12.0
1464418,7.0
1182795,6.0
1064060,22.0
1329242,15.0
1003764,15.0
1059282,12.0
1083020,34.0
1434039,17.0
1412921,21.0
1216075,10.0
1249841,10.0
1444993,29.0
1001824,5.0
1087444,3.0
1187051,4.0
1109913,27.0
1029341,11.0
1267671,75.0
1111672,50.0
1077380,68.0
1194692,40.0
1336788,49.0
1186932,17.0
1352423,5.0
1168189,12.0
1241832,12.0
1131094,9.0
1366341,9.0
1435253,12.0
1216262,14.0
1117676,12.0
1454702,8.0
1174218,114.0
1028516,17.0
1106134,81.0
1180564,29.0
1262670,6.0
1313041,43.0
1436050,6.0
1150791,33.0
1176700,20.0
1045080,27.0
1208990,15.0
1084169,7.0
1067907,36.0
1213464,46.0
1088759,25.0
1192424,26.0
1037151,12.0
1157201,18.0
1401063,15.0
1312296,17.0
1158320,30.0
1088871,18.0
1279087,24.0
1334289,22.0
1247823,8.0
1228238,9.0
1430952,12.0
1308229,4.0
1111363,2.0
1043693,6.0
1454692,21.0
1041308,7.0
1021939,62.0
1019462,35.0
1402577,117.0
1005547,32.0
1304829,33.0
1242795,14.0
1293831,5.0
1463010,7.0
1036329,12.0
1239407,5.0
1082923,1.0
1351961,4.0
1234868,4.0
1422558,2.0
1072249,1.0
1357878,20.0
1411585,2.0
1214497,7.0
1367697,1.0
1393914,5.0
1237208,3.0
1247354,3.0
1308964,2.0
1213597,1.0
1090202,3.0
1362937,3.0
1018796,4.0
1190556,2.0
1210452,2.0
1286119,8.0
1429163,4.0
1235130,4.0
1224415,9.0
1243691,13.0
1365890,16.0
1120301,15.0
1002333,8.0
1240703,7.0
1381086,5.0
1160826,2.0
1153903,1.0
1467765,1.0
1397212,6.0
1371268,7.0
1084031,17.0
1105802,12.0
1418602,39.0
1307411,22.0
1344464,19.0
1179610,5.0
1228888,1.0
1047903,4.0
1279440,3.0
1282964,5.0
1169593,1.0
1260835,18.0
1377846,1.0
1176688,6.0
1347122,1.0
1205988,2.0
1237997,0.0
1468260,3.0
1228475,1.0
1290334,2.0
1452308,1.0
1216355,1.0
1102788,1.0
1039449,1.0
1306138,1.0
1103266,1.0
1387601,2.0
1223514,6.0
1433455,1.0
1381437,6.0
1140775,3.0
1274540,7.0
1248051,7.0
1338880,9.0
1095357,9.0
1157202,8.0
1038814,2.0
1264572,3.0
1002789,5.0
1443767,16.0
1176312,4.0
1158940,34.0
1386339,37.0
1294647,62.0
1101212,49.0
1457236,43.0
1376698,9.0
1011135,3.0
1131132,8.0
1106560,11.0
1212760,4.0
1180911,5.0
1097344,8.0
1188881,11.0
1219245,7.0
1254082,3.0
1345081,70.0
1429434,4.0
1075262,23.0
1237672,14.0
1067739,1.0
1236120,14.0
1322121,3.0
1075620,15.0
1140546,5.0
1064431,5.0
1199157,3.0
1372926,6.0
1166501,18.0
1399286,13.0
1266989,9.0
1263455,8.0
1389128,7.0
1003835,7.0
1244146,6.0
1151914,10.0
1201299,7.0
1231576,17.0
1427536,21.0
1046214,22.0
1469433,7.0
1285101,13.0
1024833,25.0
1238373,4.0
1355828,2.0
1000191,4.0
1249682,31.0
1322071,7.0
1286360,27.0
1418656,27.0
1128939,92.0
1141861,52.0
1079254,29.0
1415864,24.0
1192029,5.0
1229863,10.0
1262629,15.0
1327844,2.0
1463867,8.0
1199287,12.0
1217255,8.0
1378187,7.0
1346958,3.0
1050644,90.0
1040590,3.0
1435700,34.0
1226577,15.0
1211523,1.0
1327473,18.0
1093762,2.0
1345137,7.0
1086558,16.0
1123020,7.0
1395577,6.0
1102726,8.0
1351339,6.0
1449171,17.0
1175858,10.0
1422991,9.0
1214120,5.0
1452763,5.0
1007355,20.0
1115903,16.0
1093400,14.0
1154813,11.0
1389781,32.0
1017522,15.0
1214777,21.0
1000128,9.0
1214323,11.0
1236481,26.0
1261951,5.0
1297505,4.0
1103419,4.0
1257284,25.0
1127780,10.0
1116235,57.0
1366785,45.0
1389289,59.0
1399019,37.0
1435050,44.0
1372206,16.0
1140611,4.0
1045540,10.0
1280851,11.0
1321696,9.0
1381404,8.0
1236784,11.0
1278478,13.0
1395430,11.0
1014865,7.0
1267329,100.0
1082837,14.0
1254265,66.0
1279760,23.0
1233712,4.0
1425868,35.0
1236113,5.0
1189410,9.0
1207879,27.0
1271852,15.0
1273161,20.0
1052861,11.0
1402008,6.0
1265360,24.0
1467569,29.0
1094626,17.0
1389608,17.0
1050090,10.0
1192018,15.0
1087852,15.0
1394301,15.0
1052076,27.0
1234023,16.0
1445538,20.0
1213412,20.0
1333453,7.0
1083774,25.0
1016084,26.0
1205981,11.0
1095166,7.0
1418768,15.0
1387458,48.0
1123846,15.0
1433501,116.0
1367161,74.0
1025894,250.0
1460582,72.0
1053025,73.0
1147439,30.0
1204533,10.0
1390452,11.0
1222984,23.0
1094004,10.0
1349245,3.0
1181893,10.0
1410915,8.0
1320616,5.0
1296623,2.0
1038288,45.0
1383935,4.0
1377262,13.0
1364958,2.0
1380690,3.0
1042671,10.0
1371777,6.0
1438696,6.0
1439073,3.0
1340407,3.0
1420110,5.0
1270156,5.0
1063719,7.0
1043399,3.0
1240834,4.0
1056985,17.0
1115132,9.0
1273531,10.0
1319317,18.0
1100600,28.0
1163301,33.0
1116526,33.0
1050038,14.0
1250509,10.0
1108007,7.0
1127970,2.0
1191086,2.0
1188958,2.0
1125190,8.0
1189580,8.0
1081368,19.0
1196950,15.0
1097587,48.0
1330387,28.0
1223872,24.0
1461757,7.0
1098626,2.0
1226774,6.0
1300815,4.0
1389707,7.0
1150353,2.0
1414288,24.0
1425089,2.0
1348057,8.0
1116453,2.0
1122548,3.0
1244255,0.0
1169674,1.0
1011941,4.0
1164688,1.0
1091097,3.0
1097588,1.0
1433026,1.0
1072936,1.0
1263510,1.0
1128057,1.0
1200413,1.0
1301492,3.0
1410707,7.0
1263882,2.0
1035663,8.0
1106655,3.0
1250541,9.0
1007188,9.0
1193838,12.0
1448305,10.0
1379619,8.0
1376215,2.0
1322778,4.0
1100724,6.0
1126749,17.0
1365205,4.0
1056090,28.0
1271104,35.0
1361650,59.0
1392566,49.0
1197319,43.0
1170025,8.0
1350456,2.0
1454610,6.0
1208049,10.0
1394544,4.0
1441744,5.0
1286321,8.0
1118534,11.0
1246553,7.0
1415579,3.0
1129216,69.0
1132752,4.0
1154841,21.0
1435423,12.0
1046503,1.0
1051358,13.0
1109788,2.0
1445184,4.0
1005903,14.0
1157857,5.0
1424852,4.0
1247082,3.0
1430428,5.0
1039392,13.0
1024525,9.0
1318121,7.0
1220920,6.0
1453560,7.0
1331166,7.0
1394616,6.0
1387114,9.0
1025144,7.0
1435370,16.0
1203607,19.0
1006942,21.0
1380243,7.0
1002329,12.0
1258418,27.0
1413346,4.0
1190146,1.0
1230458,5.0
1259384,33.0
1296943,7.0
1055028,27.0
1405972,26.0
1205027,93.0
1034817,51.0
1412704,29.0
1038154,23.0
1318109,5.0
1067796,12.0
1048079,19.0
1046131,2.0
1052877,8.0
1254148,11.0
1325379,8.0
1126624,6.0
1418638,4.0
1053985,88.0
1012278,3.0
1383451,32.0
1089401,13.0
1063184,1.0
1389355,18.0
1087505,2.0
1000230,11.0
1222301,13.0
1061234,5.0
1372715,5.0
1414125,7.0
1220923,5.0
1441503,9.0
1094920,6.0
1426356,5.0
1051435,3.0
1078637,6.0
1180883,20.0
1345388,15.0
1062105,14.0
1456523,12.0
1096786,30.0
1304983,14.0
1139709,21.0
1232990,12.0
1080549,10.0
1103601,26.0
1051424,5.0
1244916,3.0
1397717,4.0
1232988,24.0
1469341,9.0
1193952,53.0
1149310,39.0
1419518,55.0
1217640,34.0
1160312,39.0
1201205,15.0
1244083,4.0
1127515,10.0
1026277,13.0
1082774,8.0
1298644,7.0
1252496,9.0
1273436,12.0
1404167,10.0
1107033,6.0
1143962,90.0
1228531,13.0
1179073,60.0
1222460,20.0
1396907,4.0
1055711,31.0
1261861,5.0
1128270,12.0
1016935,19.0
1282904,11.0
1074277,15.0
1081237,9.0
1245459,4.0
1060098,12.0
1461797,15.0
1359108,8.0
1251549,9.0
1240365,10.0
1364770,14.0
1371965,14.0
1123034,15.0
1329817,28.0
1102718,14.0
1243064,17.0
1365851,18.0
1014548,8.0
1442955,26.0
1069959,30.0
1465342,11.0
1253334,7.0
1181064,18.0
1304227,55.0
1246918,15.0
1005079,122.0
1135431,75.0
1356865,267.0
1405812,77.0
1440902,75.0
1096282,32.0
1075069,11.0
1371857,16.0
1082220,34.0
1313827,12.0
1095223,3.0
1321813,10.0
1375572,9.0
1411207,5.0
1301913,2.0
1011137,46.0
1107728,4.0
1269285,13.0
1205351,2.0
1254361,4.0
1197621,8.0
1148831,5.0
1410570,5.0
1399736,3.0
1420978,3.0
1415014,3.0
1291817,3.0
1380480,4.0
1320346,2.0
1046008,5.0
1077148,19.0
1280462,10.0
1177166,11.0
1217431,22.0
1192412,28.0
1409100,34.0
1336919,35.0
1119205,22.0
1152283,9.0
1116663,7.0
1439044,2.0
1212864,1.0
1077763,2.0
1327653,7.0
1453978,7.0
1075311,18.0
1301766,13.0
1149108,47.0
1429489,27.0
1325144,23.0
1348767,7.0
1397039,2.0
1339954,5.0
1032599,4.0
1286607,6.0
1009098,2.0
1249719,21.0
1105808,2.0
1409696,7.0
1257585,1.0
1285573,2.0
1198633,0.0
1169802,1.0
1030501,3.0
1095227,1.0
1463648,2.0
1207322,1.0
1015201,1.0
1196467,1.0
1224606,0.0
1287439,1.0
1428645,0.0
1138535,3.0
1333319,7.0
1109903,1.0
1137114,7.0
1246883,3.0
1087672,8.0
1225379,8.0
1222621,11.0
1181765,10.0
1410427,9.0
1357939,2.0
1116259,4.0
1145201,6.0
1325372,18.0
1434675,4.0
1218435,28.0
1305670,34.0
1280861,61.0
1043519,50.0
1035051,43.0
1002205,9.0
1166606,3.0
1413424,8.0
1142200,14.0
1035738,4.0
1152611,5.0
1174389,7.0
1218044,11.0
1148345,7.0
1387646,3.0
1441855,68.0
1248099,4.0
1466296,20.0
1447522,11.0
1027511,1.0
1235056,13.0
1037646,2.0
1150952,6.0
1434003,11.0
1358391,4.0
1170732,3.0
1459891,2.0
1089635,4.0
1263202,7.0
1426931,5.0
1070709,4.0
1021710,3.0
1467722,7.0
1177563,7.0
1327046,6.0
1171894,10.0
1117925,8.0
1012997,16.0
1145891,19.0
1150601,22.0
1205849,9.0
1177786,16.0
1201403,33.0
1024410,4.0
1304247,2.0
1169756,5.0
1329814,35.0
1131062,10.0
1074380,32.0
1258667,31.0
1325686,104.0
1227627,59.0
1018494,33.0
1467651,30.0
1299421,6.0
1235401,10.0
1235892,13.0
1230554,2.0
1071160,9.0
1146468,12.0
1138140,9.0
1415611,7.0
1417148,4.0
1121100,93.0
1439768,3.0
1270877,34.0
1213700,15.0
1120999,1.0
1457401,18.0
1130024,3.0
1249696,9.0
1459303,14.0
1185333,6.0
1261525,5.0
1146588,7.0
1053423,5.0
1018087,10.0
1463297,6.0
1381229,5.0
1007218,3.0
1242513,7.0
1012140,22.0
1142743,17.0
1163352,16.0
1027169,13.0
1167794,34.0
1030367,16.0
1130924,24.0
1420728,8.0
1156905,12.0
1265418,31.0
1124607,5.0
1390076,3.0
1441258,3.0
1218149,25.0
1354502,12.0
1234753,62.0
1078455,46.0
1417363,62.0
1152612,39.0
1285490,44.0
1173534,18.0
1116968,5.0
1222439,8.0
1247439,9.0
1344480,10.0
1005339,8.0
1364385,10.0
1104080,13.0
1383277,11.0
1207198,7.0
1281389,96.0
1184745,14.0
1293700,63.0
1018217,22.0
1263671,4.0
1139153,33.0
1081969,5.0
1052742,10.0
1170019,21.0
1440546,12.0
1068821,16.0
1389080,9.0
1275448,4.0
1393849,14.0
1205542,17.0
1198412,9.0
1101954,10.0
1103994,11.0
1217899,15.0
1152189,7.0
1428436,16.0
1016085,13.0
1154628,15.0
1052935,19.0
1161306,21.0
1064142,6.0
1313568,32.0
1228121,35.0
1189579,12.0
1270330,7.0
1011008,17.0
1464319,53.0
1150358,21.0
1105522,132.0
1000829,82.0
1322709,271.0
1091909,81.0
1315053,78.0
1208832,40.0
1047620,12.0
1115215,12.0
1017569,21.0
1102410,13.0
1021698,3.0
1111729,10.0
1431432,9.0
1138102,5.0
1168013,2.0
1462746,45.0
1234299,4.0
1058057,13.0
1034842,2.0
1305120,3.0
1032583,8.0
1162143,5.0
1334834,5.0
1317660,3.0
1302445,2.0
1336688,3.0
1330063,3.0
1234503,4.0
1101047,2.0
1307255,5.0
1076862,19.0
1378538,5.0
1005449,11.0
1257795,10.0
1094029,29.0
1383198,33.0
1179064,38.0
1208026,14.0
1042339,12.0
1422740,8.0
1144158,3.0
1151478,2.0
1076614,2.0
1447490,8.0
1401491,9.0
1153672,20.0
1449023,15.0
1335665,52.0
1283723,30.0
1293699,25.0
1157592,8.0
1414773,2.0
1097506,5.0
1119742,4.0
1378839,7.0
1361821,2.0
1262218,22.0
1347446,2.0
1067261,7.0
1216024,2.0
1136054,3.0
1103322,0.0
1307289,2.0
1097335,3.0
1445357,1.0
1097659,2.0
1288781,1.0
1280273,1.0
1273471,1.0
1366667,0.0
1071072,1.0
1394726,0.0
1393020,3.0
1100135,7.0
1335473,2.0
1067492,8.0
1244872,3.0
1252749,9.0
1431167,8.0
1322978,13.0
1213869,12.0
1295195,9.0
1087419,2.0
1309435,3.0
1339945,6.0
1013698,17.0
1364000,4.0
1246650,29.0
1428410,35.0
1202786,60.0
1435934,50.0
1087535,42.0
1048070,10.0
1103976,3.0
1136989,6.0
1435666,9.0
1023217,4.0
1169760,5.0
1042994,7.0
1246950,11.0
1165259,7.0
1197895,3.0
1146144,63.0
1215014,4.0
1208532,19.0
1424577,11.0
1237030,1.0
1392571,11.0
1061107,2.0
1109317,4.0
1410101,10.0
1009263,3.0
1084457,3.0
1104217,2.0
1258508,4.0
1466113,7.0
1220667,5.0
1009048,3.0
1322917,3.0
1081652,8.0
1246643,7.0
1309899,6.0
1128560,10.0
1061523,7.0
1048199,15.0
1361772,17.0
1031721,22.0
1392282,6.0
1290377,16.0
1272596,37.0
1275889,5.0
1322547,2.0
1398421,5.0
1180134,40.0
1123181,10.0
1413881,33.0
1449824,32.0
1048056,103.0
1274821,62.0
1266059,33.0
1461272,31.0
1213344,7.0
1221628,10.0
1033194,19.0
1060401,3.0
1386190,9.0
1263335,12.0
1120811,9.0
1079458,7.0
1122756,4.0
1044471,93.0
1410240,3.0
1404963,34.0
1378900,13.0
1276784,1.0
1299219,19.0
1234525,2.0
1090166,13.0
1038875,14.0
1448268,6.0
1033764,5.0
1086371,7.0
1258446,5.0
1140194,10.0
1406726,7.0
1424011,5.0
1423726,3.0
1009608,7.0
1375806,61.0
1326094,46.0
1440698,16.0
1236496,36.0
1366470,35.0
1101839,16.0
1150713,24.0
1117429,12.0
1349014,13.0
1350113,37.0
1409120,6.0
1194839,4.0
1310093,4.0
1373579,30.0
1198994,14.0
1349963,67.0
1455673,51.0
1048792,64.0
1215127,42.0
1232596,47.0
1282392,20.0
1136839,6.0
1037784,9.0
1292889,14.0
1090547,11.0
1219906,8.0
1012704,11.0
1285119,14.0
1277557,12.0
1167074,7.0
1009648,99.0
1442899,15.0
1054879,65.0
1063780,21.0
1121339,4.0
1143225,34.0
1402309,6.0
1094128,15.0
1188970,22.0
1144358,13.0
1291677,17.0
1331353,10.0
1234378,5.0
1214527,15.0
1389085,18.0
1199292,10.0
1153025,11.0
1091970,12.0
1118571,43.0
1374908,21.0
1286861,17.0
1459670,42.0
1188184,16.0
1016495,20.0
1176398,22.0
1075733,9.0
1419659,32.0
1374035,40.0
1391228,14.0
1210010,8.0
1000042,18.0
1171011,64.0
1191792,21.0
1363672,143.0
1307918,90.0
1272555,285.0
1184438,88.0
1063394,84.0
1263772,41.0
1220228,14.0
1056996,14.0
1182439,34.0
1199272,14.0
1107371,3.0
1125999,11.0
1246825,9.0
1461846,6.0
1354140,2.0
1446093,47.0
1198884,5.0
1211511,14.0
1212965,2.0
1414951,5.0
1465834,8.0
1236210,5.0
1194604,5.0
1303615,3.0
1266710,3.0
1256864,3.0
1443201,3.0
1086633,4.0
1345853,2.0
1264861,6.0
1301931,53.0
1036048,13.0
1011780,12.0
1299338,31.0
1185488,31.0
1091806,37.0
1266182,39.0
1148637,20.0
1280152,12.0
1156947,9.0
1414715,3.0
1005555,2.0
1174006,2.0
1380529,9.0
1135460,11.0
1004789,24.0
1416535,19.0
1409318,59.0
1024835,36.0
1359758,29.0
1128093,10.0
1197482,2.0
1393222,6.0
1137469,4.0
1250641,8.0
1383858,2.0
1044152,25.0
1010727,2.0
1213777,8.0
1343609,2.0
1299729,3.0
1458349,1.0
1347673,2.0
1125246,3.0
1332020,1.0
1407943,2.0
1111618,1.0
1039086,1.0
1394089,1.0
1163098,1.0
1025500,1.0
1356112,0.0
1406748,4.0
1050572,22.0
1468920,5.0
1054789,9.0
1212862,11.0
1178574,10.0
1027663,10.0
1131909,14.0
1116921,12.0
1464807,11.0
1196862,2.0
1077835,5.0
1018242,7.0
1011013,21.0
1277555,5.0
1200979,35.0
1406653,42.0
1144165,69.0
1329734,61.0
1251306,50.0
1412347,11.0
1242349,3.0
1132069,6.0
1438514,14.0
1375835,5.0
1176276,6.0
1256100,8.0
1078004,12.0
1208735,8.0
1086726,3.0
1257553,72.0
1020289,4.0
1121117,21.0
1155812,12.0
1428209,1.0
1203297,13.0
1229190,3.0
1452575,7.0
1164742,12.0
1378802,4.0
1407665,3.0
1243771,2.0
1388989,4.0
1304575,9.0
1127187,6.0
1066888,4.0
1268328,4.0
1020460,9.0
1223033,21.0
1120429,18.0
1212749,11.0
1104101,22.0
1435935,18.0
1106943,21.0
1414746,25.0
1022976,9.0
1038398,22.0
1410759,43.0
1176631,6.0
1174364,2.0
1254323,7.0
1248548,48.0
1002022,14.0
1423101,48.0
1465715,43.0
1239234,118.0
1031008,75.0
1040656,41.0
1369997,44.0
1097740,8.0
1020944,11.0
1197340,18.0
1071533,3.0
1367323,12.0
1242715,14.0
1191986,11.0
1415174,9.0
1357149,5.0
1180549,109.0
1377699,4.0
1191255,38.0
1060683,15.0
1377780,1.0
1455805,20.0
1262105,3.0
1186049,18.0
1282946,13.0
1163490,6.0
1268582,5.0
1343552,7.0
1420148,5.0
1375287,11.0
1082669,7.0
1245035,6.0
1172522,3.0
1157979,8.0
1275321,73.0
1445824,50.0
1252375,19.0
1309956,42.0
1037806,37.0
1021623,18.0
1252609,30.0
1063392,11.0
1312874,20.0
1174507,45.0
1368577,8.0
1455729,5.0
1104895,5.0
1094277,39.0
1433435,20.0
1046459,101.0
1099074,70.0
1176160,75.0
1233077,54.0
1418450,61.0
1427113,30.0
1374265,7.0
1082562,11.0
1376237,15.0
1164568,13.0
1284513,12.0
1002589,13.0
1235598,18.0
1300967,15.0
1264224,9.0
1226128,121.0
1405176,20.0
1094572,75.0
1432626,24.0
1202402,5.0
1347873,38.0
1378705,6.0
1082632,24.0
1026936,21.0
1340202,13.0
1023909,18.0
1451616,10.0
1086378,5.0
1402478,16.0
1010226,21.0
1407776,11.0
1226590,12.0
1285855,14.0
1251439,54.0
1236987,23.0
1146651,21.0
1118381,51.0
1115229,18.0
1405809,23.0
1194943,28.0
1074879,9.0
1094505,42.0
1033603,43.0
1272534,16.0
1363916,9.0
1006785,22.0
1147702,73.0
1129952,28.0
1051228,195.0
1151432,112.0
1305975,302.0
1235662,101.0
1456757,98.0
1011978,55.0
1293587,16.0
1265878,14.0
1028240,30.0
1072549,16.0
1225939,4.0
1439772,12.0
1231803,11.0
1120064,6.0
1341960,3.0
1215063,52.0
1341490,6.0
1065929,14.0
1311644,3.0
1083136,7.0
1444312,7.0
1128011,5.0
1024351,5.0
1057675,2.0
1383625,2.0
1328542,3.0
1370153,3.0
1178767,4.0
1295423,2.0
1287940,6.0
1374348,61.0
1034813,13.0
1460694,13.0
1213592,34.0
1007969,31.0
1412913,37.0
1458553,45.0
1299941,18.0
1300200,15.0
1086311,9.0
1355551,3.0
1164300,2.0
1392091,3.0
1289464,10.0
1263945,14.0
1087642,29.0
1201367,21.0
1463500,55.0
1096874,35.0
1412107,30.0
1199792,11.0
1236884,2.0
1370611,6.0
1270257,4.0
1020085,8.0
1284402,2.0
1262707,24.0
1053239,2.0
1297096,7.0
1198526,1.0
1446985,3.0
1215629,0.0
1086703,2.0
1353812,2.0
1374753,1.0
1258484,2.0
1135093,1.0
1044923,1.0
1458752,1.0
1203674,1.0
1068880,1.0
1399185,0.0
1214002,3.0
1346813,22.0
1088624,4.0
1449974,8.0
1049843,11.0
1210914,9.0
1152513,8.0
1020957,14.0
1185228,18.0
1460196,13.0
1122280,3.0
1029151,5.0
1016218,9.0
1218547,25.0
1153701,7.0
1115409,48.0
1081914,54.0
1116151,75.0
1430867,71.0
1210899,59.0
1419413,16.0
1433143,4.0
1449800,7.0
1278292,13.0
1222723,6.0
1038030,8.0
1443219,9.0
1003294,14.0
1059327,10.0
1436276,4.0
1206444,81.0
1453400,5.0
1341079,23.0
1272553,12.0
1035949,1.0
1130278,14.0
1402840,3.0
1390927,9.0
1453442,11.0
1233108,4.0
1197016,3.0
1160161,2.0
1304925,4.0
1065670,9.0
1037480,6.0
1418729,4.0
1044576,4.0
1160207,10.0
1250594,24.0
1059842,19.0
1434727,13.0
1445266,25.0
1291097,18.0
1088775,22.0
1185734,30.0
1321667,8.0
1336549,24.0
1098607,50.0
1049811,8.0
1140767,3.0
1262156,9.0
1055075,55.0
1433904,21.0
1144807,59.0
1291661,44.0
1268301,127.0
1224392,84.0
1003287,48.0
1300068,49.0
1352666,10.0
1407501,14.0
1142541,18.0
1343871,4.0
1041046,14.0
1056629,17.0
1347311,12.0
1348102,11.0
1073226,5.0
1151117,118.0
1024998,5.0
1364172,41.0
1460961,16.0
1122247,1.0
1355982,22.0
1060113,3.0
1037961,23.0
1357756,16.0
1239769,7.0
1035871,6.0
1458522,8.0
1290306,6.0
1220269,14.0
1466970,9.0
1228476,8.0
1359696,4.0
1159882,10.0
1410211,80.0
1152104,53.0
1462105,22.0
1275631,45.0
1339372,43.0
1333175,19.0
1415559,34.0
1037164,11.0
1123903,20.0
1133034,51.0
1016116,9.0
1038048,6.0
1439730,7.0
1260492,42.0
1459816,29.0
1223850,121.0
1099752,70.0
1080085,79.0
1181969,59.0
1336400,71.0
1195149,33.0
1113141,8.0
1019625,13.0
1013095,13.0
1353064,15.0
1311251,13.0
1083459,15.0
1120053,19.0
1119509,17.0
1321248,10.0
1467842,127.0
1252983,22.0
1353330,80.0
1298965,25.0
1246810,5.0
1353286,41.0
1350259,7.0
1364022,28.0
1027972,26.0
1256385,15.0
1242431,21.0
1336150,11.0
1076393,5.0
1360027,20.0
1136061,25.0
1127984,14.0
1206068,14.0
1359841,17.0
1290822,57.0
1331108,23.0
1287630,24.0
1252862,54.0
1073314,21.0
1106492,24.0
1404638,31.0
1283846,9.0
1026803,21.0
1100129,24.0
1174211,9.0
1095848,5.0
1259747,13.0
1213899,38.0
1044433,19.0
1151505,110.0
1344644,53.0
1287176,156.0
1351217,52.0
1107883,53.0
1241211,28.0
1210231,9.0
1186387,8.0
1058771,12.0
1423640,9.0
1332916,2.0
1031168,6.0
1117589,5.0
1119082,3.0
1408278,1.0
1350492,26.0
1001035,3.0
1209388,7.0
1021803,1.0
1301561,3.0
1345126,4.0
1236896,3.0
1063024,3.0
1309705,1.0
1141223,1.0
1018560,2.0
1051587,2.0
1153198,2.0
1442541,1.0
1197574,3.0
1398482,31.0
1137778,6.0
1292093,7.0
1069948,17.0
1343260,16.0
1335713,18.0
1328170,24.0
1451542,8.0
1246422,13.0
1366029,9.0
1041457,3.0
1408710,2.0
1377813,3.0
1179557,8.0
1252971,16.0
1419557,28.0
1215318,17.0
1213971,47.0
1451416,32.0
1153928,28.0
1218760,10.0
1351756,2.0
1060731,5.0
1453283,4.0
1070610,7.0
1388359,2.0
1025543,21.0
1043540,2.0
1220013,6.0
1441365,1.0
1040952,2.0
1110044,0.0
1187289,2.0
1179105,2.0
1455074,1.0
1021731,2.0
1210067,1.0
1231246,0.0
1045571,1.0
1369626,1.0
1440671,1.0
1266033,0.0
1261011,3.0
1354283,19.0
1051562,4.0
1247448,7.0
1405052,9.0
1262092,8.0
1141595,7.0
1380135,13.0
1050975,19.0
1348302,15.0
1013131,3.0
1403722,7.0
1054153,11.0
1326298,28.0
1143833,11.0
1377384,59.0
1444236,55.0
1129467,80.0
1183148,79.0
1019543,69.0
1321344,18.0
1146747,5.0
1394722,9.0
1105932,13.0
1363775,7.0
1207038,9.0
1464516,11.0
1229632,15.0
1156819,11.0
1262631,4.0
1384410,87.0
1215965,6.0
1070311,25.0
1020498,13.0
1079440,1.0
1115140,15.0
1415892,3.0
1412042,12.0
1458348,13.0
1290998,5.0
1340377,4.0
1178038,2.0
1390256,5.0
1246617,11.0
1399805,8.0
1140619,5.0
1420439,5.0
1008785,12.0
1154236,27.0
1312395,20.0
1092217,14.0
1347217,28.0
1039590,21.0
1002242,23.0
1411395,34.0
1009073,9.0
1120485,20.0
1409686,38.0
1165571,7.0
1448274,2.0
1023053,8.0
1347874,43.0
1120534,21.0
1147777,103.0
1248325,48.0
1225140,121.0
1467809,84.0
1314327,51.0
1333673,54.0
1052027,8.0
1242897,12.0
1378745,14.0
1169041,3.0
1298207,12.0
1329074,15.0
1204518,12.0
1126028,10.0
1370756,5.0
1233696,110.0
1028193,5.0
1012170,38.0
1440376,15.0
1316970,1.0
1146078,20.0
1317579,3.0
1416472,30.0
1287767,16.0
1092421,7.0
1370840,6.0
1083925,8.0
1032997,6.0
1062625,16.0
1174610,11.0
1194372,10.0
1056444,5.0
1243972,8.0
1163259,67.0
1216556,47.0
1202054,21.0
1041250,37.0
1392554,42.0
1288576,20.0
1349894,34.0
1293774,8.0
1114129,18.0
1404839,42.0
1073826,9.0
1221722,6.0
1286956,7.0
1243881,36.0
1145993,33.0
1418857,235.0
1029482,82.0
1076170,84.0
1188841,64.0
1313692,82.0
1407735,39.0
1383981,8.0
1004724,12.0
1417587,11.0
1443317,14.0
1035635,13.0
1294010,15.0
1260661,20.0
1202740,17.0
1183168,11.0
1459264,132.0
1106313,24.0
1427829,82.0
1006252,26.0
1144708,5.0
1078730,41.0
1452184,8.0
1312092,40.0
1031135,29.0
1234229,17.0
1109779,24.0
1117036,12.0
1301977,6.0
1391137,25.0
1285693,33.0
1388237,19.0
1327574,19.0
1288676,15.0
1001193,53.0
1306510,23.0
1203116,25.0
1221235,48.0
1053285,23.0
1404598,28.0
1254061,35.0
1225996,7.0
1347022,15.0
1257757,16.0
1462541,8.0
1405573,4.0
1170058,10.0
1104001,26.0
1300935,18.0
1393200,175.0
1358382,52.0
1078201,132.0
1035310,46.0
1431328,50.0
1108677,28.0
1174640,7.0
1202824,6.0
1458496,10.0
1282740,7.0
1426410,1.0
1231753,5.0
1058181,4.0
1329955,3.0
1004665,1.0
1113214,22.0
1085341,2.0
1079842,6.0
1279016,1.0
1353874,4.0
1408323,4.0
1091557,2.0
1334200,3.0
1102139,1.0
1280709,1.0
1256162,2.0
1215972,2.0
1368409,3.0
1188111,1.0
1148874,2.0
1152952,24.0
1356315,5.0
1148219,5.0
1068687,13.0
1284449,14.0
1450274,17.0
1127547,21.0
1080793,6.0
1030732,12.0
1415689,8.0
1196208,3.0
1059919,2.0
1106651,3.0
1341370,8.0
1416726,19.0
1156633,57.0
1065584,21.0
1206242,51.0
1256381,35.0
1325341,33.0
1171945,13.0
1195015,2.0
1398658,5.0
1353387,4.0
1115792,7.0
1218575,2.0
1156442,21.0
1015276,2.0
1368477,6.0
1392473,1.0
1017067,2.0
1241566,0.0
1330475,3.0
1465937,3.0
1066780,1.0
1123327,2.0
1284747,1.0
1349622,1.0
1130997,1.0
1337017,1.0
1017552,1.0
1368465,0.0
1396389,3.0
1052744,18.0
1111237,4.0
1140250,8.0
1259693,9.0
1050643,9.0
1001499,8.0
1437844,14.0
1443818,17.0
1224334,13.0
1337899,3.0
1433917,6.0
1175460,11.0
1352535,24.0
1189121,12.0
1264534,112.0
1092358,64.0
1265894,82.0
1238601,84.0
1094853,78.0
1251908,21.0
1079749,4.0
1237266,8.0
1102657,11.0
1008740,7.0
1181717,8.0
1378002,10.0
1058527,16.0
1394017,11.0
1067710,4.0
1194647,86.0
1466912,6.0
1452268,24.0
1422861,13.0
1248796,1.0
1096073,14.0
1413064,3.0
1075180,16.0
1033955,14.0
1342388,5.0
1350478,4.0
1049493,3.0
1342250,5.0
1364968,13.0
1373976,10.0
1189305,7.0
1104677,6.0
1067748,10.0
1253203,24.0
1358742,20.0
1211109,14.0
1319467,25.0
1387298,22.0
1125724,26.0
1025493,36.0
1096635,7.0
1318228,18.0
1212876,35.0
1162768,7.0
1291770,2.0
1315560,7.0
1267268,40.0
1100456,17.0
1177150,82.0
1284575,50.0
1007873,111.0
1017505,82.0
1385776,47.0
1144127,58.0
1291336,9.0
1017724,10.0
1389477,14.0
1367196,3.0
1148153,11.0
1261051,15.0
1387793,11.0
1257232,9.0
1287949,5.0
1351613,102.0
1243023,5.0
1182608,37.0
1330939,15.0
1291776,1.0
1264373,18.0
1195223,3.0
1462312,35.0
1380466,19.0
1173404,10.0
1407582,8.0
1185404,10.0
1274376,7.0
1290224,28.0
1205267,20.0
1330583,18.0
1170061,9.0
1144565,7.0
1244461,25.0
1083848,19.0
1275079,19.0
1049754,13.0
1319922,40.0
1318913,19.0
1045980,32.0
1398466,9.0
1197320,14.0
1307828,34.0
1418496,8.0
1368265,5.0
1201046,5.0
1087579,29.0
1092259,23.0
1024085,164.0
1366782,75.0
1240729,67.0
1454950,55.0
1043708,66.0
1361138,37.0
1065472,7.0
1246346,9.0
1005194,10.0
1038835,11.0
1017146,10.0
1080006,13.0
1231353,16.0
1304166,14.0
1171183,9.0
1457537,107.0
1148792,21.0
1448266,70.0
1263041,23.0
1282620,5.0
1165830,33.0
1250494,7.0
1018378,40.0
1280730,30.0
1049672,20.0
1047441,25.0
1121321,13.0
1056953,6.0
1348980,38.0
1407156,52.0
1167698,31.0
1236205,27.0
1106754,12.0
1378661,17.0
1283058,8.0
1421080,20.0
1162900,14.0
1082217,19.0
1245980,24.0
1142703,29.0
1437471,6.0
1224225,35.0
1093703,36.0
1186265,18.0
1235933,9.0
1255637,24.0
1436103,63.0
1292730,32.0
1171496,344.0
1277410,135.0
1208627,303.0
1258772,115.0
1224011,119.0
1208614,75.0
1010368,18.0
1410491,11.0
1124909,22.0
1337023,15.0
1329021,3.0
1015578,13.0
1353329,11.0
1086971,7.0
1342189,3.0
1122797,52.0
1143448,6.0
1036971,13.0
1384565,3.0
1117923,12.0
1118464,12.0
1234745,8.0
1084966,8.0
1317971,4.0
1239048,4.0
1302889,9.0
1405923,10.0
1225044,13.0
1262782,5.0
1316136,6.0
1327995,22.0
1151022,6.0
1154751,14.0
1301124,10.0
1321866,36.0
1287501,42.0
1295525,51.0
1234008,14.0
1128013,12.0
1249358,8.0
1063747,4.0
1380718,2.0
1081450,3.0
1061370,9.0
1262859,16.0
1014359,53.0
1321851,27.0
1314215,55.0
1031763,41.0
1337735,37.0
1404357,16.0
1372653,2.0
1288773,7.0
1100221,5.0
1100919,8.0
1388881,2.0
1462953,24.0
1040560,2.0
1103495,8.0
1005056,2.0
1264350,3.0
1011742,1.0
1403425,5.0
1300837,4.0
1333272,1.0
1036041,3.0
1468053,1.0
1264792,1.0
1432889,2.0
1139105,2.0
1316811,2.0
1098355,1.0
1334046,3.0
1120396,8.0
1373635,2.0
1442095,9.0
1352182,3.0
1340593,10.0
1258087,10.0
1196522,17.0
1217837,14.0
1335697,11.0
1178501,3.0
1140121,5.0
1454848,9.0
1402114,21.0
1013069,8.0
1344693,82.0
1407196,62.0
1242320,72.0
1148028,77.0
1267641,68.0
1029301,21.0
1417208,4.0
1354705,7.0
1464223,10.0
1139475,6.0
1027099,7.0
1428929,10.0
1460950,14.0
1052189,10.0
1207886,4.0
1318350,77.0
1195720,6.0
1244341,23.0
1415988,13.0
1103629,1.0
1083992,13.0
1158973,3.0
1363120,18.0
1253388,16.0
1357835,7.0
1365023,5.0
1448794,3.0
1258579,6.0
1126645,22.0
1164323,17.0
1070504,13.0
1056359,10.0
1365426,9.0
1136594,9.0
1422764,8.0
1175069,13.0
1321088,8.0
1267117,21.0
1365932,24.0
1461562,33.0
1003492,7.0
1346713,19.0
1456012,37.0
1256190,7.0
1016133,2.0
1258203,7.0
1025755,44.0
1331245,25.0
1198012,94.0
1429924,57.0
1240378,126.0
1373715,94.0
1194379,58.0
1300305,71.0
1280902,8.0
1228939,11.0
1242383,14.0
1405012,3.0
1434631,12.0
1028878,16.0
1084046,12.0
1109740,10.0
1465675,5.0
1166744,106.0
1099054,5.0
1202135,40.0
1046558,18.0
1070679,1.0
1452675,21.0
1387684,4.0
1372605,60.0
1254609,20.0
1073442,9.0
1175535,8.0
1132933,10.0
1397590,8.0
1107966,30.0
1323253,19.0
1403145,19.0
1091267,9.0
1328168,7.0
1218170,23.0
1308429,19.0
1338668,17.0
1453936,12.0
1133683,44.0
1401137,20.0
1147021,38.0
1363490,8.0
1353370,14.0
1047370,33.0
1408416,8.0
1091217,5.0
1107595,5.0
1298076,31.0
1171122,31.0
1346182,178.0
1049338,82.0
1116803,73.0
1342064,61.0
1007185,77.0
1061847,42.0
1264717,6.0
1353648,9.0
1205598,9.0
1087468,10.0
1100255,10.0
1066759,13.0
1004390,17.0
1275544,15.0
1065323,9.0
1460243,107.0
1251813,21.0
1338316,72.0
1379949,27.0
1011030,5.0
1207947,36.0
1442940,8.0
1281729,61.0
1227232,30.0
1454339,19.0
1298853,25.0
1106097,13.0
1331294,6.0
1123292,39.0
1091099,48.0
1050711,31.0
1400181,27.0
1022318,11.0
1378993,15.0
1163660,8.0
1414156,17.0
1159580,13.0
1053261,20.0
1301173,24.0
1343104,32.0
1049923,5.0
1312735,35.0
1342965,35.0
1039570,18.0
1290615,10.0
1002658,23.0
1110955,64.0
1179385,46.0
1422552,367.0
1422260,142.0
1249744,313.0
1217658,123.0
1386742,135.0
1092938,85.0
1196941,15.0
1096433,11.0
1085234,20.0
1136706,13.0
1197531,3.0
1122909,13.0
1185433,11.0
1411177,7.0
1238416,3.0
1285655,48.0
1440158,6.0
1229945,14.0
1354055,3.0
1325991,18.0
1304567,10.0
1461435,7.0
1047702,7.0
1304256,3.0
1130225,3.0
1191869,8.0
1249164,9.0
1411760,13.0
1420572,5.0
1023409,5.0
1075388,18.0
1201931,5.0
1452256,11.0
1343192,9.0
1078483,35.0
1310322,40.0
1344490,55.0
1094994,12.0
1283138,15.0
1324395,10.0
1285217,4.0
1319304,3.0
1172216,3.0
1457076,11.0
1302400,28.0
1079910,68.0
1072478,34.0
1069028,70.0
1377021,54.0
1232354,50.0
1023232,22.0
1059069,3.0
1324458,8.0
1214272,5.0
1351596,10.0
1337177,3.0
1441687,28.0
1117245,3.0
1002265,9.0
1169652,2.0
1059899,3.0
1328935,1.0
1325175,9.0
1286995,4.0
1267654,1.0
1280230,3.0
1166248,1.0
1030662,1.0
1164204,2.0
1301381,2.0
1310278,3.0
1427438,1.0
1323016,3.0
1071759,8.0
1363457,2.0
1261992,9.0
1103417,4.0
1212829,12.0
1349650,11.0
1296976,22.0
1210378,16.0
1200557,12.0
1262438,3.0
1424474,6.0
1028493,10.0
1311238,24.0
1430176,13.0
1434789,96.0
1205004,73.0
1021841,84.0
1301306,92.0
1399930,86.0
1333760,26.0
1234928,4.0
1148633,7.0
1320872,10.0
1230112,5.0
1142000,8.0
1155661,11.0
1024536,16.0
1149358,11.0
1440889,4.0
1197809,81.0
1452840,7.0
1321349,25.0
1158042,16.0
1102945,1.0
1453142,15.0
1127591,4.0
1031319,32.0
1362873,16.0
1222866,6.0
1098037,6.0
1213561,3.0
1312840,6.0
1246186,23.0
1324597,17.0
1248111,14.0
1398089,10.0
1090623,8.0
1097200,8.0
1468502,8.0
1184448,11.0
1063735,8.0
1356485,22.0
1079550,26.0
1292133,39.0
1371497,6.0
1151050,17.0
1034476,40.0
1321734,7.0
1449102,3.0
1369253,7.0
1402844,49.0
1145556,25.0
1321081,113.0
1259669,63.0
1422125,151.0
1040211,118.0
1361701,64.0
1125693,76.0
1407155,9.0
1068838,7.0
1314833,12.0
1315790,3.0
1209974,13.0
1095247,18.0
1428208,14.0
1463746,11.0
1388690,6.0
1252447,121.0
1004923,6.0
1105205,47.0
1417033,21.0
1456661,1.0
1050242,24.0
1283213,5.0
1342611,59.0
1381218,17.0
1363653,8.0
1052035,7.0
1091368,8.0
1046772,7.0
1231820,18.0
1039624,13.0
1252118,11.0
1045847,6.0
1048907,6.0
1106027,23.0
1366055,18.0
1041765,18.0
1087790,12.0
1330135,46.0
1341578,22.0
1446729,47.0
1131683,7.0
1039619,11.0
1135709,31.0
1362444,7.0
1263432,5.0
1335946,4.0
1294503,30.0
1100776,27.0
1263492,190.0
1062709,82.0
1108128,79.0
1059783,68.0
1165052,76.0
1353779,40.0
1247212,6.0
1417028,6.0
1220428,7.0
1310784,10.0
1106258,10.0
1390614,14.0
1432082,18.0
1196110,15.0
1229680,9.0
1346927,110.0
1441595,21.0
1283751,77.0
1342966,28.0
1083850,6.0
1161771,38.0
1282365,9.0
1265316,58.0
1068703,23.0
1161452,15.0
1356280,19.0
1167674,10.0
1025917,5.0
1312034,22.0
1417652,29.0
1467102,16.0
1433422,16.0
1207430,9.0
1320473,14.0
1407380,7.0
1320410,16.0
1241222,11.0
1010857,19.0
1379497,23.0
1178849,35.0
1188514,4.0
1373231,31.0
1158254,37.0
1185747,17.0
1325465,10.0
1055291,21.0
1210633,70.0
1084658,42.0
1343565,407.0
1180949,149.0
1463368,361.0
1255790,147.0
1105527,140.0
1020752,88.0
1373701,16.0
1297842,8.0
1163677,18.0
1187645,14.0
1305011,4.0
1291494,14.0
1088133,13.0
1297438,7.0
1317972,3.0
1400519,53.0
1248642,7.0
1062894,16.0
1053541,4.0
1331174,21.0
1363519,9.0
1463655,6.0
1272141,6.0
1022561,3.0
1134398,3.0
1042193,5.0
1288929,6.0
1080808,7.0
1345077,3.0
1245868,4.0
1324479,18.0
1013632,4.0
1014620,11.0
1288878,8.0
1110427,36.0
1174048,42.0
1196363,66.0
1346331,11.0
1359144,13.0
1182330,10.0
1461539,4.0
1115926,3.0
1176907,3.0
1083172,11.0
1221382,24.0
1431212,74.0
1271205,34.0
1174200,79.0
1132900,62.0
1326739,51.0
1212615,22.0
1348182,3.0
1391548,8.0
1262597,6.0
1316278,11.0
1097119,3.0
1079611,30.0
1427633,3.0
1209936,10.0
1116651,2.0
1020382,3.0
1262730,1.0
1408078,12.0
1452742,4.0
1131551,1.0
1355705,3.0
1043958,1.0
1170937,1.0
1098137,1.0
1031277,1.0
1391667,1.0
1156708,1.0
1219956,3.0
1046260,8.0
1407865,2.0
1340332,9.0
1173681,3.0
1381233,12.0
1374754,12.0
1373624,25.0
1061474,13.0
1340424,12.0
1263273,3.0
1104772,6.0
1192315,8.0
1042042,24.0
1004596,11.0
1338178,105.0
1099506,74.0
1300684,92.0
1155001,104.0
1235550,86.0
1348726,26.0
1240409,4.0
1123642,4.0
1416371,8.0
1143314,6.0
1067307,8.0
1462556,11.0
1196465,17.0
1232467,11.0
1002773,4.0
1345472,85.0
1189496,7.0
1441171,27.0
1365035,16.0
1392296,1.0
1161480,16.0
1317443,5.0
1276549,30.0
1292668,13.0
1112517,5.0
1113769,4.0
1201444,2.0
1378143,5.0
1034136,13.0
1220538,10.0
1026269,7.0
1399473,6.0
1344230,7.0
1245005,7.0
1080665,6.0
1410088,11.0
1253026,7.0
1361708,21.0
1433167,26.0
1167407,45.0
1130349,5.0
1333537,14.0
1144293,32.0
1170870,5.0
1426206,2.0
1350815,6.0
1264403,42.0
1413275,28.0
1092987,106.0
1368221,64.0
1052474,143.0
1294283,109.0
1123895,63.0
1117816,77.0
1079318,6.0
1249437,5.0
1016184,6.0
1406971,2.0
1266640,13.0
1284769,17.0
1006802,13.0
1203883,10.0
1042230,6.0
1436155,118.0
1070597,6.0
1044489,51.0
1291343,29.0
1375311,2.0
1129312,28.0
1127308,7.0
1072711,94.0
1186843,19.0
1076323,9.0
1139353,8.0
1150708,10.0
1209584,8.0
1421533,18.0
1380863,13.0
1300199,11.0
1190392,7.0
1356125,5.0
1256250,18.0
1403405,14.0
1319057,15.0
1075050,10.0
1001063,43.0
1461118,21.0
1044512,45.0
1168633,4.0
1464686,11.0
1365863,31.0
1228008,6.0
1127914,5.0
1234746,4.0
1056901,31.0
1440882,38.0
1179079,218.0
1015038,99.0
1424187,89.0
1416684,75.0
1395375,90.0
1274488,50.0
1308497,4.0
1354641,4.0
1427457,4.0
1070900,8.0
1203762,13.0
1445015,15.0
1089866,19.0
1283146,16.0
1379927,11.0
1110415,126.0
1275193,25.0
1091726,98.0
1172128,46.0
1224995,10.0
1059379,51.0
1375011,17.0
1022307,112.0
1300565,31.0
1205234,20.0
1112581,26.0
1118000,13.0
1368054,7.0
1252093,26.0
1452333,37.0
1213538,20.0
1135032,22.0
1202011,9.0
1290885,13.0
1378400,6.0
1127013,16.0
1159374,12.0
1186006,21.0
1269388,27.0
1332449,41.0
1133851,3.0
1270597,5.0
1252566,7.0
1123501,3.0
1420085,2.0
1270341,4.0
1018508,13.0
1226826,13.0
1353007,103.0
1397109,39.0
1407186,94.0
1071171,35.0
1404305,36.0
1352160,23.0
1466816,2.0
1026068,1.0
1391564,2.0
1357908,2.0
1047565,1.0
1354346,3.0
1238891,3.0
1119805,2.0
1383551,1.0
1202197,14.0
1268025,2.0
1013690,5.0
1092469,2.0
1270560,6.0
1062069,3.0
1312418,2.0
1046417,2.0
1135756,1.0
1092919,1.0
1004551,1.0
1189680,1.0
1201874,2.0
1208276,1.0
1077337,1.0
1452284,4.0
1262956,1.0
1375314,2.0
1200507,2.0
1392908,9.0
1350359,11.0
1147266,16.0
1201868,1.0
1099496,10.0
1005246,7.0
1213005,3.0
1422134,2.0
1046874,2.0
1088532,9.0
1236009,26.0
1030879,67.0
1387180,34.0
1329457,73.0
1219057,54.0
1308797,48.0
1385957,21.0
1339540,3.0
1150190,7.0
1303063,5.0
1308176,9.0
1191051,3.0
1125541,28.0
1057076,3.0
1224309,10.0
1326731,3.0
1384574,4.0
1194012,2.0
1350355,11.0
1269562,4.0
1464377,1.0
1398742,3.0
1274922,1.0
1012165,1.0
1457296,1.0
1322246,1.0
1327406,1.0
1300132,1.0
1181900,2.0
1347103,6.0
1151756,1.0
1356689,7.0
1294970,3.0
1243512,11.0
1433858,11.0
1373084,23.0
1269652,10.0
1311529,9.0
1273933,2.0
1411806,5.0
1010230,7.0
1324387,21.0
1183235,13.0
1162308,105.0
1374588,78.0
1018742,91.0
1049090,99.0
1403515,87.0
1414459,27.0
1419714,3.0
1392495,3.0
1422796,4.0
1254621,4.0
1239092,8.0
1009987,11.0
1323741,16.0
1311857,11.0
1331751,4.0
1164666,87.0
1044704,7.0
1333823,30.0
1140923,22.0
1121316,2.0
1445125,18.0
1231620,7.0
1074872,46.0
1166118,15.0
1030865,6.0
1054355,5.0
1288265,3.0
1379401,6.0
1132442,14.0
1304633,11.0
1378539,8.0
1391951,7.0
1029855,6.0
1069997,6.0
1459482,5.0
1115159,10.0
1277763,6.0
1073545,21.0
1427880,26.0
1441862,44.0
1176893,3.0
1030354,15.0
1191572,31.0
1248815,5.0
1142157,2.0
1041344,6.0
1385491,42.0
1075332,32.0
1115516,125.0
1138519,70.0
1138080,159.0
1300894,114.0
1237820,66.0
1333493,88.0
1449205,7.0
1305853,4.0
1098032,6.0
1098604,1.0
1044095,15.0
1198428,20.0
1400006,14.0
1452122,11.0
1145114,6.0
1212383,134.0
1349946,6.0
1446895,55.0
1312779,33.0
1016239,3.0
1446640,31.0
1388920,7.0
1368144,76.0
1304901,22.0
1216943,10.0
1010616,8.0
1078115,11.0
1000347,9.0
1142805,20.0
1188943,16.0
1442884,13.0
1131757,7.0
1388650,6.0
1010404,20.0
1283035,15.0
1016808,16.0
1202856,11.0
1398992,49.0
1201603,24.0
1385891,47.0
1233352,4.0
1265251,12.0
1408791,31.0
1436823,6.0
1146903,5.0
1230871,4.0
1161141,32.0
1359863,45.0
1113163,260.0
1421199,110.0
1033352,100.0
1019732,79.0
1099599,95.0
1297716,57.0
1398649,6.0
1258782,4.0
1342989,4.0
1311419,6.0
1142923,15.0
1225380,18.0
1435504,21.0
1325813,18.0
1166821,12.0
1027882,143.0
1149246,27.0
1159057,108.0
1437773,53.0
1438764,11.0
1341279,58.0
1360129,18.0
1147122,96.0
1183631,36.0
1117810,22.0
1183968,28.0
1452327,16.0
1320633,9.0
1289970,29.0
1262733,45.0
1160718,23.0
1289015,25.0
1049509,10.0
1156688,14.0
1237918,7.0
1005185,17.0
1223087,13.0
1437788,24.0
1251161,31.0
1096334,43.0
1083909,3.0
1314396,6.0
1252433,7.0
1401408,3.0
1107867,2.0
1452297,4.0
1308992,14.0
1135891,15.0
1469606,129.0
1331135,44.0
1079326,106.0
1218445,38.0
1322131,39.0
1243240,27.0
1354613,3.0
1343898,1.0
1137360,2.0
1315178,2.0
1060645,1.0
1205753,4.0
1268349,3.0
1263975,2.0
1420644,1.0
1239193,16.0
1051009,2.0
1443369,5.0
1433548,2.0
1358946,5.0
1144838,3.0
1168294,2.0
1040138,2.0
1024936,1.0
1153045,1.0
1001113,1.0
1230954,2.0
1363427,2.0
1211361,1.0
1117207,1.0
1394269,4.0
1062172,1.0
1285118,2.0
1050573,2.0
1241189,10.0
1080095,13.0
1300886,17.0
1185856,1.0
1220179,9.0
1067622,6.0
1364389,2.0
1405352,2.0
1041390,2.0
1354637,8.0
1212597,28.0
1437566,76.0
1340281,34.0
1096832,75.0
1357109,53.0
1268685,47.0
1018480,22.0
1041293,3.0
1118930,8.0
1319599,5.0
1052384,10.0
1463473,3.0
1370413,30.0
1014513,3.0
1031711,10.0
1320137,3.0
1216392,4.0
1343915,2.0
1391143,7.0
1049459,4.0
1245067,1.0
1414497,3.0
1252327,2.0
1254876,1.0
1017345,1.0
1461454,1.0
1054757,2.0
1466618,1.0
1043836,2.0
1049618,6.0
1094773,1.0
1417007,7.0
1312493,3.0
1277704,12.0
1338479,12.0
1176374,22.0
1210348,10.0
1211384,9.0
1217919,2.0
1099317,5.0
1276748,7.0
1422952,20.0
1132802,15.0
1057757,117.0
1437353,81.0
1161790,94.0
1017154,99.0
1466055,86.0
1062630,29.0
1087992,3.0
1319660,2.0
1302000,4.0
1296887,3.0
1011288,9.0
1056630,12.0
1177933,16.0
1386723,11.0
1052829,4.0
1451129,92.0
1443908,7.0
1411698,31.0
1054445,25.0
1147570,2.0
1308891,20.0
1457514,7.0
1383573,36.0
1464450,17.0
1086181,6.0
1266470,5.0
1346964,3.0
1182226,7.0
1122422,15.0
1304954,13.0
1468060,9.0
1299411,8.0
1442494,7.0
1235992,6.0
1356938,5.0
1038690,10.0
1154598,6.0
1111403,23.0
1208138,28.0
1057518,43.0
1016939,3.0
1045568,12.0
1185623,26.0
1053591,4.0
1120058,2.0
1307107,5.0
1467257,35.0
1318823,38.0
1381867,151.0
1191405,78.0
1051861,184.0
1002108,130.0
1445971,74.0
1116178,105.0
1359771,6.0
1265582,4.0
1059781,4.0
1072866,1.0
1115017,14.0
1251480,18.0
1056311,13.0
1035817,11.0
1206461,6.0
1062482,118.0
1060276,6.0
1398677,69.0
1174462,54.0
1207205,7.0
1403724,44.0
1133883,14.0
1111645,106.0
1200182,39.0
1282872,18.0
1113987,16.0
1101415,21.0
1064517,15.0
1132873,35.0
1324511,25.0
1021432,21.0
1005238,13.0
1437302,5.0
1017346,20.0
1073390,13.0
1025528,15.0
1139706,10.0
1357650,52.0
1269120,26.0
1273561,54.0
1290478,3.0
1354246,12.0
1119861,31.0
1185280,7.0
1195748,5.0
1020991,5.0
1025354,33.0
1198230,66.0
1207136,387.0
1119148,152.0
1277507,143.0
1422589,113.0
1220239,133.0
1099293,86.0
1422712,6.0
1234482,4.0
1351411,4.0
1272695,6.0
1213576,16.0
1080214,20.0
1282436,24.0
1073410,21.0
1171834,13.0
1065735,155.0
1260142,33.0
1349352,170.0
1325201,116.0
1055266,38.0
1293179,104.0
1404327,42.0
1238451,163.0
1044581,81.0
1194671,48.0
1135176,67.0
1400721,36.0
1169081,18.0
1185507,61.0
1436141,84.0
1396386,45.0
1183419,52.0
1179294,12.0
1353902,17.0
1035137,7.0
1299351,19.0
1454336,14.0
1184029,31.0
1187984,40.0
1271644,62.0
1144475,2.0
1044427,2.0
1155692,2.0
1254446,1.0
1174182,0.0
1274820,1.0
1010624,4.0
1149791,9.0
1302090,74.0
1099405,22.0
1362809,53.0
1016835,19.0
1074168,19.0
1056987,13.0
1175347,1.0
1159863,0.0
1436241,0.0
1163920,0.0
1454636,0.0
1138965,1.0
1157023,1.0
1036345,1.0
1246319,0.0
1001214,6.0
1108819,1.0
1425277,3.0
1278334,1.0
1151629,3.0
1183338,2.0
1237377,1.0
1323911,2.0
1159219,1.0
1407632,1.0
1262722,1.0
1223684,1.0
1437014,1.0
1240501,1.0
1273533,0.0
1388406,2.0
1222275,0.0
1283639,1.0
1055398,1.0
1347887,4.0
1412806,5.0
1182782,9.0
1434482,0.0
1078603,6.0
1157727,4.0
1447780,2.0
1113640,1.0
1379368,1.0
1090206,5.0
1076182,31.0
1083452,83.0
1261025,34.0
1013068,69.0
1037642,50.0
1179881,44.0
1345154,23.0
1288092,2.0
1306054,6.0
1004614,4.0
1288856,7.0
1110494,2.0
1364656,19.0
1411725,2.0
1015475,9.0
1325526,4.0
1021721,4.0
1034512,2.0
1297827,9.0
1217773,6.0
1255608,2.0
1176027,5.0
1294872,2.0
1283842,2.0
1319919,2.0
1379780,2.0
1296407,2.0
1399684,1.0
1217549,2.0
1133391,5.0
1212969,1.0
1022031,5.0
1276664,2.0
1158566,10.0
1402638,9.0
1216247,22.0
1080262,9.0
1142174,8.0
1360087,2.0
1417189,4.0
1138903,7.0
1322196,18.0
1258228,20.0
1225229,162.0
1197741,104.0
1419410,124.0
1034643,128.0
1366827,111.0
1428652,39.0
1314480,3.0
1094116,2.0
1435844,3.0
1078101,3.0
1097879,9.0
1090513,12.0
1269575,17.0
1012167,12.0
1064207,4.0
1439107,89.0
1284840,8.0
1258835,42.0
1298464,45.0
1065659,7.0
1451595,31.0
1375372,13.0
1242585,59.0
1416645,32.0
1141461,12.0
1420311,11.0
1064273,7.0
1400551,12.0
1410715,27.0
1146967,21.0
1287820,15.0
1267279,14.0
1466708,7.0
1046036,7.0
1290077,5.0
1112523,10.0
1417796,6.0
1220085,27.0
1348538,33.0
1064861,56.0
1462199,2.0
1033639,9.0
1400255,19.0
1413440,3.0
1390495,1.0
1234250,4.0
1238982,27.0
1191814,16.0
1216503,63.0
1065882,33.0
1004428,159.0
1286671,106.0
1307266,58.0
1299263,44.0
1237913,4.0
1392467,2.0
1179207,3.0
1353725,1.0
1236462,12.0
1313184,15.0
1392250,12.0
1067587,9.0
1251377,5.0
1121240,110.0
1384185,5.0
1354849,64.0
1092871,45.0
1422050,7.0
1210041,39.0
1186794,12.0
1009598,106.0
1131451,38.0
1454480,17.0
1016725,13.0
1371482,19.0
1392446,14.0
1376395,30.0
1460360,21.0
1042364,17.0
1010661,12.0
1054029,5.0
1078443,18.0
1399841,13.0
1275013,15.0
1440325,9.0
1306512,49.0
1109919,22.0
1361626,44.0
1404749,2.0
1041261,12.0
1059419,28.0
1438625,5.0
1378004,4.0
1100349,4.0
1270018,30.0
1086338,32.0
1315442,184.0
1293272,74.0
1179456,141.0
1130158,105.0
1135512,121.0
1129588,41.0
1380320,5.0
1044631,3.0
1133992,3.0
1028361,5.0
1127640,16.0
1095148,20.0
1115407,26.0
1020828,21.0
1236506,14.0
1360500,164.0
1020261,34.0
1154740,179.0
1110735,110.0
1418245,45.0
1387446,104.0
1323888,46.0
1127286,194.0
1086822,91.0
1456368,52.0
1281702,66.0
1211720,38.0
1266494,19.0
1117802,60.0
1077880,85.0
1095367,45.0
1194990,55.0
1032787,13.0
1467407,18.0
1303160,8.0
1088471,22.0
1045835,15.0
1302313,33.0
1433011,40.0
1167143,58.0
1434131,2.0
1346011,1.0
1025814,2.0
1322367,0.0
1445333,0.0
1061378,1.0
1235324,3.0
1407866,3.0
1148905,28.0
1075240,9.0
1113322,44.0
1025259,15.0
1093193,14.0
1185329,5.0
1211941,1.0
1326539,0.0
1207467,0.0
1179168,0.0
1254761,0.0
1131854,1.0
1183700,1.0
1206317,1.0
1348413,0.0
1016791,5.0
1136537,1.0
1121530,2.0
1145553,1.0
1418982,3.0
1407972,2.0
1464362,1.0
1248192,1.0
1283336,0.0
1317912,1.0
1358331,1.0
1010858,1.0
1455974,1.0
1147392,0.0
1359633,0.0
1317906,1.0
1115110,0.0
1206019,1.0
1027240,1.0
1453956,4.0
1126571,5.0
1185434,7.0
1326439,0.0
1386008,6.0
1130282,3.0
1131156,1.0
1097688,1.0
1357275,1.0
1373727,5.0
1158756,13.0
1118756,35.0
1114825,14.0
1028573,66.0
1069192,44.0
1421933,38.0
1064899,10.0
1249976,2.0
1230926,5.0
1013107,4.0
1201634,7.0
1035163,2.0
1402941,20.0
1102745,2.0
1127372,10.0
1288970,4.0
1448232,4.0
1090243,2.0
1219091,10.0
1080547,7.0
1270918,2.0
1123094,5.0
1076324,2.0
1117000,2.0
1087164,2.0
1268524,2.0
1431447,2.0
1037504,1.0
1403307,2.0
1443156,4.0
1267387,1.0
1265573,5.0
1412595,2.0
1349010,10.0
1373578,9.0
1062211,19.0
1044589,8.0
1244825,6.0
1044914,1.0
1013640,3.0
1173629,5.0
1323439,16.0
1229070,9.0
1323213,71.0
1266260,47.0
1209345,113.0
1073143,111.0
1180810,94.0
1216743,18.0
1368089,2.0
1321697,2.0
1281527,2.0
1208839,2.0
1292567,8.0
1266969,11.0
1065174,17.0
1440274,11.0
1340410,4.0
1152335,88.0
1422195,7.0
1053624,41.0
1376285,40.0
1238105,7.0
1055196,29.0
1190844,13.0
1424048,65.0
1401302,34.0
1027987,12.0
1077691,10.0
1158636,7.0
1269093,13.0
1435758,25.0
1222791,20.0
1124174,13.0
1381625,14.0
1414172,8.0
1406975,7.0
1037068,6.0
1086479,10.0
1314077,6.0
1389270,27.0
1019556,30.0
1444499,49.0
1449747,2.0
1461605,4.0
1317578,10.0
1202837,2.0
1065339,1.0
1032139,2.0
1422111,15.0
1182917,6.0
1142780,27.0
1230134,18.0
1115087,86.0
1452322,54.0
1446537,31.0
1234319,19.0
1121629,2.0
1161551,2.0
1169534,2.0
1324579,0.0
1388104,7.0
1222592,9.0
1101891,7.0
1467912,5.0
1349634,3.0
1355259,67.0
1313509,3.0
1141282,40.0
1074605,23.0
1270084,5.0
1288228,20.0
1453034,7.0
1434875,46.0
1427013,51.0
1014972,24.0
1289119,21.0
1225679,23.0
1017200,19.0
1350639,59.0
1452311,50.0
1203898,39.0
1339964,23.0
1179075,3.0
1413963,12.0
1386521,8.0
1374973,9.0
1441731,6.0
1219196,32.0
1143238,14.0
1239011,22.0
1233180,1.0
1245554,4.0
1046540,12.0
1181295,2.0
1163519,2.0
1132093,2.0
1029970,14.0
1033901,10.0
1342322,68.0
1074843,34.0
1260330,64.0
1014608,45.0
1142384,55.0
1314696,15.0
1450973,2.0
1393434,2.0
1314197,2.0
1155723,2.0
1330434,8.0
1203385,10.0
1329563,12.0
1205612,11.0
1199942,7.0
1232530,86.0
1332044,17.0
1113840,92.0
1208057,45.0
1141345,23.0
1336064,45.0
1147034,21.0
1343864,68.0
1390826,99.0
1401002,62.0
1049856,84.0
1170494,38.0
1051970,20.0
1468252,98.0
1459352,160.0
1139063,82.0
1121005,86.0
1176278,7.0
1415997,10.0
1358156,5.0
1064721,11.0
1049742,8.0
1389549,19.0
1314638,22.0
1309933,24.0
1374582,1.0
1321272,2.0
1104980,3.0
1157945,1.0
1281061,0.0
1462114,1.0
1011793,6.0
1001686,3.0
1152161,30.0
1044697,13.0
1074189,63.0
1414743,20.0
1097585,21.0
1102650,6.0
1079165,1.0
1234039,1.0
1007891,1.0
1012569,1.0
1046619,0.0
1414855,2.0
1414801,2.0
1233473,1.0
1372616,0.0
1299715,8.0
1017898,1.0
1158560,4.0
1396232,2.0
1295889,4.0
1167750,7.0
1058818,5.0
1271586,5.0
1384785,2.0
1031441,2.0
1330653,4.0
1228816,6.0
1284907,7.0
1307098,3.0
1327519,1.0
1129327,3.0
1259954,1.0
1427962,1.0
1217215,1.0
1078718,7.0
1314220,8.0
1354461,9.0
1167136,0.0
1356404,3.0
1033344,2.0
1368712,1.0
1232385,1.0
1406378,1.0
1297861,3.0
1453003,5.0
1320309,17.0
1042823,9.0
1207863,44.0
1126134,27.0
1429877,25.0
1148164,5.0
1366406,1.0
1348356,4.0
1025408,3.0
1078319,5.0
1075937,1.0
1355731,15.0
1242480,1.0
1414884,8.0
1367377,2.0
1147962,3.0
1342406,2.0
1186019,6.0
1403648,11.0
1328177,4.0
1232421,9.0
1188522,4.0
1432945,3.0
1458461,5.0
1016140,5.0
1320512,5.0
1201557,3.0
1007260,2.0
1431238,4.0
1257913,1.0
1202773,4.0
1147016,2.0
1307899,8.0
1310891,7.0
1182168,12.0
1047601,4.0
1214998,4.0
1003972,1.0
1059196,2.0
1069185,3.0
1079663,9.0
1317638,3.0
1428799,30.0
1404593,25.0
1466390,61.0
1028509,56.0
1066587,50.0
1160338,8.0
1253556,1.0
1372002,1.0
1318393,2.0
1125234,1.0
1294588,5.0
1104257,6.0
1337154,10.0
1200981,6.0
1442357,2.0
1074544,54.0
1357987,4.0
1331147,26.0
1346843,21.0
1071434,5.0
1129593,15.0
1135652,8.0
1285243,28.0
1028323,47.0
1340360,18.0
1053528,16.0
1186685,9.0
1094309,17.0
1253432,50.0
1416499,47.0
1141303,31.0
1249126,28.0
1201554,5.0
1235192,5.0
1011708,4.0
1444216,6.0
1434807,4.0
1383626,18.0
1352113,19.0
1200274,25.0
1206254,1.0
1244580,0.0
1298722,0.0
1385518,0.0
1356980,0.0
1285345,0.0
1324265,0.0
1150607,0.0
1258294,0.0
1407342,0.0
1350567,0.0
1054314,0.0
1157579,0.0
1064789,0.0
1082718,0.0
1168519,0.0
1046034,0.0
1285156,0.0
1332189,0.0
1311672,0.0
1412224,0.0
1208698,0.0
1007949,0.0
1205317,0.0
1077293,0.0
1270119,0.0
1051000,0.0
1117072,0.0
1225406,0.0
1154538,0.0
1342354,0.0
1241789,0.0
1266197,0.0
1286650,0.0
1082142,0.0
1445200,0.0
1400084,0.0
1076827,0.0
1294555,0.0
1045854,0.0
1138282,0.0
1107482,0.0
1284671,0.0
1315692,0.0
1205341,0.0
1078524,0.0
1000776,0.0
1278779,0.0
1464874,0.0
1353025,0.0
1148198,0.0
1265555,0.0
1223723,0.0
1239796,0.0
1108441,0.0
1021825,0.0
1316433,0.0
1240177,0.0
1452594,0.0
1198310,0.0
1278882,0.0
1334631,0.0
1215828,0.0
1072885,0.0
1218415,0.0
1404403,0.0
1442253,0.0
1125107,0.0
1264978,0.0
1034417,0.0
1197474,0.0
1127062,0.0
1147758,0.0
1440194,0.0
1379324,0.0
1013406,0.0
1025648,0.0
1114739,0.0
1254250,0.0
1295932,0.0
1042212,0.0
1370657,0.0
1443105,0.0
1375878,0.0
1224147,0.0
1308190,0.0
1308150,0.0
1171146,0.0
1266184,0.0
1313301,0.0
1371639,0.0
1091064,0.0
1166064,0.0
1362966,0.0
1101189,0.0
1013706,0.0
1348181,0.0
1083248,0.0
1367042,0.0
1071760,0.0
1083644,0.0
1151331,0.0
1438383,0.0
1194169,0.0
1233850,0.0
1037037,0.0
1157828,0.0
1291983,0.0
1081202,0.0
1135554,0.0
1213495,0.0
1251112,0.0
1106453,0.0
1330250,0.0
1115138,0.0
1117385,0.0
1088183,0.0
1326247,0.0
1255653,0.0
1467779,0.0
1049669,0.0
1308940,0.0
1430243,0.0
1011791,0.0
1026105,0.0
1108906,0.0
1200130,0.0
1264192,0.0
1261400,0.0
1301151,0.0
1456400,0.0
1443919,0.0
1348347,0.0
1287857,0.0
1350483,0.0
1099377,0.0
1129517,0.0
1433241,0.0
1429238,0.0
1332679,0.0
1017222,0.0
1044470,0.0
1109488,0.0
1208904,0.0
1409680,0.0
1027485,0.0
1339829,0.0
1221641,0.0
1149113,0.0
1400078,0.0
1095993,0.0
1299889,0.0
1066676,0.0
1305137,0.0
1004929,0.0
1457907,0.0
1448171,0.0
1075883,0.0
1183289,0.0
1026389,0.0
1100534,0.0
1307619,0.0
1183877,0.0
1231223,0.0
1001611,0.0
1216230,0.0
1192305,0.0
1002937,0.0
1368556,0.0
1069197,0.0
1085206,0.0
1443820,0.0
1212261,0.0
1348604,0.0
1002979,0.0
1115386,0.0
1438701,0.0
1115683,0.0
1165764,0.0
1324350,0.0
1067525,0.0
1307151,0.0
1200488,0.0
1373259,0.0
1036403,0.0
1040873,0.0
1330245,0.0
1168473,0.0
1189150,0.0
1332727,0.0
1116624,0.0
1442664,0.0
1135951,0.0
1306472,0.0
1246640,0.0
1010240,0.0
1047697,0.0
1135592,0.0
1279393,0.0
1350831,0.0
1450338,0.0
1325588,0.0
1251522,0.0
1246837,0.0
1183001,0.0
1307936,0.0
1431519,0.0
1400666,0.0
1353394,0.0
1434634,0.0
1107475,0.0
1233731,0.0
1098138,0.0
1297080,0.0
1250498,0.0
1362996,0.0
1009890,0.0
1451460,0.0
1310806,0.0
1133052,0.0
1425814,1.0
1190080,2.0
1277322,0.0
1408244,0.0
1465074,0.0
1448780,4.0
1391430,2.0
1088346,12.0
1285082,7.0
1113266,46.0
1097357,24.0
1136400,14.0
1298727,6.0
1256072,0.0
1010295,0.0
1088348,2.0
1301474,3.0
1164489,2.0
1379960,2.0
1020034,1.0
1000329,26.0
1201677,1.0
1292186,9.0
1037740,4.0
1428295,0.0
1078769,4.0
1116244,1.0
1423086,2.0
1232767,6.0
1220057,3.0
1200293,2.0
1156736,3.0
1213813,2.0
1392167,4.0
1038141,3.0
1412622,2.0
1160811,1.0
1252394,1.0
1382254,5.0
1450046,3.0
1469022,3.0
1251856,2.0
1266480,11.0
1176909,5.0
1298307,9.0
1436185,1.0
1314432,2.0
1234287,0.0
1001953,0.0
1370702,0.0
1220482,3.0
1238619,2.0
1405728,23.0
1401755,11.0
1357859,27.0
1364205,15.0
1228163,19.0
1291175,4.0
1374298,0.0
1040106,0.0
1048670,2.0
1081546,2.0
1319774,3.0
1062414,3.0
1203469,2.0
1093603,26.0
1018399,4.0
1428924,16.0
1396497,6.0
1095747,2.0
1363789,8.0
1024896,2.0
1432934,2.0
1122269,9.0
1098338,6.0
1268177,7.0
1436199,3.0
1073760,2.0
1308573,5.0
1320712,8.0
1424593,4.0
1312725,4.0
1019848,2.0
1084415,3.0
1151114,1.0
1046395,3.0
1224041,3.0
1401351,5.0
1378953,6.0
1312737,8.0
1438552,0.0
1037734,0.0
1331298,0.0
1397710,0.0
1290032,0.0
1159563,1.0
1416340,1.0
1192861,16.0
1409262,6.0
1002190,38.0
1127094,10.0
1053767,11.0
1443907,2.0
1317306,0.0
1153377,0.0
1284085,0.0
1284168,1.0
1445994,0.0
1294180,0.0
1104707,0.0
1407931,4.0
1249714,0.0
1128418,1.0
1201381,0.0
1092808,0.0
1390164,1.0
1175783,1.0
1260614,1.0
1333287,0.0
1453816,0.0
1307602,0.0
1182371,0.0
1230360,0.0
1278221,0.0
1172954,0.0
1294492,1.0
1146617,0.0
1282992,1.0
1221187,0.0
1385460,3.0
1167778,3.0
1420277,4.0
1322009,1.0
1249586,0.0
1436655,0.0
1356743,0.0
1136043,0.0
1438303,1.0
1356993,2.0
1372773,9.0
1232326,5.0
1429350,28.0
1056408,15.0
1114808,14.0
1105856,2.0
1410217,0.0
1436463,1.0
1438682,1.0
1015777,2.0
1237019,0.0
1093955,7.0
1105120,0.0
1329809,2.0
1221352,0.0
1309732,1.0
1309414,0.0
1400866,0.0
1334993,2.0
1039198,0.0
1047662,1.0
1390404,0.0
1299532,0.0
1202329,0.0
1029023,0.0
1257478,0.0
1263085,0.0
1437545,1.0
1201995,2.0
1110550,0.0
1464840,2.0
1101653,1.0
1385015,3.0
1350214,3.0
1251588,6.0
1295495,1.0
1045380,1.0
1469464,0.0
1054293,0.0
1074774,0.0
1082870,2.0
1033282,1.0
1109458,13.0
1213080,10.0
1323861,32.0
1155642,24.0
1230104,22.0
1009115,2.0
1449886,0.0
1380504,0.0
1446963,1.0
1038183,2.0
1118043,3.0
1277045,2.0
1208620,1.0
1293725,20.0
1259285,1.0
1155856,5.0
1346912,3.0
1201862,0.0
1151073,3.0
1187849,1.0
1207745,1.0
1322620,5.0
1455710,2.0
1280983,1.0
1218811,1.0
1359292,2.0
1108123,3.0
1129147,3.0
1082949,2.0
1262550,2.0
1387398,2.0
1461468,2.0
1404571,1.0
1350604,2.0
1461640,1.0
1162354,6.0
1299433,7.0
1276146,10.0
1276274,1.0
1202979,2.0
1230354,0.0
1150117,0.0
1257541,0.0
1091347,4.0
1373187,2.0
1102389,12.0
1279838,7.0
1208072,44.0
1094671,24.0
1108572,13.0
1389121,6.0
1059840,0.0
1291019,0.0
1384290,2.0
1254372,3.0
1347919,2.0
1438432,2.0
1038465,1.0
1160661,26.0
1278649,1.0
1326778,8.0
1005853,4.0
1174734,0.0
1171033,5.0
1048527,1.0
1062565,2.0
1275618,6.0
1143159,3.0
1137372,2.0
1408457,2.0
1086632,2.0
1352912,4.0
1449053,3.0
1089787,2.0
1280723,1.0
1323186,1.0
1213431,5.0
1317293,4.0
1253782,3.0
1362542,3.0
1336127,12.0
1095383,5.0
1401284,10.0
1460362,1.0
1369609,2.0
1404698,0.0
1439531,0.0
1236175,0.0
1448888,3.0
1042554,2.0
1136922,23.0
1210001,11.0
1072372,26.0
1028141,15.0
1029211,18.0
1345408,3.0
1365751,0.0
1331710,0.0
1276533,2.0
1053332,2.0
1375767,3.0
1111190,3.0
1016764,2.0
1074323,26.0
1204087,4.0
1006667,15.0
1335804,5.0
1298955,2.0
1224782,8.0
1264377,2.0
1271406,2.0
1086737,8.0
1031981,5.0
1227483,6.0
1399348,3.0
1294782,2.0
1383055,5.0
1191320,7.0
1028597,4.0
1397600,4.0
1149466,2.0
1253490,3.0
1110505,1.0
1013594,4.0
1199276,3.0
1181594,5.0
1429159,6.0
1456094,8.0
1264806,0.0
1230191,0.0
1373314,0.0
1082512,0.0
1401687,0.0
1294991,2.0
1278605,1.0
1086179,16.0
1381909,6.0
1204678,38.0
1381818,10.0
1346573,10.0
1265757,2.0
1146297,0.0
1035900,0.0
1341955,0.0
1221725,1.0
1080890,1.0
1439097,0.0
1463732,0.0
1148127,4.0
1208221,0.0
1419895,1.0
1232323,0.0
1251740,0.0
1345597,1.0
1178222,1.0
1049004,1.0
1288113,0.0
1078164,0.0
1038933,0.0
1231238,0.0
1006763,0.0
1459349,0.0
1354929,0.0
1042457,1.0
1319865,0.0
1285194,1.0
1240162,1.0
1462317,3.0
1458172,3.0
1355917,5.0
1238244,1.0
1348543,1.0
1279447,0.0
1250073,0.0
1433604,0.0
1440467,1.0
1220796,2.0
1014033,10.0
1133978,5.0
1037187,28.0
1126160,15.0
1338814,14.0
1250166,2.0
1293340,0.0
1118404,1.0
1055123,1.0
1241630,2.0
1022600,0.0
1186694,7.0
1417397,0.0
1182507,2.0
1060994,0.0
1315256,1.0
1097668,0.0
1404976,0.0
1064604,2.0
1185487,0.0
1466324,1.0
1238377,0.0
1356683,0.0
1177108,0.0
1461989,0.0
1233578,0.0
1434298,0.0
1027154,1.0
1310371,2.0
1026322,0.0
1058076,2.0
1461843,1.0
1099987,4.0
1327863,3.0
1010657,6.0
1386835,1.0
1308426,1.0
1405686,0.0
1354528,0.0
1295664,0.0
1063466,2.0
1016514,1.0
1126393,14.0
1360547,11.0
1030713,33.0
1355061,26.0
1235168,22.0
1178604,2.0
1279067,0.0
1064938,0.0
1072568,2.0
1339551,2.0
1433747,3.0
1035816,2.0
1314770,1.0
1189601,22.0
1132319,1.0
1050444,6.0
1070978,3.0
1138594,0.0
1261835,3.0
1125863,1.0
1075791,1.0
1130685,5.0
1019457,2.0
1128810,1.0
1316871,1.0
1454495,2.0
1170728,3.0
1001835,3.0
1012243,2.0
1444915,2.0
1444218,2.0
1288427,2.0
1028522,2.0
1295789,3.0
1002717,2.0
1149726,7.0
1366712,7.0
1087181,12.0
1229021,1.0
1135881,2.0
1307152,0.0
1450571,0.0
1184824,0.0
1249479,5.0
1355315,2.0
1136095,15.0
1329581,8.0
1342058,55.0
1151798,28.0
1327146,17.0
1028183,7.0
1345898,0.0
1360417,0.0
1026521,3.0
1195287,4.0
1152295,3.0
1075795,2.0
1398540,1.0
1430536,36.0
1426067,1.0
1337403,13.0
1358249,6.0
1007463,1.0
1260323,8.0
1398680,1.0
1190668,2.0
1441703,8.0
1382573,4.0
1037287,3.0
1348109,3.0
1422253,3.0
1099698,5.0
1185908,4.0
1130965,3.0
1303832,2.0
1336158,2.0
1367861,8.0
1003846,6.0
1375928,6.0
1440059,4.0
1188031,18.0
1192638,8.0
1431980,11.0
1025855,1.0
1377520,2.0
1010887,0.0
1456373,0.0
1196547,0.0
1119936,4.0
1031736,3.0
1114348,31.0
1075385,13.0
1195004,34.0
1142210,19.0
1053781,24.0
1064440,4.0
1229227,0.0
1179195,0.0
1038925,3.0
1283376,4.0
1104402,5.0
1096397,4.0
1409849,3.0
1318156,38.0
1467882,6.0
1364342,25.0
1413558,10.0
1073068,3.0
1004338,15.0
1364319,3.0
1419113,3.0
1273265,12.0
1269502,8.0
1054457,9.0
1095426,5.0
1147755,3.0
1309789,7.0
1452674,10.0
1264122,5.0
1283820,6.0
1346356,4.0
1210968,6.0
1006315,3.0
1012947,6.0
1169659,5.0
1387825,8.0
1447987,9.0
1237557,10.0
1362213,0.0
1006352,0.0
1199683,0.0
1047764,0.0
1450023,0.0
1282025,2.0
1011172,1.0
1037378,16.0
1152491,6.0
1018699,37.0
1107265,9.0
1286957,10.0
1135148,2.0
1266228,0.0
1004808,0.0
1209131,0.0
1021121,1.0
1441172,1.0
1395701,0.0
1089154,0.0
1139662,4.0
1014446,0.0
1046658,1.0
1387983,0.0
1018688,0.0
1175826,1.0
1180323,1.0
1374312,1.0
1070252,0.0
1216120,0.0
1141133,0.0
1468850,0.0
1178742,0.0
1105935,0.0
1298318,0.0
1038588,2.0
1068965,0.0
1368142,1.0
1354726,1.0
1140843,4.0
1381352,4.0
1435521,4.0
1022282,1.0
1200762,0.0
1143174,0.0
1297383,0.0
1189983,0.0
1352574,1.0
1418443,2.0
1341570,10.0
1204027,5.0
1354468,27.0
1021000,14.0
1351101,13.0
1100097,2.0
1104800,0.0
1316155,2.0
1099244,1.0
1286795,2.0
1459094,0.0
1367003,8.0
1016451,1.0
1246022,3.0
1100998,1.0
1302982,1.0
1075981,0.0
1446998,0.0
1451307,2.0
1029525,0.0
1306993,1.0
1155527,0.0
1350031,0.0
1455952,0.0
1017606,0.0
1104183,0.0
1276075,0.0
1011133,1.0
1218024,3.0
1341301,0.0
1174939,3.0
1297696,1.0
1420770,4.0
1096601,4.0
1180243,6.0
1378174,1.0
1075694,1.0
1032985,0.0
1370978,0.0
1092307,0.0
1444253,3.0
1291216,1.0
1268419,16.0
1277566,11.0
1453553,37.0
1201905,27.0
1107484,25.0
1013653,2.0
1246747,0.0
1126829,0.0
1453512,2.0
1307743,3.0
1315893,4.0
1337011,3.0
1068203,1.0
1266959,27.0
1442854,2.0
1357132,8.0
1139569,5.0
1383146,1.0
1350643,5.0
1018282,1.0
1245964,1.0
1425652,7.0
1285188,3.0
1094486,2.0
1313531,1.0
1303043,3.0
1368979,4.0
1256852,4.0
1399182,2.0
1395508,2.0
1245163,3.0
1313871,3.0
1441577,2.0
1076399,4.0
1336508,3.0
1122306,9.0
1180220,10.0
1063046,12.0
1148553,1.0
1008674,3.0
1185168,0.0
1304255,0.0
1468167,0.0
1061184,6.0
1320203,3.0
1349405,20.0
1263903,10.0
1161460,65.0
1113936,33.0
1466773,19.0
1273617,8.0
1426115,0.0
1364956,0.0
1044612,4.0
1440169,5.0
1162614,4.0
1148642,3.0
1231156,2.0
1047338,46.0
1249934,2.0
1122198,17.0
1090672,8.0
1029511,1.0
1451511,10.0
1086582,1.0
1032455,5.0
1156066,10.0
1089654,5.0
1297475,4.0
1016073,5.0
1220575,4.0
1097390,7.0
1128480,5.0
1070111,4.0
1238715,2.0
1305755,3.0
1099151,12.0
1205913,8.0
1300582,8.0
1350777,6.0
1000733,23.0
1081841,10.0
1320078,14.0
1401924,1.0
1456056,3.0
1202882,0.0
1256279,0.0
1215885,0.0
1404025,4.0
1044499,4.0
1003816,42.0
1342502,17.0
1424550,42.0
1308221,23.0
1144511,28.0
1034179,5.0
1219997,0.0
1256927,0.0
1266652,4.0
1281983,4.0
1330862,5.0
1351457,5.0
1235120,3.0
1414821,50.0
1074769,7.0
1302312,34.0
1262850,14.0
1365484,4.0
1300859,19.0
1464844,3.0
1082465,6.0
1058009,16.0
1126191,10.0
1025410,12.0
1439546,7.0
1133562,3.0
1195366,10.0
1429446,14.0
1081666,7.0
1311160,8.0
1151921,6.0
1359011,8.0
1032702,4.0
1004105,9.0
1012299,7.0
1114598,11.0
1148329,13.0
1448309,13.0
1409745,0.0
1409829,0.0
1251668,0.0
1380862,0.0
1466386,0.0
1230120,1.0
1344525,1.0
1084420,11.0
1450871,3.0
1255501,22.0
1175842,6.0
1262294,6.0
1051646,1.0
1026627,0.0
1256013,0.0
1332055,0.0
1183215,0.0
1401102,0.0
1318013,0.0
1142104,0.0
1398942,3.0
1155860,0.0
1326339,1.0
1199760,0.0
1265697,0.0
1118847,1.0
1239032,0.0
1108530,0.0
1211495,0.0
1439324,0.0
1379168,0.0
1408002,0.0
1230507,0.0
1061237,0.0
1204461,0.0
1025078,1.0
1238036,0.0
1031501,1.0
1429235,0.0
1118751,2.0
1194497,3.0
1181272,3.0
1031358,1.0
1112918,0.0
1297176,0.0
1092678,0.0
1338439,0.0
1102257,1.0
1357574,2.0
1082130,10.0
1117718,4.0
1460787,24.0
1135145,13.0
1391010,12.0
1140868,2.0
1459503,0.0
1420495,1.0
1401826,1.0
1078851,2.0
1194208,0.0
1216949,7.0
1362257,0.0
1038478,2.0
1260612,1.0
1393656,1.0
1245619,0.0
1269783,0.0
1382430,2.0
1098068,0.0
1346230,1.0
1393202,0.0
1375550,0.0
1180081,0.0
1005837,0.0
1378509,0.0
1335742,0.0
1322359,1.0
1090324,3.0
1466132,0.0
1426653,3.0
1312433,1.0
1221961,4.0
1043745,4.0
1233787,5.0
1219889,1.0
1094165,1.0
1264760,0.0
1123221,0.0
1447419,1.0
1284407,3.0
1018196,1.0
1465959,21.0
1037366,13.0
1095900,43.0
1015499,32.0
1092779,28.0
1109243,3.0
1144374,0.0
1045029,0.0
1257335,2.0
1306624,3.0
1356673,4.0
1358403,3.0
1036475,1.0
1380583,33.0
1345772,2.0
1154716,10.0
1302680,7.0
1364189,1.0
1357708,7.0
1318242,1.0
1223328,2.0
1424370,8.0
1425071,3.0
1385775,2.0
1345171,1.0
1456898,3.0
1007506,6.0
1326349,5.0
1224039,3.0
1219104,3.0
1404013,4.0
1206302,4.0
1144032,3.0
1304446,5.0
1025707,3.0
1085428,12.0
1058948,12.0
1133545,14.0
1303545,1.0
1396726,2.0
1395511,0.0
1358934,0.0
1349518,0.0
1060427,3.0
1089594,2.0
1030178,17.0
1351012,9.0
1067977,51.0
1272174,26.0
1135418,15.0
1186225,7.0
1088971,0.0
1227135,0.0
1403338,2.0
1131546,3.0
1252277,2.0
1225729,2.0
1374824,1.0
1018727,30.0
1033033,1.0
1253297,13.0
1348323,6.0
1359602,0.0
1078433,8.0
1076159,1.0
1107683,8.0
1432527,3.0
1041498,3.0
1117394,3.0
1306658,3.0
1009671,5.0
1436089,3.0
1043170,3.0
1176971,2.0
1245167,2.0
1102587,9.0
1385893,7.0
1049063,6.0
1140261,5.0
1216021,17.0
1328886,8.0
1314070,10.0
1081582,0.0
1149129,2.0
1067699,0.0
1260238,0.0
1062448,0.0
1184447,3.0
1046870,3.0
1271730,39.0
1246765,16.0
1438461,36.0
1452849,20.0
1268541,24.0
1295669,5.0
1096627,0.0
1264003,0.0
1006341,2.0
1216156,3.0
1165875,4.0
1017227,3.0
1089614,2.0
1170597,35.0
1291387,5.0
1412453,27.0
1361003,10.0
1439431,3.0
1262059,15.0
1264607,2.0
1038568,13.0
1426737,8.0
1110457,10.0
1432194,5.0
1147140,3.0
1062781,8.0
1028418,10.0
1038699,5.0
1460019,7.0
1008242,5.0
1137459,7.0
1207084,3.0
1153240,7.0
1062725,6.0
1308406,8.0
1015505,11.0
1447307,10.0
1423194,0.0
1169724,0.0
1374674,0.0
1266368,0.0
1256811,0.0
1091055,0.0
1035966,0.0
1168053,6.0
1213307,2.0
1324424,11.0
1297031,3.0
1034580,3.0
1024680,1.0
1104789,0.0
1027868,0.0
1035270,0.0
1307439,0.0
1443373,0.0
1142087,0.0
1430065,0.0
1165598,1.0
1380986,0.0
1041743,0.0
1068593,0.0
1293712,0.0
1462075,0.0
1080709,0.0
1300911,0.0
1459723,0.0
1453587,0.0
1392826,0.0
1177695,0.0
1014858,0.0
1320361,0.0
1349166,0.0
1366354,0.0
1091149,0.0
1468550,0.0
1130226,1.0
1267324,1.0
1298657,1.0
1198148,0.0
1281094,0.0
1200847,0.0
1416431,0.0
1125038,0.0
1345591,0.0
1087214,1.0
1187249,7.0
1143271,3.0
1239993,16.0
1392547,8.0
1392339,7.0
1352522,1.0
1160059,0.0
1074400,1.0
1428608,1.0
1465827,1.0
1274935,0.0
1098302,4.0
1372253,0.0
1462694,1.0
1251105,0.0
1289363,0.0
1046979,0.0
1427692,1.0
1391557,0.0
1457872,1.0
1267153,0.0
1451804,0.0
1356488,0.0
1111793,0.0
1301598,0.0
1007182,0.0
1010088,1.0
1119459,2.0
1457885,0.0
1032470,2.0
1251828,1.0
1352482,3.0
1313737,3.0
1155909,3.0
1366161,0.0
1442676,0.0
1237124,0.0
1402631,0.0
1133830,0.0
1153965,2.0
1256425,1.0
1421642,17.0
1063876,11.0
1230502,31.0
1331963,24.0
1323582,20.0
1282468,2.0
1368451,0.0
1362061,0.0
1387778,1.0
1159552,2.0
1341477,3.0
1346753,2.0
1224813,1.0
1347965,21.0
1181695,1.0
1464149,7.0
1214044,5.0
1176230,0.0
1033281,5.0
1437127,1.0
1204798,6.0
1389918,2.0
1141888,2.0
1153049,1.0
1446104,2.0
1185787,4.0
1193014,3.0
1074627,2.0
1233607,2.0
1282867,3.0
1045108,3.0
1254018,2.0
1032277,4.0
1246466,3.0
1176107,8.0
1018612,9.0
1286891,11.0
1002019,1.0
1128234,3.0
1405118,0.0
1335268,0.0
1412368,0.0
1014242,7.0
1372492,3.0
1063975,19.0
1315211,12.0
1150029,71.0
1271481,36.0
1107083,20.0
1351151,9.0
1063521,0.0
1075654,0.0
1391693,4.0
1438819,6.0
1441624,4.0
1387244,3.0
1410416,2.0
1011543,53.0
1043373,2.0
1395337,21.0
1376315,9.0
1407513,1.0
1468178,12.0
1238093,1.0
1366469,10.0
1365720,5.0
1027682,3.0
1256629,5.0
1321325,4.0
1076853,7.0
1021615,5.0
1103928,4.0
1314545,2.0
1113330,3.0
1085729,13.0
1318133,9.0
1096664,9.0
1313921,6.0
1354563,25.0
1035940,11.0
1392655,15.0
1342671,1.0
1123338,3.0
1025970,0.0
1372546,0.0
1457371,0.0
1005613,5.0
1133809,3.0
1009774,35.0
1070333,17.0
1112900,39.0
1064252,22.0
1091846,26.0
1362799,5.0
1440088,0.0
1343310,1.0
1245889,4.0
1030640,5.0
1104452,6.0
1043826,5.0
1284939,3.0
1292687,51.0
1268294,7.0
1220268,37.0
1461491,12.0
1397358,3.0
1035886,20.0
1110253,3.0
1361422,15.0
1287266,9.0
1385793,11.0
1002078,6.0
1109623,3.0
1265460,9.0
1087434,11.0
1269918,6.0
1451880,7.0
1283775,5.0
1230898,8.0
1107775,4.0
1338243,9.0
1166695,7.0
1271663,10.0
1373972,12.0
1123603,12.0
1003010,0.0
1129375,1.0
1168791,0.0
1021740,0.0
1303376,0.0
1210677,2.0
1305143,1.0
1412145,23.0
1389644,9.0
1466694,53.0
1190322,14.0
1216693,14.0
1465231,3.0
1155925,0.0
1109484,0.0
1313765,0.0
1322557,1.0
1302123,1.0
1061289,1.0
1205564,0.0
1264484,7.0
1016585,1.0
1292134,2.0
1153137,0.0
1341608,2.0
1290690,1.0
1230123,1.0
1275180,0.0
1131832,0.0
1440602,0.0
1220258,1.0
1268280,1.0
1059662,0.0
1163343,1.0
1411702,3.0
1004707,1.0
1438734,2.0
1406992,1.0
1236750,6.0
1011369,7.0
1275119,7.0
1092296,1.0
1090729,0.0
1027697,0.0
1280523,0.0
1420524,0.0
1285643,1.0
1299694,2.0
1421657,11.0
1235009,6.0
1252202,32.0
1444871,16.0
1051337,14.0
1027198,2.0
1400277,1.0
1257298,2.0
1268668,1.0
1353408,3.0
1322054,1.0
1437375,11.0
1313630,1.0
1271309,4.0
1160345,1.0
1283175,1.0
1401069,0.0
1444887,2.0
1207821,1.0
1359644,1.0
1088413,1.0
1402910,0.0
1029542,0.0
1163847,0.0
1232989,0.0
1028765,0.0
1323362,1.0
1366127,4.0
1403367,1.0
1036371,4.0
1030752,1.0
1425187,6.0
1367511,5.0
1202857,7.0
1442815,1.0
1405671,1.0
1384214,0.0
1311620,0.0
1288040,1.0
1407304,3.0
1145713,1.0
1259013,19.0
1141196,15.0
1132847,44.0
1128215,33.0
1005358,29.0
1360681,3.0
1320681,0.0
1109916,0.0
1362183,2.0
1124715,4.0
1439161,5.0
1246884,3.0
1246674,1.0
1197277,37.0
1418199,2.0
1108843,12.0
1157949,7.0
1007778,1.0
1192062,8.0
1329144,1.0
1099707,8.0
1280775,3.0
1120627,2.0
1179470,1.0
1337130,3.0
1108222,6.0
1239997,4.0
1387818,3.0
1338866,3.0
1024119,4.0
1212519,4.0
1107190,3.0
1464677,6.0
1211771,4.0
1458019,12.0
1261390,13.0
1389478,15.0
1173702,1.0
1246297,4.0
1428332,0.0
1066968,0.0
1268587,0.0
1125850,8.0
1156802,3.0
1078944,21.0
1047304,14.0
1366793,83.0
1448551,40.0
1298286,23.0
1122513,11.0
1010456,0.0
1428692,0.0
1104982,5.0
1250944,6.0
1468366,5.0
1160188,4.0
1352100,2.0
1006339,60.0
1351374,2.0
1316868,23.0
1418731,10.0
1068960,1.0
1094295,13.0
1152907,2.0
1121757,11.0
1264565,5.0
1071306,4.0
1103540,5.0
1238549,4.0
1406469,8.0
1387445,5.0
1131527,4.0
1112267,3.0
1452417,4.0
1112660,13.0
1254058,10.0
1057327,10.0
1047295,7.0
1141291,26.0
1190676,12.0
1031639,16.0
1400487,1.0
1262695,3.0
1238579,1.0
1035427,0.0
1343765,0.0
1219394,6.0
1187761,4.0
1379903,42.0
1240497,21.0
1062632,50.0
1344563,27.0
1382424,32.0
1116860,6.0
1191290,0.0
1267298,1.0
1262523,4.0
1188515,5.0
1297081,7.0
1445851,6.0
1336202,4.0
1073929,62.0
1095602,9.0
1216855,43.0
1446422,16.0
1112147,4.0
1271019,24.0
1268401,4.0
1182985,17.0
1118545,11.0
1149979,13.0
1012150,7.0
1078736,4.0
1053398,11.0
1003950,14.0
1187736,7.0
1217903,9.0
1410839,6.0
1293698,9.0
1241886,5.0
1053917,10.0
1413497,8.0
1217668,12.0
1156461,14.0
1365607,14.0
1228132,2.0
1433974,2.0
1293394,1.0
1112266,0.0
1393604,1.0
1178053,7.0
1448256,4.0
1449533,59.0
1124374,24.0
1079919,148.0
1257138,37.0
1381227,37.0
1163746,9.0
1125052,0.0
1374191,1.0
1288278,1.0
1351640,3.0
1118201,3.0
1456805,2.0
1210561,1.0
1297938,19.0
1270839,2.0
1029419,6.0
1160815,1.0
1426740,4.0
1086562,3.0
1102388,3.0
1358833,1.0
1000778,1.0
1082714,1.0
1031680,2.0
1441260,2.0
1153952,1.0
1009436,2.0
1259697,8.0
1182784,2.0
1043242,4.0
1283790,4.0
1230350,15.0
1075763,17.0
1036044,16.0
1136708,1.0
1039161,1.0
1060581,0.0
1304281,0.0
1063128,0.0
1430318,2.0
1265868,3.0
1108828,14.0
1422221,7.0
1170409,42.0
1002731,20.0
1182527,18.0
1238496,3.0
1081618,1.0
1119775,3.0
1300535,2.0
1278457,3.0
1381726,1.0
1161827,14.0
1448059,1.0
1317524,5.0
1165105,1.0
1099564,2.0
1268636,0.0
1301661,3.0
1425801,1.0
1467130,2.0
1170003,1.0
1233446,1.0
1125721,1.0
1282354,0.0
1394960,1.0
1321787,0.0
1120362,2.0
1046713,4.0
1069537,1.0
1230698,5.0
1435056,2.0
1297246,7.0
1164017,6.0
1438355,9.0
1323122,1.0
1005249,1.0
1231931,0.0
1173302,0.0
1109044,1.0
1373205,4.0
1265716,1.0
1226033,22.0
1140368,18.0
1162079,56.0
1259602,39.0
1016746,34.0
1351558,4.0
1304084,0.0
1342082,0.0
1154400,3.0
1205736,4.0
1154389,6.0
1202147,4.0
1337082,1.0
1341182,45.0
1094081,3.0
1052520,14.0
1120012,9.0
1423505,1.0
1455611,9.0
1314904,2.0
1208006,10.0
1318466,4.0
1336392,3.0
1201992,2.0
1182995,4.0
1369131,7.0
1235999,5.0
1225477,3.0
1294598,3.0
1294413,5.0
1040187,5.0
1118838,4.0
1197559,7.0
1309851,4.0
1464291,14.0
1418657,15.0
1205608,17.0
1006238,2.0
1421285,4.0
1184697,1.0
1287514,0.0
1318274,1.0
1212225,8.0
1163797,3.0
1060870,21.0
1046671,14.0
1419926,84.0
1120359,40.0
1290633,23.0
1249812,11.0
1203451,1.0
1139869,0.0
1298685,5.0
1101437,7.0
1434578,5.0
1310438,4.0
1293742,2.0
1367815,61.0
1199423,2.0
1089124,25.0
1138963,11.0
1287924,1.0
1280186,14.0
1138316,2.0
1287757,12.0
1288200,5.0
1035176,4.0
1014134,6.0
1467501,4.0
1070166,8.0
1355928,6.0
1448601,4.0
1267985,3.0
1467474,4.0
1419725,13.0
1456117,11.0
1005399,10.0
1038422,7.0
1071587,27.0
1405126,12.0
1111166,16.0
1452064,1.0
1047695,4.0
1323298,1.0
1138427,1.0
1071601,0.0
1192739,6.0
1139043,4.0
1049851,41.0
1036306,22.0
1304764,50.0
1430225,26.0
1366539,31.0
1285389,6.0
1332034,0.0
1313419,1.0
1351915,4.0
1150641,6.0
1426751,7.0
1280131,6.0
1048068,4.0
1162067,62.0
1126099,9.0
1300034,47.0
1427393,16.0
1209665,4.0
1216349,25.0
1018805,4.0
1147794,18.0
1018947,11.0
1160106,13.0
1100010,8.0
1008113,4.0
1136093,11.0
1215456,14.0
1285086,7.0
1231917,9.0
1096975,7.0
1419500,9.0
1229030,5.0
1324093,10.0
1045040,8.0
1368805,12.0
1004149,15.0
1090211,14.0
1453612,2.0
1430958,2.0
1208953,1.0
1065286,1.0
1043193,1.0
1410920,7.0
1209052,4.0
1042576,60.0
1305674,27.0
1030527,158.0
1081109,38.0
1061794,39.0
1332472,10.0
1014332,1.0
1288162,1.0
1056792,1.0
1005168,4.0
1115986,3.0
1177568,2.0
1027069,1.0
1418850,20.0
1381118,2.0
1253784,7.0
1430512,1.0
1277100,5.0
1041164,3.0
1125903,3.0
1219102,1.0
1027234,1.0
1136513,2.0
1387194,2.0
1087382,2.0
1368375,1.0
1338351,2.0
1007745,8.0
1193957,2.0
1145708,5.0
1446297,4.0
1105700,16.0
1197630,19.0
1320403,17.0
1231853,1.0
1146765,1.0
1323007,0.0
1084922,0.0
1430369,0.0
1260798,1.0
1211981,3.0
1398800,12.0
1078495,7.0
1390865,39.0
1125100,19.0
1462789,17.0
1112965,3.0
1147111,1.0
1125036,3.0
1240227,2.0
1144294,3.0
1416539,1.0
1465180,13.0
1348693,1.0
1076897,5.0
1233961,1.0
1178682,2.0
1280641,0.0
1073680,3.0
1031633,1.0
1066758,2.0
1382179,1.0
1159266,0.0
1070093,1.0
1395071,0.0
1445920,0.0
1466199,0.0
1289718,2.0
1457085,4.0
1440118,1.0
1388978,4.0
1019219,2.0
1124798,7.0
1313460,6.0
1147563,8.0
1256513,1.0
1059507,1.0
1305216,0.0
1388249,1.0
1323315,1.0
1144493,4.0
1025930,1.0
1307858,20.0
1294811,18.0
1035420,52.0
1065204,36.0
1422765,32.0
1453217,4.0
1416633,0.0
1385285,0.0
1056323,3.0
1359127,4.0
1184266,6.0
1252215,4.0
1279241,2.0
1465313,43.0
1107192,2.0
1096233,14.0
1463768,8.0
1383890,1.0
1180461,9.0
1463161,2.0
1373007,10.0
1411759,4.0
1438823,3.0
1415848,2.0
1406584,3.0
1065821,7.0
1363929,5.0
1210597,3.0
1397223,3.0
1145501,5.0
1200009,4.0
1390613,4.0
1433874,6.0
1302211,4.0
1362612,13.0
1081733,15.0
1463530,16.0
1136523,2.0
1002754,5.0
1031082,1.0
1362126,0.0
1361800,1.0
1420348,11.0
1095968,3.0
1403688,24.0
1332783,15.0
1347442,92.0
1415061,43.0
1050142,25.0
1425194,12.0
1373529,1.0
1325138,0.0
1234432,6.0
1137701,8.0
1366934,6.0
1395895,5.0
1174525,3.0
1033728,71.0
1008780,2.0
1306810,29.0
1427321,13.0
1276497,1.0
1333627,17.0
1287280,2.0
1097069,13.0
1083545,6.0
1142349,4.0
1169890,6.0
1088789,5.0
1300830,10.0
1363357,6.0
1156632,5.0
1233780,3.0
1155838,4.0
1110256,15.0
1352693,11.0
1194222,11.0
1407120,8.0
1131335,30.0
1013384,14.0
1466595,17.0
1179694,1.0
1221537,4.0
1161906,1.0
1184076,1.0
1012412,0.0
1090785,8.0
1023895,4.0
1285786,46.0
1018147,23.0
1418285,54.0
1174226,28.0
1098267,35.0
1424423,7.0
1165081,0.0
1454671,1.0
1394328,5.0
1022467,6.0
1184725,8.0
1037604,7.0
1434701,5.0
1232634,72.0
1428650,10.0
1145164,53.0
1439946,19.0
1101734,4.0
1448244,29.0
1069315,4.0
1355579,19.0
1144943,11.0
1466273,14.0
1284829,8.0
1063305,4.0
1427899,13.0
1167779,16.0
1397946,9.0
1303023,9.0
1096208,7.0
1455549,10.0
1447835,5.0
1131648,11.0
1331293,9.0
1273052,13.0
1444139,16.0
1371051,15.0
1270774,2.0
1337825,3.0
1063504,1.0
1281901,1.0
1247946,1.0
1183657,9.0
1160758,4.0
1099121,69.0
1168217,29.0
1314611,168.0
1442286,41.0
1150761,42.0
1052102,10.0
1276115,1.0
1429020,1.0
1257970,1.0
1092166,4.0
1264275,4.0
1156256,2.0
1446407,1.0
1113395,23.0
1252309,2.0
1171242,8.0
1338892,1.0
1083043,5.0
1080205,3.0
1247388,3.0
1198121,1.0
1092246,2.0
1385523,2.0
1101601,2.0
1176066,3.0
1017753,1.0
1043394,2.0
1046595,9.0
1339677,2.0
1304865,5.0
1028542,4.0
1259076,17.0
1458112,20.0
1146975,18.0
1126129,1.0
1385953,1.0
1348153,0.0
1113853,0.0
1101254,0.0
1420457,2.0
1252826,3.0
1459333,13.0
1197502,7.0
1311331,39.0
1277967,19.0
1300170,17.0
1174504,3.0
1381084,1.0
1335543,3.0
1243065,2.0
1409052,4.0
1244865,1.0
1084765,14.0
1067363,1.0
1463569,5.0
1094703,1.0
1361582,2.0
1197782,0.0
1137158,2.0
1232478,1.0
1301168,2.0
1445601,1.0
1087206,0.0
1237594,1.0
1085958,0.0
1255531,1.0
1330831,0.0
1002029,2.0
1047517,4.0
1151466,1.0
1061166,5.0
1042304,2.0
1381687,7.0
1429580,6.0
1222944,8.0
1227861,1.0
1043656,1.0
1443737,0.0
1275299,1.0
1249697,1.0
1428505,5.0
1361513,1.0
1237544,24.0
1051092,19.0
1144056,57.0
1050636,40.0
1431080,36.0
1393174,4.0
1061533,0.0
1114503,0.0
1393362,4.0
1416358,5.0
1022340,7.0
1374727,5.0
1441478,2.0
1419118,51.0
1016873,3.0
1400332,17.0
1086634,10.0
1107622,1.0
1327855,11.0
1289721,2.0
1340663,10.0
1156620,4.0
1081281,3.0
1352082,2.0
1435896,4.0
1270449,8.0
1296212,5.0
1131274,4.0
1078232,3.0
1026360,5.0
1423756,5.0
1118663,4.0
1100353,7.0
1238164,5.0
1066260,15.0
1005389,17.0
1372418,17.0
1441364,2.0
1094904,5.0
1038972,1.0
1166948,0.0
1173693,1.0
1018605,11.0
1054888,4.0
1236594,27.0
1150825,17.0
1320569,99.0
1154986,44.0
1133076,26.0
1177219,12.0
1149445,1.0
1067970,0.0
1053914,6.0
1305943,8.0
1446449,6.0
1406703,5.0
1078372,3.0
1318438,77.0
1115071,2.0
1020478,30.0
1046508,13.0
1174644,1.0
1201852,17.0
1448829,2.0
1358526,13.0
1116748,6.0
1258698,5.0
1458030,6.0
1467849,5.0
1241712,10.0
1190042,6.0
1110572,6.0
1262422,3.0
1339388,4.0
1033481,15.0
1186324,11.0
1306441,11.0
1101443,8.0
1349572,31.0
1408776,15.0
1164112,17.0
1378346,2.0
1247140,5.0
1304650,1.0
1158335,1.0
1092507,0.0
1179053,8.0
1139159,5.0
1225912,52.0
1363027,25.0
1036347,59.0
1289152,29.0
1194092,36.0
1079684,7.0
1078187,1.0
1148012,1.0
1366361,6.0
1425325,7.0
1220346,9.0
1421337,7.0
1000417,5.0
1166459,79.0
1039606,11.0
1456684,56.0
1120522,20.0
1187543,4.0
1420936,30.0
1115441,5.0
1218704,20.0
1017028,12.0
1261105,16.0
1135033,8.0
1023154,4.0
1248022,14.0
1003113,17.0
1302013,10.0
1096319,10.0
1376666,7.0
1014322,10.0
1172949,5.0
1231759,11.0
1306640,9.0
1217013,14.0
1161780,18.0
1271989,15.0
1176246,3.0
1463546,3.0
1018751,1.0
1107848,1.0
1026690,2.0
1104059,11.0
1298300,5.0
1456864,85.0
1159159,33.0
1237495,198.0
1393399,44.0
1429542,48.0
1305888,11.0
1444211,1.0
1374520,1.0
1128570,1.0
1116129,5.0
1229956,4.0
1358571,2.0
1201295,1.0
1161668,27.0
1265273,2.0
1161163,9.0
1175700,1.0
1331043,6.0
1143729,4.0
1006842,4.0
1151579,2.0
1358841,2.0
1434008,2.0
1333224,2.0
1323258,3.0
1373990,1.0
1140459,2.0
1297504,10.0
1184271,2.0
1184200,5.0
1245054,5.0
1393676,20.0
1251376,24.0
1467778,20.0
1241271,2.0
1033754,1.0
1140578,0.0
1049073,0.0
1163083,0.0
1329298,2.0
1101828,4.0
1021163,17.0
1205465,9.0
1376483,48.0
1292653,21.0
1070720,20.0
1173737,3.0
1175536,1.0
1370160,3.0
1186341,2.0
1224107,4.0
1192570,1.0
1443897,17.0
1346270,1.0
1126593,6.0
1333199,1.0
1026034,2.0
1224863,0.0
1343121,3.0
1242639,1.0
1292672,2.0
1020287,1.0
1397402,1.0
1157726,1.0
1004842,1.0
1062007,1.0
1402809,0.0
1085508,2.0
1136784,5.0
1254030,1.0
1405628,5.0
1358671,2.0
1319868,8.0
1447004,7.0
1164321,9.0
1198609,2.0
1082603,1.0
1033036,0.0
1350594,1.0
1265795,1.0
1150518,6.0
1446884,2.0
1176942,26.0
1181871,21.0
1009922,61.0
1392593,39.0
1453196,37.0
1197229,4.0
1207285,0.0
1204907,0.0
1101871,4.0
1450237,5.0
1262242,7.0
1082080,5.0
1089402,2.0
1077122,55.0
1326634,3.0
1295514,18.0
1369237,10.0
1275913,1.0
1379357,11.0
1225817,2.0
1275647,10.0
1424331,4.0
1245708,3.0
1059825,2.0
1372256,4.0
1345242,8.0
1076139,6.0
1279293,4.0
1415819,4.0
1131646,5.0
1300749,5.0
1285087,4.0
1398304,7.0
1275034,5.0
1088022,15.0
1081070,18.0
1010764,17.0
1137831,2.0
1123572,6.0
1052677,1.0
1244642,0.0
1413354,1.0
1412641,13.0
1434219,4.0
1133394,35.0
1245118,17.0
1090651,103.0
1187283,50.0
1265163,28.0
1336151,13.0
1196812,1.0
1383902,0.0
1419672,7.0
1306339,9.0
1068630,7.0
1065194,5.0
1166435,3.0
1082846,84.0
1283733,3.0
1111752,35.0
1101258,15.0
1323133,1.0
1142589,18.0
1245131,2.0
1292611,15.0
1346081,7.0
1098622,5.0
1101809,7.0
1093886,6.0
1272348,12.0
1118825,8.0
1351034,7.0
1293658,4.0
1196202,5.0
1133513,17.0
1440904,13.0
1001264,13.0
1065866,9.0
1128999,34.0
1261865,16.0
1463189,20.0
1352093,2.0
1098648,6.0
1089218,1.0
1394319,1.0
1120196,1.0
1019612,10.0
1413816,6.0
1212807,73.0
1451158,28.0
1215970,66.0
1317205,35.0
1209342,42.0
1058341,8.0
1116261,1.0
1279652,1.0
1415295,6.0
1386535,8.0
1449610,10.0
1408331,9.0
1168606,5.0
1368933,92.0
1028472,12.0
1185461,70.0
1401376,25.0
1127904,5.0
1101791,35.0
1192178,5.0
1164939,24.0
1170265,15.0
1342949,19.0
1324250,10.0
1231479,5.0
1460083,18.0
1356383,22.0
1035276,12.0
1285378,12.0
1426906,9.0
1095926,13.0
1069811,6.0
1241090,14.0
1264091,11.0
1091797,16.0
1423317,21.0
1259321,19.0
1230024,1.0
1155342,2.0
1210692,1.0
1251194,0.0
1367922,1.0
1196273,6.0
1311157,3.0
1122636,57.0
1077430,17.0
1173394,104.0
1193785,26.0
1394353,26.0
1148233,6.0
1207100,0.0
1350206,0.0
1176698,1.0
1390179,3.0
1255061,2.0
1134031,1.0
1294877,0.0
1012262,15.0
1069727,1.0
1100042,5.0
1178386,1.0
1112572,3.0
1170084,2.0
1078035,2.0
1067857,1.0
1417276,1.0
1444005,1.0
1288682,1.0
1133428,2.0
1431854,1.0
1131805,1.0
1126662,5.0
1428345,1.0
1119781,3.0
1324762,3.0
1294420,11.0
1095997,13.0
1072875,12.0
1404264,3.0
1180181,2.0
1249189,1.0
1433926,1.0
1358987,1.0
1314889,4.0
1233769,7.0
1372509,37.0
1235068,15.0
1320148,86.0
1112601,42.0
1178160,38.0
1380237,6.0
1258960,2.0
1021520,6.0
1293610,4.0
1104244,8.0
1062493,2.0
1117248,30.0
1116902,2.0
1419885,11.0
1251498,3.0
1289794,4.0
1311109,1.0
1191833,5.0
1084115,2.0
1363829,4.0
1230530,2.0
1221207,1.0
1198144,2.0
1108041,1.0
1099372,2.0
1150856,1.0
1367954,4.0
1252957,9.0
1462206,2.0
1145804,10.0
1406801,4.0
1452715,14.0
1244931,14.0
1099637,18.0
1410903,2.0
1049184,2.0
1377583,0.0
1213744,1.0
1234543,2.0
1400113,7.0
1096779,2.0
1399918,39.0
1065094,25.0
1320035,74.0
1296546,52.0
1136451,46.0
1141698,5.0
1055209,0.0
1161953,1.0
1081429,5.0
1075173,6.0
1241713,9.0
1072022,6.0
1222957,2.0
1082427,67.0
1048958,4.0
1003365,23.0
1259769,14.0
1105537,1.0
1171299,14.0
1104129,3.0
1023625,13.0
1380827,5.0
1089718,4.0
1458271,3.0
1463933,5.0
1139222,11.0
1289877,8.0
1164578,5.0
1144586,5.0
1310901,7.0
1386015,6.0
1196528,6.0
1159074,9.0
1399468,6.0
1262865,18.0
1027591,22.0
1146935,23.0
1064213,3.0
1115509,5.0
1251192,1.0
1251392,0.0
1076477,1.0
1387545,13.0
1174778,4.0
1328950,31.0
1303857,17.0
1176029,109.0
1393882,48.0
1048516,28.0
1134379,13.0
1019056,1.0
1460976,0.0
1135570,7.0
1348790,8.0
1196848,7.0
1139630,5.0
1275265,3.0
1358677,80.0
1208822,2.0
1450996,35.0
1397320,15.0
1196429,1.0
1305318,18.0
1445026,2.0
1071193,14.0
1301240,7.0
1100954,5.0
1179462,8.0
1036796,6.0
1354129,11.0
1236085,7.0
1203184,6.0
1098856,4.0
1407696,4.0
1361458,15.0
1043792,13.0
1404517,11.0
1271767,8.0
1332986,32.0
1033088,16.0
1129293,20.0
1065423,2.0
1360751,6.0
1237855,1.0
1254373,1.0
1364929,1.0
1233390,11.0
1158401,7.0
1456359,71.0
1314246,30.0
1008366,75.0
1249596,37.0
1256154,44.0
1242839,9.0
1235252,1.0
1462097,2.0
1143783,7.0
1260056,8.0
1349929,11.0
1238488,9.0
1301714,6.0
1061700,94.0
1420847,13.0
1150807,73.0
1201365,25.0
1388219,5.0
1269374,37.0
1361359,6.0
1360717,25.0
1028678,16.0
1424165,20.0
1102220,11.0
1346441,6.0
1226234,18.0
1331820,22.0
1415587,13.0
1310755,13.0
1449240,8.0
1318989,12.0
1461316,6.0
1346292,14.0
1027159,11.0
1045391,17.0
1327979,22.0
1081987,20.0
1233789,1.0
1201565,2.0
1132819,1.0
1036930,0.0
1237521,1.0
1031219,6.0
1312852,3.0
1004339,46.0
1135050,15.0
1223971,99.0
1277747,22.0
1064418,23.0
1087520,6.0
1204814,0.0
1455701,0.0
1033585,1.0
1278548,2.0
1273308,2.0
1386177,1.0
1438997,0.0
1154391,13.0
1351367,1.0
1293990,4.0
1137239,1.0
1406035,3.0
1073427,2.0
1131961,2.0
1260786,1.0
1249956,1.0
1465625,1.0
1449225,1.0
1126694,1.0
1091050,1.0
1134532,1.0
1268698,4.0
1446295,1.0
1229178,2.0
1434918,2.0
1225294,9.0
1279207,11.0
1260987,10.0
1349839,4.0
1053385,3.0
1425611,1.0
1015637,1.0
1163041,1.0
1108079,6.0
1114182,10.0
1361377,42.0
1047187,19.0
1059180,115.0
1282478,51.0
1313911,47.0
1191639,8.0
1160322,3.0
1143147,7.0
1372859,6.0
1058618,10.0
1094452,3.0
1423074,38.0
1391773,3.0
1344632,15.0
1024238,4.0
1294665,5.0
1340518,1.0
1261740,7.0
1459461,2.0
1311807,5.0
1380651,3.0
1288466,2.0
1216849,2.0
1379508,2.0
1421373,2.0
1262926,1.0
1061898,4.0
1144932,10.0
1017199,2.0
1340167,11.0
1341894,4.0
1109937,17.0
1009617,18.0
1117180,22.0
1197406,3.0
1465908,2.0
1190514,0.0
1229211,1.0
1320048,2.0
1153251,8.0
1082054,3.0
1119448,38.0
1421718,26.0
1209526,84.0
1112390,55.0
1124784,49.0
1242752,6.0
1190974,0.0
1276285,1.0
1307120,5.0
1463920,6.0
1040111,10.0
1187781,7.0
1022918,3.0
1321253,70.0
1439847,4.0
1317840,24.0
1469193,14.0
1273956,1.0
1134720,15.0
1157148,3.0
1096028,14.0
1390496,5.0
1013296,4.0
1213132,3.0
1165315,6.0
1209852,11.0
1255158,8.0
1189140,6.0
1443461,5.0
1259829,6.0
1189172,6.0
1145864,6.0
1086820,9.0
1222268,6.0
1169378,19.0
1389420,23.0
1368817,24.0
1454262,2.0
1133047,5.0
1264573,1.0
1091152,0.0
1092488,1.0
1464619,11.0
1002006,4.0
1247861,24.0
1372857,15.0
1314394,90.0
1265028,43.0
1383042,24.0
1115048,11.0
1368068,1.0
1381217,0.0
1266885,5.0
1363945,7.0
1281228,6.0
1146495,5.0
1006803,3.0
1211798,73.0
1055199,2.0
1235034,32.0
1447675,13.0
1250346,1.0
1128671,16.0
1111360,2.0
1369891,23.0
1204305,11.0
1185465,8.0
1150605,13.0
1095467,9.0
1190806,34.0
1196255,23.0
1292759,18.0
1267667,11.0
1226617,4.0
1340134,14.0
1020563,11.0
1453471,10.0
1299154,7.0
1032477,27.0
1112962,14.0
1071708,17.0
1228879,2.0
1078844,5.0
1102971,1.0
1046139,1.0
1032526,1.0
1217180,9.0
1065102,5.0
1275394,52.0
1369337,24.0
1269212,58.0
1115961,31.0
1364074,36.0
1286821,7.0
1146817,1.0
1051185,1.0
1227105,5.0
1307380,7.0
1177053,9.0
1385861,8.0
1402606,5.0
1118569,80.0
1070520,10.0
1276887,64.0
1312930,21.0
1119271,4.0
1032716,30.0
1329490,5.0
1199798,39.0
1048182,24.0
1244786,30.0
1428999,18.0
1416836,9.0
1069553,50.0
1325268,63.0
1355389,33.0
1157237,35.0
1260615,7.0
1377419,11.0
1189430,5.0
1233129,11.0
1168734,9.0
1446574,13.0
1272667,18.0
1409409,16.0
1138671,3.0
1102379,4.0
1244007,2.0
1230638,1.0
1469015,2.0
1211394,13.0
1092176,6.0
1321498,88.0
1313083,34.0
1034641,211.0
1001105,51.0
1425631,50.0
1365001,12.0
1148169,1.0
1119918,1.0
1031045,1.0
1081544,6.0
1050619,5.0
1256947,3.0
1357079,1.0
1345804,31.0
1023650,2.0
1382774,10.0
1216110,2.0
1148835,12.0
1061079,8.0
1182967,7.0
1293615,4.0
1076365,4.0
1099583,9.0
1328871,10.0
1458084,11.0
1289713,5.0
1393175,3.0
1068160,11.0
1168547,3.0
1228511,6.0
1257740,5.0
1409428,20.0
1371262,26.0
1375017,23.0
1317397,4.0
1372059,3.0
1159886,1.0
1067708,1.0
1361313,1.0
1384040,6.0
1211711,9.0
1319966,40.0
1392621,21.0
1177263,122.0
1167812,57.0
1209895,51.0
1283189,8.0
1118818,3.0
1158079,9.0
1128452,6.0
1245304,11.0
1194234,3.0
1338445,44.0
1045306,3.0
1121149,18.0
1162737,4.0
1418135,6.0
1004036,1.0
1297356,14.0
1453031,5.0
1287031,10.0
1222600,5.0
1141990,4.0
1102479,7.0
1294692,7.0
1345894,7.0
1320554,4.0
1446152,5.0
1410059,12.0
1082809,3.0
1358724,13.0
1382917,5.0
1193842,19.0
1363150,20.0
1305729,25.0
1263905,2.0
1309659,2.0
1379716,0.0
1114584,1.0
1328980,1.0
1245434,7.0
1004396,2.0
1176638,29.0
1321109,22.0
1392478,69.0
1142379,47.0
1278987,41.0
1037836,5.0
1226792,0.0
1268337,1.0
1122131,4.0
1229696,6.0
1349756,9.0
1451212,6.0
1442629,2.0
1266774,63.0
1045608,3.0
1315680,23.0
1408835,13.0
1061669,1.0
1065532,13.0
1232306,2.0
1221888,23.0
1044485,9.0
1025315,7.0
1105380,5.0
1372997,9.0
1232948,32.0
1199537,24.0
1298930,16.0
1011383,14.0
1378946,6.0
1406632,6.0
1450092,5.0
1320056,8.0
1099358,5.0
1151787,16.0
1087804,20.0
1073517,21.0
1218964,2.0
1242786,5.0
1198637,1.0
1255997,0.0
1316158,1.0
1043073,12.0
1044529,3.0
1395432,24.0
1406289,15.0
1009017,92.0
1256967,44.0
1419281,25.0
1113362,11.0
1408441,1.0
1092111,0.0
1109236,6.0
1392528,8.0
1310889,6.0
1312907,5.0
1373642,3.0
1052612,74.0
1150131,2.0
1453645,31.0
1190186,13.0
1136769,1.0
1213565,17.0
1154992,2.0
1020518,26.0
1133958,12.0
1200245,9.0
1160354,13.0
1307358,10.0
1267981,35.0
1238032,22.0
1297609,19.0
1464220,11.0
1317540,4.0
1350774,14.0
1093302,12.0
1124827,11.0
1012303,8.0
1093039,30.0
1381631,14.0
1237510,18.0
1025025,2.0
1056754,6.0
1182690,1.0
1369130,1.0
1466085,1.0
1414729,9.0
1020013,5.0
1349082,51.0
1347184,25.0
1264070,59.0
1311725,31.0
1088957,37.0
1264232,7.0
1181971,1.0
1361238,1.0
1255671,6.0
1210366,7.0
1271006,9.0
1458388,8.0
1282844,5.0
1128776,81.0
1306990,11.0
1352139,62.0
1194319,22.0
1210137,5.0
1434931,31.0
1429143,5.0
1447271,43.0
1084147,26.0
1267332,31.0
1316537,18.0
1328732,9.0
1429149,51.0
1266780,59.0
1216169,35.0
1372827,36.0
1154393,8.0
1456930,11.0
1158410,6.0
1174297,12.0
1206701,9.0
1072486,15.0
1234528,18.0
1459169,16.0
1314307,4.0
1019845,4.0
1015922,2.0
1218048,1.0
1081278,2.0
1405360,14.0
1095217,6.0
1089684,89.0
1274062,36.0
1222518,218.0
1341395,53.0
1194864,54.0
1248515,13.0
1229378,1.0
1183754,1.0
1255544,1.0
1037745,6.0
1139321,5.0
1066684,3.0
1325732,1.0
1386916,32.0
1390528,3.0
1371515,10.0
1042448,2.0
1080409,13.0
1031579,9.0
1227158,8.0
1010650,4.0
1436533,4.0
1276185,9.0
1107599,9.0
1221921,12.0
1064132,5.0
1454884,3.0
1349155,11.0
1115998,3.0
1016802,6.0
1048335,6.0
1061468,23.0
1454576,28.0
1152177,24.0
1215053,5.0
1342713,3.0
1188295,1.0
1129828,1.0
1453934,1.0
1234121,7.0
1210030,9.0
1293055,40.0
1468244,22.0
1276978,125.0
1197089,59.0
1257899,54.0
1402005,9.0
1318320,3.0
1025108,9.0
1172672,7.0
1127621,12.0
1351792,3.0
1226049,46.0
1094079,3.0
1083631,17.0
1149296,4.0
1258116,6.0
1101995,1.0
1130489,16.0
1130373,5.0
1245694,10.0
1021869,6.0
1438387,4.0
1296318,8.0
1201354,6.0
1187850,8.0
1092124,4.0
1050255,5.0
1169480,12.0
1143469,3.0
1359413,14.0
1045121,5.0
1297578,21.0
1184694,21.0
1220385,25.0
1227354,2.0
1250605,2.0
1172358,0.0
1152210,1.0
1441141,1.0
1346008,8.0
1208576,2.0
1206390,30.0
1156485,24.0
1139318,73.0
1403453,51.0
1219156,45.0
1314172,5.0
1142110,0.0
1206172,1.0
1033790,5.0
1089558,6.0
1164237,9.0
1120899,7.0
1376080,2.0
1451242,67.0
1006150,4.0
1100172,23.0
1427432,14.0
1087401,1.0
1141681,14.0
1108560,3.0
1252820,26.0
1262132,10.0
1389572,8.0
1095553,5.0
1347666,10.0
1406195,34.0
1081340,23.0
1246735,17.0
1026276,15.0
1081332,7.0
1078655,6.0
1081394,6.0
1304726,9.0
1050948,6.0
1135792,19.0
1025088,22.0
1346229,22.0
1398924,2.0
1134519,6.0
1194533,1.0
1039306,0.0
1256181,1.0
1434202,13.0
1028775,3.0
1239118,26.0
1098662,15.0
1227283,95.0
1201079,47.0
1115695,26.0
1015228,11.0
1278998,1.0
1179869,0.0
1179395,7.0
1140476,8.0
1136337,6.0
1255998,5.0
1178872,3.0
1106663,81.0
1155958,3.0
1242228,33.0
1418781,14.0
1418790,1.0
1216315,16.0
1069166,2.0
1343307,14.0
1070029,7.0
1187576,5.0
1245296,7.0
1448284,6.0
1064424,12.0
1059931,7.0
1145839,6.0
1110597,4.0
1052232,4.0
1114164,15.0
1327665,12.0
1437975,11.0
1339789,8.0
1396658,32.0
1366061,14.0
1175164,19.0
1131079,2.0
1010942,5.0
1023973,1.0
1144840,1.0
1325367,1.0
1286699,9.0
1133121,4.0
1329694,50.0
1289399,23.0
1323292,55.0
1179665,30.0
1330618,35.0
1304098,7.0
1202220,1.0
1406643,1.0
1037875,6.0
1227905,7.0
1172985,9.0
1131846,8.0
1289408,5.0
1014533,81.0
1408686,11.0
1103707,59.0
1302881,20.0
1233975,4.0
1134999,28.0
1128953,5.0
1209117,21.0
1031936,13.0
1251390,16.0
1116268,9.0
1169539,5.0
1421406,15.0
1168944,18.0
1003319,10.0
1394355,11.0
1203017,7.0
1326139,10.0
1180612,5.0
1016933,12.0
1163465,9.0
1294033,14.0
1087200,17.0
1331218,16.0
1363061,3.0
1223443,4.0
1245149,2.0
1082699,1.0
1051727,2.0
1210847,13.0
1146958,5.0
1252478,92.0
1092954,34.0
1349580,212.0
1313377,53.0
1059140,53.0
1216432,12.0
1370179,1.0
1018563,1.0
1010282,1.0
1368085,6.0
1151886,5.0
1111760,3.0
1139631,1.0
1053924,32.0
1303569,3.0
1442943,9.0
1039330,2.0
1166648,7.0
1134496,5.0
1456795,4.0
1075747,2.0
1273250,2.0
1218845,3.0
1427108,3.0
1464819,3.0
1291294,2.0
1425473,3.0
1418953,11.0
1277268,3.0
1444234,6.0
1393736,5.0
1132355,23.0
1344714,26.0
1348969,24.0
1307485,5.0
1381954,3.0
1177438,1.0
1292150,1.0
1304064,1.0
1261419,7.0
1320559,9.0
1150966,45.0
1363574,23.0
1445350,132.0
1095575,64.0
1201038,58.0
1189194,9.0
1173185,3.0
1220315,10.0
1442037,7.0
1402226,13.0
1358095,3.0
1447117,50.0
1202065,4.0
1255435,18.0
1029316,4.0
1335612,6.0
1236774,1.0
1325206,9.0
1202253,3.0
1001338,6.0
1324379,3.0
1056253,2.0
1453538,3.0
1127842,2.0
1393761,2.0
1148332,1.0
1157268,5.0
1336916,13.0
1339876,3.0
1215376,15.0
1055089,6.0
1462209,23.0
1404990,22.0
1326690,28.0
1209195,2.0
1370098,2.0
1028008,0.0
1027747,1.0
1001688,1.0
1080309,8.0
1285575,2.0
1251492,31.0
1065466,23.0
1256449,71.0
1021601,51.0
1308566,44.0
1264269,5.0
1236421,0.0
1243335,1.0
1065101,5.0
1309527,6.0
1403785,9.0
1109979,6.0
1110919,2.0
1061961,68.0
1063142,4.0
1164090,22.0
1466276,13.0
1421514,1.0
1247480,13.0
1045530,2.0
1149742,13.0
1433666,5.0
1378194,4.0
1258974,2.0
1301632,5.0
1312262,11.0
1302565,7.0
1094331,5.0
1106938,5.0
1321568,6.0
1079281,6.0
1379650,5.0
1300342,9.0
1356236,6.0
1049037,18.0
1224867,21.0
1286339,23.0
