id,sales
1024313,3.0
1365084,5.0
1356196,2.0
1354773,1.0
1374857,1.0
1350162,13.0
1018163,3.0
1006965,41.0
1395924,30.0
1103510,139.0
1378829,41.0
1135797,31.0
1027030,13.0
1191192,2.0
1176337,2.0
1040754,8.0
1372676,14.0
1452907,9.0
1258621,7.0
1294972,3.0
1186725,83.0
1360323,6.0
1261651,28.0
1211203,12.0
1374299,3.0
1064115,19.0
1160039,4.0
1048786,21.0
1328075,7.0
1395768,8.0
1268182,7.0
1299499,5.0
1452894,8.0
1431998,10.0
1259569,10.0
1296974,4.0
1170750,6.0
1413793,16.0
1251253,7.0
1328857,13.0
1436310,8.0
1230034,32.0
1378116,30.0
1163081,35.0
1359392,1.0
1371413,1.0
1175121,2.0
1147107,0.0
1071349,0.0
1271289,1.0
1090432,6.0
1405090,2.0
1266216,24.0
1059922,31.0
1354539,77.0
1415871,24.0
1424932,30.0
1163096,5.0
1304963,0.0
1009144,0.0
1003942,1.0
1194255,1.0
1008677,2.0
1201186,1.0
1439706,0.0
1275014,15.0
1252697,1.0
1034193,2.0
1410789,1.0
1210195,4.0
1126872,1.0
1124127,2.0
1072487,1.0
1279538,1.0
1152728,1.0
1378616,1.0
1411233,1.0
1158033,1.0
1249972,1.0
1140391,2.0
1242170,1.0
1193035,3.0
1082708,2.0
1165732,12.0
1244474,11.0
1075847,10.0
1206623,0.0
1252531,2.0
1326960,4.0
1022965,1.0
1371971,1.0
1460802,1.0
1231568,9.0
1223995,3.0
1078397,21.0
1448716,23.0
1312831,67.0
1452649,53.0
1394339,47.0
1462270,10.0
1272857,4.0
1134294,3.0
1127019,5.0
1440442,3.0
1054122,2.0
1380867,59.0
1126922,3.0
1128734,12.0
1126255,2.0
1280202,6.0
1333983,1.0
1144695,5.0
1430600,2.0
1025148,4.0
1090565,2.0
1204361,2.0
1038424,1.0
1457363,1.0
1229249,1.0
1313804,0.0
1270507,1.0
1439829,7.0
1349737,3.0
1408786,5.0
1370838,4.0
1185650,22.0
1154560,18.0
1022789,27.0
1444947,3.0
1076007,3.0
1240895,1.0
1019600,1.0
1035668,2.0
1243602,27.0
1407450,5.0
1020923,94.0
1343318,34.0
1071962,98.0
1097833,45.0
1276568,85.0
1333708,15.0
1249175,2.0
1218267,1.0
1335640,6.0
1255461,10.0
1266769,12.0
1029904,6.0
1403992,6.0
1305882,78.0
1122424,5.0
1065996,40.0
1296570,13.0
1285669,3.0
1328060,25.0
1092547,6.0
1005409,21.0
1456430,12.0
1046940,11.0
1137921,7.0
1452597,6.0
1208407,10.0
1054185,8.0
1426102,12.0
1111978,5.0
1043390,8.0
1302199,21.0
1357680,9.0
1274011,26.0
1107495,10.0
1068215,35.0
1367599,26.0
1277840,32.0
1286951,1.0
1324202,2.0
1239961,5.0
1118586,1.0
1181039,1.0
1095882,2.0
1058811,15.0
1385735,4.0
1241580,42.0
1254519,29.0
1173821,145.0
1070310,58.0
1308016,51.0
1337920,11.0
1414532,1.0
1062129,1.0
1415898,7.0
1371898,7.0
1317661,17.0
1339537,8.0
1245117,4.0
1364606,77.0
1276466,10.0
1386141,49.0
1219985,25.0
1066765,4.0
1002402,28.0
1372276,6.0
1395323,39.0
1302005,9.0
1194154,32.0
1004031,8.0
1287930,6.0
1411678,12.0
1442408,23.0
1185938,10.0
1231998,6.0
1355554,4.0
1379259,17.0
1169053,5.0
1140972,18.0
1403888,10.0
1321511,26.0
1322479,15.0
1080498,31.0
1026357,1.0
1131817,4.0
1305832,6.0
1008621,2.0
1410243,1.0
1115438,1.0
1228821,14.0
1390015,3.0
1228461,33.0
1175786,23.0
1340126,101.0
1021586,30.0
1309119,24.0
1042458,25.0
1299129,3.0
1155064,1.0
1345247,9.0
1426575,15.0
1072485,8.0
1233056,7.0
1165592,3.0
1031578,87.0
1038701,6.0
1001829,26.0
1332606,11.0
1025415,3.0
1240651,18.0
1009236,3.0
1262009,25.0
1386459,7.0
1009001,9.0
1093405,9.0
1396304,6.0
1112025,18.0
1304053,21.0
1343894,19.0
1245986,8.0
1348836,6.0
1057233,16.0
1102765,7.0
1110472,12.0
1042137,7.0
1459672,27.0
1192821,27.0
1274123,26.0
1144156,1.0
1202980,4.0
1239775,6.0
1210147,2.0
1194272,2.0
1228046,3.0
1414777,20.0
1441116,6.0
1314798,61.0
1367698,71.0
1401294,174.0
1342381,55.0
1374716,69.0
1423660,32.0
1460506,1.0
1309185,1.0
1315192,2.0
1244337,5.0
1439366,5.0
1082693,5.0
1174222,1.0
1086265,46.0
1185485,2.0
1447715,6.0
1089677,2.0
1077306,15.0
1187585,4.0
1243833,6.0
1036305,5.0
1412876,4.0
1008319,7.0
1378843,5.0
1291890,7.0
1259141,6.0
1307304,4.0
1457940,6.0
1115701,4.0
1456985,8.0
1406359,6.0
1412581,31.0
1245916,29.0
1007635,22.0
1309962,2.0
1461178,3.0
1413060,6.0
1199375,1.0
1320181,1.0
1103004,1.0
1243298,15.0
1311163,4.0
1079312,26.0
1216854,27.0
1304348,77.0
1195285,61.0
1465837,55.0
1046217,29.0
1147968,6.0
1140157,5.0
1322668,7.0
1018096,5.0
1125080,3.0
1113970,96.0
1174811,5.0
1246339,18.0
1103100,3.0
1340158,9.0
1151385,2.0
1322595,10.0
1265422,4.0
1106542,7.0
1083434,4.0
1041279,3.0
1056902,4.0
1233036,3.0
1299262,2.0
1078585,1.0
1275152,2.0
1116874,11.0
1346051,4.0
1447078,7.0
1051226,5.0
1349797,29.0
1349931,25.0
1004621,32.0
1465463,3.0
1172332,4.0
1254898,2.0
1059798,1.0
1199556,2.0
1146691,28.0
1389058,4.0
1120674,74.0
1267768,25.0
1461067,69.0
1145879,32.0
1265597,63.0
1125907,27.0
1163327,2.0
1188962,1.0
1062813,6.0
1361665,11.0
1059596,11.0
1465086,6.0
1162204,6.0
1123368,81.0
1174720,5.0
1213447,38.0
1407994,12.0
1292175,3.0
1129594,24.0
1314323,5.0
1098678,24.0
1054999,13.0
1028547,12.0
1385704,9.0
1388218,7.0
1214719,21.0
1313611,17.0
1117219,23.0
1305446,10.0
1406875,7.0
1003728,20.0
1216615,9.0
1298147,25.0
1440458,9.0
1135524,29.0
1311371,23.0
1371814,23.0
1446347,1.0
1157176,3.0
1232606,6.0
1389724,1.0
1241399,1.0
1000704,2.0
1182195,17.0
1402001,3.0
1422774,34.0
1395748,22.0
1405938,107.0
1200761,44.0
1104760,39.0
1315379,22.0
1061661,1.0
1093113,1.0
1445896,7.0
1450349,8.0
1387966,18.0
1334515,8.0
1155265,4.0
1012691,84.0
1292223,10.0
1199279,48.0
1150020,24.0
1385319,4.0
1454443,28.0
1096727,5.0
1049157,49.0
1345650,10.0
1116664,39.0
1214228,10.0
1278497,7.0
1219843,26.0
1062614,50.0
1306345,19.0
1357096,13.0
1400183,4.0
1362039,16.0
1060787,5.0
1253008,17.0
1079234,10.0
1450007,23.0
1221859,14.0
1275727,23.0
1130946,1.0
1199780,4.0
1000277,6.0
1122446,2.0
1118912,1.0
1169152,1.0
1367148,14.0
1128326,3.0
1103534,37.0
1335437,24.0
1446202,106.0
1091239,31.0
1093934,25.0
1201120,26.0
1295714,2.0
1137794,2.0
1259495,1.0
1165538,9.0
1128182,15.0
1308175,9.0
1013054,7.0
1443082,3.0
1172637,88.0
1278128,6.0
1253050,26.0
1198500,11.0
1133917,3.0
1176178,18.0
1233721,3.0
1258773,25.0
1310514,7.0
1285901,9.0
1231237,8.0
1092557,5.0
1419409,14.0
1456879,15.0
1362055,15.0
1454977,6.0
1430433,6.0
1439880,16.0
1051845,7.0
1048201,13.0
1377115,7.0
1203307,29.0
1105074,26.0
1285661,27.0
1097093,1.0
1267378,2.0
1360411,3.0
1005284,1.0
1294581,1.0
1295337,1.0
1335826,11.0
1340055,3.0
1016882,37.0
1408869,41.0
1439624,98.0
1027588,30.0
1300606,38.0
1349467,18.0
1346814,0.0
1139593,2.0
1014372,0.0
1248009,1.0
1327651,3.0
1109216,3.0
1418631,3.0
1241536,1.0
1326385,25.0
1405466,1.0
1201069,3.0
1102144,1.0
1281904,8.0
1282639,2.0
1153381,3.0
1319270,3.0
1201504,2.0
1109008,3.0
1312499,2.0
1280211,3.0
1234354,2.0
1449656,2.0
1087062,3.0
1244510,2.0
1435385,5.0
1201594,3.0
1133614,17.0
1268978,15.0
1156650,13.0
1266945,1.0
1245956,3.0
1408739,6.0
1101312,1.0
1219487,1.0
1185775,1.0
1017974,13.0
1099001,4.0
1188597,26.0
1286267,24.0
1172179,68.0
1007104,54.0
1260286,49.0
1214814,26.0
1401931,6.0
1284229,4.0
1378088,6.0
1098680,4.0
1390491,2.0
1104134,83.0
1320613,4.0
1369797,15.0
1302437,3.0
1133317,8.0
1436702,1.0
1177596,8.0
1341333,3.0
1233421,6.0
1194771,3.0
1232122,2.0
1062987,2.0
1380563,2.0
1255412,1.0
1046187,1.0
1134903,2.0
1364324,10.0
1302597,3.0
1204564,6.0
1058256,4.0
1199701,26.0
1305856,21.0
1303892,28.0
1122380,3.0
1258185,4.0
1317159,2.0
1138273,2.0
1022219,2.0
1107270,31.0
1336118,5.0
1124795,91.0
1194557,28.0
1396967,78.0
1004406,36.0
1425122,71.0
1319119,32.0
1081274,2.0
1416019,2.0
1042047,1.0
1224046,7.0
1329015,12.0
1273385,12.0
1199126,6.0
1330900,6.0
1029618,89.0
1408536,5.0
1113173,40.0
1298053,13.0
1400687,3.0
1264639,25.0
1089839,5.0
1158563,26.0
1427954,13.0
1163277,12.0
1394190,8.0
1452113,7.0
1186423,18.0
1342887,13.0
1245003,20.0
1361474,8.0
1380350,9.0
1406660,22.0
1058147,10.0
1413823,28.0
1012705,10.0
1438910,34.0
1425729,25.0
1449564,25.0
1453732,1.0
1285044,3.0
1036132,7.0
1122714,1.0
1403726,1.0
1244276,2.0
1212815,19.0
1012324,4.0
1462672,43.0
1124488,26.0
1454793,124.0
1066831,50.0
1224252,45.0
1243159,27.0
1224094,1.0
1197645,1.0
1308125,1.0
1355206,8.0
1065828,9.0
1413332,20.0
1094227,9.0
1447941,4.0
1218012,92.0
1024439,11.0
1398526,52.0
1069774,27.0
1010612,4.0
1113643,30.0
1103414,5.0
1189468,54.0
1187580,11.0
1186347,41.0
1208623,10.0
1232595,7.0
1235003,23.0
1357243,39.0
1000050,17.0
1432598,11.0
1314218,5.0
1168295,18.0
1261334,6.0
1167398,20.0
1241356,11.0
1311220,26.0
1436965,15.0
1210535,27.0
1120444,1.0
1335393,4.0
1198108,6.0
1295929,2.0
1337524,1.0
1451630,1.0
1444648,15.0
1447514,3.0
1014570,39.0
1427581,24.0
1157615,114.0
1058790,33.0
1187715,25.0
1448517,26.0
1281703,3.0
1220381,3.0
1220407,2.0
1270919,10.0
1152704,15.0
1375088,10.0
1232246,7.0
1429316,4.0
1417055,100.0
1078858,7.0
1097522,28.0
1116036,11.0
1415467,3.0
1163409,18.0
1153096,3.0
1273727,22.0
1234078,6.0
1336772,8.0
1317640,7.0
1014341,5.0
1377253,9.0
1280784,9.0
1276055,9.0
1420709,4.0
1273008,7.0
1021293,17.0
1420183,7.0
1238027,14.0
1031757,8.0
1095729,30.0
1355947,28.0
1416702,29.0
1146520,1.0
1423841,1.0
1000132,2.0
1301802,1.0
1083205,1.0
1103783,1.0
1097331,8.0
1381840,2.0
1346551,26.0
1121538,28.0
1285595,72.0
1014747,22.0
1268573,28.0
1071701,13.0
1429039,0.0
1376634,1.0
1083410,0.0
1233660,1.0
1228810,2.0
1090199,2.0
1354155,2.0
1414258,0.0
1440043,20.0
1421997,1.0
1063375,2.0
1158194,1.0
1370997,5.0
1067426,1.0
1440523,2.0
1433812,2.0
1035807,1.0
1077540,1.0
1246741,1.0
1052449,1.0
1261983,1.0
1417164,2.0
1070712,2.0
1038641,1.0
1263016,4.0
1096309,2.0
1137949,13.0
1285764,11.0
1192755,9.0
1042610,1.0
1254246,3.0
1033770,6.0
1031195,1.0
1459581,1.0
1044902,1.0
1398890,14.0
1004877,4.0
1116506,27.0
1034091,25.0
1087545,75.0
1281874,60.0
1191799,52.0
1293949,27.0
1276244,6.0
1215362,4.0
1229498,7.0
1263840,5.0
1302044,3.0
1357599,95.0
1083518,5.0
1119953,16.0
1058152,3.0
1394373,8.0
1269116,2.0
1275002,8.0
1320264,3.0
1110160,5.0
1399423,2.0
1195067,2.0
1024866,2.0
1282200,1.0
1062929,1.0
1232568,0.0
1195760,2.0
1395456,11.0
1387692,4.0
1393733,7.0
1053838,5.0
1449854,28.0
1446314,23.0
1439502,31.0
1103784,3.0
1014919,4.0
1298717,2.0
1287344,2.0
1353626,2.0
1098466,31.0
1197326,5.0
1278449,90.0
1192258,27.0
1293885,80.0
1293007,37.0
1027458,69.0
1434146,30.0
1161998,2.0
1209078,2.0
1213606,1.0
1117206,7.0
1118974,11.0
1466826,13.0
1291242,6.0
1202858,6.0
1355364,96.0
1064004,6.0
1348261,41.0
1053673,12.0
1253131,3.0
1313054,25.0
1455572,5.0
1082213,22.0
1229074,11.0
1103122,10.0
1107760,7.0
1299400,6.0
1195562,11.0
1145414,8.0
1178739,11.0
1213347,5.0
1375882,8.0
1187584,22.0
1265390,9.0
1114335,28.0
1005620,10.0
1252076,33.0
1100604,25.0
1009343,26.0
1012199,1.0
1096409,3.0
1466135,6.0
1062268,1.0
1344201,1.0
1440411,2.0
1350936,19.0
1020194,4.0
1280157,42.0
1200256,25.0
1303992,126.0
1438029,51.0
1345842,44.0
1190857,25.0
1267098,2.0
1328341,2.0
1292301,1.0
1292863,8.0
1325568,8.0
1268408,21.0
1290252,9.0
1184085,5.0
1284482,98.0
1224880,12.0
1311995,52.0
1085927,25.0
1272674,4.0
1147588,29.0
1408157,5.0
1468199,43.0
1241200,9.0
1034511,32.0
1201909,8.0
1224255,6.0
1329269,14.0
1150604,23.0
1147618,9.0
1017755,6.0
1194449,4.0
1270189,18.0
1024148,6.0
1246514,20.0
1427085,11.0
1161315,26.0
1095210,15.0
1330240,27.0
1347044,1.0
1153417,3.0
1140718,5.0
1025362,2.0
1386418,1.0
1110184,1.0
1095750,13.0
1115076,2.0
1043084,29.0
1034028,21.0
1363348,103.0
1356296,28.0
1202006,21.0
1280632,23.0
1448245,2.0
1120104,2.0
1245430,1.0
1043717,7.0
1396214,13.0
1092900,8.0
1006177,7.0
1246849,3.0
1421122,90.0
1439299,6.0
1237020,26.0
1310437,11.0
1200272,3.0
1464334,16.0
1465092,3.0
1255446,18.0
1465407,5.0
1421060,7.0
1023856,6.0
1124868,4.0
1304331,8.0
1187186,8.0
1307845,8.0
1147199,3.0
1298381,6.0
1456796,15.0
1230607,6.0
1048438,11.0
1297987,6.0
1463687,27.0
1159095,25.0
1122115,25.0
1370886,1.0
1005633,4.0
1399646,6.0
1306315,2.0
1353795,2.0
1008817,3.0
1305876,21.0
1230143,5.0
1178373,59.0
1389645,74.0
1454406,198.0
1250823,57.0
1188394,68.0
1192169,33.0
1123041,1.0
1203348,3.0
1199196,1.0
1010480,2.0
1226219,5.0
1285412,5.0
1135617,5.0
1005280,1.0
1225578,53.0
1355417,2.0
1230040,6.0
1247307,2.0
1247834,12.0
1257712,3.0
1200944,5.0
1175074,4.0
1206924,3.0
1128134,4.0
1104868,2.0
1372279,3.0
1136127,3.0
1420497,5.0
1093952,7.0
1459100,4.0
1116260,9.0
1249824,6.0
1172520,35.0
1427466,30.0
1043020,23.0
1197653,1.0
1466124,3.0
1350772,7.0
1345554,1.0
1200374,1.0
1327057,1.0
1208250,16.0
1067638,4.0
1328621,27.0
1046633,29.0
1222073,89.0
1117256,66.0
1320721,57.0
1316001,30.0
1159200,6.0
1273736,5.0
1167651,7.0
1033906,6.0
1133530,3.0
1317631,113.0
1343879,6.0
1102061,19.0
1441057,4.0
1289523,9.0
1317529,2.0
1019312,8.0
1093850,3.0
1458946,6.0
1119542,3.0
1318143,2.0
1366299,2.0
1290294,2.0
1256694,1.0
1134855,1.0
1041087,2.0
1434776,12.0
1144003,4.0
1322055,8.0
1084924,5.0
1242689,33.0
1387409,27.0
1165492,34.0
1293100,2.0
1014151,4.0
1099278,1.0
1411205,1.0
1123417,2.0
1338694,27.0
1129374,3.0
1055904,65.0
1341842,23.0
1089223,71.0
1150513,30.0
1197145,56.0
1125944,26.0
1184145,1.0
1274094,1.0
1067629,1.0
1239155,5.0
1340591,10.0
1007926,11.0
1280285,6.0
1028890,5.0
1134634,84.0
1383679,4.0
1338810,36.0
1063925,12.0
1281608,2.0
1465371,21.0
1180173,5.0
1156206,18.0
1388053,9.0
1469425,9.0
1375569,6.0
1448547,5.0
1151019,10.0
1189688,7.0
1214218,10.0
1270046,4.0
1228436,7.0
1128974,19.0
1459849,8.0
1111075,23.0
1015111,8.0
1178678,29.0
1016955,22.0
1140173,21.0
1260757,1.0
1159714,2.0
1267125,6.0
1200016,1.0
1008723,1.0
1226583,2.0
1039520,16.0
1348874,3.0
1281964,31.0
1344427,21.0
1293494,113.0
1271985,42.0
1403918,36.0
1444285,22.0
1101645,1.0
1408091,1.0
1131449,1.0
1087989,6.0
1056897,7.0
1440533,17.0
1087363,8.0
1308488,4.0
1237715,88.0
1277841,10.0
1404668,48.0
1340823,24.0
1251996,3.0
1311947,26.0
1035364,5.0
1426225,36.0
1145755,8.0
1456090,28.0
1093691,7.0
1136777,5.0
1221190,12.0
1091393,21.0
1091179,8.0
1381641,6.0
1236311,4.0
1356010,16.0
1326785,5.0
1245873,17.0
1137598,9.0
1207652,23.0
1167087,14.0
1012670,23.0
1231834,0.0
1404132,3.0
1312645,5.0
1454794,2.0
1231955,1.0
1084769,1.0
1203097,13.0
1133661,2.0
1052246,27.0
1464860,20.0
1023001,101.0
1400979,27.0
1233371,20.0
1290791,20.0
1322004,2.0
1254046,2.0
1115909,1.0
1014420,7.0
1432115,13.0
1112333,8.0
1065668,7.0
1249319,3.0
1117885,87.0
1118813,6.0
1139974,24.0
1043213,10.0
1191890,2.0
1249110,16.0
1090218,3.0
1193731,18.0
1030948,5.0
1450858,6.0
1435558,6.0
1195908,4.0
1117363,8.0
1054990,8.0
1428258,8.0
1295767,3.0
1224433,5.0
1019264,14.0
1066919,6.0
1180536,11.0
1355702,6.0
1377622,26.0
1025441,24.0
1398217,23.0
1222738,1.0
1252397,3.0
1306705,6.0
1015338,2.0
1219665,2.0
1440868,2.0
1104525,20.0
1282915,5.0
1390300,53.0
1162488,68.0
1292069,187.0
1322719,54.0
1046592,62.0
1243148,27.0
1112756,1.0
1416355,3.0
1257861,1.0
1026142,2.0
1113977,5.0
1468326,5.0
1323754,5.0
1282215,1.0
1252091,49.0
1386634,2.0
1107516,6.0
1462311,2.0
1214574,11.0
1011083,3.0
1012633,4.0
1179157,4.0
1110966,3.0
1031969,3.0
1408596,2.0
1329117,3.0
1089134,3.0
1316440,4.0
1238303,6.0
1351015,3.0
1000021,8.0
1131852,6.0
1028713,31.0
1120324,28.0
1283931,21.0
1450674,2.0
1167772,3.0
1153297,7.0
1344023,1.0
1121207,1.0
1039687,1.0
1387266,17.0
1416109,4.0
1149030,26.0
1427615,29.0
1049789,91.0
1136956,66.0
1156588,55.0
1011769,27.0
1042923,6.0
1358130,5.0
1117817,7.0
1431730,6.0
1255717,3.0
1425491,112.0
1168878,6.0
1377218,19.0
1416911,4.0
1195384,10.0
1250853,2.0
1468222,8.0
1275637,3.0
1118384,6.0
1021444,3.0
1133063,2.0
1429395,2.0
1154782,2.0
1311636,1.0
1348099,1.0
1248234,2.0
1159753,12.0
1046660,4.0
1396690,8.0
1176913,6.0
1362191,31.0
1161958,27.0
1395344,34.0
1307450,2.0
1101209,3.0
1118218,1.0
1387260,1.0
1198863,2.0
1171891,26.0
1136928,3.0
1069203,60.0
1448141,22.0
1138623,68.0
1122059,29.0
1024218,52.0
1386830,22.0
1149845,2.0
1143078,1.0
1033019,1.0
1443101,5.0
1236977,9.0
1415582,11.0
1407977,6.0
1336334,5.0
1388474,80.0
1376240,4.0
1186264,34.0
1181364,11.0
1164222,2.0
1404019,22.0
1350294,4.0
1448967,18.0
1113571,9.0
1321447,8.0
1331056,6.0
1186514,5.0
1389436,9.0
1057490,7.0
1187392,9.0
1387808,4.0
1325695,7.0
1047784,18.0
1159093,8.0
1420375,22.0
1183595,8.0
1346625,27.0
1203267,21.0
1000234,20.0
1343892,1.0
1039741,2.0
1161768,5.0
1001965,1.0
1124532,1.0
1245838,1.0
1319448,15.0
1322136,2.0
1098397,27.0
1308168,19.0
1007819,104.0
1433943,39.0
1221246,32.0
1207742,17.0
1142286,1.0
1367254,1.0
1325703,1.0
1263730,6.0
1256672,7.0
1120505,16.0
1259886,8.0
1430595,4.0
1268277,81.0
1394380,9.0
1304101,43.0
1372395,22.0
1038003,3.0
1350869,25.0
1182788,4.0
1371589,33.0
1326983,7.0
1054341,25.0
1220656,7.0
1438465,5.0
1159779,11.0
1089901,19.0
1411765,8.0
1195319,5.0
1418785,3.0
1206377,14.0
1264222,4.0
1465719,16.0
1033191,9.0
1254460,21.0
1376739,12.0
1276756,20.0
1027791,0.0
1467133,4.0
1444098,6.0
1111695,2.0
1095877,1.0
1283425,1.0
1250844,14.0
1142260,2.0
1196555,31.0
1287884,22.0
1201786,104.0
1036620,28.0
1273919,21.0
1071316,21.0
1261765,2.0
1434847,2.0
1051114,1.0
1178403,9.0
1325464,13.0
1314932,9.0
1224849,7.0
1441324,3.0
1220039,94.0
1192265,7.0
1052836,28.0
1004881,12.0
1312858,3.0
1345464,17.0
1124773,3.0
1343275,18.0
1296755,6.0
1159592,7.0
1170730,6.0
1248620,4.0
1253204,8.0
1326521,9.0
1457929,8.0
1036949,3.0
1334079,6.0
1191421,15.0
1348733,6.0
1065147,12.0
1181656,7.0
1003776,27.0
1318535,25.0
1014932,24.0
1151225,1.0
1432438,4.0
1123264,5.0
1171093,2.0
1318064,2.0
1185027,3.0
1340394,20.0
1370529,5.0
1153736,54.0
1152659,64.0
1056627,169.0
1452517,49.0
1063516,57.0
1103623,25.0
1016139,1.0
1016438,3.0
1021133,1.0
1060618,2.0
1082563,5.0
1120282,5.0
1000439,5.0
1139418,1.0
1408298,47.0
1182872,2.0
1452066,5.0
1413297,1.0
1004189,10.0
1098883,3.0
1003867,4.0
1353798,4.0
1364179,2.0
1172759,3.0
1101604,2.0
1397090,3.0
1273437,2.0
1453837,4.0
1448881,6.0
1054831,3.0
1450554,8.0
1112127,5.0
1444835,28.0
1468473,26.0
1224774,19.0
1137075,1.0
1298478,3.0
1228236,7.0
1428878,2.0
1120954,2.0
1417369,1.0
1152046,18.0
1146264,4.0
1197767,29.0
1337268,30.0
1218632,90.0
1413737,66.0
1453286,55.0
1376254,28.0
1141193,8.0
1238216,5.0
1446244,8.0
1211017,6.0
1221589,3.0
1354295,117.0
1118566,6.0
1313120,21.0
1294928,4.0
1033148,10.0
1020717,2.0
1062001,8.0
1427455,3.0
1210450,6.0
1343883,3.0
1264493,3.0
1412897,2.0
1345814,2.0
1134288,1.0
1414115,1.0
1425030,2.0
1228745,13.0
1264644,4.0
1275752,8.0
1247808,6.0
1143472,31.0
1333251,27.0
1068813,34.0
1174797,3.0
1234796,4.0
1357594,2.0
1368322,1.0
1218372,2.0
1001068,28.0
1133609,3.0
1175600,68.0
1285100,23.0
1240240,69.0
1195501,29.0
1433085,53.0
1193554,23.0
1096990,2.0
1314103,1.0
1354593,1.0
1196379,6.0
1419740,9.0
1052357,12.0
1105713,6.0
1221662,5.0
1045231,85.0
1019465,5.0
1081220,38.0
1069939,13.0
1435794,3.0
1332191,22.0
1414645,4.0
1384189,18.0
1179714,10.0
1020064,9.0
1421326,6.0
1096096,5.0
1305589,10.0
1307235,7.0
1202674,10.0
1189630,4.0
1222022,7.0
1110779,19.0
1464777,8.0
1020159,23.0
1349016,9.0
1300023,28.0
1073225,21.0
1339264,21.0
1460289,1.0
1253384,2.0
1406791,5.0
1111824,1.0
1284511,1.0
1105502,2.0
1088586,16.0
1249259,2.0
1207078,29.0
1012024,19.0
1414939,99.0
1280212,37.0
1070079,31.0
1051289,17.0
1264831,1.0
1124463,1.0
1357610,1.0
1353888,7.0
1270976,6.0
1003186,17.0
1426702,8.0
1391327,4.0
1403398,81.0
1079939,10.0
1435310,45.0
1361933,24.0
1455784,3.0
1394003,24.0
1245045,4.0
1246512,32.0
1083908,7.0
1344326,25.0
1330438,6.0
1384364,5.0
1074401,11.0
1132743,19.0
1150591,7.0
1324850,5.0
1172566,3.0
1406496,14.0
1205390,4.0
1177547,15.0
1104145,9.0
1131194,20.0
1284878,12.0
1106886,20.0
1280524,0.0
1105477,3.0
1008409,6.0
1265758,2.0
1262457,1.0
1429281,1.0
1006198,14.0
1425709,2.0
1168120,30.0
1166988,22.0
1020847,107.0
1365090,28.0
1155748,22.0
1172732,23.0
1345692,3.0
1126837,1.0
1074071,2.0
1186732,2.0
1199825,8.0
1103381,13.0
1078961,9.0
1176328,7.0
1120207,3.0
1028052,90.0
1342815,7.0
1434417,27.0
1299413,12.0
1291045,3.0
1404918,18.0
1466384,3.0
1064972,20.0
1427036,6.0
1202690,7.0
1108416,6.0
1357427,4.0
1350243,9.0
1236922,9.0
1243418,8.0
1413458,3.0
1438309,6.0
1374535,16.0
1240004,7.0
1001514,12.0
1138171,7.0
1105110,27.0
1192406,26.0
1058578,26.0
1464746,1.0
1301462,3.0
1458077,5.0
1306259,2.0
1018905,2.0
1307468,2.0
1100722,18.0
1071120,5.0
1430763,51.0
1206240,61.0
1046881,166.0
1186050,47.0
1312288,57.0
1002483,26.0
1195830,1.0
1198985,1.0
1461356,2.0
1222936,1.0
1274110,2.0
1373930,4.0
1386289,4.0
1002573,5.0
1140816,1.0
1071880,44.0
1066193,2.0
1213375,5.0
1231414,1.0
1330739,8.0
1468121,2.0
1082668,3.0
1301818,4.0
1126014,2.0
1014056,3.0
1329289,2.0
1147628,3.0
1287467,2.0
1096572,4.0
1042653,6.0
1108546,3.0
1112879,8.0
1092916,5.0
1068846,27.0
1278948,25.0
1421534,20.0
1448202,1.0
1184382,3.0
1031687,7.0
1006773,1.0
1200878,1.0
1233388,1.0
1090130,16.0
1299816,4.0
1411550,25.0
1231572,27.0
1179236,84.0
1302359,61.0
1245246,53.0
1298431,28.0
1064981,6.0
1402874,5.0
1448913,7.0
1216026,5.0
1454234,3.0
1263995,103.0
1356048,6.0
1280512,19.0
1257975,4.0
1186589,9.0
1442626,2.0
1257983,8.0
1191260,3.0
1023674,6.0
1326493,3.0
1297338,3.0
1393188,2.0
1348010,1.0
1325975,1.0
1171616,1.0
1132284,2.0
1439511,12.0
1091301,4.0
1468952,8.0
1261033,5.0
1284166,29.0
1021555,26.0
1425916,33.0
1119872,2.0
1205957,4.0
1270592,2.0
1355181,1.0
1271401,2.0
1416436,28.0
1330693,4.0
1443995,67.0
1046637,23.0
1435678,71.0
1430288,30.0
1330217,55.0
1380657,26.0
1399800,2.0
1040436,1.0
1324859,1.0
1073858,1.0
1248729,5.0
1346481,9.0
1431522,11.0
1298811,6.0
1040981,5.0
1239134,81.0
1108340,5.0
1130674,38.0
1338191,12.0
1240822,3.0
1222222,23.0
1004340,4.0
1370039,19.0
1040766,10.0
1257019,9.0
1408257,6.0
1440765,6.0
1133266,11.0
1198897,7.0
1386062,10.0
1003924,4.0
1370535,8.0
1326544,20.0
1202362,9.0
1307748,24.0
1072828,9.0
1342288,28.0
1201225,22.0
1433579,22.0
1307817,1.0
1437983,2.0
1378110,6.0
1436891,1.0
1219339,1.0
1148736,2.0
1106205,16.0
1101200,3.0
1030872,30.0
1306346,20.0
1424841,107.0
1223359,39.0
1044001,34.0
1447472,20.0
1355643,1.0
1323216,1.0
1378027,1.0
1134202,1.0
1119144,6.0
1248000,7.0
1166175,17.0
1310331,8.0
1028586,4.0
1109437,81.0
1235499,10.0
1115592,47.0
1171333,24.0
1167815,3.0
1259563,26.0
1421077,4.0
1188321,28.0
1065119,6.0
1174820,22.0
1102566,7.0
1164459,5.0
1265774,12.0
1252393,20.0
1390235,8.0
1127339,5.0
1219758,4.0
1194843,16.0
1295373,5.0
1306340,17.0
1232261,9.0
1409210,21.0
1166839,13.0
1344268,22.0
1007929,0.0
1050341,4.0
1255063,6.0
1288635,2.0
1051126,1.0
1051504,1.0
1088678,15.0
1064111,3.0
1009805,36.0
1161223,23.0
1442159,113.0
1283932,31.0
1160537,24.0
1034088,8.0
1408825,3.0
1428145,1.0
1461622,2.0
1333574,2.0
1215479,9.0
1249063,14.0
1129915,10.0
1308451,7.0
1324382,3.0
1022148,95.0
1208663,8.0
1031862,29.0
1033186,11.0
1254325,3.0
1082778,20.0
1322744,3.0
1184587,21.0
1451897,6.0
1289583,8.0
1216682,7.0
1225597,5.0
1246458,9.0
1140869,9.0
1385510,9.0
1248066,4.0
1030953,6.0
1248401,16.0
1447709,7.0
1068822,13.0
1317503,7.0
1355887,41.0
1263055,41.0
1142368,29.0
1068313,1.0
1294644,4.0
1183283,6.0
1078172,2.0
1328531,2.0
1346748,3.0
1336917,21.0
1336124,6.0
1156261,64.0
1303658,69.0
1210508,189.0
1324311,55.0
1145878,67.0
1223140,10.0
1256232,1.0
1037099,1.0
1260279,3.0
1385296,1.0
1379715,2.0
1124455,5.0
1383049,5.0
1387460,5.0
1033557,1.0
1340260,49.0
1461217,2.0
1101733,6.0
1041121,2.0
1212499,9.0
1295194,3.0
1318717,4.0
1235717,4.0
1119133,3.0
1459377,3.0
1253697,2.0
1112969,3.0
1082943,3.0
1329256,4.0
1251417,6.0
1240427,3.0
1451166,9.0
1348676,5.0
1325537,46.0
1380271,44.0
1419073,24.0
1380043,2.0
1290802,3.0
1027509,6.0
1231918,1.0
1400804,1.0
1272798,1.0
1440391,16.0
1275962,4.0
1166494,28.0
1344970,26.0
1353437,83.0
1042926,62.0
1319921,54.0
1457227,10.0
1250997,6.0
1375003,5.0
1344870,7.0
1011515,5.0
1460154,3.0
1100301,102.0
1035484,6.0
1375917,19.0
1005910,3.0
1235036,10.0
1032793,2.0
1010876,8.0
1305543,3.0
1427127,5.0
1071051,3.0
1346822,2.0
1357151,2.0
1053716,1.0
1211096,1.0
1349677,1.0
1005430,2.0
1059540,11.0
1180484,4.0
1295267,7.0
1465395,5.0
1188598,41.0
1116680,38.0
1012922,33.0
1188518,3.0
1285417,3.0
1058497,2.0
1100052,1.0
1321651,2.0
1343564,28.0
1021992,4.0
1435508,74.0
1028610,23.0
1322429,71.0
1467845,31.0
1249909,58.0
1221350,9.0
1174652,2.0
1197186,1.0
1224418,1.0
1296288,1.0
1370159,6.0
1383639,9.0
1443140,12.0
1274900,6.0
1096630,5.0
1241150,81.0
1046545,5.0
1009912,38.0
1462742,11.0
1444485,2.0
1159193,24.0
1273075,4.0
1204398,19.0
1414257,10.0
1044933,9.0
1288664,6.0
1437289,5.0
1001907,10.0
1105220,7.0
1096297,10.0
1155458,4.0
1003341,7.0
1347949,19.0
1268255,8.0
1238872,24.0
1164710,8.0
1250846,40.0
1361432,33.0
1413622,23.0
1075776,1.0
1347496,2.0
1048200,5.0
1164789,1.0
1374949,1.0
1446369,2.0
1333249,16.0
1452759,3.0
1328100,32.0
1080029,19.0
1074139,103.0
1318712,39.0
1274153,34.0
1033673,6.0
1455913,1.0
1046113,1.0
1438768,1.0
1349539,1.0
1398455,6.0
1308945,6.0
1070615,17.0
1083003,8.0
1069755,3.0
1063332,78.0
1308666,11.0
1223444,46.0
1074721,21.0
1222314,3.0
1200299,26.0
1133314,4.0
1129365,26.0
1148043,6.0
1177429,22.0
1312042,6.0
1071020,5.0
1152575,11.0
1116474,20.0
1178719,8.0
1344869,5.0
1241386,3.0
1226202,14.0
1038029,4.0
1303484,16.0
1205096,8.0
1047351,29.0
1018648,19.0
1343597,22.0
1464098,1.0
1358716,4.0
1282869,6.0
1056245,2.0
1034891,1.0
1280188,1.0
1319817,15.0
1058151,5.0
1193326,41.0
1009169,24.0
1210127,114.0
1233211,32.0
1291487,24.0
1282696,9.0
1080122,3.0
1078947,1.0
1459710,2.0
1268969,2.0
1049678,9.0
1170038,16.0
1433450,10.0
1137890,8.0
1025783,3.0
1131811,105.0
1250160,8.0
1060349,31.0
1065034,12.0
1414720,3.0
1168386,20.0
1402759,3.0
1103324,22.0
1424304,7.0
1313601,8.0
1306737,7.0
1340235,5.0
1197797,10.0
1427489,11.0
1078348,10.0
1159377,4.0
1418105,7.0
1468956,18.0
1274688,7.0
1311102,14.0
1008447,8.0
1313590,44.0
1139054,42.0
1390238,30.0
1256403,1.0
1276506,2.0
1343184,3.0
1365100,1.0
1464025,1.0
1265735,1.0
1349860,10.0
1248821,5.0
1018583,36.0
1062926,36.0
1425768,94.0
1209242,28.0
1236697,33.0
1173560,5.0
1174049,1.0
1165356,0.0
1321732,2.0
1186979,0.0
1094065,1.0
1087267,3.0
1254168,3.0
1125615,3.0
1340122,1.0
1366446,27.0
1416660,1.0
1240230,3.0
1242681,1.0
1406477,5.0
1125099,1.0
1454281,2.0
1125439,2.0
1249100,1.0
1349135,2.0
1254165,1.0
1314335,2.0
1162990,1.0
1464137,2.0
1376884,4.0
1314270,2.0
1335652,5.0
1177180,3.0
1104753,24.0
1223418,22.0
1399130,12.0
1423863,1.0
1444415,2.0
1159998,6.0
1387554,1.0
1047121,1.0
1109405,1.0
1112446,14.0
1195208,6.0
1271280,28.0
1422953,25.0
1340026,74.0
1101051,56.0
1195876,48.0
1206123,9.0
1339422,6.0
1381461,4.0
1249898,7.0
1348066,5.0
1217344,2.0
1172558,98.0
1010640,5.0
1105039,18.0
1266248,3.0
1398787,9.0
1160682,1.0
1012659,8.0
1103552,3.0
1353298,5.0
1369066,2.0
1028436,2.0
1298363,2.0
1104039,1.0
1232437,1.0
1082326,0.0
1469076,2.0
1408282,11.0
1205247,3.0
1268214,7.0
1128021,5.0
1276952,40.0
1318104,35.0
1261054,31.0
1338455,3.0
1148916,4.0
1070140,2.0
1018644,2.0
1173163,2.0
1461618,29.0
1206735,7.0
1103931,90.0
1135987,26.0
1159626,76.0
1042330,34.0
1051904,63.0
1400654,10.0
1464850,2.0
1186591,1.0
1014986,2.0
1455143,1.0
1090205,6.0
1195653,11.0
1294016,13.0
1193000,7.0
1282106,5.0
1373602,95.0
1241004,6.0
1212207,43.0
1004961,13.0
1379878,3.0
1395778,26.0
1151464,5.0
1441430,21.0
1286369,11.0
1044910,10.0
1177570,7.0
1316362,6.0
1136924,12.0
1039739,9.0
1298691,12.0
1197212,5.0
1264281,8.0
1418008,23.0
1008406,9.0
1378128,28.0
1252786,9.0
1141583,46.0
1006839,36.0
1045226,25.0
1344008,1.0
1247578,2.0
1277641,6.0
1336440,1.0
1044212,1.0
1297729,2.0
1409290,17.0
1287048,6.0
1104418,42.0
1385261,23.0
1450306,118.0
1417081,46.0
1122598,39.0
1039850,8.0
1298388,2.0
1132391,1.0
1364255,1.0
1137132,1.0
1181530,8.0
1260006,8.0
1200871,20.0
1375854,10.0
1321829,4.0
1263811,97.0
1352952,12.0
1353782,55.0
1337996,26.0
1368601,4.0
1167969,30.0
1372788,5.0
1417466,32.0
1208064,7.0
1132225,26.0
1120076,8.0
1467383,5.0
1112411,14.0
1302042,25.0
1419254,10.0
1089639,7.0
1373811,4.0
1122209,19.0
1333887,5.0
1009562,20.0
1227490,10.0
1096918,35.0
1308474,22.0
1235651,26.0
1460437,1.0
1051749,4.0
1032308,8.0
1278043,3.0
1248914,1.0
1009858,2.0
1438852,15.0
1284385,4.0
1444205,39.0
1306390,26.0
1428355,116.0
1046153,32.0
1405201,25.0
1427920,9.0
1172245,3.0
1215794,2.0
1264555,2.0
1022583,2.0
1060410,9.0
1224396,16.0
1203808,10.0
1226479,8.0
1424790,3.0
1249534,106.0
1346286,8.0
1025769,31.0
1255820,13.0
1207161,3.0
1184763,20.0
1058997,3.0
1186656,22.0
1068382,6.0
1107181,8.0
1092056,7.0
1401361,5.0
1464518,10.0
1220032,10.0
1237865,10.0
1197189,4.0
1055307,7.0
1177829,18.0
1214932,7.0
1197973,14.0
1136822,8.0
1384111,44.0
1232282,42.0
1365847,29.0
1450588,2.0
1029709,1.0
1452197,3.0
1280969,1.0
1310786,1.0
1376644,1.0
1097816,8.0
1272045,3.0
1103766,25.0
1207060,29.0
1463795,71.0
1299250,21.0
1075512,26.0
1222754,4.0
1094375,0.0
1140714,0.0
1276064,1.0
1204401,0.0
1174794,1.0
1162621,2.0
1211971,2.0
1275084,2.0
1105595,0.0
1138875,20.0
1345663,1.0
1143027,2.0
1243643,1.0
1243332,4.0
1437242,1.0
1295856,2.0
1270323,2.0
1320819,1.0
1373893,1.0
1028094,1.0
1062014,1.0
1148377,1.0
1296832,2.0
1044487,3.0
1006770,1.0
1237685,4.0
1405907,2.0
1447922,18.0
1307807,16.0
1238052,9.0
1158828,1.0
1103882,2.0
1292822,8.0
1293219,2.0
1108171,2.0
1131803,1.0
1019304,14.0
1162769,6.0
1279711,26.0
1401921,25.0
1252856,72.0
1119551,53.0
1122934,48.0
1465118,8.0
1069648,6.0
1372044,4.0
1171102,6.0
1339239,5.0
1215943,2.0
1371275,94.0
1087933,5.0
1293445,17.0
1405316,3.0
1459470,8.0
1376548,1.0
1400075,7.0
1079667,3.0
1322348,5.0
1268786,2.0
1074026,2.0
1262751,2.0
1226582,1.0
1006866,1.0
1180178,0.0
1455734,2.0
1041703,10.0
1315138,3.0
1329175,7.0
1167037,4.0
1281008,38.0
1419638,33.0
1167579,29.0
1126425,3.0
1121368,5.0
1316802,3.0
1116689,3.0
1419957,3.0
1154310,31.0
1427027,7.0
1398860,85.0
1205043,28.0
1040571,77.0
1384502,33.0
1033878,65.0
1021561,10.0
1463869,2.0
1442886,1.0
1402942,2.0
1001598,1.0
1446384,6.0
1156253,11.0
1278298,13.0
1229691,7.0
1285620,5.0
1129174,95.0
1460984,6.0
1387404,43.0
1408587,13.0
1296468,3.0
1305529,26.0
1011307,5.0
1302350,22.0
1029889,11.0
1068063,11.0
1003219,7.0
1405385,6.0
1069022,12.0
1199671,8.0
1303269,12.0
1340791,5.0
1009706,8.0
1170374,22.0
1111294,9.0
1207519,28.0
1063647,9.0
1364110,47.0
1229934,35.0
1303218,25.0
1035969,1.0
1168171,3.0
1150134,9.0
1080075,2.0
1185689,1.0
1195102,3.0
1077702,20.0
1020251,6.0
1199951,43.0
1445697,27.0
1358389,131.0
1041255,50.0
1373814,45.0
1116125,8.0
1131381,2.0
1167421,2.0
1027960,2.0
1191010,1.0
1071109,8.0
1210246,9.0
1271671,22.0
1080583,10.0
1302082,4.0
1068374,105.0
1461359,13.0
1436091,60.0
1008774,29.0
1360155,4.0
1454469,33.0
1214774,6.0
1154928,35.0
1204526,7.0
1123894,29.0
1016252,9.0
1256780,6.0
1091025,15.0
1069188,25.0
1385594,11.0
1207319,7.0
1055513,5.0
1185602,19.0
1262773,6.0
1061445,21.0
1398553,11.0
1022241,39.0
1161051,23.0
1358492,28.0
1152673,1.0
1098172,3.0
1322358,7.0
1395068,3.0
1251917,1.0
1129254,2.0
1091398,13.0
1314972,3.0
1199190,30.0
1190273,22.0
1254415,100.0
1346099,29.0
1431674,22.0
1305877,7.0
1325812,3.0
1314519,1.0
1212973,3.0
1080422,2.0
1301417,7.0
1080843,13.0
1024159,8.0
1126489,7.0
1272071,3.0
1055491,89.0
1053432,6.0
1336761,27.0
1385229,10.0
1450271,3.0
1061890,17.0
1454598,3.0
1380782,19.0
1233291,6.0
1441939,7.0
1445940,6.0
1223972,4.0
1106692,8.0
1347127,9.0
1373189,8.0
1036540,3.0
1054669,6.0
1313087,16.0
1063883,6.0
1394021,12.0
1307927,6.0
1219247,36.0
1424797,38.0
1144495,27.0
1180273,2.0
1169470,3.0
1006584,7.0
1004404,3.0
1104468,3.0
1355931,3.0
1226267,18.0
1189922,7.0
1296689,52.0
1437341,66.0
1183085,164.0
1299634,51.0
1041688,60.0
1312651,9.0
1365378,1.0
1351174,1.0
1361982,4.0
1160651,1.0
1321624,2.0
1306036,5.0
1096673,4.0
1001328,5.0
1042664,1.0
1435441,45.0
1142106,2.0
1453382,5.0
1092502,1.0
1219229,8.0
1122329,2.0
1455274,3.0
1244221,3.0
1081685,2.0
1259039,3.0
1205873,2.0
1132113,3.0
1062624,2.0
1128062,4.0
1050223,6.0
1255218,3.0
1412886,8.0
1320627,5.0
1146128,39.0
1036920,39.0
1082605,22.0
1068708,2.0
1329140,2.0
1321142,9.0
1311948,2.0
1426306,2.0
1225189,1.0
1436518,15.0
1018554,5.0
1468819,25.0
1288525,28.0
1067040,80.0
1133173,63.0
1370644,53.0
1210003,9.0
1431095,6.0
1207347,5.0
1027654,7.0
1290862,5.0
1225995,2.0
1070490,102.0
1257163,5.0
1086744,19.0
1083430,3.0
1368761,9.0
1420611,2.0
1133054,8.0
1178755,3.0
1272500,5.0
1192765,2.0
1068727,2.0
1130216,2.0
1306788,1.0
1270430,1.0
1050926,0.0
1153074,2.0
1442183,12.0
1117259,4.0
1359639,7.0
1325180,5.0
1414579,40.0
1131586,38.0
1128475,34.0
1435501,2.0
1136533,4.0
1299566,2.0
1000528,2.0
1115268,2.0
1114489,25.0
1167430,5.0
1262091,61.0
1005723,22.0
1360074,62.0
1391339,29.0
1447370,53.0
1400630,7.0
1029779,2.0
1065166,1.0
1311598,2.0
1028476,1.0
1301397,5.0
1015428,9.0
1444004,10.0
1176761,5.0
1383467,4.0
1287229,76.0
1193922,4.0
1105245,36.0
1441418,10.0
1385725,2.0
1096093,21.0
1014917,4.0
1034143,18.0
1264921,9.0
1423340,8.0
1260435,5.0
1006651,5.0
1119206,9.0
1274340,6.0
1073626,9.0
1271425,4.0
1190853,7.0
1462545,18.0
1304714,7.0
1235414,22.0
1163925,7.0
1412703,35.0
1327958,30.0
1203897,21.0
1466778,1.0
1129550,2.0
1423527,7.0
1206251,2.0
1050884,1.0
1461309,2.0
1212274,14.0
1181029,3.0
1384270,27.0
1276019,19.0
1168539,94.0
1164261,37.0
1172721,32.0
1462401,6.0
1436808,1.0
1434218,1.0
1302306,1.0
1278254,1.0
1043337,5.0
1310864,6.0
1241981,15.0
1444071,8.0
1102460,3.0
1377525,76.0
1287345,9.0
1417093,44.0
1343406,19.0
1036703,3.0
1138543,23.0
1243303,4.0
1068049,25.0
1214247,5.0
1304173,20.0
1130686,6.0
1439483,4.0
1256812,10.0
1214869,18.0
1225136,7.0
1346220,5.0
1336155,3.0
1462490,15.0
1123715,4.0
1043454,15.0
1143451,8.0
1377601,27.0
1272450,18.0
1406568,21.0
1012769,1.0
1237746,3.0
1046518,7.0
1028639,3.0
1457385,1.0
1251980,2.0
1457345,13.0
1335118,3.0
1241346,28.0
1075485,21.0
1259874,105.0
1016293,28.0
1192685,22.0
1121944,8.0
1344518,2.0
1178390,1.0
1437020,2.0
1209434,2.0
1248704,8.0
1367859,13.0
1296377,9.0
1454827,7.0
1086802,3.0
1304516,89.0
1236600,7.0
1461102,26.0
1253376,10.0
1028961,3.0
1163962,17.0
1206693,3.0
1118475,19.0
1438805,5.0
1417058,7.0
1271563,6.0
1128956,4.0
1467250,8.0
1098106,8.0
1132769,8.0
1242203,4.0
1136573,6.0
1260937,15.0
1464302,6.0
1351873,12.0
1230828,6.0
1373280,36.0
1294923,37.0
1346372,26.0
1110659,1.0
1392995,3.0
1297040,7.0
1120575,3.0
1341287,3.0
1227262,4.0
1255197,19.0
1238073,7.0
1225273,53.0
1057776,66.0
1140085,185.0
1079767,52.0
1408612,65.0
1459003,10.0
1375890,1.0
1233456,1.0
1346048,3.0
1023889,1.0
1386637,2.0
1036877,5.0
1122478,5.0
1023995,5.0
1230827,1.0
1102211,49.0
1445590,2.0
1076333,6.0
1301885,2.0
1059525,9.0
1283930,2.0
1146601,4.0
1287509,4.0
1183547,2.0
1082868,3.0
1231459,2.0
1419945,3.0
1165296,3.0
1389242,4.0
1124556,6.0
1135887,3.0
1240068,8.0
1244495,6.0
1243246,43.0
1409404,41.0
1158947,22.0
1441111,2.0
1445380,3.0
1452943,8.0
1415236,2.0
1200209,2.0
1089048,2.0
1320945,15.0
1128870,6.0
1226878,24.0
1313096,27.0
1301853,86.0
1176613,62.0
1255391,56.0
1127737,9.0
1145741,6.0
1192322,4.0
1309626,7.0
1321582,5.0
1467879,2.0
1086065,106.0
1113764,6.0
1237187,18.0
1300723,3.0
1365130,9.0
1379603,2.0
1452975,8.0
1179128,3.0
1319689,5.0
1311211,2.0
1149326,2.0
1023046,2.0
1055473,1.0
1177091,1.0
1057493,1.0
1162702,2.0
1234327,11.0
1255773,4.0
1131590,7.0
1086538,5.0
1157951,41.0
1229453,38.0
1380744,34.0
1097354,2.0
1003800,4.0
1107194,2.0
1184874,2.0
1015203,2.0
1419220,24.0
1196626,5.0
1213870,58.0
1348876,21.0
1109156,65.0
1153388,27.0
1125990,53.0
1284762,8.0
1026937,1.0
1308779,1.0
1305441,2.0
1225130,1.0
1212571,5.0
1381385,8.0
1038041,10.0
1184464,5.0
1430699,4.0
1131938,76.0
1453019,5.0
1387703,33.0
1032831,10.0
1228224,2.0
1350226,21.0
1150789,4.0
1405947,17.0
1007502,8.0
1094145,8.0
1119534,5.0
1068614,5.0
1303834,9.0
1096466,6.0
1104616,9.0
1012052,4.0
1084485,6.0
1282079,17.0
1096648,7.0
1149559,21.0
1097194,8.0
1067892,35.0
1441958,29.0
1375833,20.0
1214009,1.0
1180146,2.0
1313375,6.0
1104512,2.0
1366987,1.0
1409667,2.0
1402988,14.0
1360180,3.0
1386318,25.0
1428137,18.0
1415932,97.0
1401404,35.0
1229438,32.0
1440614,6.0
1315947,1.0
1201194,1.0
1159598,1.0
1121697,1.0
1039078,6.0
1458748,6.0
1022770,15.0
1073787,7.0
1064186,3.0
1265560,75.0
1191557,9.0
1126983,41.0
1393286,19.0
1238861,3.0
1130836,23.0
1389790,4.0
1424584,24.0
1089996,5.0
1111286,20.0
1440652,6.0
1167027,4.0
1321981,11.0
1415959,18.0
1243769,7.0
1379256,5.0
1321353,3.0
1100431,13.0
1144327,4.0
1411946,14.0
1271356,8.0
1289807,26.0
1042277,17.0
1219172,20.0
1063119,1.0
1104806,3.0
1084943,7.0
1161189,3.0
1356195,1.0
1274147,2.0
1419519,12.0
1290488,2.0
1327909,27.0
1313682,20.0
1366743,94.0
1306275,26.0
1427284,20.0
1111220,7.0
1452520,2.0
1301233,1.0
1344287,2.0
1301608,1.0
1382094,7.0
1033306,19.0
1025173,8.0
1159068,7.0
1325684,3.0
1166250,88.0
1074787,9.0
1010680,27.0
1127202,11.0
1241880,3.0
1211715,18.0
1446683,3.0
1396317,19.0
1280440,5.0
1449259,6.0
1234521,6.0
1128208,4.0
1374848,8.0
1100293,9.0
1120986,8.0
1163809,3.0
1096429,6.0
1074202,14.0
1248343,6.0
1186488,11.0
1388803,7.0
1452627,34.0
1105614,37.0
1061791,24.0
1364132,1.0
1186393,3.0
1344572,8.0
1463182,3.0
1212915,3.0
1415732,4.0
1416515,20.0
1218249,4.0
1130862,55.0
1338087,68.0
1033627,181.0
1463439,53.0
1160565,64.0
1199892,10.0
1316528,1.0
1009882,1.0
1414027,5.0
1049540,1.0
1085557,2.0
1103243,8.0
1432870,5.0
1247451,5.0
1410415,1.0
1133134,51.0
1184508,3.0
1123042,6.0
1130741,2.0
1171260,9.0
1187446,2.0
1072836,3.0
1022618,4.0
1266883,3.0
1115379,4.0
1151794,2.0
1405969,3.0
1187130,3.0
1337390,5.0
1416183,6.0
1311402,4.0
1464591,9.0
1327854,6.0
1082722,43.0
1377841,44.0
1115334,23.0
1112425,3.0
1107975,3.0
1242928,9.0
1372000,2.0
1406537,2.0
1429059,2.0
1135921,17.0
1090178,3.0
1017418,26.0
1063800,28.0
1020511,87.0
1038327,65.0
1070473,57.0
1121812,10.0
1183585,7.0
1158884,8.0
1293021,8.0
1307608,6.0
1004013,3.0
1205054,117.0
1330424,10.0
1359891,21.0
1393380,4.0
1293127,11.0
1101745,2.0
1252943,9.0
1408828,3.0
1164160,6.0
1272574,3.0
1358992,3.0
1042210,2.0
1416350,2.0
1097751,1.0
1200738,1.0
1076483,2.0
1392921,13.0
1289752,4.0
1355676,8.0
1395407,6.0
1363371,43.0
1036534,43.0
1201149,35.0
1337535,2.0
1328216,4.0
1139187,2.0
1403763,2.0
1087829,3.0
1270872,25.0
1434640,3.0
1087719,61.0
1338871,22.0
1190681,64.0
1348230,28.0
1011220,53.0
1109809,8.0
1343836,2.0
1292910,1.0
1241405,2.0
1449941,1.0
1013528,5.0
1104318,14.0
1395214,11.0
1096805,6.0
1274333,5.0
1023883,82.0
1121764,7.0
1025184,38.0
1460182,12.0
1328235,3.0
1186911,24.0
1110925,5.0
1064729,19.0
1251634,9.0
1381890,8.0
1257418,6.0
1285204,5.0
1285503,10.0
1356657,7.0
1356969,10.0
1045609,4.0
1337746,7.0
1056510,18.0
1410635,8.0
1134546,23.0
1206055,8.0
1083375,37.0
1464762,32.0
1281285,21.0
1060159,1.0
1302996,2.0
1419624,7.0
1278834,2.0
1026985,1.0
1467114,2.0
1181682,15.0
1369551,2.0
1424232,28.0
1099082,19.0
1279622,98.0
1215082,37.0
1462378,33.0
1220837,6.0
1329611,1.0
1082060,1.0
1273235,1.0
1034199,1.0
1181098,6.0
1138824,10.0
1317228,17.0
1353224,8.0
1294082,3.0
1316399,83.0
1172880,15.0
1441897,48.0
1204719,24.0
1138994,3.0
1286341,28.0
1139287,5.0
1141068,27.0
1318877,5.0
1415843,20.0
1389740,7.0
1339727,5.0
1079030,12.0
1027104,20.0
1079543,8.0
1011524,5.0
1434991,4.0
1176535,15.0
1349219,5.0
1428010,16.0
1342412,9.0
1253627,28.0
1419705,19.0
1073149,21.0
1195530,1.0
1292559,3.0
1151275,5.0
1033330,2.0
1286684,1.0
1063175,1.0
1278643,13.0
1169164,2.0
1160496,29.0
1075849,22.0
1288708,99.0
1051528,28.0
1387165,21.0
1438052,8.0
1270277,3.0
1371135,2.0
1239101,3.0
1425761,2.0
1233316,8.0
1011654,19.0
1151938,9.0
1290521,7.0
1176235,3.0
1315327,91.0
1367538,10.0
1439259,26.0
1433724,11.0
1438694,3.0
1226959,18.0
1363848,3.0
1405048,21.0
1259809,5.0
1070367,7.0
1317528,7.0
1417336,4.0
1157475,9.0
1344202,9.0
1011631,9.0
1183603,4.0
1347129,6.0
1291600,16.0
1429663,6.0
1108386,12.0
1106718,7.0
1165416,36.0
1409552,39.0
1132444,26.0
1246809,2.0
1304934,3.0
1289612,5.0
1245346,2.0
1365179,2.0
1126724,3.0
1103260,19.0
1380869,4.0
1296477,52.0
1363530,66.0
1205722,166.0
1421350,50.0
1077872,60.0
1184490,9.0
1343177,1.0
1447929,1.0
1152708,5.0
1092481,1.0
1403838,2.0
1255750,7.0
1365850,5.0
1303966,5.0
1195631,1.0
1214882,47.0
1085773,3.0
1396072,6.0
1159600,2.0
1443358,9.0
1225564,2.0
1282536,4.0
1112590,4.0
1142218,3.0
1136615,3.0
1203042,2.0
1291963,3.0
1000709,2.0
1208564,4.0
1081276,6.0
1450157,3.0
1118489,8.0
1088604,6.0
1085402,41.0
1187398,41.0
1063376,22.0
1469088,3.0
1363105,3.0
1190055,6.0
1044765,1.0
1171933,1.0
1097223,1.0
1394196,15.0
1447874,3.0
1258497,24.0
1056705,27.0
1057437,79.0
1027690,61.0
1436550,52.0
1130193,9.0
1091575,6.0
1265624,7.0
1025542,7.0
1135684,6.0
1097153,3.0
1091120,105.0
1299432,9.0
1463459,18.0
1350428,3.0
1154621,9.0
1393006,2.0
1160566,9.0
1357324,3.0
1451518,6.0
1361811,3.0
1272608,2.0
1231643,2.0
1358516,1.0
1432871,1.0
1196885,1.0
1109250,2.0
1069861,12.0
1112955,4.0
1141281,7.0
1402880,5.0
1193577,40.0
1432591,39.0
1046241,33.0
1443489,3.0
1298375,4.0
1445286,2.0
1026520,2.0
1013189,2.0
1385208,29.0
1279237,3.0
1128238,68.0
1420175,25.0
1120818,70.0
1224772,32.0
1265862,59.0
1069226,9.0
1463723,2.0
1283015,1.0
1159933,3.0
1105601,1.0
1112750,6.0
1351261,15.0
1257572,12.0
1198371,6.0
1465520,5.0
1453743,88.0
1025329,8.0
1406287,39.0
1320168,12.0
1110327,3.0
1111794,25.0
1191932,5.0
1362215,22.0
1441460,10.0
1260677,10.0
1093839,7.0
1059888,6.0
1379243,11.0
1043505,7.0
1285041,11.0
1245523,5.0
1040065,8.0
1305317,21.0
1419628,9.0
1172595,25.0
1385530,9.0
1284800,41.0
1326348,35.0
1021303,24.0
1408316,2.0
1074007,2.0
1015704,5.0
1079370,1.0
1358810,1.0
1197581,2.0
1338331,15.0
1417296,2.0
1298304,27.0
1394572,19.0
1073597,96.0
1464610,37.0
1332295,32.0
1382806,6.0
1067400,1.0
1099345,2.0
1246149,2.0
1087716,1.0
1036783,6.0
1400750,9.0
1399340,16.0
1257061,8.0
1183696,4.0
1206672,79.0
1108896,15.0
1406164,43.0
1257021,21.0
1122191,3.0
1155709,25.0
1315536,5.0
1120707,28.0
1163870,5.0
1397461,22.0
1080165,7.0
1075266,5.0
1135614,12.0
1087068,19.0
1361935,8.0
1394751,5.0
1044128,4.0
1404799,15.0
1036815,4.0
1224439,16.0
1242990,9.0
1404342,28.0
1214634,19.0
1020500,21.0
1174262,1.0
1224030,4.0
1371053,6.0
1061139,2.0
1105860,1.0
1343475,1.0
1384965,15.0
1391744,2.0
1169383,34.0
1049430,23.0
1334919,107.0
1092132,30.0
1118072,23.0
1356461,9.0
1177673,3.0
1023348,2.0
1277765,3.0
1330688,2.0
1122139,8.0
1190505,20.0
1151589,10.0
1399042,8.0
1175599,3.0
1396316,97.0
1229761,12.0
1461901,27.0
1292217,11.0
1340900,3.0
1418051,18.0
1104401,3.0
1311515,21.0
1422527,6.0
1354883,7.0
1465760,6.0
1185895,5.0
1311937,9.0
1275715,9.0
1328160,9.0
1074512,4.0
1392096,7.0
1169007,16.0
1219785,7.0
1332870,13.0
1078658,8.0
1103342,27.0
1437527,25.0
1338575,28.0
1026572,2.0
1269741,4.0
1449504,6.0
1190702,2.0
1234567,2.0
1220864,3.0
1096009,21.0
1320493,5.0
1194366,61.0
1227101,70.0
1389079,179.0
1178615,54.0
1452011,65.0
1009633,11.0
1056592,1.0
1094536,1.0
1437342,5.0
1014764,1.0
1056635,2.0
1161081,7.0
1160082,5.0
1406876,5.0
1271575,1.0
1151223,50.0
1047978,4.0
1169653,6.0
1153468,2.0
1386476,9.0
1236630,2.0
1454760,4.0
1066433,4.0
1340862,3.0
1402589,3.0
1420929,2.0
1448693,3.0
1323790,3.0
1312169,5.0
1189613,6.0
1061075,3.0
1040698,9.0
1057498,6.0
1449279,30.0
1207764,26.0
1370522,23.0
1254686,3.0
1090220,3.0
1366706,6.0
1217012,1.0
1409497,1.0
1363766,1.0
1003750,16.0
1087960,4.0
1041202,26.0
1046638,26.0
1419059,78.0
1155598,59.0
1011998,52.0
1259741,10.0
1342763,6.0
1015454,7.0
1400096,7.0
1115763,5.0
1382160,3.0
1352362,104.0
1402089,9.0
1396880,17.0
1285350,3.0
1325566,9.0
1068511,2.0
1295459,8.0
1326755,3.0
1316779,5.0
1403250,2.0
1182394,2.0
1278706,2.0
1454911,1.0
1469296,1.0
1168476,1.0
1098985,2.0
1121863,11.0
1307389,4.0
1264630,7.0
1008898,5.0
1203253,27.0
1024186,23.0
1002076,33.0
1010784,3.0
1465807,4.0
1407143,2.0
1146591,2.0
1274648,2.0
1080863,32.0
1116560,4.0
1464441,78.0
1247476,26.0
1141275,75.0
1064746,34.0
1185121,63.0
1463388,10.0
1407421,2.0
1342610,1.0
1178865,3.0
1037002,1.0
1150675,6.0
1438698,15.0
1095580,13.0
1261209,7.0
1274030,6.0
1255610,93.0
1371209,9.0
1465017,40.0
1127102,12.0
1180877,3.0
1435173,25.0
1337278,5.0
1060667,22.0
1339936,10.0
1326365,10.0
1468153,7.0
1173718,6.0
1369926,11.0
1258063,8.0
1336705,11.0
1026748,5.0
1192075,9.0
1386124,21.0
1364832,9.0
1444970,27.0
1403447,10.0
1448301,30.0
1034953,23.0
1158545,25.0
1291927,2.0
1342260,2.0
1274679,6.0
1459397,1.0
1462151,1.0
1224200,2.0
1074710,17.0
1383084,3.0
1044724,32.0
1117513,20.0
1420684,102.0
1358653,40.0
1446492,35.0
1371378,7.0
1453459,1.0
1027751,2.0
1177204,2.0
1431925,1.0
1145625,6.0
1135747,10.0
1188766,18.0
1053302,8.0
1161328,4.0
1267101,84.0
1279469,17.0
1054997,44.0
1287112,21.0
1391726,3.0
1311802,25.0
1414651,5.0
1458922,28.0
1097960,6.0
1222832,21.0
1258670,7.0
1389299,5.0
1178947,12.0
1460330,21.0
1338517,8.0
1020232,6.0
1304700,4.0
1324630,15.0
1095986,5.0
1382879,16.0
1097275,9.0
1326480,20.0
1420000,12.0
1312878,23.0
1264898,1.0
1049342,4.0
1330908,6.0
1156639,2.0
1086916,1.0
1362114,1.0
1341688,15.0
1321331,3.0
1167916,39.0
1249363,25.0
1416868,107.0
1080449,30.0
1257884,25.0
1095028,9.0
1097368,3.0
1467542,3.0
1163402,3.0
1210988,2.0
1127735,9.0
1069023,23.0
1458858,9.0
1122243,8.0
1233029,3.0
1175795,99.0
1193040,11.0
1216366,28.0
1363911,12.0
1048167,3.0
1373867,18.0
1159050,3.0
1060245,24.0
1168861,7.0
1158848,9.0
1178718,8.0
1157134,5.0
1264523,14.0
1112817,15.0
1225209,15.0
1243639,6.0
1044731,7.0
1109178,17.0
1460542,6.0
1170983,13.0
1322167,8.0
1086732,29.0
1236107,26.0
1340331,28.0
1217836,2.0
1054637,2.0
1321653,3.0
1011315,1.0
1042216,1.0
1069515,2.0
1008055,11.0
1311772,3.0
1173387,36.0
1384284,38.0
1416948,92.0
1469512,27.0
1333449,35.0
1266207,6.0
1361394,1.0
1342945,1.0
1415934,3.0
1116991,0.0
1223018,1.0
1288920,4.0
1109567,3.0
1229887,3.0
1453333,1.0
1426196,26.0
1283274,2.0
1332084,3.0
1089225,1.0
1145171,5.0
1055841,1.0
1075667,3.0
1211032,3.0
1072777,2.0
1406094,3.0
1125413,2.0
1169729,3.0
1110495,2.0
1093791,2.0
1329649,3.0
1163368,2.0
1395839,4.0
1066722,3.0
1313631,16.0
1098687,13.0
1260212,12.0
1175355,2.0
1007727,3.0
1424717,6.0
1310497,1.0
1320213,1.0
1123356,1.0
1430956,14.0
1412572,3.0
1289841,27.0
1067700,25.0
1112162,69.0
1204340,53.0
1106375,49.0
1416033,9.0
1376628,6.0
1412232,7.0
1125042,6.0
1214136,5.0
1243427,2.0
1395531,92.0
1299406,8.0
1011390,16.0
1337234,3.0
1190266,8.0
1287921,1.0
1161660,8.0
1099883,3.0
1394352,6.0
1218635,3.0
1359415,3.0
1181928,2.0
1101522,2.0
1307965,1.0
1158889,1.0
1454962,2.0
1217620,10.0
1335989,3.0
1012246,6.0
1314835,5.0
1414656,26.0
1139485,21.0
1188901,30.0
1416615,3.0
1130496,4.0
1073042,2.0
1116588,2.0
1052541,2.0
1150348,31.0
1187443,4.0
1281472,87.0
1189065,27.0
1288302,73.0
1208127,33.0
1393388,65.0
1419494,10.0
1129313,2.0
1204572,2.0
1119912,3.0
1134449,1.0
1327997,6.0
1188895,17.0
1462363,12.0
1270991,7.0
1246377,5.0
1388987,92.0
1064629,8.0
1052813,40.0
1181600,12.0
1274102,3.0
1229791,24.0
1023276,5.0
1091034,24.0
1280002,12.0
1212329,12.0
1019714,8.0
1398927,7.0
1262742,17.0
1285109,12.0
1169316,18.0
1099477,7.0
1459870,9.0
1345206,22.0
1077128,9.0
1381253,26.0
1075598,10.0
1078391,31.0
1351433,22.0
1205193,25.0
1184678,2.0
1380532,3.0
1168644,7.0
1073233,1.0
1459946,1.0
1139214,2.0
1421225,19.0
1330456,3.0
1116066,41.0
1357781,24.0
1293919,116.0
1422002,45.0
1336161,42.0
1255575,8.0
1071452,2.0
1359664,3.0
1134774,2.0
1291307,1.0
1007174,8.0
1052135,13.0
1466845,19.0
1173094,10.0
1083814,4.0
1127909,95.0
1417788,18.0
1266692,52.0
1263132,26.0
1213365,4.0
1286093,28.0
1063602,5.0
1325530,36.0
1343783,8.0
1466170,32.0
1403923,10.0
1026406,7.0
1372438,21.0
1066728,37.0
1289086,16.0
1400899,10.0
1429876,5.0
1324205,18.0
1293624,5.0
1387766,19.0
1313232,11.0
1068636,24.0
1349565,14.0
1463749,26.0
1056846,1.0
1137411,4.0
1057026,7.0
1370027,2.0
1424398,1.0
1022822,2.0
1280487,16.0
1386958,3.0
1438689,43.0
1150282,28.0
1260451,122.0
1162131,37.0
1253163,28.0
1446274,11.0
1052616,3.0
1340693,3.0
1216793,5.0
1450054,2.0
1085502,10.0
1297804,15.0
1265891,10.0
1128992,9.0
1369247,4.0
1397607,104.0
1213939,7.0
1298605,32.0
1097912,12.0
1127310,4.0
1196772,19.0
1160015,4.0
1457607,29.0
1262192,8.0
1132903,11.0
1336533,10.0
1389774,7.0
1271299,21.0
1047494,21.0
1425636,21.0
1354662,9.0
1238645,7.0
1358173,17.0
1401638,7.0
1364344,14.0
1075531,8.0
1293782,32.0
1109764,29.0
1224492,34.0
1410779,3.0
1163223,2.0
1183666,3.0
1319294,1.0
1227031,1.0
1131600,1.0
1411020,9.0
1293382,3.0
1041814,29.0
1362245,33.0
1246414,77.0
1403068,24.0
1440209,29.0
1220747,5.0
1307297,1.0
1381137,1.0
1139583,3.0
1130692,0.0
1418041,1.0
1167386,2.0
1085990,2.0
1150203,2.0
1161924,0.0
1302731,20.0
1385444,1.0
1299325,2.0
1437216,1.0
1277442,5.0
1079411,1.0
1316683,2.0
1398541,2.0
1018182,1.0
1340688,3.0
1123234,2.0
1436883,3.0
1097059,2.0
1295763,2.0
1158181,2.0
1015953,1.0
1289253,4.0
1098946,2.0
1290672,13.0
1023717,11.0
1295988,11.0
1106761,2.0
1045497,3.0
1004039,6.0
1189684,1.0
1125116,1.0
1420199,1.0
1449005,14.0
1144455,4.0
1304755,26.0
1293071,25.0
1069756,70.0
1189625,57.0
1221078,49.0
1115576,9.0
1385864,6.0
1385748,4.0
1041759,6.0
1350450,5.0
1058874,2.0
1314525,88.0
1122277,4.0
1250735,16.0
1075505,3.0
1333150,7.0
1417747,1.0
1431783,9.0
1090800,3.0
1305812,6.0
1063204,3.0
1426152,3.0
1284573,3.0
1456010,3.0
1027602,2.0
1418971,1.0
1149066,2.0
1037018,9.0
1208340,3.0
1380770,6.0
1254806,5.0
1394854,26.0
1452879,21.0
1175320,31.0
1112395,3.0
1236159,4.0
1279722,2.0
1263936,2.0
1042685,3.0
1424840,32.0
1080728,5.0
1373830,96.0
1039960,31.0
1121481,83.0
1058312,39.0
1448474,73.0
1367191,12.0
1424899,2.0
1410723,1.0
1159089,4.0
1438147,1.0
1104799,7.0
1341993,11.0
1324032,13.0
1460218,8.0
1154431,6.0
1338037,96.0
1458180,5.0
1026308,44.0
1057228,13.0
1018582,3.0
1065983,25.0
1280798,6.0
1120343,28.0
1304220,14.0
1299720,13.0
1196190,9.0
1271574,8.0
1341423,25.0
1294200,17.0
1002912,24.0
1098342,11.0
1092526,8.0
1023042,22.0
1205050,9.0
1079645,28.0
1087779,10.0
1261655,34.0
1241265,25.0
1106881,29.0
1466504,2.0
1391852,3.0
1124261,7.0
1397490,2.0
1340497,1.0
1365669,2.0
1168708,20.0
1042492,4.0
1340233,45.0
1125059,27.0
1145953,128.0
1437908,54.0
1097313,46.0
1346884,10.0
1353967,2.0
1006317,3.0
1007567,3.0
1338376,1.0
1412898,8.0
1010263,8.0
1082200,21.0
1457725,11.0
1076252,5.0
1466965,98.0
1233155,11.0
1152389,57.0
1090947,26.0
1228649,5.0
1349544,29.0
1365513,6.0
1342703,43.0
1386747,9.0
1313864,34.0
1057941,11.0
1327885,8.0
1012864,31.0
1104546,50.0
1171764,21.0
1120819,16.0
1158814,4.0
1280613,18.0
1063479,5.0
1191655,20.0
1130039,11.0
1379130,26.0
1060158,15.0
1127882,30.0
1027507,2.0
1053695,4.0
1432961,6.0
1370857,2.0
1274271,1.0
1034854,1.0
1162931,14.0
1172747,2.0
1223055,31.0
1012720,23.0
1366078,103.0
1398955,31.0
1145841,23.0
1161635,9.0
1289088,3.0
1139193,2.0
1316647,3.0
1172006,2.0
1292901,7.0
1290681,13.0
1308017,9.0
1119296,7.0
1312349,3.0
1000345,92.0
1309517,6.0
1006702,26.0
1223086,11.0
1410571,3.0
1249941,16.0
1413871,3.0
1314174,23.0
1258506,7.0
1278339,8.0
1223273,7.0
1136036,5.0
1069771,15.0
1255641,14.0
1113642,15.0
1142331,6.0
1007917,7.0
1308127,16.0
1016755,7.0
1101654,13.0
1202447,7.0
1237090,27.0
1259015,25.0
1181101,28.0
1065931,2.0
1052864,4.0
1239645,6.0
1353060,2.0
1086176,2.0
1345551,3.0
1319985,20.0
1100713,5.0
1170549,57.0
1403166,71.0
1087530,178.0
1222021,57.0
1416734,66.0
1268553,11.0
1071057,1.0
1272965,1.0
1216408,5.0
1216022,1.0
1082408,2.0
1255938,5.0
1096613,5.0
1309133,5.0
1048286,1.0
1137536,49.0
1042100,2.0
1148075,5.0
1183012,2.0
1401690,10.0
1049279,3.0
1353964,4.0
1031858,5.0
1289554,3.0
1418969,6.0
1152304,3.0
1140796,6.0
1364206,4.0
1272834,4.0
1067256,7.0
1447510,4.0
1184174,9.0
1158173,6.0
1031804,31.0
1380066,27.0
1044215,24.0
1302824,3.0
1466369,3.0
1333789,8.0
1377552,2.0
1196158,2.0
1293336,1.0
1458800,19.0
1362766,4.0
1375775,30.0
1141683,33.0
1046061,94.0
1387204,76.0
1092670,64.0
1035449,12.0
1433013,7.0
1092284,5.0
1373236,8.0
1457849,7.0
1348438,3.0
1326430,121.0
1350832,6.0
1004816,21.0
1247161,4.0
1354910,10.0
1073202,2.0
1422693,11.0
1204384,4.0
1430415,7.0
1238689,4.0
1442524,3.0
1015697,4.0
1061953,3.0
1400620,2.0
1296201,1.0
1102792,3.0
1361861,14.0
1104031,5.0
1108104,9.0
1340764,6.0
1077647,34.0
1123240,28.0
1108841,42.0
1262240,3.0
1231149,4.0
1219100,2.0
1231915,2.0
1360657,2.0
1096222,29.0
1220611,3.0
1391027,70.0
1261534,25.0
1354487,71.0
1145013,33.0
1358161,60.0
1301043,10.0
1222384,2.0
1236861,1.0
1430385,3.0
1157368,1.0
1176460,5.0
1193662,9.0
1434548,12.0
1162252,6.0
1298216,5.0
1282568,86.0
1161390,5.0
1194014,37.0
1447590,12.0
1201028,2.0
1023553,22.0
1048190,5.0
1105587,23.0
1218430,11.0
1258460,10.0
1400749,7.0
1337303,6.0
1183097,18.0
1041689,12.0
1044904,18.0
1212440,7.0
1264117,8.0
1128551,21.0
1224825,9.0
1451075,26.0
1404624,10.0
1089084,29.0
1314367,22.0
1036129,25.0
1095631,1.0
1321208,2.0
1064371,5.0
1211696,1.0
1329500,1.0
1311023,2.0
1338267,16.0
1313177,2.0
1173971,29.0
1284161,20.0
1109000,98.0
1305726,40.0
1043622,34.0
1127115,7.0
1411632,1.0
1237528,2.0
1216661,2.0
1165654,1.0
1065291,6.0
1037362,6.0
1261508,16.0
1234348,8.0
1179704,4.0
1008010,80.0
1123575,9.0
1196873,43.0
1364367,21.0
1239936,3.0
1157963,23.0
1033497,5.0
1375907,30.0
1264955,6.0
1022342,24.0
1369534,7.0
1402097,6.0
1375736,20.0
1360141,31.0
1309798,14.0
1267653,9.0
1163488,4.0
1114865,15.0
1438564,5.0
1080323,17.0
1349803,9.0
1091644,20.0
1274982,12.0
1369182,23.0
1292351,1.0
1365354,3.0
1427917,5.0
1052492,2.0
1373208,1.0
1463693,1.0
1410746,12.0
1460226,2.0
1048724,27.0
1268960,19.0
1157212,96.0
1235040,27.0
1338226,21.0
1049229,8.0
1218718,2.0
1455107,3.0
1083636,4.0
1461881,2.0
1211277,7.0
1141705,11.0
1324998,8.0
1391878,7.0
1024596,3.0
1289237,79.0
1359332,5.0
1101930,23.0
1450272,9.0
1166961,2.0
1004336,15.0
1170511,3.0
1443994,16.0
1347783,5.0
1158279,6.0
1060606,5.0
1006948,4.0
1067928,7.0
1328974,7.0
1456713,7.0
1389669,3.0
1465484,5.0
1372004,14.0
1152241,6.0
1287937,11.0
1372292,6.0
1265694,23.0
1340910,22.0
1365598,25.0
1053288,2.0
1152842,3.0
1344329,5.0
1350537,2.0
1347904,2.0
1294659,3.0
1270642,19.0
1127941,4.0
1456903,52.0
1144180,64.0
1167672,176.0
1396169,52.0
1381156,63.0
1212112,10.0
1430706,1.0
1203804,2.0
1428411,7.0
1365367,1.0
1260193,2.0
1315943,4.0
1190102,5.0
1114375,5.0
1284932,1.0
1096858,45.0
1146040,2.0
1305346,5.0
1225943,1.0
1232422,8.0
1073072,2.0
1249935,3.0
1225927,4.0
1122611,2.0
1442866,3.0
1319954,2.0
1316741,3.0
1244113,2.0
1232057,4.0
1053540,6.0
1222759,3.0
1468751,8.0
1336840,5.0
1068992,28.0
1075472,25.0
1015874,23.0
1029994,4.0
1112228,3.0
1377294,6.0
1359604,1.0
1201199,1.0
1070041,1.0
1059181,15.0
1068712,3.0
1136363,24.0
1222619,26.0
1273040,82.0
1112394,62.0
1088663,55.0
1074875,10.0
1301886,6.0
1157053,4.0
1023014,7.0
1128872,6.0
1294447,3.0
1443204,99.0
1175666,5.0
1229492,17.0
1205534,3.0
1147031,9.0
1438743,2.0
1445009,7.0
1457501,3.0
1177571,5.0
1219304,2.0
1290529,2.0
1052611,2.0
1036586,1.0
1222894,1.0
1022829,0.0
1323396,2.0
1346375,11.0
1225839,4.0
1359205,8.0
1297464,5.0
1120189,27.0
1243654,24.0
1317425,34.0
1060023,2.0
1192307,3.0
1347860,2.0
1208119,1.0
1012145,2.0
1171747,26.0
1346185,3.0
1006778,63.0
1107849,22.0
1003956,69.0
1345089,30.0
1083682,57.0
1380759,9.0
1397736,2.0
1023137,2.0
1195012,3.0
1392293,1.0
1296062,5.0
1429188,9.0
1198945,11.0
1368943,6.0
1237133,5.0
1447923,77.0
1443473,4.0
1184109,35.0
1389236,11.0
1089993,2.0
1299850,21.0
1206235,4.0
1264999,17.0
1007707,9.0
1004653,8.0
1344858,6.0
1000723,5.0
1018917,9.0
1177979,6.0
1112358,9.0
1060249,4.0
1263821,7.0
1422353,18.0
1377027,8.0
1059493,24.0
1157853,8.0
1363944,26.0
1124237,20.0
1409300,22.0
1196257,2.0
1013593,2.0
1143840,5.0
1043995,1.0
1211854,1.0
1273768,1.0
1170566,14.0
1284075,2.0
1160218,26.0
1396774,18.0
1278480,96.0
1124156,36.0
1384798,32.0
1073115,6.0
1232532,1.0
1311295,3.0
1413381,2.0
1206372,1.0
1284978,5.0
1201760,6.0
1280199,15.0
1013845,8.0
1109326,3.0
1387836,71.0
1118276,8.0
1219068,39.0
1103585,19.0
1359079,3.0
1144173,22.0
1061245,4.0
1384939,23.0
1415357,5.0
1019504,19.0
1112319,6.0
1052590,4.0
1043981,10.0
1403868,17.0
1439746,7.0
1105934,5.0
1206515,3.0
1360640,13.0
1020754,4.0
1375346,15.0
1289576,8.0
1114612,18.0
1397213,11.0
1254872,21.0
1391993,1.0
1344775,4.0
1192026,6.0
1355576,2.0
1137071,1.0
1036325,1.0
1460552,15.0
1165277,3.0
1116698,33.0
1313725,23.0
1229564,114.0
1219349,32.0
1274084,24.0
1071553,9.0
1121487,3.0
1429901,3.0
1071073,5.0
1404483,2.0
1194134,8.0
1427464,14.0
1446650,10.0
1429979,8.0
1378471,3.0
1027278,96.0
1434954,7.0
1285642,27.0
1264356,11.0
1360557,3.0
1123924,17.0
1390760,3.0
1095910,21.0
1093158,6.0
1378965,7.0
1360906,6.0
1325651,4.0
1127686,9.0
1382201,9.0
1054323,9.0
1327400,4.0
1158975,7.0
1084837,17.0
1265044,7.0
1040820,13.0
1406500,8.0
1209697,29.0
1024274,27.0
1172999,29.0
1008552,3.0
1237441,3.0
1390990,5.0
1171352,2.0
1228145,2.0
1440429,2.0
1320265,19.0
1239104,5.0
1021928,49.0
1064682,61.0
1002843,163.0
1445113,48.0
1389318,57.0
1144210,10.0
1349566,1.0
1181155,2.0
1218721,7.0
1335016,1.0
1370178,2.0
1247710,4.0
1002980,5.0
1036337,5.0
1189494,1.0
1282786,43.0
1160951,2.0
1044455,5.0
1190764,1.0
1278690,8.0
1033265,2.0
1173035,3.0
1180502,3.0
1384556,2.0
1456668,3.0
1143846,2.0
1114248,3.0
1050039,2.0
1014980,4.0
1079769,6.0
1341585,3.0
1137856,8.0
1127480,5.0
1061430,27.0
1208277,24.0
1008511,21.0
1177723,4.0
1169806,3.0
1420293,7.0
1082053,1.0
1094860,1.0
1361640,1.0
1091547,15.0
1314610,4.0
1265950,24.0
1441192,26.0
1404978,79.0
1043776,60.0
1185768,52.0
1012684,10.0
1200724,6.0
1443794,4.0
1270402,7.0
1226426,6.0
1352236,2.0
1356402,99.0
1250499,5.0
1028487,17.0
1192935,3.0
1046232,8.0
1189178,2.0
1154958,8.0
1209295,3.0
1012293,5.0
1106071,2.0
1328351,2.0
1030860,2.0
1002630,1.0
1419977,1.0
1035028,0.0
1410593,2.0
1299440,11.0
1193105,4.0
1265659,7.0
1282214,5.0
1293162,28.0
1236748,24.0
1328792,33.0
1104764,3.0
1309586,4.0
1466939,2.0
1134400,2.0
1092391,2.0
1315204,31.0
1161892,4.0
1098568,73.0
1235134,25.0
1226333,77.0
1346358,34.0
1241831,62.0
1114174,10.0
1165298,2.0
1415734,1.0
1345790,4.0
1203236,1.0
1441734,6.0
1434454,10.0
1266115,12.0
1006993,7.0
1146953,5.0
1025519,89.0
1169845,5.0
1412297,38.0
1440664,11.0
1454763,3.0
1387253,23.0
1229576,5.0
1446831,20.0
1397273,10.0
1274400,10.0
1110338,6.0
1132072,5.0
1063428,11.0
1420726,8.0
1318768,11.0
1132868,5.0
1078361,8.0
1355833,21.0
1459320,10.0
1262197,27.0
1393189,10.0
1385205,31.0
1284349,23.0
1266271,26.0
1389321,2.0
1393516,2.0
1014267,6.0
1439666,1.0
1287678,1.0
1075876,2.0
1298540,16.0
1284529,3.0
1357609,30.0
1245460,20.0
1411008,106.0
1076384,40.0
1458895,34.0
1363608,7.0
1102643,1.0
1162117,3.0
1295099,2.0
1097830,1.0
1237201,6.0
1029097,6.0
1072949,17.0
1352063,9.0
1083828,4.0
1062455,81.0
1100828,9.0
1155202,42.0
1339275,21.0
1177120,3.0
1113867,23.0
1452085,4.0
1463565,27.0
1084549,5.0
1019743,22.0
1355001,6.0
1066786,4.0
1150982,12.0
1312697,20.0
1186659,8.0
1359429,5.0
1345488,4.0
1045516,15.0
1390635,5.0
1272969,17.0
1098876,9.0
1221983,21.0
1056466,12.0
1093380,23.0
1069301,1.0
1450984,3.0
1378136,5.0
1306025,2.0
1419001,1.0
1090771,1.0
1216586,13.0
1238874,2.0
1457579,28.0
1311324,22.0
1338387,102.0
1239240,29.0
1178277,23.0
1323261,8.0
1229442,3.0
1035508,4.0
1028312,4.0
1120826,2.0
1032973,7.0
1271290,13.0
1414683,8.0
1304867,7.0
1200113,3.0
1139589,84.0
1015455,6.0
1454820,24.0
1192069,10.0
1104972,2.0
1121720,16.0
1339796,3.0
1311240,19.0
1214396,5.0
1442233,7.0
1356756,6.0
1014336,4.0
1048115,8.0
1332771,9.0
1296138,8.0
1174397,4.0
1183137,6.0
1342833,15.0
1416514,6.0
1097614,12.0
1306818,7.0
1241276,25.0
1449844,23.0
1418503,28.0
1116262,3.0
1388303,3.0
1448741,6.0
1120113,2.0
1057609,2.0
1075023,3.0
1173416,19.0
1198481,5.0
1235774,52.0
1247711,68.0
1333120,174.0
1395247,53.0
1197774,66.0
1234910,10.0
1406680,2.0
1071643,3.0
1432150,8.0
1135317,1.0
1447642,2.0
1135242,5.0
1099179,5.0
1172020,5.0
1141933,1.0
1366151,44.0
1315550,2.0
1021046,5.0
1411289,1.0
1263733,8.0
1087770,2.0
1008099,4.0
1440650,3.0
1346362,2.0
1046133,3.0
1221157,2.0
1016417,3.0
1407100,2.0
1297931,4.0
1371259,6.0
1174865,3.0
1373477,8.0
1346951,6.0
1459481,28.0
1216790,24.0
1277639,23.0
1029340,5.0
1128488,3.0
1107562,6.0
1129259,1.0
1400562,1.0
1209608,1.0
1169702,15.0
1220034,4.0
1215616,23.0
1084856,27.0
1162509,78.0
1363663,61.0
1233824,54.0
1143706,10.0
1196789,6.0
1310946,4.0
1337993,7.0
1451601,5.0
1112737,2.0
1153838,94.0
1253662,5.0
1442960,16.0
1284999,3.0
1104822,8.0
1389764,1.0
1013045,8.0
1218426,3.0
1398635,5.0
1376070,2.0
1368391,2.0
1328515,2.0
1048671,1.0
1235147,1.0
1171104,1.0
1200661,2.0
1061995,11.0
1358862,4.0
1096674,7.0
1112071,5.0
1250278,27.0
1120291,22.0
1297050,34.0
1320665,2.0
1324548,4.0
1218324,2.0
1386892,2.0
1448643,2.0
1260731,26.0
1095344,4.0
1287499,62.0
1001803,23.0
1290810,68.0
1382329,31.0
1055968,59.0
1336171,9.0
1234838,2.0
1089636,2.0
1171316,4.0
1104211,1.0
1462028,5.0
1159230,9.0
1199481,11.0
1093186,6.0
1468284,5.0
1249984,76.0
1008786,4.0
1428020,34.0
1093051,10.0
1241939,2.0
1323792,21.0
1117001,4.0
1236321,18.0
1076379,9.0
1302288,9.0
1184378,5.0
1283197,5.0
1399217,9.0
1118279,7.0
1226113,10.0
1379465,4.0
1130451,7.0
1274586,19.0
1083972,8.0
1322382,24.0
1045535,9.0
1299367,26.0
1300343,19.0
1123570,23.0
1048478,2.0
1199439,2.0
1199662,6.0
1183919,1.0
1012304,1.0
1232917,2.0
1278324,15.0
1242592,3.0
1436349,28.0
1212183,20.0
1063482,102.0
1398875,40.0
1182513,36.0
1144572,7.0
1172502,2.0
1212100,4.0
1467872,2.0
1213500,1.0
1229758,6.0
1391464,6.0
1202405,16.0
1281020,8.0
1407855,3.0
1188659,76.0
1461489,9.0
1141627,42.0
1059980,20.0
1418535,3.0
1013051,24.0
1200918,4.0
1335785,27.0
1430224,6.0
1018085,23.0
1031570,6.0
1203249,5.0
1111029,11.0
1014927,20.0
1336913,8.0
1293950,6.0
1286211,4.0
1438369,15.0
1051595,5.0
1014475,16.0
1248706,9.0
1242351,20.0
1146923,12.0
1171765,23.0
1283389,1.0
1216308,5.0
1120765,7.0
1219221,3.0
1022468,1.0
1396070,2.0
1192688,16.0
1087236,3.0
1111920,34.0
1170353,24.0
1178775,110.0
1125780,32.0
1157739,25.0
1346225,10.0
1368181,4.0
1405140,4.0
1374860,7.0
1014572,3.0
1137205,9.0
1384392,14.0
1376233,10.0
1223868,8.0
1434866,3.0
1173728,98.0
1401943,7.0
1194322,27.0
1308697,12.0
1239640,3.0
1184903,17.0
1462994,3.0
1346275,21.0
1414300,6.0
1126789,8.0
1308739,7.0
1330366,5.0
1056149,9.0
1453335,10.0
1050935,10.0
1210118,4.0
1080123,7.0
1073590,17.0
1165173,7.0
1332715,13.0
1417153,7.0
1130329,30.0
1128097,27.0
1456627,30.0
1209071,5.0
1365726,5.0
1293388,8.0
1066738,3.0
1127326,3.0
1408084,4.0
1251699,26.0
1391166,6.0
1265904,66.0
1199975,80.0
1119335,201.0
1306562,62.0
1249451,76.0
1003400,13.0
1101288,2.0
1319844,4.0
1365939,16.0
1106444,2.0
1215226,2.0
1358000,5.0
1084799,6.0
1302875,6.0
1376823,1.0
1319079,55.0
1419282,2.0
1378498,6.0
1089874,2.0
1154919,10.0
1121008,3.0
1037610,4.0
1456818,4.0
1174203,3.0
1261267,4.0
1365434,2.0
1343190,4.0
1328757,3.0
1363712,5.0
1004393,7.0
1149027,4.0
1410018,10.0
1126278,7.0
1049187,36.0
1357020,31.0
1461204,27.0
1221646,10.0
1400746,3.0
1423834,8.0
1345823,2.0
1132773,2.0
1065774,1.0
1357934,17.0
1056172,4.0
1102620,25.0
1166128,26.0
1365550,77.0
1282467,60.0
1290636,53.0
1082435,10.0
1003977,6.0
1040917,4.0
1244687,7.0
1371593,6.0
1096948,3.0
1188004,103.0
1238883,5.0
1241217,17.0
1469093,3.0
1333179,8.0
1409841,2.0
1314091,8.0
1320079,3.0
1394461,5.0
1423280,2.0
1034313,2.0
1017059,2.0
1068853,1.0
1218621,1.0
1304450,1.0
1153712,2.0
1045283,12.0
1026433,4.0
1276371,7.0
1206227,5.0
1321391,29.0
1132157,24.0
1432242,33.0
1386210,3.0
1182676,5.0
1238660,2.0
1155191,2.0
1035272,2.0
1343843,31.0
1280956,4.0
1080953,73.0
1343199,25.0
1043183,72.0
1029040,32.0
1239566,62.0
1444224,10.0
1451098,3.0
1341214,2.0
1095854,6.0
1323101,2.0
1346357,6.0
1186244,10.0
1398261,12.0
1204583,7.0
1447937,5.0
1347600,87.0
1311205,5.0
1283144,37.0
1334541,12.0
1179104,2.0
1193645,22.0
1001935,5.0
1357676,20.0
1430039,10.0
1150571,10.0
1435699,6.0
1224381,6.0
1316697,11.0
1233845,8.0
1231782,11.0
1244830,5.0
1126303,8.0
1029321,21.0
1434072,9.0
1415163,25.0
1344049,9.0
1266109,30.0
1068210,23.0
1260930,25.0
1069582,4.0
1037303,3.0
1317877,7.0
1380252,2.0
1353284,1.0
1416714,2.0
1317138,19.0
1111728,3.0
1027660,34.0
1410838,23.0
1348678,113.0
1124947,44.0
1166428,40.0
1426920,8.0
1204408,2.0
1312543,5.0
1279984,4.0
1184961,2.0
1365103,7.0
1433375,7.0
1217261,19.0
1229933,10.0
1266383,4.0
1369939,91.0
1403431,10.0
1172964,48.0
1030382,24.0
1287459,3.0
1467233,26.0
1414578,5.0
1309310,30.0
1026668,6.0
1189078,25.0
1315066,7.0
1057904,5.0
1211874,13.0
1039588,24.0
1170079,10.0
1291395,6.0
1050478,4.0
1173442,17.0
1085607,5.0
1070390,18.0
1092503,10.0
1283166,24.0
1359975,14.0
1388242,26.0
1328265,3.0
1174955,6.0
1260898,9.0
1138730,3.0
1067325,1.0
1088884,2.0
1269571,18.0
1024573,4.0
1212248,36.0
1077188,35.0
1328734,101.0
1112984,30.0
1467869,24.0
1422025,14.0
1153178,4.0
1184754,4.0
1450789,6.0
1050369,3.0
1033420,9.0
1425704,14.0
1133868,10.0
1353313,8.0
1444729,3.0
1414652,98.0
1262638,6.0
1451431,27.0
1055107,10.0
1268129,3.0
1130610,17.0
1228818,3.0
1167643,21.0
1079181,6.0
1061641,8.0
1096432,6.0
1063289,5.0
1167077,9.0
1296870,10.0
1439559,9.0
1066472,4.0
1149513,7.0
1019260,18.0
1322184,7.0
1007746,13.0
1362885,8.0
1268623,29.0
1231968,26.0
1397909,29.0
1401230,4.0
1193752,3.0
1344946,5.0
1022695,1.0
1069827,2.0
1289109,2.0
1141464,16.0
1061931,5.0
1219302,37.0
1200616,61.0
1321736,97.0
1103558,30.0
1285991,37.0
1435277,10.0
1456492,1.0
1111639,2.0
1312617,7.0
1212637,1.0
1402668,1.0
1164379,3.0
1157419,3.0
1130872,3.0
1260741,1.0
1025218,29.0
1425922,1.0
1215008,3.0
1288809,1.0
1418133,5.0
1415196,1.0
1256166,2.0
1138026,2.0
1312917,2.0
1417196,2.0
1382223,1.0
1322142,2.0
1298483,2.0
1390487,3.0
1328943,4.0
1432311,2.0
1095405,5.0
1061541,4.0
1078573,18.0
1059499,16.0
1084248,13.0
1089964,4.0
1406721,4.0
1125328,10.0
1405034,2.0
1301108,2.0
1023074,1.0
1392958,19.0
1344783,5.0
1106191,28.0
1211163,40.0
1328390,73.0
1292551,60.0
1308023,52.0
1328141,16.0
1019455,6.0
1352361,5.0
1051398,7.0
1442019,6.0
1367563,2.0
1051250,100.0
1249932,5.0
1084418,17.0
1024710,3.0
1200567,8.0
1144634,1.0
1158366,8.0
1206053,3.0
1202909,6.0
1355968,2.0
1290601,2.0
1368938,2.0
1130491,1.0
1460887,1.0
1442540,1.0
1340446,2.0
1162406,13.0
1158387,4.0
1135615,8.0
1381020,6.0
1126387,29.0
1097674,24.0
1282856,33.0
1087491,4.0
1285657,6.0
1131929,2.0
1390039,2.0
1317575,3.0
1044664,37.0
1406903,6.0
1021477,82.0
1084376,39.0
1317895,69.0
1393004,33.0
1374005,62.0
1296880,16.0
1123919,3.0
1404155,2.0
1185245,6.0
1391678,2.0
1267680,6.0
1096243,10.0
1271525,13.0
1401820,7.0
1161597,5.0
1041597,89.0
1265367,5.0
1040731,38.0
1286007,11.0
1191849,2.0
1175923,22.0
1271541,5.0
1075422,20.0
1349879,10.0
1416848,10.0
1194907,6.0
1318029,6.0
1404786,11.0
1261812,8.0
1115347,11.0
1107673,5.0
1250486,8.0
1282691,23.0
1040212,9.0
1203183,27.0
1047944,10.0
1096327,30.0
1430842,22.0
1219375,25.0
1164823,4.0
1263591,4.0
1178499,9.0
1076169,2.0
1237586,1.0
1049543,2.0
1010692,23.0
1446502,5.0
1421555,39.0
1304508,35.0
1139738,109.0
1069123,45.0
1381185,39.0
1380536,13.0
1181556,2.0
1384978,4.0
1322280,4.0
1304418,2.0
1319378,8.0
1452862,8.0
1249678,20.0
1141352,10.0
1294943,4.0
1161279,94.0
1414639,10.0
1066311,49.0
1453230,23.0
1462800,3.0
1063621,26.0
1045907,5.0
1096599,31.0
1338489,6.0
1412532,27.0
1459131,7.0
1321086,6.0
1088628,13.0
1183024,23.0
1287307,9.0
1090847,6.0
1338220,4.0
1386261,19.0
1303999,5.0
1169745,19.0
1188192,11.0
1018101,24.0
1038940,14.0
1233686,27.0
1293929,2.0
1168795,7.0
1255865,10.0
1392973,3.0
1314864,1.0
1154248,2.0
1366613,21.0
1147828,4.0
1283787,37.0
1441424,37.0
1042517,112.0
1378630,33.0
1469544,26.0
1414712,15.0
1125956,5.0
1436903,5.0
1400852,9.0
1382640,3.0
1114432,9.0
1242052,16.0
1237230,10.0
1041009,9.0
1445368,3.0
1342001,99.0
1155358,8.0
1111943,30.0
1037922,13.0
1228291,3.0
1255836,19.0
1387192,3.0
1299950,23.0
1415241,6.0
1273340,8.0
1327642,7.0
1206102,5.0
1380217,9.0
1439351,10.0
1363715,9.0
1109571,4.0
1169493,7.0
1344131,19.0
1054358,15.0
1144831,28.0
1077036,8.0
1422848,31.0
1188503,27.0
1322292,32.0
1416136,6.0
1028868,3.0
1080315,4.0
1016820,1.0
1067007,1.0
1082094,2.0
1257152,13.0
1002195,4.0
1062074,28.0
1203356,47.0
1327790,77.0
1201441,24.0
1166069,30.0
1100057,8.0
1263839,1.0
1427914,2.0
1396458,7.0
1045068,1.0
1122033,1.0
1457673,2.0
1405281,2.0
1379041,2.0
1012337,0.0
1366929,21.0
1420509,1.0
1242143,2.0
1388330,1.0
1112897,4.0
1197652,1.0
1009197,2.0
1181147,2.0
1125295,1.0
1266611,1.0
1235691,1.0
1139758,1.0
1373317,1.0
1092579,2.0
1261894,3.0
1363384,3.0
1216666,8.0
1321635,3.0
1261456,14.0
1379468,12.0
1315108,11.0
1380919,4.0
1306843,4.0
1448019,9.0
1104705,2.0
1089512,2.0
1215221,1.0
1267587,19.0
1076193,6.0
1443593,24.0
1443685,35.0
1381935,69.0
1404331,56.0
1447478,50.0
1216902,14.0
1023633,6.0
1300659,4.0
1061421,6.0
1405074,5.0
1190491,2.0
1410230,87.0
1148101,5.0
1160709,16.0
1161169,3.0
1154700,8.0
1186742,1.0
1282103,8.0
1017349,3.0
1052560,5.0
1017013,2.0
1326852,2.0
1049607,1.0
1377433,1.0
1338561,1.0
1237445,0.0
1096658,2.0
1147102,10.0
1365841,7.0
1277413,14.0
1131246,5.0
1191461,27.0
1199828,21.0
1349775,31.0
1345706,5.0
1319240,6.0
1313927,3.0
1392922,2.0
1185792,3.0
1445508,42.0
1439955,7.0
1236028,81.0
1387781,40.0
1050584,73.0
1010364,35.0
1386287,67.0
1316231,17.0
1064720,3.0
1110346,3.0
1130114,8.0
1004820,2.0
1346712,6.0
1329000,11.0
1440557,12.0
1326524,7.0
1090923,6.0
1095639,88.0
1405064,5.0
1425876,41.0
1257466,13.0
1151260,3.0
1420525,24.0
1454686,5.0
1065088,22.0
1143905,10.0
1422292,10.0
1372899,6.0
1154849,6.0
1159807,11.0
1067956,8.0
1324575,10.0
1466242,5.0
1274200,8.0
1334158,22.0
1057719,19.0
1241814,56.0
1229488,10.0
1410600,32.0
1069443,23.0
1090027,27.0
1363557,5.0
1144018,5.0
1152424,10.0
1387238,2.0
1070132,1.0
1437567,3.0
1437388,26.0
1297831,6.0
1176785,39.0
1251230,37.0
1206224,120.0
1222616,50.0
1405470,44.0
1090796,15.0
1048525,3.0
1429824,5.0
1175341,5.0
1421979,2.0
1221685,8.0
1179413,9.0
1126290,20.0
1106478,11.0
1143363,4.0
1208903,94.0
1131491,12.0
1405261,55.0
1165989,28.0
1203373,4.0
1072740,30.0
1221540,5.0
1369973,35.0
1448649,7.0
1281281,27.0
1138152,8.0
1276647,6.0
1136478,14.0
1176628,24.0
1261784,9.0
1014375,7.0
1205559,4.0
1198916,19.0
1461310,12.0
1101425,41.0
1188755,12.0
1137345,26.0
1148360,14.0
1206782,29.0
1196668,3.0
1426739,6.0
1392876,9.0
1276267,3.0
1385932,1.0
1081574,2.0
1436685,19.0
1379697,3.0
1010501,27.0
1145766,32.0
1438720,97.0
1307259,28.0
1300194,22.0
1074491,14.0
1436621,4.0
1090713,7.0
1141591,11.0
1363003,5.0
1184797,8.0
1075701,14.0
1180203,8.0
1056879,7.0
1292362,3.0
1420589,87.0
1420911,7.0
1311455,26.0
1041305,11.0
1018256,3.0
1019759,16.0
1147061,3.0
1084241,21.0
1211356,6.0
1322124,7.0
1325176,6.0
1240551,4.0
1428857,8.0
1010772,9.0
1336745,8.0
1034458,4.0
1465114,5.0
1156725,16.0
1265506,13.0
1280114,24.0
1377135,7.0
1118438,25.0
1351546,23.0
1330396,27.0
1357557,7.0
1099568,7.0
1361725,11.0
1017007,3.0
1317866,3.0
1035267,4.0
1015376,32.0
1128313,8.0
1401573,55.0
1357845,110.0
1173535,184.0
1263397,58.0
1425343,69.0
1365750,19.0
1192665,3.0
1286191,6.0
1419920,23.0
1151257,2.0
1154058,2.0
1163212,6.0
1179886,5.0
1396464,6.0
1277497,1.0
1336035,52.0
1239673,2.0
1219092,6.0
1259723,2.0
1045758,10.0
1104172,3.0
1270034,4.0
1464344,4.0
1264833,3.0
1095350,4.0
1017941,2.0
1251035,3.0
1024658,3.0
1239404,4.0
1064638,7.0
1232322,8.0
1071410,19.0
1184833,6.0
1085983,32.0
1244211,28.0
1288805,25.0
1122426,14.0
1061045,5.0
1059748,10.0
1130520,2.0
1007480,2.0
1013238,2.0
1074939,21.0
1178013,5.0
1257422,22.0
1144801,39.0
1321219,77.0
1306385,61.0
1214892,53.0
1012223,15.0
1012796,6.0
1186478,5.0
1177094,7.0
1457543,6.0
1108074,3.0
1290739,103.0
1344972,6.0
1231701,18.0
1145461,3.0
1343214,8.0
1417586,2.0
1216445,8.0
1038515,3.0
1469225,5.0
1233265,3.0
1023128,2.0
1022666,2.0
1004861,1.0
1057866,1.0
1131945,0.0
1452189,2.0
1146544,12.0
1280430,8.0
1347452,15.0
1031550,5.0
1409674,27.0
1190359,23.0
1100243,34.0
1251987,5.0
1395115,6.0
1419892,2.0
1309802,2.0
1315565,3.0
1011431,38.0
1360395,5.0
1198164,61.0
1397697,34.0
1030043,66.0
1146386,31.0
1460793,57.0
1034396,15.0
1320225,3.0
1408916,4.0
1469466,9.0
1431729,2.0
1231336,5.0
1224074,10.0
1314415,11.0
1066921,6.0
1095956,5.0
1342491,82.0
1066966,5.0
1212086,36.0
1458276,12.0
1451275,3.0
1228325,21.0
1017003,5.0
1460578,21.0
1103548,10.0
1189524,9.0
1357978,6.0
1296165,6.0
1239496,10.0
1206974,7.0
1409375,10.0
1117850,4.0
1301923,7.0
1194246,20.0
1104238,18.0
1154202,48.0
1408076,8.0
1318176,27.0
1163395,20.0
1056504,23.0
1161761,6.0
1105904,4.0
1141487,8.0
1075862,2.0
1346579,1.0
1399099,2.0
1177653,21.0
1352739,4.0
1259088,26.0
1442417,29.0
1129092,96.0
1433256,38.0
1428618,33.0
1140091,11.0
1378464,2.0
1453052,6.0
1344819,5.0
1186118,3.0
1273489,6.0
1061010,7.0
1173849,16.0
1162057,9.0
1212088,4.0
1290337,79.0
1159873,10.0
1348207,43.0
1387870,23.0
1321428,3.0
1084998,23.0
1248628,5.0
1072275,29.0
1226730,6.0
1462210,22.0
1325789,7.0
1054203,5.0
1182553,12.0
1026839,19.0
1081522,8.0
1258270,5.0
1172895,3.0
1345101,15.0
1161412,9.0
1405455,31.0
1452797,9.0
1157059,19.0
1318066,12.0
1138796,22.0
1263582,3.0
1404472,6.0
1157876,9.0
1379636,3.0
1068805,1.0
1016807,2.0
1000676,18.0
1286428,3.0
1181776,26.0
1140748,30.0
1007954,93.0
1066516,27.0
1377806,21.0
1028515,12.0
1027927,4.0
1234523,6.0
1443212,10.0
1223343,6.0
1326018,7.0
1243384,14.0
1467883,8.0
1350057,7.0
1137868,3.0
1154753,81.0
1147640,6.0
1056169,23.0
1271089,9.0
1132057,3.0
1260301,15.0
1328386,3.0
1193606,20.0
1345609,5.0
1442509,6.0
1201477,6.0
1030952,4.0
1101383,7.0
1292183,8.0
1072438,8.0
1116941,3.0
1315063,5.0
1311587,14.0
1022356,12.0
1244185,22.0
1222397,6.0
1058795,24.0
1002024,23.0
1317279,25.0
1059608,6.0
1423308,8.0
1149289,12.0
1449312,3.0
1311771,4.0
1257120,5.0
1270468,33.0
1425735,9.0
1415719,56.0
1096120,108.0
1311241,186.0
1301225,57.0
1364210,69.0
1094824,18.0
1444827,3.0
1031762,6.0
1292487,21.0
1285608,2.0
1138545,2.0
1462560,6.0
1277817,5.0
1011147,6.0
1104246,1.0
1014805,50.0
1037403,2.0
1409992,6.0
1292279,2.0
1310410,10.0
1187836,3.0
1007863,4.0
1394243,4.0
1291795,3.0
1041104,4.0
1280710,2.0
1404708,3.0
1403662,3.0
1220645,4.0
1222494,7.0
1414132,8.0
1227746,19.0
1262326,6.0
1276990,32.0
1314618,29.0
1246524,25.0
1020324,13.0
1210046,5.0
1172117,11.0
1427601,2.0
1432286,2.0
1261103,2.0
1407615,21.0
1225403,6.0
1192898,23.0
1299106,39.0
1279384,78.0
1278204,60.0
1116596,53.0
1403784,16.0
1118068,6.0
1126357,5.0
1368863,7.0
1235116,6.0
1058609,3.0
1194895,99.0
1300655,6.0
1402805,17.0
1138505,3.0
1219810,8.0
1298494,2.0
1364423,8.0
1284677,3.0
1150394,5.0
1391199,3.0
1341435,2.0
1183810,2.0
1303070,1.0
1247376,1.0
1105489,0.0
1413019,2.0
1077470,11.0
1058775,7.0
1449113,14.0
1053055,5.0
1130377,28.0
1165912,24.0
1276953,34.0
1016736,5.0
1176030,6.0
1459467,3.0
1445405,2.0
1420614,3.0
1122217,40.0
1345083,6.0
1194941,64.0
1279299,36.0
1088174,70.0
1088369,32.0
1222271,59.0
1004784,15.0
1271890,3.0
1118658,4.0
1324407,10.0
1255482,3.0
1236723,6.0
1104623,11.0
1164920,12.0
1088839,7.0
1090794,5.0
1124562,83.0
1036608,5.0
1280602,36.0
1154457,11.0
1071060,3.0
1166220,22.0
1395073,5.0
1450067,21.0
1375224,10.0
1182326,9.0
1282438,7.0
1283038,5.0
1310825,10.0
1301107,7.0
1136506,10.0
1196869,5.0
1316508,7.0
1199769,20.0
1402701,18.0
1058718,50.0
1458187,9.0
1408021,29.0
1411069,22.0
1383266,24.0
1342637,6.0
1011066,4.0
1461002,9.0
1280971,2.0
1112565,1.0
1176702,2.0
1390737,21.0
1143099,4.0
1454514,26.0
1041130,28.0
1289556,97.0
1120857,38.0
1349081,33.0
1360150,11.0
1331127,2.0
1336168,6.0
1119043,5.0
1072982,4.0
1453398,6.0
1099277,7.0
1247813,17.0
1161087,9.0
1322849,3.0
1296340,77.0
1424535,10.0
1097774,41.0
1441516,20.0
1088247,3.0
1017863,23.0
1000552,4.0
1376299,29.0
1070828,5.0
1346261,21.0
1206211,7.0
1154531,5.0
1023476,11.0
1299908,20.0
1241060,8.0
1288733,5.0
1254388,3.0
1281257,14.0
1302247,9.0
1288212,30.0
1016284,9.0
1457411,20.0
1376093,12.0
1460746,22.0
1231727,3.0
1161765,8.0
1023758,11.0
1311012,3.0
1092257,1.0
1166359,2.0
1147181,20.0
1265719,3.0
1243283,30.0
1252156,31.0
1115299,97.0
1403332,28.0
1391741,23.0
1305185,14.0
1018152,5.0
1063425,6.0
1373044,12.0
1171380,6.0
1074906,9.0
1328823,14.0
1371669,9.0
1429197,8.0
1368978,3.0
1228072,86.0
1262317,7.0
1228760,25.0
1334638,11.0
1358243,3.0
1309560,17.0
1375899,3.0
1443404,21.0
1291509,6.0
1146703,7.0
1021576,6.0
1338487,4.0
1165865,9.0
1053821,9.0
1384517,10.0
1117894,3.0
1417154,6.0
1401840,17.0
1178378,13.0
1376980,25.0
1330147,7.0
1439991,27.0
1421417,25.0
1453636,27.0
1328293,7.0
1015885,9.0
1328591,15.0
1234147,4.0
1059297,4.0
1168642,6.0
1298445,37.0
1158812,9.0
1029324,61.0
1185697,109.0
1451473,186.0
1405278,59.0
1350296,72.0
1071817,20.0
1104064,4.0
1357922,5.0
1084286,28.0
1237100,3.0
1386499,2.0
1091571,6.0
1389142,6.0
1270969,6.0
1259230,1.0
1466893,50.0
1217348,2.0
1297649,6.0
1447346,2.0
1414380,10.0
1280288,3.0
1043445,4.0
1179591,4.0
1450708,3.0
1360734,4.0
1220689,2.0
1152495,4.0
1261359,3.0
1190726,5.0
1434997,7.0
1297216,8.0
1075936,21.0
1345103,7.0
1037160,34.0
1468789,29.0
1266641,26.0
1358517,17.0
1460742,3.0
1039402,6.0
1123959,1.0
1030188,1.0
1435038,1.0
1272102,11.0
1454239,3.0
1351495,12.0
1036021,18.0
1289006,37.0
1397411,30.0
1438179,27.0
1320648,8.0
1431967,3.0
1307431,2.0
1173301,3.0
1044282,3.0
1300548,1.0
1104057,48.0
1006873,3.0
1313256,8.0
1158616,1.0
1401190,4.0
1418254,1.0
1283040,4.0
1097229,1.0
1264575,2.0
1111980,1.0
1070710,1.0
1371523,1.0
1204638,1.0
1065491,0.0
1098576,0.0
1152216,1.0
1349560,6.0
1320406,4.0
1063170,8.0
1429419,3.0
1193266,13.0
1382333,11.0
1022961,17.0
1277961,6.0
1012876,7.0
1258706,3.0
1258978,3.0
1033237,4.0
1065555,42.0
1209500,6.0
1170268,69.0
1265508,35.0
1132591,68.0
1364495,32.0
1133032,61.0
1393498,16.0
1308130,4.0
1189426,3.0
1356607,10.0
1133717,3.0
1013033,6.0
1234516,11.0
1244842,12.0
1265164,7.0
1011191,5.0
1429585,82.0
1053637,5.0
1112140,36.0
1289654,12.0
1195221,3.0
1456011,23.0
1190026,5.0
1012471,22.0
1019382,10.0
1282509,10.0
1034592,6.0
1246781,6.0
1127300,12.0
1218250,8.0
1169996,12.0
1193582,5.0
1312793,8.0
1393467,21.0
1245768,18.0
1216676,52.0
1290408,10.0
1230439,30.0
1326605,22.0
1317892,24.0
1272918,6.0
1082215,5.0
1267903,10.0
1296703,2.0
1084500,1.0
1328401,3.0
1329448,22.0
1239806,4.0
1340834,28.0
1355611,27.0
1158913,91.0
1101256,37.0
1295602,33.0
1076249,11.0
1393799,3.0
1367039,5.0
1195342,6.0
1279255,4.0
1010694,6.0
1395397,7.0
1462322,16.0
1044990,8.0
1176840,3.0
1006194,72.0
1016211,10.0
1288945,40.0
1338350,21.0
1125356,3.0
1051697,23.0
1046967,4.0
1415360,28.0
1367444,5.0
1469325,22.0
1307464,6.0
1048938,5.0
1209567,12.0
1015569,19.0
1282773,9.0
1467887,5.0
1400279,3.0
1446397,15.0
1230563,9.0
1128688,31.0
1355454,9.0
1414088,20.0
1033332,12.0
1430606,21.0
1264613,4.0
1288223,9.0
1094885,12.0
1295232,4.0
1314815,2.0
1132807,3.0
1021747,20.0
1361810,4.0
1243333,30.0
1218776,33.0
1216004,98.0
1408263,28.0
1374208,22.0
1273939,13.0
1017852,6.0
1259710,9.0
1305287,14.0
1335928,7.0
1109408,8.0
1379602,14.0
1331374,9.0
1205477,7.0
1132457,3.0
1316804,87.0
1064576,7.0
1173770,25.0
1051194,11.0
1182581,3.0
1218114,17.0
1215401,3.0
1170230,19.0
1377165,5.0
1388101,7.0
1429095,6.0
1427520,4.0
1038979,9.0
1007805,9.0
1219873,10.0
1031999,3.0
1313265,6.0
1029200,18.0
1227383,15.0
1451441,27.0
1239162,8.0
1109858,28.0
1285890,27.0
1347982,27.0
1311355,9.0
1059858,10.0
1262474,15.0
1014074,4.0
1231518,5.0
1270909,6.0
1229908,35.0
1270030,9.0
1180719,58.0
1411411,110.0
1110462,175.0
1000769,55.0
1154918,67.0
1024871,18.0
1197840,4.0
1084152,7.0
1183020,29.0
1429574,2.0
1180400,2.0
1124447,6.0
1279271,5.0
1060877,5.0
1447889,1.0
1157890,49.0
1369430,2.0
1363436,6.0
1305889,2.0
1175418,9.0
1452370,2.0
1245305,4.0
1329282,4.0
1299892,3.0
1336066,4.0
1053471,2.0
1266964,4.0
1411706,3.0
1066803,5.0
1090542,8.0
1214444,9.0
1157238,21.0
1079839,7.0
1178278,33.0
1035173,30.0
1121009,24.0
1342012,18.0
1173375,3.0
1392085,7.0
1044601,1.0
1197673,1.0
1261982,1.0
1311715,10.0
1431914,2.0
1231847,11.0
1070408,18.0
1216516,33.0
1295510,27.0
1242614,24.0
1311812,7.0
1289746,3.0
1382776,2.0
1007428,3.0
1415315,2.0
1358565,1.0
1145238,46.0
1147478,3.0
1019029,8.0
1215287,1.0
1429724,4.0
1016796,1.0
1168462,3.0
1399498,1.0
1231606,2.0
1349471,1.0
1195402,1.0
1461003,1.0
1274115,0.0
1034468,0.0
1251806,0.0
1408999,1.0
1193168,6.0
1129003,4.0
1209622,7.0
1256620,3.0
1160329,13.0
1019205,11.0
1398986,15.0
1201543,7.0
1457480,8.0
1233081,4.0
1188335,3.0
1451872,4.0
1307543,43.0
1249548,6.0
1117926,70.0
1319455,39.0
1129805,70.0
1268118,32.0
1317876,62.0
1402765,16.0
1397448,4.0
1438653,5.0
1407147,13.0
1345369,3.0
1129745,6.0
1140313,11.0
1413864,13.0
1143689,7.0
1228881,5.0
1286613,86.0
1186374,6.0
1035573,37.0
1239045,12.0
1118960,3.0
1226329,23.0
1257093,5.0
1345168,20.0
1431458,10.0
1459148,10.0
1282146,7.0
1440559,6.0
1230382,11.0
1118543,7.0
1126946,12.0
1081036,5.0
1210718,8.0
1269838,24.0
1316014,21.0
1303913,58.0
1467315,11.0
1115572,31.0
1050647,24.0
1412370,25.0
1260954,8.0
1001110,6.0
1318598,13.0
1416321,2.0
1115043,1.0
1188991,3.0
1076769,24.0
1350353,4.0
1317682,30.0
1253511,32.0
1004829,99.0
1120297,40.0
1295239,36.0
1049195,12.0
1458417,4.0
1322046,9.0
1077590,8.0
1417350,5.0
1343089,7.0
1155471,8.0
1419781,18.0
1214421,9.0
1248603,4.0
1298163,81.0
1166027,11.0
1427132,43.0
1410519,23.0
1033078,3.0
1268045,25.0
1067099,5.0
1432528,28.0
1369047,6.0
1176908,24.0
1189202,7.0
1246088,5.0
1113316,13.0
1171833,21.0
1001351,9.0
1152267,5.0
1220395,4.0
1252602,18.0
1387591,11.0
1069014,36.0
1231906,11.0
1159991,22.0
1327940,14.0
1409039,24.0
1169823,5.0
1094736,10.0
1413256,14.0
1065899,4.0
1329151,2.0
1041623,3.0
1233798,22.0
1452367,4.0
1343968,34.0
1103223,35.0
1280576,97.0
1053343,30.0
1081834,23.0
1033537,14.0
1245739,6.0
1201563,7.0
1018843,13.0
1447385,5.0
1171814,8.0
1440923,16.0
1266664,9.0
1264865,8.0
1401099,3.0
1406665,90.0
1037917,7.0
1073999,25.0
1116292,11.0
1368294,2.0
1145825,16.0
1220794,3.0
1231991,20.0
1233806,6.0
1404989,7.0
1207927,6.0
1032413,4.0
1380429,9.0
1051477,9.0
1269810,9.0
1153962,3.0
1139142,7.0
1391525,18.0
1069814,7.0
1057475,13.0
1304795,8.0
1156274,27.0
1398447,25.0
1147250,29.0
1159279,8.0
1364978,13.0
1174916,20.0
1191065,6.0
1424005,6.0
1282624,9.0
1239213,43.0
1094163,10.0
1148317,70.0
1009179,122.0
1167052,189.0
1432753,63.0
1111668,74.0
1451164,21.0
1287926,5.0
1105620,7.0
1279359,33.0
1310716,3.0
1269992,2.0
1180013,7.0
1185669,6.0
1262715,6.0
1262085,1.0
1330119,54.0
1326265,3.0
1461673,6.0
1390079,2.0
1104896,10.0
1068657,3.0
1196980,4.0
1039400,5.0
1240077,3.0
1050143,4.0
1256558,2.0
1103642,4.0
1009410,3.0
1440776,5.0
1001265,9.0
1281180,5.0
1219736,11.0
1396889,8.0
1286921,35.0
1307514,31.0
1297688,28.0
1171519,21.0
1279792,3.0
1263139,6.0
1280424,1.0
1206643,1.0
1111030,1.0
1449860,9.0
1089911,2.0
1045564,10.0
1195197,14.0
1000336,26.0
1190642,22.0
1264156,19.0
1400939,6.0
1273808,2.0
1185580,2.0
1396972,3.0
1238122,2.0
1093119,1.0
1405423,38.0
1320047,2.0
1126867,6.0
1245165,1.0
1259166,3.0
1031874,0.0
1268308,3.0
1195829,1.0
1399008,2.0
1013369,1.0
1355694,1.0
1269766,0.0
1385248,0.0
1005262,0.0
1450671,0.0
1176533,1.0
1387618,5.0
1058596,1.0
1156438,3.0
1024841,2.0
1314664,10.0
1419232,8.0
1400345,12.0
1344504,7.0
1312787,8.0
1009277,3.0
1060213,3.0
1446549,4.0
1424024,43.0
1221833,6.0
1048651,74.0
1179244,37.0
1429107,65.0
1173347,32.0
1246911,59.0
1266683,15.0
1085369,4.0
1343393,4.0
1411555,11.0
1442171,3.0
1339997,6.0
1453102,11.0
1429460,12.0
1154120,6.0
1137518,5.0
1236149,82.0
1403874,5.0
1124934,34.0
1204089,12.0
1318864,2.0
1162413,21.0
1022181,4.0
1001323,19.0
1219771,10.0
1374951,9.0
1015027,6.0
1434912,5.0
1075499,10.0
1083530,7.0
1058071,11.0
1058579,4.0
1314789,8.0
1174637,22.0
1273992,9.0
1082575,26.0
1292177,11.0
1305887,28.0
1202109,21.0
1190785,25.0
1062849,7.0
1172882,6.0
1076639,13.0
1252586,3.0
1137507,2.0
1328836,4.0
1464368,25.0
1055261,5.0
1032958,32.0
1031737,32.0
1288005,95.0
1461933,41.0
1418827,35.0
1130618,12.0
1013607,3.0
1306654,7.0
1052349,8.0
1261304,3.0
1120987,7.0
1256540,8.0
1052671,18.0
1393828,9.0
1193094,4.0
1418899,80.0
1241660,11.0
1368354,41.0
1161880,22.0
1467393,3.0
1333223,23.0
1408842,4.0
1029815,27.0
1363487,6.0
1213949,22.0
1220003,7.0
1123293,5.0
1318468,12.0
1422833,20.0
1137293,9.0
1016343,5.0
1336941,4.0
1221289,17.0
1331329,5.0
1370051,17.0
1102238,11.0
1346777,21.0
1441822,13.0
1365377,24.0
1265131,5.0
1302688,11.0
1328276,16.0
1062803,5.0
1350932,2.0
1446849,4.0
1212534,24.0
1404666,5.0
1016440,37.0
1324595,36.0
1222255,103.0
1269529,31.0
1268784,25.0
1022858,16.0
1079527,8.0
1258586,12.0
1398866,15.0
1131164,6.0
1086623,9.0
1209839,17.0
1015824,10.0
1331083,9.0
1359279,4.0
1014575,96.0
1432796,7.0
1288269,29.0
1441291,13.0
1320131,3.0
1279721,19.0
1398588,3.0
1468867,22.0
1354044,6.0
1114209,8.0
1259002,7.0
1093023,5.0
1321504,9.0
1301822,10.0
1142269,11.0
1370461,4.0
1207590,8.0
1070046,21.0
1365807,9.0
1285373,14.0
1019096,10.0
1071250,29.0
1171908,28.0
1065751,29.0
1307737,10.0
1308702,8.0
1463211,11.0
1257023,3.0
1077545,4.0
1423062,5.0
1060826,24.0
1114582,6.0
1372434,41.0
1204282,67.0
1026341,106.0
1379112,33.0
1206358,42.0
1193072,12.0
1284157,3.0
1103013,6.0
1324680,19.0
1309561,2.0
1027971,1.0
1335111,4.0
1458424,3.0
1130777,4.0
1258189,1.0
1358507,30.0
1299823,1.0
1041264,4.0
1253982,1.0
1273765,6.0
1422577,2.0
1027139,2.0
1095461,3.0
1418596,2.0
1460626,2.0
1146891,1.0
1154258,2.0
1209511,2.0
1427282,3.0
1006628,5.0
1420194,3.0
1190264,6.0
1140963,5.0
1226373,19.0
1058452,17.0
1230071,15.0
1395750,12.0
1436158,3.0
1088464,6.0
1179611,1.0
1387524,1.0
1250942,1.0
1424641,8.0
1153511,2.0
1351422,10.0
1072167,13.0
1274080,24.0
1081214,20.0
1241289,18.0
1072988,5.0
1421851,2.0
1260573,2.0
1394222,2.0
1261816,2.0
1469639,1.0
1084675,35.0
1076733,2.0
1291535,6.0
1392044,1.0
1349083,3.0
1002753,0.0
1080881,3.0
1159040,1.0
1275685,2.0
1365532,1.0
1101980,1.0
1069399,0.0
1216540,0.0
1085383,0.0
1233551,0.0
1063382,1.0
1155523,5.0
1078999,2.0
1081134,3.0
1262565,2.0
1106073,9.0
1376889,8.0
1274700,11.0
1087454,9.0
1399954,10.0
1369132,4.0
1262344,4.0
1287568,6.0
1276370,51.0
1268306,8.0
1250201,89.0
1404871,41.0
1194592,73.0
1303631,35.0
1280692,68.0
1163292,18.0
1438254,5.0
1203841,7.0
1054296,14.0
1278622,4.0
1127458,6.0
1198253,13.0
1000595,14.0
1034244,8.0
1161105,6.0
1256614,93.0
1271809,6.0
1455550,42.0
1356792,15.0
1359029,3.0
1153633,26.0
1222351,5.0
1368074,22.0
1146235,11.0
1097626,11.0
1357722,7.0
1207261,6.0
1219531,12.0
1060989,8.0
1224916,13.0
1179249,5.0
1200124,10.0
1081622,28.0
1351322,12.0
1094719,29.0
1177926,13.0
1464274,32.0
1312010,25.0
1045801,27.0
1130730,9.0
1027776,8.0
1105162,16.0
1329324,3.0
1092290,2.0
1259549,5.0
1203926,30.0
1372122,6.0
1308647,40.0
1264619,36.0
1052821,110.0
1277025,46.0
1032457,42.0
1112600,15.0
1367263,5.0
1120140,11.0
1175824,9.0
1338858,4.0
1326412,7.0
1314521,9.0
1054392,21.0
1298769,11.0
1112782,5.0
1117188,92.0
1208136,12.0
1005678,52.0
1186973,28.0
1053444,4.0
1281360,29.0
1305564,5.0
1007305,33.0
1323458,7.0
1016863,26.0
1357269,8.0
1100177,6.0
1436757,14.0
1309101,24.0
1274842,11.0
1275531,6.0
1020719,5.0
1331021,22.0
1418509,7.0
1267951,20.0
1067863,13.0
1078693,24.0
1179833,15.0
1086965,27.0
1090231,6.0
1374174,12.0
1213314,21.0
1099434,5.0
1017179,2.0
1182717,4.0
1209522,27.0
1318879,5.0
1444701,38.0
1376670,40.0
1214629,106.0
1136595,33.0
1433340,26.0
1159242,18.0
1188450,11.0
1430446,11.0
1357323,16.0
1076224,7.0
1121411,9.0
1018460,19.0
1045476,11.0
1105006,9.0
1103278,4.0
1312430,102.0
1223170,8.0
1061152,31.0
1307189,13.0
1216741,3.0
1339700,21.0
1205854,3.0
1072037,29.0
1190749,8.0
1394467,10.0
1079529,10.0
1385249,6.0
1257343,20.0
1304994,21.0
1403113,21.0
1381707,8.0
1263898,8.0
1311499,22.0
1329452,9.0
1125933,16.0
1349240,10.0
1265685,30.0
1178340,30.0
1108563,32.0
1276766,10.0
1131417,6.0
1173886,11.0
1082341,3.0
1049598,3.0
1059565,4.0
1240731,20.0
1177641,5.0
1108603,33.0
1310089,58.0
1382570,84.0
1033375,28.0
1223721,35.0
1275555,10.0
1054089,3.0
1146344,5.0
1184043,17.0
1432382,2.0
1409923,1.0
1206408,3.0
1114543,3.0
1371795,3.0
1163903,1.0
1212373,25.0
1424195,1.0
1206352,3.0
1375876,1.0
1239684,6.0
1265556,1.0
1255709,2.0
1076094,3.0
1414559,2.0
1298133,4.0
1438269,2.0
1163839,4.0
1429091,3.0
1447678,3.0
1396697,4.0
1432946,5.0
1030080,5.0
1205703,8.0
1381801,15.0
1424382,14.0
1339994,13.0
1346227,11.0
1303767,3.0
1271499,7.0
1303276,1.0
1028068,1.0
1239631,1.0
1222651,9.0
1195567,2.0
1255822,9.0
1066694,14.0
1061942,24.0
1059152,20.0
1210663,18.0
1054507,6.0
1159928,2.0
1281573,2.0
1293853,2.0
1396817,2.0
1371158,1.0
1051675,34.0
1401988,2.0
1347046,6.0
1217320,1.0
1438284,3.0
1420259,0.0
1092739,3.0
1396489,1.0
1194725,2.0
1361611,1.0
1113711,1.0
1403440,1.0
1028074,1.0
1117403,1.0
1095203,0.0
1319178,1.0
1303176,5.0
1100708,1.0
1201573,3.0
1114914,2.0
1240764,9.0
1270312,8.0
1418017,11.0
1464123,9.0
1303609,13.0
1391215,5.0
1008035,4.0
1369436,6.0
1444468,51.0
1127874,8.0
1461291,83.0
1013561,43.0
1326670,68.0
1000092,35.0
1315250,66.0
1445788,19.0
1018902,7.0
1173188,7.0
1179723,13.0
1071115,5.0
1278181,6.0
1083818,13.0
1254630,14.0
1448276,7.0
1410149,7.0
1231919,90.0
1188296,6.0
1069812,42.0
1433274,14.0
1078675,3.0
1366971,26.0
1068449,5.0
1086571,26.0
1211298,13.0
1314242,13.0
1340254,9.0
1269929,7.0
1290194,24.0
1362878,16.0
1124440,24.0
1468883,10.0
1463682,10.0
1188729,27.0
1105741,22.0
1310449,30.0
1172191,25.0
1412055,30.0
1392493,24.0
1124630,27.0
1455225,8.0
1346847,9.0
1432044,22.0
1115174,4.0
1129898,2.0
1343123,5.0
1245311,33.0
1419547,6.0
1304319,41.0
1392002,40.0
1177573,112.0
1255721,49.0
1163321,44.0
1252470,17.0
1070971,7.0
1330206,12.0
1139090,10.0
1335674,5.0
1083627,8.0
1210978,10.0
1108515,23.0
1094112,11.0
1362346,5.0
1337551,98.0
1227740,13.0
1155126,56.0
1356763,29.0
1396555,4.0
1293641,32.0
1433803,5.0
1196360,43.0
1381092,9.0
1306866,34.0
1331264,11.0
1382548,7.0
1401602,30.0
1100764,51.0
1253072,22.0
1429203,14.0
1002090,5.0
1192605,23.0
1278299,13.0
1103733,22.0
1067042,27.0
1059918,25.0
1125697,16.0
1117417,29.0
1310540,6.0
1143753,14.0
1154658,19.0
1265185,6.0
1040632,3.0
1196899,4.0
1162299,26.0
1204441,5.0
1022872,31.0
1345625,37.0
1431074,95.0
1419285,31.0
1312875,24.0
1084304,17.0
1129101,9.0
1386055,9.0
1280875,15.0
1457949,7.0
1274289,9.0
1308949,17.0
1019034,10.0
1173184,9.0
1338697,3.0
1067499,93.0
1194708,7.0
1347277,26.0
1439157,11.0
1192850,3.0
1216027,17.0
1462698,3.0
1417245,6.0
1254374,24.0
1425182,6.0
1198122,8.0
1070769,8.0
1078995,5.0
1002232,14.0
1030940,14.0
1179464,15.0
1147345,6.0
1364659,7.0
1410848,20.0
1213227,8.0
1160319,15.0
1048288,9.0
1389136,27.0
1280782,26.0
1071569,30.0
1126728,9.0
1266623,17.0
1091961,23.0
1431973,7.0
1431070,8.0
1231175,10.0
1319618,44.0
1087096,10.0
1407930,57.0
1190783,117.0
1038823,168.0
1455972,59.0
1294364,71.0
1232499,22.0
1174813,6.0
1265679,8.0
1254606,29.0
1392315,4.0
1000007,2.0
1394749,7.0
1278067,6.0
1195756,6.0
1255926,1.0
1175030,51.0
1347563,2.0
1246425,6.0
1303669,2.0
1097683,3.0
1212899,11.0
1000627,3.0
1028498,4.0
1090556,5.0
1344773,3.0
1043713,6.0
1462616,3.0
1349428,6.0
1189889,4.0
1051633,5.0
1115660,8.0
1158012,10.0
1221440,11.0
1005282,15.0
1352630,32.0
1070200,28.0
1282789,26.0
1324945,18.0
1427227,4.0
1027818,9.0
1437667,2.0
1448229,2.0
1136681,1.0
1265944,11.0
1387626,3.0
1375081,9.0
1181828,16.0
1350850,27.0
1049366,25.0
1120123,21.0
1088130,7.0
1345749,3.0
1361393,2.0
1101606,3.0
1315109,2.0
1059048,1.0
1217194,42.0
1193189,2.0
1413194,7.0
1078854,1.0
1441020,4.0
1248195,0.0
1466321,1.0
1147273,4.0
1338468,1.0
1330076,2.0
1061517,1.0
1437284,1.0
1366460,1.0
1180835,1.0
1416163,1.0
1264002,0.0
1458241,1.0
1009351,6.0
1399539,2.0
1411877,4.0
1060812,3.0
1037979,11.0
1268446,9.0
1295981,14.0
1023526,10.0
1351165,12.0
1340333,5.0
1281262,5.0
1396653,6.0
1035810,51.0
1101015,8.0
1203932,68.0
1102557,40.0
1215165,65.0
1248472,34.0
1058671,64.0
1435641,19.0
1389146,6.0
1027566,6.0
1291341,13.0
1048400,5.0
1216196,6.0
1009458,13.0
1258779,14.0
1016077,7.0
1431802,6.0
1313291,86.0
1464436,5.0
1242741,37.0
1366715,12.0
1006912,2.0
1454691,23.0
1021558,4.0
1424648,6.0
1395583,24.0
1210675,11.0
1387598,10.0
1108745,8.0
1295040,6.0
1078956,17.0
1223683,11.0
1094586,18.0
1178621,7.0
1356527,9.0
1399439,25.0
1440497,23.0
1281669,29.0
1291493,23.0
1135214,29.0
1209210,22.0
1379657,26.0
1167660,8.0
1131014,9.0
1142587,19.0
1350501,4.0
1321707,2.0
1098739,5.0
1071217,30.0
1145206,6.0
1201422,30.0
1289211,34.0
1181919,95.0
1460715,43.0
1234597,38.0
1345318,15.0
1257709,5.0
1068413,10.0
1099619,8.0
1385702,4.0
1058582,7.0
1393993,9.0
1273690,20.0
1452914,10.0
1322824,4.0
1102226,84.0
1395263,11.0
1022831,44.0
1417928,22.0
1233918,3.0
1386549,25.0
1284344,4.0
1392277,7.0
1085422,34.0
1467030,7.0
1128860,25.0
1229789,8.0
1098171,6.0
1149974,20.0
1253974,32.0
1238702,15.0
1171266,9.0
1040561,4.0
1385143,19.0
1342330,13.0
1056263,19.0
1349036,23.0
1186326,21.0
1206069,13.0
1348687,26.0
1028396,5.0
1060394,13.0
1188882,19.0
1454472,5.0
1119724,2.0
1265641,4.0
1268000,25.0
1106088,4.0
1335255,29.0
1229879,33.0
1406990,92.0
1129949,30.0
1398175,23.0
1367246,16.0
1008705,9.0
1214253,11.0
1261772,18.0
1310637,7.0
1185093,8.0
1351545,15.0
1291549,10.0
1273322,8.0
1068913,3.0
1328834,86.0
1320773,7.0
1458990,24.0
1082357,10.0
1338595,2.0
1314357,16.0
1187462,3.0
1168853,8.0
1247576,18.0
1120387,5.0
1409137,6.0
1020580,6.0
1064482,4.0
1251671,7.0
1183376,7.0
1104691,8.0
1093532,3.0
1364891,7.0
1279562,19.0
1320967,8.0
1137834,14.0
1454324,9.0
1139458,25.0
1421443,23.0
1354382,29.0
1129115,11.0
1318255,15.0
1297174,24.0
1232316,6.0
1316074,7.0
1416679,10.0
1016549,46.0
1367074,10.0
1320129,58.0
1115703,110.0
1259198,172.0
1355563,60.0
1197296,70.0
1184194,22.0
1316857,6.0
1238325,10.0
1187074,38.0
1315800,4.0
1106824,2.0
1115287,6.0
1024157,6.0
1187033,6.0
1097800,2.0
1228015,50.0
1287983,2.0
1446434,6.0
1387622,2.0
1321131,4.0
1203011,9.0
1333318,2.0
1212895,3.0
1148929,4.0
1413356,3.0
1058127,3.0
1140570,2.0
1411843,3.0
1421175,2.0
1441401,6.0
1338868,9.0
1213969,10.0
1191427,11.0
1263172,18.0
1390415,31.0
1284812,28.0
1268658,27.0
1202395,24.0
1239443,4.0
1402706,9.0
1109830,1.0
1440010,1.0
1428736,1.0
1017772,11.0
1446534,2.0
1396603,9.0
1254793,15.0
1238884,28.0
1212061,24.0
1449343,20.0
1016740,7.0
1266628,2.0
1127381,2.0
1291743,3.0
1126841,2.0
1256588,1.0
1035215,39.0
1092048,2.0
1413670,6.0
1455929,1.0
1163194,3.0
1045864,0.0
1160941,1.0
1226692,3.0
1274541,1.0
1273399,2.0
1137780,1.0
1376882,1.0
1296967,0.0
1090455,0.0
1139513,0.0
1402365,0.0
1411206,1.0
1124471,6.0
1129510,2.0
1205831,4.0
1222599,3.0
1146822,10.0
1267837,8.0
1018119,13.0
1235631,10.0
1298004,13.0
1270512,5.0
1213833,5.0
1221564,7.0
1266719,55.0
1318363,8.0
1281102,69.0
1302920,38.0
1222736,66.0
1029480,35.0
1420894,63.0
1262475,20.0
1101988,7.0
1288758,7.0
1358440,18.0
1251684,5.0
1106209,6.0
1078791,12.0
1206292,14.0
1067111,7.0
1228079,6.0
1320243,86.0
1242450,5.0
1285772,36.0
1392501,11.0
1096594,2.0
1180460,22.0
1163811,4.0
1172736,9.0
1113162,19.0
1195284,9.0
1309212,8.0
1370645,6.0
1323935,5.0
1229754,9.0
1375962,6.0
1015512,10.0
1012842,4.0
1456425,10.0
1064824,25.0
1081289,24.0
1251368,31.0
1194367,27.0
1034019,28.0
1330121,21.0
1209595,27.0
1073872,11.0
1379759,8.0
1289942,18.0
1147363,3.0
1333818,2.0
1459030,5.0
1340595,28.0
1112499,5.0
1031201,27.0
1399860,29.0
1380222,86.0
1274035,39.0
1291333,33.0
1383540,13.0
1404753,5.0
1216333,10.0
1422126,9.0
1254170,4.0
1284681,6.0
1371522,7.0
1357792,18.0
1039911,9.0
1124723,4.0
1246462,74.0
1447367,10.0
1401956,39.0
1397994,18.0
1074101,3.0
1464805,22.0
1197146,4.0
1462030,9.0
1331117,24.0
1254956,5.0
1047092,19.0
1090704,6.0
1372545,4.0
1187603,10.0
1091551,16.0
1279262,7.0
1032363,4.0
1274314,4.0
1123391,17.0
1013814,11.0
1194587,18.0
1251152,24.0
1287687,18.0
1306069,11.0
1121938,23.0
1258524,6.0
1317564,16.0
1075490,23.0
1403132,6.0
1159812,2.0
1204393,4.0
1155124,26.0
1028039,6.0
1066325,33.0
1328219,38.0
1403254,99.0
1202661,33.0
1397723,25.0
1167388,20.0
1060608,10.0
1438413,8.0
1081444,12.0
1353169,8.0
1347526,9.0
1305664,16.0
1336927,10.0
1459978,8.0
1132493,3.0
1456222,88.0
1413920,7.0
1165486,24.0
1004291,10.0
1442865,2.0
1314603,16.0
1344205,3.0
1292848,7.0
1466819,19.0
1345193,5.0
1093329,6.0
1337285,6.0
1164972,4.0
1000875,8.0
1196058,8.0
1426857,8.0
1120554,3.0
1015238,8.0
1187137,20.0
1226139,8.0
1014505,15.0
1385264,10.0
1027988,26.0
1058517,24.0
1464924,32.0
1274328,8.0
1288580,22.0
1436647,33.0
1264360,8.0
1148394,8.0
1007275,12.0
1000652,52.0
1245925,16.0
1432996,72.0
1248610,138.0
1139049,197.0
1270681,71.0
1273288,83.0
1192520,31.0
1118681,8.0
1363623,9.0
1174698,30.0
1314281,6.0
1350528,3.0
1129299,7.0
1043471,7.0
1371467,7.0
1077648,2.0
1456586,55.0
1445186,3.0
1010700,6.0
1356663,2.0
1088770,4.0
1258888,10.0
1204129,3.0
1276987,4.0
1059173,4.0
1085832,3.0
1286564,4.0
1159992,2.0
1147335,4.0
1460747,3.0
1024195,7.0
1110499,10.0
1007486,6.0
1375206,13.0
1145834,9.0
1086624,35.0
1184443,31.0
1095345,33.0
1271256,19.0
1450736,5.0
1418579,11.0
1060997,2.0
1225897,1.0
1287025,1.0
1107604,12.0
1156823,3.0
1353675,10.0
1015255,17.0
1267482,29.0
1048831,27.0
1130294,22.0
1217943,8.0
1031580,3.0
1463713,2.0
1443689,3.0
1052811,2.0
1053874,1.0
1443107,40.0
1435039,2.0
1372639,6.0
1250180,1.0
1202669,3.0
1227783,0.0
1281828,1.0
1193683,3.0
1393107,1.0
1023490,2.0
1115300,1.0
1098965,1.0
1032695,0.0
1023149,0.0
1340316,0.0
1242100,0.0
1379231,1.0
1230393,6.0
1126587,2.0
1456051,4.0
1352556,3.0
1141411,10.0
1101090,9.0
1370328,15.0
1020870,13.0
1411504,15.0
1012089,5.0
1390807,5.0
1379133,6.0
1217831,54.0
1256717,10.0
1021946,75.0
1341314,42.0
1426303,68.0
1074449,37.0
1216404,66.0
1148625,23.0
1396397,7.0
1254814,5.0
1204665,12.0
1299487,6.0
1455672,6.0
1017009,12.0
1420461,14.0
1115472,7.0
1441140,6.0
1114409,84.0
1212681,5.0
1178275,35.0
1315967,11.0
1376529,2.0
1131406,22.0
1182443,5.0
1136815,7.0
1293765,19.0
1231744,9.0
1050125,8.0
1009771,6.0
1145511,5.0
1357503,10.0
1201265,7.0
1084427,10.0
1190703,4.0
1058475,10.0
1182416,25.0
1351009,11.0
1425913,32.0
1121019,12.0
1093296,28.0
1191080,21.0
1182698,28.0
1042186,7.0
1207282,10.0
1390069,22.0
1427017,4.0
1025957,2.0
1159061,5.0
1347342,29.0
1317419,7.0
1245482,32.0
1059147,34.0
1010656,96.0
1048481,44.0
1067731,37.0
1328369,17.0
1218717,6.0
1234206,8.0
1279466,7.0
1180853,5.0
1367822,7.0
1213006,8.0
1426224,20.0
1435755,10.0
1443955,4.0
1102472,78.0
1237761,10.0
1164711,40.0
1296608,21.0
1266922,3.0
1359671,23.0
1308816,4.0
1274508,7.0
1418910,26.0
1398178,5.0
1152561,20.0
1115240,7.0
1433892,4.0
1016406,11.0
1301046,18.0
1451496,8.0
1267673,5.0
1047651,5.0
1101468,19.0
1214375,6.0
1244020,19.0
1062383,11.0
1107108,20.0
1380741,12.0
1376025,27.0
1107223,4.0
1193255,17.0
1407619,28.0
1277160,7.0
1354254,3.0
1224121,5.0
1101841,32.0
1045458,7.0
1095168,38.0
1025833,43.0
1152219,107.0
1041234,38.0
1341869,28.0
1324670,23.0
1442908,13.0
1177664,10.0
1308569,20.0
1391826,9.0
1436216,10.0
1322424,18.0
1257953,12.0
1281446,10.0
1022335,4.0
1007220,96.0
1067300,8.0
1159760,26.0
1271725,10.0
1348281,3.0
1032705,18.0
1083085,3.0
1417173,10.0
1390980,21.0
1412349,6.0
1350307,7.0
1302638,7.0
1360583,4.0
1424903,9.0
1443509,9.0
1253100,9.0
1143017,4.0
1102980,10.0
1118631,60.0
1105309,25.0
1110824,17.0
1195821,30.0
1061398,30.0
1421993,28.0
1120916,35.0
1270313,12.0
1066309,21.0
1223457,37.0
1395079,9.0
1463253,9.0
1117522,12.0
1100963,60.0
1185377,15.0
1192656,73.0
1074604,145.0
1099716,198.0
1433432,74.0
1422306,84.0
1044019,30.0
1042848,9.0
1283375,10.0
1282248,45.0
1050923,6.0
1259784,3.0
1106096,7.0
1291750,7.0
1083226,7.0
1033658,2.0
1050184,55.0
1022550,3.0
1179364,6.0
1050733,2.0
1404966,5.0
1341080,10.0
1053615,3.0
1459254,4.0
1265146,5.0
1259727,3.0
1102525,4.0
1460484,2.0
1068545,4.0
1418963,3.0
1196210,7.0
1466363,26.0
1419831,15.0
1421516,14.0
1299332,27.0
1205220,36.0
1356083,32.0
1252911,32.0
1059841,27.0
1273485,5.0
1057210,14.0
1333863,2.0
1002410,2.0
1139096,2.0
1037982,15.0
1468975,4.0
1314937,13.0
1102501,22.0
1315851,35.0
1202606,34.0
1018823,27.0
1336940,11.0
1356906,3.0
1433493,3.0
1273300,4.0
1442885,3.0
1244521,1.0
1446716,48.0
1081419,3.0
1313017,8.0
1413370,1.0
1352570,4.0
1181714,1.0
1221900,2.0
1378871,3.0
1100612,1.0
1244483,2.0
1230905,1.0
1430764,1.0
1150902,1.0
1332759,0.0
1385765,0.0
1409916,0.0
1218806,1.0
1180906,19.0
1172124,6.0
1092500,5.0
1118346,10.0
1194453,13.0
1417674,11.0
1448696,18.0
1417761,11.0
1222015,15.0
1120369,6.0
1059210,5.0
1298510,6.0
1242033,58.0
1062698,10.0
1349951,76.0
1258720,43.0
1441720,68.0
1084626,38.0
1366189,66.0
1330115,22.0
1244435,8.0
1349115,4.0
1266539,15.0
1109154,6.0
1406158,6.0
1454938,12.0
1448435,14.0
1086984,7.0
1131339,6.0
1123946,82.0
1262095,5.0
1199180,35.0
1178993,10.0
1184831,2.0
1208964,22.0
1238251,4.0
1314459,9.0
1298060,19.0
1217397,9.0
1434796,8.0
1271798,6.0
1320242,5.0
1202878,10.0
1161113,7.0
1336986,10.0
1265359,4.0
1138403,10.0
1013259,67.0
1357278,29.0
1447967,31.0
1207986,34.0
1223508,29.0
1136032,22.0
1316111,28.0
1115938,9.0
1045004,10.0
1162003,25.0
1380160,4.0
1012474,2.0
1130883,6.0
1144988,34.0
1036202,7.0
1035600,34.0
1163493,37.0
1154490,98.0
1320296,48.0
1030905,39.0
1087422,18.0
1043132,7.0
1230640,8.0
1067287,10.0
1300431,5.0
1086483,7.0
1268693,8.0
1034309,20.0
1288359,10.0
1356157,4.0
1036985,80.0
1360968,11.0
1403134,42.0
1320584,19.0
1396027,3.0
1002846,24.0
1423794,4.0
1323413,10.0
1074316,27.0
1085279,6.0
1460008,20.0
1305055,7.0
1093961,5.0
1405326,12.0
1206473,19.0
1287210,8.0
1316308,5.0
1138646,5.0
1240159,51.0
1012050,16.0
1432445,20.0
1205520,34.0
1019394,21.0
1361765,13.0
1185593,27.0
1301424,6.0
1365893,23.0
1049191,30.0
1374468,8.0
1086439,3.0
1366448,6.0
1274248,37.0
1166148,9.0
1098933,51.0
1355113,53.0
1211827,114.0
1227663,43.0
1241013,32.0
1245879,29.0
1217006,14.0
1460020,10.0
1124173,17.0
1107455,9.0
1447321,13.0
1010685,20.0
1037322,13.0
1229428,11.0
1213558,4.0
1038773,106.0
1377361,9.0
1451056,28.0
1389336,11.0
1289669,2.0
1011242,18.0
1140811,3.0
1242043,13.0
1384947,18.0
1137400,5.0
1075244,7.0
1174810,6.0
1174601,4.0
1315867,9.0
1151222,9.0
1063638,10.0
1216560,4.0
1203482,10.0
1157481,67.0
1204405,25.0
1151585,19.0
1371951,33.0
1414341,30.0
1435686,28.0
1259928,40.0
1055260,10.0
1009599,29.0
1431398,40.0
1236300,11.0
1375469,11.0
1007700,15.0
1155609,71.0
1058945,22.0
1134435,103.0
1150402,183.0
1387845,216.0
1092242,87.0
1131252,101.0
1079688,41.0
1190586,10.0
1086846,10.0
1045436,38.0
1067150,7.0
1354184,4.0
1380791,8.0
1305298,8.0
1420283,9.0
1143122,2.0
1308889,62.0
1129941,3.0
1429729,7.0
1001659,2.0
1170459,7.0
1465058,9.0
1023980,3.0
1221886,4.0
1433749,4.0
1317373,3.0
1308912,4.0
1132766,2.0
1392048,4.0
1413139,3.0
1312154,8.0
1020997,30.0
1131656,15.0
1393381,15.0
1154008,30.0
1241548,37.0
1048551,34.0
1355386,38.0
1320711,23.0
1460452,6.0
1039315,12.0
1450082,2.0
1066529,2.0
1077008,2.0
1227255,14.0
1317952,5.0
1077921,14.0
1065616,22.0
1205806,31.0
1398707,31.0
1037726,25.0
1193862,11.0
1106414,3.0
1284809,2.0
1093175,4.0
1136732,3.0
1413517,1.0
1383120,43.0
1263572,3.0
1000483,6.0
1134269,1.0
1051096,3.0
1409608,0.0
1124751,2.0
1105740,2.0
1232632,1.0
1388013,2.0
1028159,1.0
1238171,1.0
1414113,0.0
1013935,0.0
1209968,0.0
1259729,0.0
1201496,1.0
1391628,18.0
1047656,5.0
1091307,4.0
1397119,9.0
1083817,10.0
1448584,9.0
1265463,16.0
1194753,18.0
1076539,20.0
1218906,8.0
1068664,7.0
1276496,9.0
1335997,78.0
1238221,15.0
1101843,116.0
1323893,63.0
1134313,82.0
1224946,50.0
1336573,88.0
1002889,35.0
1304753,10.0
1080668,6.0
1436471,16.0
1291771,7.0
1096864,9.0
1193376,15.0
1206814,18.0
1160493,10.0
1254614,8.0
1199463,102.0
1312873,7.0
1436703,40.0
1432910,12.0
1277333,2.0
1274870,24.0
1292090,5.0
1032065,15.0
1212350,19.0
1446793,9.0
1046101,9.0
1075890,6.0
1369528,5.0
1277014,11.0
1280454,8.0
1093357,12.0
1330790,5.0
1456418,12.0
1109511,87.0
1105422,35.0
1168846,39.0
1386780,44.0
1195426,33.0
1463912,25.0
1390562,37.0
1040687,9.0
1056825,15.0
1321832,30.0
1131110,5.0
1284108,3.0
1140755,8.0
1329443,43.0
1015408,10.0
1217870,50.0
1181405,49.0
1460077,114.0
1276542,60.0
1016099,50.0
1361021,27.0
1060675,8.0
1349486,10.0
1396175,10.0
1178313,6.0
1135545,10.0
1426475,10.0
1328557,26.0
1456488,13.0
1140146,5.0
1209046,95.0
1281575,14.0
1037681,47.0
1116962,21.0
1369736,3.0
1346054,26.0
1338690,5.0
1425000,17.0
1403572,26.0
1420983,5.0
1090753,21.0
1065100,7.0
1311613,5.0
1264560,12.0
1399236,22.0
1254129,9.0
1286505,6.0
1069036,6.0
1398612,62.0
1000896,17.0
1066556,24.0
1469081,40.0
1466109,23.0
1120952,14.0
1125899,35.0
1041328,6.0
1097419,27.0
1288903,38.0
1161886,11.0
1275212,5.0
1463673,8.0
1427898,45.0
1029948,14.0
1419760,66.0
1439313,59.0
1167350,131.0
1025607,52.0
1112780,40.0
1259944,35.0
1422204,18.0
1245759,13.0
1125908,18.0
1095839,12.0
1018522,15.0
1144968,25.0
1099902,15.0
1466265,14.0
1385537,5.0
1419559,122.0
1283602,11.0
1106135,32.0
1051110,12.0
1110061,3.0
1180260,21.0
1029362,4.0
1316664,18.0
1162325,24.0
1277206,6.0
1342181,8.0
1375522,7.0
1068248,5.0
1293746,12.0
1373290,12.0
1266736,13.0
1277429,5.0
1033865,13.0
1253166,78.0
1370513,28.0
1099334,23.0
1422124,39.0
1161560,37.0
1391941,32.0
1218454,48.0
1074160,12.0
1207549,16.0
1072114,25.0
1091616,7.0
1400253,7.0
1251465,10.0
1077781,41.0
1220184,15.0
1255372,62.0
1359319,95.0
1148879,119.0
1115606,48.0
1164588,59.0
1200479,23.0
1145881,6.0
1142187,6.0
1399781,19.0
1277278,4.0
1219399,2.0
1370332,5.0
1394409,4.0
1145607,5.0
1406571,1.0
1357389,34.0
1107765,2.0
1199311,4.0
1355915,1.0
1172043,3.0
1025049,5.0
1127901,1.0
1388521,2.0
1246173,2.0
1242688,1.0
1364090,2.0
1410483,1.0
1259075,2.0
1334816,2.0
1118034,5.0
1064771,17.0
1150634,8.0
1259637,9.0
1007230,18.0
1390327,21.0
1187136,18.0
1332342,21.0
1262777,12.0
1320046,5.0
1129303,12.0
1468761,2.0
1122377,2.0
1325795,2.0
1309397,13.0
1223781,5.0
1289725,14.0
1207222,19.0
1075536,28.0
1124942,29.0
1294912,25.0
1203154,10.0
1234658,3.0
1175274,2.0
1094356,3.0
1405727,3.0
1304038,1.0
1419531,38.0
1103394,2.0
1014424,6.0
1122471,1.0
1037028,3.0
1144038,0.0
1465178,2.0
1291823,2.0
1252626,1.0
1193831,2.0
1416401,1.0
1299775,1.0
1270785,0.0
1058400,0.0
1457781,0.0
1013386,0.0
1319414,1.0
1402946,17.0
1013359,5.0
1307610,4.0
1317018,8.0
1131786,10.0
1037975,8.0
1201658,15.0
1035113,19.0
1151122,22.0
1259412,9.0
1365058,8.0
1026294,11.0
1204232,84.0
1278124,22.0
1104232,140.0
1043247,63.0
1312255,86.0
1033218,54.0
1450325,101.0
1361435,38.0
1078040,12.0
1106828,7.0
1323096,16.0
1458964,9.0
1341327,10.0
1331785,18.0
1208368,19.0
1114953,11.0
1026892,8.0
1283419,108.0
1060519,8.0
1437762,43.0
1005436,12.0
1184854,3.0
1139237,26.0
1011540,5.0
1118170,18.0
1212659,22.0
1045257,10.0
1116757,10.0
1290438,7.0
1307892,6.0
1237261,13.0
1005876,9.0
1457222,14.0
1037213,5.0
1467953,15.0
1184279,93.0
1063327,36.0
1214991,44.0
1416667,47.0
1219600,37.0
1341152,26.0
1207953,40.0
1429162,10.0
1065838,17.0
1021393,37.0
1048817,7.0
1005755,4.0
1276186,10.0
1211454,50.0
1055984,16.0
1261529,67.0
1043740,55.0
1395017,132.0
1183769,73.0
1050017,64.0
1309709,32.0
1377995,10.0
1254182,13.0
1338630,10.0
1154426,8.0
1298213,12.0
1415874,13.0
1246359,30.0
1076106,16.0
1392258,6.0
1085448,110.0
1012735,17.0
1069157,55.0
1465260,25.0
1403806,3.0
1146037,30.0
1186960,6.0
1343913,21.0
1390420,33.0
1343327,7.0
1205886,26.0
1065880,8.0
1337736,6.0
1124330,17.0
1249193,28.0
1040427,12.0
1212327,7.0
1316128,8.0
1284225,71.0
1315614,19.0
1311901,30.0
1226053,46.0
1450211,28.0
1109390,16.0
1065367,43.0
1045341,6.0
1436302,22.0
1364711,29.0
1144427,10.0
1335344,4.0
1359796,7.0
1296283,35.0
1144871,14.0
1425788,115.0
1029845,64.0
1128323,126.0
1289983,51.0
1199808,43.0
1001036,38.0
1237858,16.0
1141916,11.0
1177927,14.0
1196865,10.0
1044755,13.0
1225226,23.0
1363609,15.0
1429183,13.0
1014160,5.0
1096424,114.0
1010837,11.0
1056763,30.0
1018226,11.0
1058713,3.0
1001657,19.0
1070666,4.0
1010756,24.0
1266212,24.0
1317651,7.0
1283645,9.0
1191681,8.0
1380851,5.0
1176280,13.0
1122457,14.0
1422246,16.0
1164370,6.0
1301834,11.0
1170734,66.0
1044534,26.0
1087396,22.0
1442280,32.0
1410562,36.0
1270490,33.0
1365007,48.0
1132221,9.0
1019179,11.0
1175775,16.0
1090948,5.0
1421536,5.0
1057203,7.0
1289059,26.0
1406122,14.0
1031913,91.0
1104671,87.0
1130263,95.0
1262467,40.0
1344770,52.0
1399724,21.0
1386804,4.0
1024409,4.0
1102333,13.0
1237125,3.0
1328704,1.0
1422040,3.0
1013119,4.0
1314837,4.0
1250710,1.0
1256432,26.0
1385119,1.0
1123789,3.0
1214264,1.0
1010519,4.0
1430078,5.0
1466860,1.0
1183616,2.0
1357495,2.0
1109540,1.0
1324842,2.0
1443306,1.0
1375732,3.0
1176031,2.0
1289415,3.0
1434198,12.0
1391900,6.0
1407920,7.0
1396200,12.0
1079616,17.0
1413546,15.0
1338779,18.0
1465862,8.0
1363693,5.0
1417818,10.0
1301332,2.0
1119372,2.0
1088656,2.0
1191894,12.0
1036952,7.0
1086302,28.0
1216337,23.0
1131165,29.0
1247900,31.0
1181563,28.0
1298479,13.0
1250135,3.0
1093557,2.0
1306546,3.0
1159850,3.0
1361457,1.0
1423436,38.0
1103502,3.0
1069810,6.0
1036996,1.0
1462738,3.0
1262450,0.0
1063001,3.0
1332709,3.0
1009092,1.0
1174424,2.0
1068993,1.0
1364616,1.0
1370843,1.0
1238728,1.0
1243693,0.0
1335580,0.0
1111231,1.0
1346150,15.0
1340999,5.0
1105404,4.0
1177179,7.0
1399577,11.0
1366783,9.0
1280390,16.0
1157787,17.0
1140945,19.0
1368940,9.0
1454366,8.0
1204711,11.0
1093821,73.0
1268097,25.0
1085144,270.0
1113373,74.0
1001780,88.0
1347999,58.0
1131195,117.0
1207983,46.0
1382099,11.0
1179802,6.0
1129913,13.0
1204080,8.0
1083233,10.0
1029393,17.0
1314380,20.0
1073539,11.0
1024516,9.0
1441872,107.0
1101805,9.0
1324397,43.0
1360536,12.0
1131791,2.0
1174202,26.0
1202299,6.0
1430012,25.0
1043400,24.0
1231589,11.0
1304869,11.0
1068324,8.0
1362496,6.0
1127808,17.0
1134938,12.0
1033050,19.0
1365540,8.0
1216274,13.0
1408005,85.0
1454152,35.0
1351542,44.0
1415554,42.0
1423084,39.0
1286644,29.0
1018318,44.0
1247547,8.0
1264616,16.0
1202860,32.0
1412024,7.0
1330518,4.0
1039199,11.0
1054198,45.0
1111763,19.0
1042919,134.0
1076090,66.0
1413635,142.0
1175546,82.0
1117276,77.0
1298775,40.0
1421736,10.0
1144110,12.0
1325667,10.0
1233693,8.0
1052803,12.0
1204789,13.0
1155571,33.0
1263994,17.0
1467316,7.0
1461574,115.0
1275961,19.0
1243026,56.0
1464117,25.0
1064605,3.0
1367559,31.0
1062004,6.0
1044366,32.0
1184909,39.0
1275182,8.0
1155288,32.0
1438955,10.0
1309939,6.0
1405241,22.0
1218483,38.0
1280363,18.0
1285178,11.0
1409002,7.0
1318204,69.0
1206558,20.0
1323914,32.0
1283879,44.0
1143672,32.0
1033899,19.0
1299726,48.0
1302213,6.0
1138020,19.0
1021547,26.0
1451825,10.0
1366867,3.0
1256189,7.0
1413055,33.0
1339516,11.0
1434310,92.0
1359865,66.0
1071594,114.0
1131327,50.0
1122050,39.0
1390801,42.0
1320068,15.0
1176055,10.0
1288556,15.0
1319825,10.0
1417623,12.0
1012060,22.0
1187859,14.0
1435728,12.0
1323252,5.0
1074536,104.0
1453839,11.0
1398925,29.0
1261109,11.0
1182579,3.0
1312198,17.0
1153151,4.0
1241498,28.0
1424572,28.0
1187790,9.0
1088505,11.0
1169026,9.0
1172434,6.0
1168329,23.0
1382169,26.0
1095640,29.0
1034639,10.0
1067169,10.0
1177034,25.0
1462452,10.0
1262285,20.0
1211628,11.0
1278322,34.0
1281428,33.0
1089618,46.0
1265245,9.0
1399506,25.0
1210300,36.0
1127375,13.0
1249469,11.0
1338836,17.0
1262462,64.0
1388343,26.0
1296709,184.0
1057838,231.0
1436810,221.0
1065446,103.0
1061077,126.0
1135345,60.0
1431732,12.0
1181203,8.0
1119639,31.0
1140175,7.0
1146411,4.0
1296662,10.0
1243236,9.0
1167460,9.0
1104118,2.0
1425070,63.0
1190553,4.0
1111873,7.0
1374515,3.0
1454391,13.0
1400282,14.0
1365753,5.0
1351380,6.0
1212645,7.0
1171182,4.0
1468538,12.0
1076085,7.0
1008691,13.0
1295738,8.0
1038733,8.0
1162381,11.0
1361791,6.0
1333506,17.0
1139031,10.0
1456785,45.0
1009812,40.0
1165677,45.0
1433703,18.0
1072609,5.0
1220567,11.0
1017997,3.0
1097752,2.0
1172541,2.0
1180913,13.0
1111186,6.0
1376178,27.0
1273837,30.0
1276916,33.0
1461202,37.0
1066654,33.0
1026316,17.0
1061828,3.0
1327614,3.0
1445250,4.0
1362422,3.0
1010874,1.0
1142825,44.0
1291291,3.0
1417646,7.0
1039293,1.0
1355292,3.0
1234252,1.0
1254212,4.0
1348427,4.0
1262003,2.0
1449969,3.0
1293046,1.0
1115571,1.0
1401304,2.0
1037973,1.0
1119694,1.0
1258012,0.0
1084501,1.0
1133148,7.0
1304661,2.0
1468056,4.0
1304058,3.0
1179834,13.0
1126955,11.0
1020283,20.0
1152517,13.0
1195226,15.0
1075420,8.0
1321084,6.0
1197537,9.0
1323318,61.0
1386814,17.0
1106688,194.0
1403768,70.0
1324293,75.0
1226831,52.0
1450421,98.0
1245996,44.0
1148330,10.0
1327435,5.0
1465008,12.0
1396350,7.0
1261009,8.0
1320518,16.0
1030751,17.0
1284048,10.0
1078876,8.0
1428982,92.0
1066863,8.0
1386321,39.0
1070365,12.0
1212156,2.0
1025677,22.0
1137679,6.0
1360236,27.0
1409304,26.0
1064705,15.0
1124514,13.0
1305450,9.0
1300560,7.0
1114901,28.0
1331581,20.0
1270270,33.0
1099323,11.0
1280890,11.0
1045760,28.0
1404942,13.0
1441150,38.0
1452789,13.0
1112554,35.0
1017073,27.0
1223578,38.0
1043583,7.0
1006720,13.0
1253695,26.0
1075625,6.0
1463384,3.0
1370844,8.0
1455061,37.0
1285221,13.0
1423937,93.0
1329716,61.0
1117130,114.0
1422504,69.0
1445132,61.0
1405348,37.0
1160922,9.0
1027992,10.0
1158384,8.0
1198691,7.0
1384128,10.0
1102115,12.0
1197851,27.0
1324687,14.0
1240896,6.0
1082138,95.0
1376821,16.0
1301340,50.0
1022474,23.0
1282498,3.0
1465479,25.0
1184473,6.0
1132845,30.0
1419976,40.0
1361486,9.0
1409669,34.0
1018450,11.0
1189180,7.0
1299690,34.0
1401468,62.0
1434632,29.0
1454316,16.0
1118548,6.0
1267929,23.0
1463112,7.0
1172438,26.0
1296174,14.0
1029320,27.0
1092768,17.0
1375844,40.0
1200410,5.0
1445795,19.0
1019701,25.0
1237889,10.0
1170128,4.0
1075487,6.0
1458441,34.0
1319839,15.0
1458884,98.0
1036720,70.0
1088227,120.0
1438272,53.0
1357131,44.0
1414927,47.0
1279846,13.0
1210602,9.0
1361051,13.0
1174614,9.0
1204449,12.0
1463389,22.0
1082411,14.0
1380201,12.0
1021192,4.0
1092468,100.0
1274502,11.0
1288968,28.0
1229312,13.0
1412736,3.0
1296730,18.0
1351208,4.0
1161822,44.0
1135236,26.0
1207748,8.0
1426898,10.0
1185921,8.0
1211571,6.0
1200087,23.0
1313252,23.0
1016909,29.0
1328489,10.0
1162889,8.0
1004102,21.0
1200281,9.0
1212912,17.0
1125694,9.0
1096247,34.0
1093395,31.0
1236808,49.0
1316445,8.0
1294645,28.0
1336397,40.0
1024357,14.0
1335055,14.0
1452568,19.0
1391207,74.0
1325736,41.0
1422235,218.0
1261997,272.0
1410613,254.0
1377444,123.0
1429280,161.0
1118762,76.0
1224588,12.0
1330287,9.0
1239636,32.0
1308612,7.0
1387967,4.0
1305500,11.0
1020931,10.0
1445977,10.0
1094707,2.0
1262630,65.0
1072474,5.0
1417337,7.0
1356419,3.0
1417193,21.0
1084872,15.0
1030006,5.0
1124197,7.0
1143760,7.0
1316945,4.0
1429553,13.0
1163115,7.0
1285818,14.0
1062621,9.0
1339284,7.0
1181642,11.0
1366196,6.0
1302730,15.0
1419077,10.0
1191597,48.0
1437334,41.0
1049116,54.0
1075152,19.0
1026262,6.0
1429000,14.0
1124913,3.0
1125337,3.0
1253303,2.0
1457556,16.0
1135583,10.0
1085173,34.0
1238287,36.0
1265356,40.0
1264887,47.0
1419763,43.0
1004212,23.0
1450289,4.0
1027170,3.0
1034552,5.0
1240929,4.0
1462637,2.0
1061511,49.0
1458080,4.0
1121094,8.0
1412785,2.0
1124510,4.0
1223356,1.0
1150472,8.0
1297209,4.0
1228631,2.0
1372709,3.0
1083443,1.0
1157534,1.0
1300938,2.0
1077468,1.0
1317810,1.0
1025906,1.0
1226180,1.0
1179545,7.0
1218038,2.0
1345836,4.0
1381060,3.0
1203599,15.0
1315953,12.0
1446607,25.0
1458166,15.0
1215292,17.0
1339985,9.0
1016803,8.0
1388585,10.0
1289892,72.0
1167440,26.0
1326471,232.0
1024914,84.0
1350657,90.0
1340635,63.0
1094537,126.0
1047542,56.0
1087777,9.0
1229588,5.0
1306300,12.0
1295687,6.0
1172551,9.0
1289694,18.0
1411342,20.0
1220879,11.0
1258260,8.0
1018047,100.0
1451703,9.0
1264393,43.0
1187600,15.0
1440227,3.0
1178425,25.0
1300803,7.0
1189318,48.0
1240207,28.0
1385063,15.0
1337637,14.0
1268550,9.0
1281665,8.0
1047511,31.0
1270429,20.0
1276968,35.0
1324279,12.0
1104058,10.0
1053236,28.0
1066779,13.0
1229889,35.0
1289806,13.0
1069669,40.0
1356174,29.0
1213304,47.0
1282327,7.0
1385836,12.0
1051034,23.0
1415865,6.0
1108809,3.0
1343516,8.0
1158991,36.0
1391974,16.0
1260563,92.0
1217492,60.0
1137840,115.0
1248073,69.0
1396594,65.0
1077298,39.0
1369849,7.0
1061589,8.0
1196050,7.0
1194668,5.0
1069337,9.0
1094583,11.0
1033322,26.0
1008045,13.0
1134545,5.0
1027600,88.0
1012568,16.0
1190314,47.0
1075116,26.0
1335385,4.0
1439732,25.0
1075289,6.0
1124141,42.0
1277672,37.0
1088975,8.0
1289886,31.0
1321457,9.0
1091481,6.0
1309919,31.0
1427703,51.0
1309667,26.0
1375631,14.0
1015328,5.0
1236631,19.0
1455339,6.0
1389087,21.0
1280459,12.0
1299447,26.0
1056433,15.0
1442801,40.0
1029274,4.0
1135325,18.0
1230044,28.0
1230363,10.0
1220990,4.0
1073674,6.0
1138995,38.0
1202923,15.0
1015601,121.0
1181856,80.0
1302300,147.0
1363265,68.0
1330094,51.0
1390824,52.0
1359562,15.0
1350748,7.0
1331442,11.0
1310814,10.0
1177291,14.0
1160070,26.0
1402342,17.0
1446405,14.0
1463015,5.0
1311615,118.0
1281825,12.0
1111750,34.0
1012420,15.0
1044625,4.0
1255974,22.0
1354491,6.0
1300245,45.0
1409984,23.0
1056643,7.0
1176714,9.0
1290310,7.0
1340642,5.0
1145564,15.0
1012896,16.0
1463034,17.0
1095535,6.0
1013468,8.0
1170650,22.0
1047905,9.0
1334054,18.0
1308813,9.0
1083948,37.0
1128785,36.0
1183428,64.0
1294032,7.0
1028447,20.0
1290323,34.0
1415712,11.0
1287522,11.0
1424855,13.0
1183238,66.0
1306973,31.0
1260929,206.0
1250753,240.0
1120512,251.0
1075191,124.0
1123025,142.0
1461820,65.0
1168630,9.0
1332232,5.0
1164254,21.0
1331919,6.0
1118991,4.0
1044000,10.0
1187158,10.0
1048641,10.0
1378660,2.0
1318331,63.0
1252269,4.0
1163763,7.0
1433477,3.0
1290922,21.0
1284676,11.0
1421332,3.0
1319965,5.0
1433610,5.0
1005379,3.0
1027401,6.0
1006112,4.0
1227442,7.0
1220820,5.0
1357895,5.0
1059500,9.0
1187494,5.0
1221387,13.0
1386259,8.0
1377103,42.0
1346493,38.0
1016219,54.0
1154889,13.0
1466221,5.0
1044874,12.0
1309546,3.0
1146182,2.0
1049819,2.0
1097836,15.0
1044993,8.0
1156065,34.0
1416636,34.0
1300017,42.0
1358568,50.0
1330610,41.0
1049941,21.0
1259434,4.0
1355055,3.0
1073721,5.0
1430550,4.0
1038345,2.0
1137645,50.0
1359961,3.0
1431538,9.0
1119812,1.0
1179134,4.0
1063867,1.0
1108920,10.0
1465219,3.0
1060300,1.0
1393683,2.0
1014658,1.0
1410679,1.0
1036499,1.0
1000166,1.0
1177084,1.0
1137188,0.0
1300974,1.0
1176194,6.0
1279360,2.0
1098424,4.0
1319549,3.0
1083576,14.0
1146119,12.0
1249693,27.0
1069470,12.0
1107458,16.0
1431216,8.0
1150399,7.0
1249360,8.0
1189961,72.0
1122162,23.0
1273131,248.0
1229010,83.0
1270504,97.0
1277873,70.0
1017348,125.0
1385236,53.0
1413164,9.0
1011399,3.0
1448392,9.0
1126745,6.0
1062488,9.0
1083210,18.0
1292182,21.0
1146483,11.0
1367204,8.0
1410386,104.0
1375984,8.0
1103826,47.0
1120299,16.0
1057078,3.0
1437036,27.0
1268672,9.0
1448927,42.0
1300541,22.0
1248246,12.0
1070312,11.0
1233340,7.0
1076449,6.0
1392978,17.0
1319071,12.0
1450580,19.0
1234295,8.0
1070977,9.0
1082377,25.0
1270437,11.0
1005644,33.0
1061615,11.0
1301809,38.0
1336383,29.0
1145554,52.0
1412604,5.0
1442486,10.0
1275914,25.0
1467626,6.0
1165057,4.0
1194750,7.0
1268678,40.0
1288932,16.0
1125452,109.0
1103522,67.0
1059676,136.0
1295922,85.0
1192847,71.0
1406730,41.0
1318019,8.0
1225777,6.0
1051596,6.0
1221434,6.0
1171000,10.0
1260105,12.0
1454526,30.0
1078323,15.0
1234524,6.0
1322005,99.0
1401313,17.0
1429597,55.0
1422090,28.0
1334824,4.0
1300664,29.0
1282954,8.0
1193789,44.0
1416758,31.0
1289818,7.0
1010309,26.0
1468109,8.0
1163503,6.0
1165602,19.0
1007683,35.0
1371355,16.0
1261802,10.0
1016304,4.0
1327656,19.0
1406897,6.0
1455601,21.0
1363941,11.0
1357240,27.0
1442748,17.0
1134534,50.0
1112340,4.0
1081934,16.0
1040609,25.0
1449454,8.0
1195316,4.0
1445046,6.0
1191005,36.0
1468995,19.0
1290870,124.0
1214226,88.0
1235428,153.0
1253211,69.0
1353792,55.0
1446756,57.0
1321980,11.0
1393002,5.0
1383299,7.0
1118610,7.0
1428323,15.0
1389748,27.0
1077115,17.0
1272283,14.0
1343135,6.0
1166356,126.0
1123329,13.0
1318725,40.0
1338392,22.0
1231601,6.0
1255873,27.0
1259662,9.0
1306367,77.0
1439978,28.0
1026320,9.0
1127507,11.0
1220658,9.0
1391006,6.0
1042620,16.0
1203403,18.0
1434436,19.0
1410379,8.0
1359119,7.0
1372370,19.0
1415351,8.0
1316431,16.0
1086934,9.0
1088164,39.0
1262583,37.0
1410589,67.0
1061631,4.0
1045170,5.0
1354339,8.0
1250117,2.0
1075467,3.0
1087210,3.0
1461840,16.0
1192334,12.0
1293944,65.0
1199693,79.0
1430566,81.0
1420539,37.0
1351932,45.0
1435789,21.0
1421257,2.0
1443442,1.0
1180064,3.0
1103965,1.0
1421235,1.0
1275711,3.0
1463708,3.0
1446840,3.0
1300900,1.0
1313516,20.0
1003540,1.0
1151418,3.0
1060656,1.0
1315302,7.0
1348846,4.0
1046490,1.0
1432717,2.0
1204291,2.0
1178092,1.0
1240248,2.0
1226024,1.0
1402755,2.0
1146530,2.0
1191976,1.0
1333362,2.0
1314076,1.0
1368706,3.0
1144522,2.0
1190206,13.0
1324185,12.0
1154516,17.0
1020927,2.0
1018661,4.0
1238800,10.0
1012056,2.0
1382047,2.0
1173080,1.0
1167766,14.0
1244639,9.0
1220192,35.0
1216582,36.0
1395425,42.0
1307642,48.0
1418635,42.0
1164973,22.0
1336045,4.0
1292176,3.0
1034465,5.0
1119109,3.0
1467484,2.0
1241839,51.0
1434273,4.0
1233647,10.0
1131955,2.0
1268584,5.0
1175595,2.0
1202038,10.0
1172292,4.0
1106867,1.0
1217278,3.0
1350045,1.0
1221809,1.0
1153465,1.0
1280475,1.0
1336580,1.0
1450777,0.0
1174735,1.0
1122679,5.0
1328366,2.0
1033300,3.0
1283519,2.0
1407264,14.0
1092513,12.0
1132223,28.0
1254769,9.0
1283816,13.0
1102182,6.0
1131039,6.0
1188586,7.0
1269995,63.0
1325711,27.0
1000274,246.0
1244924,88.0
1274325,94.0
1427656,67.0
1457962,127.0
1343469,56.0
1176933,6.0
1154407,2.0
1456870,5.0
1012085,4.0
1231159,10.0
1339694,18.0
1048742,20.0
1414928,10.0
1137755,9.0
1367817,105.0
1111859,9.0
1427187,51.0
1125618,21.0
1249109,5.0
1347003,32.0
1443824,12.0
1256955,68.0
1083906,25.0
1235948,13.0
1447752,13.0
1008354,8.0
1401011,7.0
1228570,18.0
1342328,13.0
1133950,20.0
1185241,9.0
1426282,8.0
1334662,21.0
1181839,9.0
1238521,29.0
1386582,10.0
1347961,37.0
1368687,29.0
1416855,51.0
1334474,3.0
1340683,10.0
1133468,24.0
1237176,5.0
1415485,3.0
1178740,7.0
1290541,41.0
1430655,23.0
1069776,129.0
1399814,82.0
1237851,155.0
1377150,96.0
1126612,85.0
1207572,52.0
1109981,6.0
1342402,5.0
1024006,4.0
1393724,5.0
1373608,12.0
1321996,14.0
1188713,33.0
1116215,17.0
1050334,7.0
1445787,116.0
1005261,20.0
1222383,71.0
1346371,47.0
1231629,7.0
1074655,40.0
1285970,14.0
1176705,88.0
1334955,41.0
1339346,9.0
1177118,35.0
1375193,10.0
1221215,8.0
1025236,23.0
1331762,43.0
1112178,19.0
1295404,13.0
1211608,4.0
1040614,19.0
1381050,6.0
1055577,22.0
1374064,11.0
1237751,30.0
1410970,19.0
1400434,59.0
1360698,3.0
1432391,15.0
1443183,22.0
1354720,7.0
1290066,3.0
1408108,5.0
1383235,33.0
1145412,20.0
1104355,132.0
1179724,87.0
1406133,153.0
1443316,65.0
1082618,52.0
1029430,58.0
1027886,13.0
1190675,3.0
1274583,5.0
1061103,5.0
1374319,16.0
1058864,28.0
1246033,16.0
1111702,14.0
1291519,6.0
1175518,129.0
1456029,13.0
1224544,40.0
1188563,23.0
1066692,6.0
1434650,27.0
1354028,9.0
1317945,57.0
1188186,30.0
1147671,9.0
1026258,10.0
1126339,9.0
1221202,7.0
1201273,16.0
1410418,20.0
1254926,20.0
1095622,8.0
1381469,7.0
1387484,18.0
1166395,7.0
1114701,16.0
1210837,8.0
1450601,39.0
1259876,39.0
1082447,63.0
1290876,3.0
1337089,5.0
1217199,8.0
1097676,2.0
1123164,3.0
1245120,3.0
1073576,17.0
1112983,14.0
1056085,80.0
1135421,88.0
1219825,89.0
1124537,40.0
1324170,48.0
1433254,25.0
1207697,2.0
1048489,1.0
1405937,3.0
1100801,1.0
1415545,1.0
1169517,3.0
1295361,3.0
1095317,3.0
1347899,1.0
1196296,23.0
1007884,1.0
1107422,3.0
1213462,2.0
1217323,7.0
1078431,5.0
1091503,1.0
1299968,2.0
1226535,2.0
1191107,1.0
1000839,2.0
1378533,1.0
1076545,2.0
1038212,2.0
1361381,2.0
1164176,2.0
1309161,1.0
1130375,4.0
1192223,2.0
1246325,15.0
1240828,14.0
1045258,18.0
1199627,2.0
1306770,4.0
1465522,9.0
1076973,2.0
1445904,2.0
1001129,1.0
1238743,13.0
1074050,10.0
1272382,40.0
1241204,37.0
1156329,43.0
1418598,48.0
1355730,41.0
1233120,24.0
1238518,4.0
1355449,3.0
1333793,5.0
1404943,4.0
1046463,2.0
1460329,55.0
1244081,4.0
1215179,10.0
1232219,2.0
1392144,5.0
1081017,2.0
1104731,7.0
1120702,4.0
1142771,2.0
1045627,3.0
1379822,1.0
1290864,1.0
1093636,1.0
1216570,1.0
1438330,1.0
1312001,0.0
1174442,1.0
1109037,5.0
1355735,1.0
1243373,3.0
1218217,2.0
1179968,15.0
1025536,13.0
1226014,27.0
1369317,10.0
1264722,13.0
1414697,5.0
1308577,6.0
1117331,7.0
1288930,63.0
1067491,31.0
1290716,290.0
1108304,96.0
1155579,106.0
1255720,70.0
1426514,133.0
1050232,63.0
1065576,8.0
1440976,2.0
1201530,4.0
1054846,3.0
1379907,11.0
1056711,20.0
1119041,21.0
1250820,11.0
1017270,10.0
1369276,118.0
1338389,9.0
1257289,57.0
1396430,25.0
1211395,6.0
1271465,36.0
1193950,13.0
1192182,53.0
1426122,30.0
1347358,15.0
1109664,14.0
1198061,10.0
1465286,9.0
1096952,20.0
1411223,16.0
1081982,24.0
1046725,10.0
1254800,9.0
1316199,23.0
1009929,10.0
1450377,31.0
1407465,11.0
1023285,41.0
1441270,33.0
1141496,54.0
1312789,3.0
1195458,11.0
1099296,24.0
1265393,5.0
1118885,3.0
1398905,7.0
1099740,41.0
1101112,26.0
1067472,149.0
1376891,89.0
1367043,171.0
1302736,101.0
1392348,88.0
1131264,59.0
1350048,8.0
1319968,4.0
1120328,4.0
1241500,4.0
1359348,14.0
1010715,16.0
1153784,35.0
1096448,18.0
1005946,8.0
1130331,129.0
1324252,21.0
1208767,77.0
1379203,54.0
1327156,8.0
1315139,45.0
1355227,15.0
1456510,74.0
1417828,48.0
1056398,10.0
1151120,37.0
1102717,12.0
1203588,9.0
1263940,26.0
1260509,52.0
1080944,22.0
1054833,14.0
1159481,5.0
1173320,20.0
1339263,6.0
1272578,23.0
1392022,12.0
1016408,34.0
1227260,22.0
1411898,60.0
1437072,3.0
1276413,13.0
1412020,20.0
1184353,7.0
1371292,3.0
1046127,5.0
1418275,30.0
1385044,26.0
1302039,175.0
1248229,107.0
1238556,195.0
1141977,82.0
1321655,64.0
1164446,77.0
1174571,11.0
1258445,4.0
1420452,4.0
1455385,4.0
1134464,16.0
1287184,28.0
1394750,17.0
1100176,15.0
1325084,6.0
1250683,125.0
1335142,14.0
1270783,56.0
1459318,43.0
1078314,17.0
1132662,43.0
1148123,18.0
1360887,87.0
1243766,58.0
1196592,17.0
1369950,22.0
1341657,20.0
1019667,13.0
1218546,30.0
1425474,34.0
1446834,35.0
1044829,15.0
1033542,8.0
1374776,21.0
1225950,7.0
1212113,16.0
1008429,9.0
1431454,46.0
1267870,44.0
1024716,79.0
1343978,3.0
1140836,1.0
1243936,3.0
1433240,1.0
1291183,1.0
1401131,1.0
1305575,5.0
1074629,8.0
1094915,47.0
1364314,45.0
1313393,46.0
1296986,20.0
1426100,24.0
1022380,13.0
1416838,1.0
1127412,0.0
1037829,1.0
1341821,0.0
1363680,0.0
1235016,1.0
1213345,1.0
1451882,1.0
1127894,0.0
1207625,9.0
1375265,0.0
1087636,2.0
1289599,1.0
1133361,3.0
1192842,3.0
1033262,1.0
1437443,1.0
1337288,1.0
1258971,1.0
1191589,1.0
1100322,1.0
1456361,2.0
1178962,1.0
1362027,1.0
1193907,1.0
1108099,0.0
1256141,1.0
1099735,1.0
1244903,7.0
1452208,6.0
1031816,9.0
1306642,0.0
1089243,2.0
1335932,5.0
1304548,1.0
1424694,1.0
1156260,1.0
1121665,7.0
1096217,10.0
1104720,39.0
1082267,33.0
1251712,36.0
1429516,41.0
1089550,35.0
1085106,22.0
1339902,2.0
1438176,2.0
1228171,3.0
1180638,2.0
1170793,1.0
1109689,32.0
1392123,2.0
1452398,8.0
1265143,2.0
1246509,4.0
1208987,2.0
1007148,7.0
1433124,5.0
1180221,2.0
1094953,4.0
1211935,2.0
1322063,2.0
1289124,1.0
1254617,1.0
1163937,1.0
1268838,0.0
1068720,0.0
1154943,3.0
1098700,1.0
1280329,2.0
1119127,1.0
1099319,11.0
1374282,9.0
1324623,23.0
1097446,9.0
1022326,12.0
1344012,5.0
1446370,5.0
1058999,7.0
1466884,57.0
1133212,41.0
1281620,388.0
1462059,119.0
1382934,133.0
1091625,87.0
1073651,163.0
1149653,85.0
1406120,7.0
1243687,2.0
1396910,4.0
1235949,3.0
1060247,11.0
1434596,21.0
1190349,22.0
1425685,12.0
1277764,10.0
1080234,114.0
1392342,10.0
1005999,77.0
1097771,44.0
1171728,15.0
1118264,56.0
1113005,26.0
1064554,90.0
1400049,55.0
1286716,27.0
1370116,27.0
1175215,19.0
1399823,15.0
1179964,34.0
1345161,25.0
1235468,38.0
1373011,17.0
1253381,9.0
1309059,25.0
1163190,9.0
1327516,31.0
1315369,11.0
1424769,48.0
1008245,38.0
1464818,68.0
1061493,2.0
1218850,11.0
1117620,25.0
1093164,5.0
1237953,4.0
1425769,8.0
1282115,43.0
1420962,39.0
1003895,235.0
1009062,127.0
1169289,250.0
1266533,148.0
1211726,128.0
1077999,91.0
1111710,8.0
1364490,5.0
1321525,3.0
1228802,4.0
1390472,16.0
1434761,19.0
1280010,41.0
1425605,22.0
1443454,9.0
1135153,142.0
1449297,27.0
1446760,119.0
1251485,115.0
1227871,26.0
1407506,81.0
1185051,36.0
1107316,143.0
1239580,106.0
1130573,22.0
1205076,87.0
1393109,27.0
1062747,18.0
1444860,52.0
1130817,95.0
1067830,42.0
1334148,30.0
1141751,6.0
1461552,25.0
1110977,7.0
1038222,27.0
1219690,14.0
1150739,46.0
1009133,29.0
1227433,90.0
1325722,2.0
1437018,11.0
1416044,15.0
1289115,5.0
1077359,2.0
1321969,3.0
1087641,23.0
1178252,11.0
1445445,73.0
1240359,45.0
1190488,166.0
1050641,65.0
1161479,50.0
1025651,32.0
1259027,8.0
1414003,2.0
1463900,3.0
1014059,3.0
1075483,13.0
1083650,24.0
1241802,15.0
1323450,12.0
1325979,5.0
1161525,114.0
1218799,12.0
1278600,51.0
1201885,34.0
1237190,16.0
1421392,37.0
1410087,16.0
1280434,86.0
1398265,56.0
1078231,16.0
1199824,19.0
1107251,17.0
1204803,12.0
1100289,25.0
1101323,29.0
1468865,29.0
1208162,13.0
1006346,8.0
1430592,18.0
1129253,7.0
1019344,16.0
1421415,8.0
1189457,42.0
1186755,38.0
1436274,63.0
1083400,2.0
1126954,1.0
1424287,2.0
1319175,0.0
1121345,0.0
1014990,1.0
1412102,4.0
1306264,3.0
1148487,17.0
1099918,17.0
1225441,36.0
1454118,15.0
1028113,18.0
1178406,5.0
1259362,0.0
1013996,0.0
1025647,0.0
1182246,0.0
1461031,0.0
1183749,1.0
1203516,1.0
1437286,1.0
1211201,0.0
1137891,8.0
1098902,0.0
1010156,1.0
1330118,1.0
1047980,3.0
1278004,3.0
1187783,1.0
1182520,1.0
1437472,1.0
1305644,1.0
1284032,1.0
1255540,1.0
1108248,1.0
1367493,1.0
1328107,0.0
1280888,1.0
1260143,0.0
1079507,1.0
1454590,1.0
1336933,6.0
1001845,5.0
1262008,7.0
1464132,0.0
1358354,2.0
1046771,5.0
1006971,1.0
1396495,1.0
1396500,1.0
1023769,7.0
1072913,4.0
1188800,17.0
1177155,15.0
1431989,36.0
1408271,38.0
1352013,32.0
1140512,10.0
1298872,2.0
1391363,2.0
1333051,3.0
1252005,2.0
1045776,1.0
1051568,35.0
1179089,3.0
1315607,8.0
1265914,3.0
1398411,4.0
1350875,2.0
1371825,9.0
1230261,6.0
1137943,2.0
1287781,4.0
1294861,2.0
1106196,2.0
1401229,1.0
1446785,1.0
1037563,1.0
1301806,1.0
1414787,1.0
1233161,3.0
1227860,1.0
1433468,2.0
1133216,2.0
1168962,12.0
1027032,10.0
1337111,22.0
1003769,8.0
1180339,10.0
1146489,4.0
1172041,4.0
1432052,6.0
1282261,50.0
1233162,19.0
1010191,177.0
1018100,55.0
1237440,124.0
1005766,78.0
1133175,143.0
1217331,40.0
1036792,6.0
1389147,1.0
1161129,3.0
1264504,3.0
1038491,10.0
1164628,19.0
1320958,22.0
1114673,11.0
1144034,10.0
1243452,115.0
1033689,10.0
1115322,78.0
1100699,40.0
1073031,17.0
1093232,53.0
1039172,27.0
1213019,106.0
1390107,60.0
1229850,28.0
1174705,25.0
1187412,18.0
1440917,16.0
1158364,32.0
1065277,24.0
1265733,36.0
1255332,17.0
1270125,10.0
1435759,24.0
1025407,10.0
1423284,33.0
1225431,11.0
1083178,49.0
1142986,36.0
1101205,61.0
1468114,2.0
1045323,9.0
1378412,18.0
1204303,4.0
1275011,2.0
1047681,6.0
1299083,33.0
1374642,15.0
1080753,91.0
1047400,52.0
1128857,210.0
1259900,117.0
1239564,98.0
1008763,36.0
1110656,5.0
1303967,3.0
1062965,2.0
1160089,2.0
1399012,13.0
1298692,15.0
1143501,37.0
1011260,18.0
1442727,8.0
1360867,129.0
1211552,23.0
1350435,108.0
1193386,93.0
1126009,26.0
1445821,68.0
1237328,32.0
1224713,140.0
1010614,102.0
1238849,20.0
1005223,72.0
1389798,24.0
1149964,17.0
1441441,43.0
1161442,81.0
1119822,35.0
1465804,26.0
1225437,6.0
1398693,22.0
1198469,6.0
1240097,26.0
1107690,13.0
1385301,42.0
1448093,25.0
1190770,70.0
1168459,1.0
1062372,5.0
1418950,8.0
1450524,2.0
1422171,1.0
1190379,2.0
1046433,13.0
1412380,4.0
1290816,31.0
1157141,24.0
1402873,89.0
1180505,33.0
1055109,26.0
1437820,14.0
1347631,3.0
1321949,2.0
1252356,2.0
1185664,2.0
1215755,8.0
1025429,13.0
1398253,9.0
1083569,7.0
1150961,3.0
1365825,69.0
1324963,7.0
1006344,31.0
1207952,18.0
1015677,11.0
1058513,19.0
1094909,9.0
1134883,38.0
1098236,75.0
1316211,23.0
1221816,29.0
1046339,22.0
1001245,15.0
1185258,50.0
1345702,67.0
1239089,66.0
1162175,26.0
1148334,5.0
1065294,12.0
1156961,4.0
1173160,9.0
1435546,5.0
1275970,28.0
1456697,24.0
1427532,31.0
1079404,1.0
1103435,1.0
1468921,2.0
1124096,1.0
1207197,1.0
1431296,1.0
1438949,6.0
1289315,2.0
1142361,17.0
1301473,23.0
1333091,48.0
1332879,18.0
1308729,23.0
1195964,5.0
1126963,0.0
1384277,0.0
1308205,1.0
1388049,0.0
1147855,0.0
1287507,1.0
1365164,1.0
1194409,1.0
1218803,0.0
1261918,11.0
1342473,1.0
1230809,2.0
1174083,1.0
1172424,4.0
1174822,10.0
1163501,3.0
1015746,4.0
1159671,4.0
1198983,3.0
1070216,6.0
1427519,5.0
1073026,7.0
1469291,5.0
1102877,1.0
1031528,1.0
1233714,1.0
1080551,2.0
1062605,1.0
1155320,9.0
1274390,8.0
1312774,8.0
1203071,1.0
1278065,1.0
1057733,3.0
1385990,1.0
1034602,1.0
1164849,0.0
1410027,5.0
1142748,2.0
1139751,9.0
1254110,10.0
1424245,26.0
1405113,25.0
1149142,22.0
1135543,6.0
1400268,2.0
1000886,2.0
1341305,2.0
1112838,2.0
1117857,1.0
1386102,27.0
1202827,2.0
1197617,7.0
1257873,2.0
1369102,3.0
1340118,2.0
1359287,5.0
1028647,11.0
1411449,4.0
1361346,8.0
1316775,3.0
1134942,3.0
1138974,4.0
1113446,4.0
1405323,3.0
1052079,2.0
1274427,0.0
1387876,3.0
1148596,1.0
1260288,2.0
1282951,1.0
1152940,10.0
1132686,8.0
1401901,14.0
1009467,4.0
1275038,5.0
1224188,2.0
1351787,2.0
1295287,3.0
1190325,27.0
1303058,7.0
1247521,75.0
1147660,28.0
1140522,64.0
1441976,39.0
1223094,73.0
1450814,17.0
1225774,2.0
1180098,1.0
1020920,2.0
1081353,1.0
1250488,6.0
1219834,10.0
1270500,12.0
1193464,7.0
1451097,5.0
1345613,67.0
1437714,6.0
1316141,46.0
1427560,20.0
1378419,12.0
1108509,27.0
1283643,15.0
1295945,44.0
1313716,82.0
1215531,42.0
1376060,40.0
1386717,24.0
1178064,21.0
1325015,64.0
1332740,56.0
1120400,79.0
1332597,34.0
1158898,6.0
1194498,16.0
1243244,6.0
1131415,19.0
1011624,7.0
1125708,31.0
1331813,22.0
1209894,30.0
1340482,1.0
1385524,4.0
1063998,10.0
1163034,2.0
1408949,1.0
1041914,3.0
1389042,18.0
1456767,5.0
1433047,37.0
1273778,26.0
1283694,104.0
1157143,54.0
1384632,48.0
1440175,15.0
1133748,2.0
1275420,3.0
1295051,1.0
1168074,1.0
1255449,8.0
1427335,8.0
1093615,20.0
1257980,10.0
1150968,4.0
1262402,74.0
1297816,13.0
1120851,62.0
1465176,43.0
1461521,17.0
1443597,33.0
1404366,17.0
1114972,54.0
1447591,122.0
1463084,27.0
1231352,105.0
1203802,28.0
1377273,21.0
1339473,78.0
1233742,174.0
1030395,71.0
1447850,47.0
1230067,3.0
1000783,14.0
1053480,4.0
1213582,15.0
1372334,8.0
1093435,25.0
1225766,15.0
1365839,32.0
1162872,1.0
1300760,0.0
1131915,0.0
1217169,0.0
1437922,0.0
1253281,0.0
1113957,0.0
1322051,0.0
1182068,0.0
1276173,0.0
1088966,0.0
1425131,0.0
1239299,0.0
1469445,0.0
1252037,0.0
1193436,0.0
1401237,0.0
1050505,0.0
1082292,0.0
1237469,0.0
1416344,0.0
1042218,0.0
1442859,0.0
1080535,0.0
1149324,0.0
1407470,0.0
1094822,0.0
1090426,0.0
1141372,0.0
1441603,0.0
1126274,0.0
1251775,0.0
1420689,0.0
1033369,0.0
1309024,0.0
1422391,0.0
1213045,0.0
1408980,0.0
1000530,0.0
1156759,0.0
1178005,0.0
1084249,0.0
1100888,0.0
1060108,0.0
1023396,0.0
1454964,0.0
1378089,0.0
1270354,0.0
1356215,0.0
1334774,0.0
1321102,0.0
1219366,0.0
1109036,0.0
1284298,0.0
1418900,0.0
1265509,0.0
1218561,0.0
1398500,0.0
1306413,0.0
1198952,0.0
1304094,0.0
1076943,0.0
1288632,0.0
1243931,0.0
1406869,0.0
1061417,0.0
1374221,0.0
1066382,0.0
1088891,0.0
1412998,0.0
1011737,0.0
1048393,0.0
1019140,0.0
1403110,0.0
1074819,0.0
1298273,0.0
1458029,0.0
1063926,0.0
1312564,0.0
1166357,0.0
1362441,0.0
1081412,0.0
1065930,0.0
1102316,0.0
1412923,0.0
1235740,0.0
1047896,0.0
1048046,0.0
1068489,0.0
1142301,0.0
1256334,0.0
1274103,0.0
1281804,0.0
1096010,0.0
1230307,0.0
1187510,0.0
1249818,0.0
1140437,0.0
1167737,0.0
1397883,0.0
1378606,0.0
1222373,0.0
1185059,0.0
1054399,0.0
1380943,0.0
1305613,0.0
1122719,0.0
1179674,0.0
1026164,0.0
1371990,0.0
1268159,0.0
1115955,0.0
1319862,0.0
1372557,0.0
1002328,0.0
1339481,0.0
1418433,0.0
1330299,0.0
1265708,0.0
1093454,0.0
1049179,0.0
1014343,0.0
1433318,0.0
1070719,0.0
1452970,0.0
1354185,0.0
1002311,0.0
1319740,0.0
1198503,0.0
1062794,0.0
1111749,0.0
1136166,0.0
1139087,0.0
1311031,0.0
1096899,0.0
1305084,0.0
1057048,0.0
1400639,0.0
1097684,0.0
1265526,0.0
1172853,0.0
1191001,0.0
1328944,0.0
1055147,0.0
1255408,0.0
1114150,0.0
1459117,0.0
1251637,0.0
1355002,0.0
1328124,0.0
1367341,0.0
1168243,0.0
1103983,0.0
1156521,0.0
1455489,0.0
1338867,0.0
1104312,0.0
1112474,0.0
1057611,0.0
1137848,0.0
1264542,0.0
1167970,0.0
1379169,0.0
1424401,0.0
1261724,0.0
1445055,0.0
1212767,0.0
1230856,0.0
1382123,0.0
1044030,0.0
1456521,0.0
1147815,0.0
1194518,0.0
1187942,0.0
1329017,0.0
1301643,0.0
1043885,0.0
1104771,0.0
1167133,0.0
1011018,0.0
1073011,0.0
1141479,0.0
1108596,0.0
1350603,0.0
1163655,0.0
1357432,0.0
1071782,0.0
1445127,0.0
1234316,0.0
1230096,0.0
1422396,0.0
1028761,0.0
1044974,0.0
1205764,0.0
1202363,0.0
1368201,0.0
1307862,0.0
1442706,0.0
1281127,0.0
1031987,0.0
1450288,0.0
1333612,0.0
1212936,0.0
1213770,0.0
1346979,0.0
1215668,0.0
1464150,0.0
1237533,0.0
1090445,0.0
1021761,0.0
1257814,0.0
1399593,0.0
1412521,0.0
1469044,0.0
1009233,0.0
1466710,0.0
1389641,0.0
1055602,0.0
1022542,0.0
1388684,0.0
1350202,1.0
1399626,1.0
1398041,0.0
1125921,0.0
1382753,0.0
1061564,3.0
1045437,1.0
1274612,13.0
1353307,9.0
1051360,45.0
1143476,13.0
1191073,11.0
1006624,4.0
1043452,0.0
1121023,0.0
1056108,2.0
1221604,4.0
1272692,3.0
1466861,2.0
1288804,1.0
1151831,25.0
1328742,2.0
1023234,6.0
1283864,3.0
1067224,1.0
1226689,4.0
1386101,1.0
1146309,1.0
1018623,8.0
1106777,2.0
1252030,3.0
1119367,2.0
1053011,2.0
1263533,3.0
1073279,4.0
1324471,4.0
1441617,1.0
1304076,1.0
1267862,4.0
1286979,2.0
1116805,3.0
1338905,2.0
1396365,9.0
1302072,8.0
1132966,13.0
1395643,0.0
1352715,0.0
1231359,0.0
1256527,0.0
1465646,0.0
1435739,2.0
1285404,1.0
1171987,9.0
1122691,11.0
1357945,28.0
1428682,9.0
1218701,12.0
1147854,2.0
1253113,0.0
1333445,0.0
1171289,0.0
1252611,0.0
1148490,0.0
1231256,0.0
1311058,0.0
1287831,5.0
1239659,0.0
1179273,0.0
1392824,0.0
1191642,0.0
1252333,1.0
1396322,0.0
1098989,0.0
1301177,0.0
1048825,0.0
1145451,0.0
1297085,0.0
1338813,0.0
1460039,0.0
1408030,0.0
1451975,1.0
1043215,0.0
1333274,1.0
1374720,0.0
1077164,4.0
1306582,3.0
1321108,4.0
1101486,0.0
1307408,1.0
1235002,0.0
1379398,0.0
1131595,0.0
1057068,2.0
1147958,1.0
1289885,5.0
1320692,5.0
1294238,18.0
1427984,14.0
1334176,13.0
1023670,2.0
1078806,1.0
1038476,1.0
1297230,1.0
1252337,1.0
1277741,0.0
1345779,14.0
1168181,1.0
1258776,2.0
1190501,0.0
1004061,1.0
1282925,0.0
1244583,0.0
1382658,2.0
1268903,0.0
1292189,1.0
1225689,0.0
1354629,0.0
1071680,0.0
1064815,0.0
1348871,0.0
1370161,0.0
1256157,0.0
1431341,2.0
1335182,0.0
1263042,1.0
1236151,1.0
1395706,5.0
1406808,4.0
1228366,8.0
1320823,1.0
1206654,1.0
1269369,0.0
1342834,0.0
1190343,0.0
1000442,7.0
1136417,2.0
1384017,30.0
1252842,10.0
1151844,31.0
1106447,15.0
1327956,30.0
1418156,5.0
1391213,0.0
1257173,0.0
1023298,2.0
1448663,3.0
1326083,3.0
1360695,2.0
1031066,1.0
1221426,23.0
1111662,2.0
1455292,9.0
1455296,3.0
1048816,1.0
1334196,5.0
1188350,1.0
1050514,1.0
1370726,8.0
1364023,4.0
1117903,4.0
1255262,2.0
1067443,2.0
1228994,4.0
1334406,3.0
1076506,5.0
1041485,2.0
1405132,2.0
1204841,5.0
1106121,2.0
1017834,7.0
1148501,2.0
1291145,10.0
1262226,7.0
1194772,11.0
1325231,0.0
1433284,1.0
1358385,0.0
1158325,0.0
1381093,0.0
1279858,3.0
1096589,1.0
1144670,12.0
1069559,8.0
1322266,43.0
1461579,18.0
1314292,17.0
1426942,3.0
1247266,0.0
1006279,0.0
1453559,2.0
1006698,2.0
1038813,5.0
1391043,3.0
1432295,1.0
1292125,22.0
1019769,3.0
1430444,10.0
1405172,6.0
1181792,1.0
1429853,6.0
1458026,1.0
1195909,1.0
1343851,11.0
1076628,2.0
1404920,9.0
1459989,2.0
1438085,2.0
1083408,4.0
1135692,9.0
1180313,3.0
1454901,2.0
1093322,1.0
1251123,4.0
1075723,1.0
1417984,4.0
1159537,2.0
1266886,7.0
1247007,4.0
1426587,10.0
1054568,1.0
1130790,1.0
1463609,0.0
1426654,0.0
1441771,0.0
1333767,3.0
1024261,1.0
1370910,13.0
1449506,10.0
1181100,44.0
1424022,14.0
1293669,11.0
1304328,4.0
1382974,0.0
1038634,0.0
1217559,2.0
1378879,4.0
1106150,3.0
1389329,2.0
1332683,1.0
1312145,25.0
1403837,2.0
1466506,6.0
1456286,3.0
1238592,1.0
1098270,4.0
1299707,1.0
1111264,1.0
1208147,8.0
1215727,2.0
1086303,3.0
1140137,2.0
1217687,2.0
1463363,3.0
1463601,4.0
1256805,4.0
1351597,1.0
1355099,2.0
1184901,5.0
1085665,2.0
1158168,4.0
1020740,2.0
1006878,10.0
1088376,8.0
1305100,13.0
1241253,0.0
1032982,0.0
1330064,0.0
1450302,0.0
1379898,0.0
1053270,2.0
1080416,1.0
1278812,8.0
1041980,10.0
1098193,27.0
1232823,9.0
1134251,11.0
1100493,2.0
1022256,0.0
1453859,0.0
1399416,0.0
1398167,0.0
1155483,0.0
1011078,0.0
1078104,0.0
1469527,5.0
1379773,0.0
1036825,0.0
1351026,0.0
1399419,0.0
1252484,1.0
1279726,0.0
1162463,0.0
1279404,0.0
1313062,0.0
1375269,0.0
1257979,0.0
1413239,0.0
1174350,0.0
1228632,0.0
1384210,1.0
1374477,0.0
1267604,1.0
1113859,0.0
1012950,4.0
1205443,3.0
1167747,4.0
1459495,0.0
1056946,1.0
1037461,0.0
1241157,0.0
1345776,0.0
1001364,2.0
1149954,1.0
1287943,5.0
1268807,5.0
1246428,17.0
1251513,14.0
1350185,12.0
1109677,2.0
1431789,1.0
1418732,1.0
1017076,1.0
1060623,1.0
1339311,0.0
1395493,14.0
1300104,1.0
1443725,2.0
1089892,0.0
1419761,1.0
1232081,0.0
1337619,0.0
1038843,1.0
1428666,0.0
1044668,1.0
1078787,0.0
1327015,0.0
1439655,0.0
1245600,0.0
1294747,0.0
1087586,0.0
1292629,0.0
1033231,2.0
1417184,0.0
1369044,1.0
1023550,1.0
1005434,5.0
1096546,4.0
1043060,8.0
1425244,1.0
1152846,1.0
1321241,0.0
1170331,0.0
1189909,0.0
1228837,7.0
1297453,2.0
1449639,31.0
1214183,11.0
1291052,31.0
1137710,16.0
1453074,29.0
1324697,5.0
1276196,0.0
1450321,0.0
1005387,2.0
1401033,3.0
1075921,4.0
1361161,2.0
1056570,2.0
1260126,23.0
1296657,2.0
1357446,9.0
1227269,3.0
1312078,1.0
1027855,6.0
1217705,1.0
1069433,2.0
1295823,8.0
1349150,4.0
1358234,4.0
1054352,2.0
1214930,2.0
1274914,4.0
1074682,3.0
1214551,5.0
1097231,2.0
1161245,2.0
1132622,6.0
1113708,2.0
1043523,7.0
1417053,3.0
1447718,10.0
1446059,7.0
1137151,12.0
1189035,0.0
1443822,2.0
1136559,0.0
1447755,0.0
1245840,0.0
1276995,4.0
1336183,1.0
1394952,13.0
1204540,9.0
1426173,44.0
1403475,19.0
1006596,17.0
1283911,3.0
1339503,0.0
1306967,0.0
1402563,2.0
1446913,2.0
1001502,5.0
1170467,3.0
1109512,1.0
1389681,23.0
1405155,3.0
1148291,11.0
1188889,6.0
1009640,1.0
1099978,6.0
1458602,1.0
1008438,2.0
1349666,11.0
1084583,2.0
1008645,9.0
1278906,2.0
1292594,2.0
1344973,4.0
1063076,8.0
1352900,3.0
1211418,2.0
1408249,1.0
1153479,5.0
1373908,1.0
1267689,5.0
1429089,3.0
1328909,8.0
1302125,4.0
1360331,11.0
1116524,1.0
1169663,2.0
1233163,0.0
1212983,0.0
1317069,0.0
1360483,4.0
1164978,1.0
1060341,17.0
1131581,11.0
1244400,55.0
1403895,17.0
1020181,13.0
1099530,5.0
1166502,1.0
1373399,0.0
1242672,3.0
1458393,6.0
1424220,4.0
1446368,3.0
1460727,1.0
1423918,36.0
1045024,3.0
1351877,10.0
1196235,5.0
1286111,2.0
1112975,7.0
1106403,1.0
1413794,2.0
1402472,12.0
1293224,3.0
1018615,4.0
1453663,3.0
1110268,3.0
1318740,4.0
1056779,5.0
1116629,5.0
1147305,2.0
1161424,3.0
1468740,8.0
1016852,3.0
1043941,6.0
1300499,4.0
1060458,15.0
1319058,13.0
1362050,16.0
1263206,0.0
1152553,0.0
1122450,0.0
1218375,0.0
1125702,0.0
1409871,2.0
1405632,1.0
1385676,9.0
1415104,11.0
1271503,28.0
1005155,9.0
1010896,11.0
1226424,2.0
1288419,0.0
1387637,0.0
1367193,0.0
1311257,1.0
1113529,1.0
1432023,1.0
1457868,0.0
1404633,6.0
1354249,0.0
1240850,1.0
1290606,0.0
1060166,0.0
1171120,2.0
1300945,0.0
1326058,0.0
1021888,0.0
1365158,0.0
1323710,0.0
1453130,0.0
1047638,0.0
1294545,0.0
1002737,1.0
1173138,1.0
1404958,0.0
1108439,1.0
1399632,1.0
1075256,5.0
1103173,4.0
1338283,4.0
1306599,0.0
1254666,1.0
1400376,0.0
1296066,0.0
1260425,0.0
1040668,2.0
1000294,1.0
1055388,6.0
1465857,5.0
1093428,17.0
1058683,14.0
1169775,12.0
1379824,2.0
1424804,1.0
1142239,1.0
1366367,1.0
1010992,1.0
1158153,0.0
1315093,16.0
1109822,1.0
1236399,2.0
1026790,0.0
1055234,1.0
1136433,0.0
1095880,0.0
1455315,2.0
1172249,1.0
1129557,1.0
1418340,0.0
1446435,0.0
1138051,0.0
1365925,0.0
1206943,0.0
1361505,0.0
1271902,0.0
1369686,2.0
1332531,1.0
1028936,1.0
1001159,1.0
1278194,6.0
1114897,4.0
1416604,8.0
1189981,1.0
1286561,1.0
1319608,0.0
1425337,0.0
1323855,0.0
1399817,7.0
1183307,2.0
1249600,35.0
1201024,11.0
1000373,34.0
1429392,16.0
1025520,32.0
1187755,5.0
1056729,0.0
1011952,0.0
1118238,2.0
1410350,4.0
1346262,4.0
1371324,2.0
1208636,2.0
1262259,29.0
1288087,2.0
1184515,12.0
1015731,4.0
1011112,1.0
1354301,8.0
1399426,2.0
1382166,2.0
1140065,10.0
1264629,5.0
1273776,5.0
1326288,3.0
1269922,3.0
1465051,4.0
1109797,4.0
1214672,5.0
1030512,2.0
1009637,3.0
1025183,9.0
1092304,4.0
1191123,11.0
1297228,4.0
1368177,14.0
1327839,10.0
1153350,13.0
1118393,1.0
1029886,2.0
1149551,0.0
1327444,0.0
1425559,0.0
1206920,4.0
1444314,1.0
1050410,15.0
1400942,9.0
1386807,50.0
1077196,20.0
1410433,19.0
1271032,3.0
1209648,0.0
1287404,0.0
1188364,2.0
1125055,3.0
1285199,7.0
1174011,3.0
1090644,1.0
1180482,29.0
1003948,4.0
1168328,15.0
1005790,8.0
1254173,2.0
1059652,9.0
1440593,2.0
1425324,2.0
1039886,14.0
1396503,3.0
1071102,11.0
1228426,3.0
1172971,3.0
1463570,5.0
1315150,11.0
1240745,4.0
1247653,3.0
1250638,2.0
1278941,7.0
1077503,2.0
1335171,7.0
1073296,4.0
1106849,10.0
1315238,6.0
1048522,12.0
1361078,1.0
1218211,2.0
1355606,0.0
1261258,0.0
1255940,0.0
1086886,4.0
1137948,2.0
1389354,22.0
1044737,13.0
1417444,64.0
1227655,19.0
1258097,15.0
1102163,6.0
1117124,1.0
1227346,0.0
1400124,4.0
1190324,7.0
1211450,4.0
1248841,4.0
1145641,1.0
1033856,45.0
1457553,3.0
1437446,13.0
1461340,6.0
1390905,2.0
1446555,9.0
1036597,2.0
1309374,4.0
1076556,14.0
1157724,4.0
1323538,5.0
1145174,4.0
1090418,3.0
1080565,6.0
1165778,7.0
1369242,6.0
1085386,3.0
1298436,4.0
1344143,11.0
1405546,4.0
1235017,8.0
1033868,4.0
1120926,19.0
1174949,16.0
1461326,19.0
1331226,0.0
1237768,0.0
1373607,0.0
1377659,0.0
1283054,0.0
1206569,1.0
1270803,1.0
1040483,7.0
1135765,7.0
1172404,19.0
1447452,6.0
1020840,7.0
1337622,1.0
1100568,0.0
1445088,0.0
1419025,0.0
1385425,0.0
1123399,0.0
1266244,0.0
1121447,0.0
1039290,4.0
1383022,0.0
1093924,0.0
1057018,0.0
1320960,0.0
1064059,1.0
1027442,0.0
1370001,0.0
1403077,0.0
1181030,0.0
1214276,0.0
1267583,0.0
1049143,0.0
1141600,0.0
1029339,0.0
1125159,1.0
1373005,0.0
1093904,1.0
1309562,1.0
1241096,4.0
1109314,3.0
1140686,3.0
1083813,0.0
1141484,1.0
1298439,0.0
1108826,0.0
1097757,0.0
1245284,2.0
1258552,1.0
1422733,6.0
1440152,5.0
1052566,16.0
1163720,13.0
1282355,12.0
1032267,2.0
1215262,1.0
1040957,1.0
1290560,1.0
1176790,1.0
1033553,0.0
1269758,16.0
1343249,1.0
1033851,3.0
1454029,0.0
1439138,1.0
1066187,0.0
1453792,0.0
1190752,2.0
1107003,1.0
1116507,1.0
1289677,0.0
1445268,0.0
1416860,0.0
1316534,0.0
1406032,0.0
1288871,0.0
1191979,0.0
1225334,3.0
1165041,1.0
1076949,1.0
1135188,1.0
1069824,6.0
1072002,5.0
1204993,8.0
1069275,1.0
1173350,1.0
1449545,0.0
1375305,0.0
1087169,0.0
1045279,8.0
1283841,2.0
1234106,45.0
1052653,13.0
1298922,39.0
1318606,19.0
1140329,36.0
1188700,6.0
1089584,0.0
1137709,0.0
1021884,2.0
1296069,5.0
1388917,5.0
1378636,3.0
1459395,2.0
1401590,36.0
1127362,2.0
1205510,16.0
1298282,6.0
1156477,2.0
1239872,10.0
1297735,2.0
1008500,4.0
1403818,13.0
1383378,6.0
1340182,6.0
1193339,4.0
1452853,3.0
1197452,6.0
1081269,5.0
1349994,7.0
1210735,3.0
1193197,5.0
1334715,12.0
1379214,4.0
1176673,14.0
1237971,5.0
1462006,18.0
1033109,12.0
1155880,15.0
1398003,1.0
1280941,2.0
1369940,0.0
1460669,0.0
1208101,0.0
1035775,4.0
1128861,2.0
1226082,19.0
1390514,11.0
1234583,57.0
1177962,24.0
1056154,21.0
1469584,4.0
1435930,0.0
1169952,0.0
1120357,3.0
1129916,3.0
1181425,7.0
1280654,4.0
1300943,2.0
1230377,35.0
1268017,5.0
1205364,18.0
1364226,11.0
1179240,2.0
1170985,11.0
1101961,2.0
1114015,4.0
1276776,17.0
1004289,4.0
1291348,13.0
1343785,4.0
1119277,3.0
1338239,7.0
1058809,13.0
1383747,5.0
1071930,4.0
1148455,2.0
1193363,9.0
1132103,2.0
1197124,9.0
1196783,5.0
1064280,13.0
1382464,7.0
1308574,15.0
1318861,1.0
1098511,1.0
1153839,0.0
1275724,0.0
1170014,0.0
1280278,3.0
1354416,1.0
1214728,19.0
1461993,12.0
1329433,51.0
1189837,15.0
1128049,12.0
1263686,5.0
1430597,0.0
1048618,0.0
1338173,3.0
1068065,5.0
1422119,3.0
1359142,3.0
1212678,1.0
1205812,31.0
1294714,2.0
1416475,10.0
1152303,5.0
1364272,1.0
1150322,7.0
1297793,1.0
1461698,11.0
1427765,3.0
1155256,4.0
1289595,3.0
1227198,3.0
1161598,4.0
1356547,5.0
1378906,5.0
1445094,2.0
1151047,3.0
1147208,9.0
1202014,3.0
1237723,7.0
1318035,4.0
1108232,14.0
1153487,13.0
1084529,15.0
1241662,0.0
1327108,0.0
1330679,0.0
1364581,0.0
1317242,0.0
1074107,0.0
1128248,0.0
1143675,4.0
1196970,4.0
1202611,10.0
1409595,3.0
1367404,4.0
1444008,1.0
1204203,0.0
1405601,0.0
1205395,0.0
1316696,0.0
1116723,0.0
1384206,0.0
1430880,0.0
1200891,2.0
1056174,0.0
1225827,0.0
1456596,0.0
1064396,0.0
1346400,0.0
1239332,0.0
1342879,0.0
1190647,0.0
1276481,0.0
1076141,0.0
1058740,0.0
1101756,0.0
1354162,0.0
1135670,0.0
1156164,0.0
1214686,0.0
1155667,0.0
1141576,2.0
1434831,2.0
1280700,1.0
1378948,0.0
1066083,0.0
1108734,0.0
1305367,0.0
1448249,0.0
1287740,1.0
1012099,0.0
1293922,4.0
1144335,4.0
1114626,11.0
1187242,9.0
1409918,7.0
1366471,1.0
1427662,0.0
1233476,0.0
1069323,1.0
1102540,0.0
1128079,0.0
1334402,9.0
1276894,0.0
1387820,2.0
1274074,0.0
1179682,1.0
1443129,0.0
1377994,1.0
1156950,0.0
1376567,1.0
1467201,0.0
1081529,0.0
1126741,0.0
1007294,0.0
1232449,0.0
1136938,0.0
1443407,0.0
1008111,2.0
1142444,0.0
1040301,1.0
1427169,1.0
1117930,4.0
1464546,3.0
1408019,5.0
1002799,0.0
1165042,1.0
1389733,0.0
1252246,0.0
1018992,0.0
1419629,5.0
1355433,2.0
1428306,38.0
1401823,11.0
1317806,31.0
1212713,15.0
1309079,28.0
1199591,5.0
1459103,0.0
1413593,0.0
1149803,1.0
1406050,3.0
1333396,3.0
1124254,2.0
1463641,1.0
1390642,24.0
1001403,2.0
1112272,12.0
1326948,4.0
1320609,1.0
1298003,8.0
1051771,2.0
1128777,10.0
1206651,5.0
1173546,4.0
1396635,2.0
1323014,3.0
1136841,5.0
1151786,3.0
1155767,5.0
1345948,2.0
1248496,4.0
1363644,9.0
1315465,4.0
1211716,11.0
1287525,4.0
1051506,13.0
1448212,10.0
1217920,12.0
1400884,0.0
1296129,1.0
1387597,0.0
1302995,0.0
1058149,0.0
1459863,3.0
1125150,1.0
1231580,17.0
1057345,10.0
1337604,47.0
1450373,19.0
1144325,17.0
1210102,4.0
1296922,0.0
1121503,0.0
1418157,2.0
1220913,2.0
1177885,5.0
1010370,3.0
1197400,1.0
1016222,25.0
1378151,3.0
1469497,14.0
1457804,8.0
1123958,1.0
1372331,9.0
1145474,2.0
1101877,14.0
1118368,3.0
1053240,11.0
1065445,3.0
1290190,3.0
1303688,5.0
1415330,10.0
1165941,4.0
1334376,3.0
1365153,2.0
1229394,8.0
1389708,2.0
1141305,8.0
1025163,4.0
1465468,10.0
1397079,6.0
1357438,12.0
1228565,1.0
1351885,2.0
1451355,1.0
1348552,0.0
1260644,0.0
1394240,5.0
1235732,2.0
1293186,21.0
1268315,16.0
1064835,69.0
1354908,21.0
1382629,16.0
1358267,6.0
1417501,1.0
1419888,0.0
1329380,4.0
1165835,8.0
1070716,5.0
1057586,4.0
1001613,2.0
1144497,51.0
1320229,4.0
1342720,16.0
1098619,6.0
1288609,2.0
1422983,11.0
1136692,2.0
1133962,15.0
1207114,4.0
1052998,5.0
1007228,4.0
1266103,3.0
1069893,6.0
1406652,6.0
1052385,6.0
1444006,3.0
1147720,4.0
1104659,12.0
1229198,5.0
1184889,9.0
1465941,5.0
1400800,20.0
1338562,18.0
1121135,21.0
1064260,0.0
1108919,1.0
1231916,0.0
1315753,0.0
1049602,0.0
1276002,3.0
1374705,1.0
1043694,16.0
1299804,20.0
1288013,49.0
1274521,16.0
1024126,19.0
1008775,3.0
1040379,0.0
1357952,0.0
1374961,0.0
1399575,1.0
1053570,1.0
1144929,1.0
1209925,0.0
1132817,11.0
1359290,0.0
1382972,1.0
1223629,0.0
1079716,3.0
1124378,1.0
1446039,1.0
1199093,1.0
1434257,1.0
1241475,1.0
1368109,0.0
1308962,1.0
1293430,1.0
1350601,1.0
1257400,2.0
1328056,1.0
1464556,3.0
1019558,2.0
1464992,10.0
1307229,8.0
1200863,7.0
1452136,0.0
1061198,1.0
1061782,0.0
1296086,0.0
1374243,0.0
1025340,2.0
1225478,1.0
1108173,7.0
1210292,8.0
1166461,23.0
1273517,19.0
1116333,16.0
1251101,3.0
1180021,1.0
1308873,1.0
1356528,2.0
1309744,1.0
1374811,1.0
1042886,25.0
1026035,1.0
1428322,4.0
1054195,1.0
1076568,2.0
1419136,0.0
1141835,3.0
1055692,1.0
1278179,1.0
1020495,1.0
1011519,1.0
1159500,0.0
1074725,0.0
1110617,0.0
1407460,0.0
1267021,1.0
1426292,4.0
1236940,1.0
1053859,2.0
1143589,2.0
1275250,9.0
1111347,7.0
1182245,11.0
1420090,1.0
1335346,1.0
1292779,0.0
1300472,0.0
1409526,0.0
1153451,9.0
1258917,2.0
1449251,40.0
1390707,15.0
1184161,40.0
1296319,20.0
1354551,36.0
1031614,6.0
1388842,0.0
1276415,0.0
1327918,3.0
1356851,5.0
1376404,6.0
1325471,3.0
1359374,3.0
1138753,41.0
1183188,2.0
1016833,18.0
1015694,6.0
1463319,1.0
1261381,12.0
1240215,2.0
1228323,13.0
1312408,6.0
1264895,5.0
1365165,3.0
1120877,3.0
1266427,6.0
1342065,4.0
1056335,6.0
1026146,3.0
1103060,5.0
1157754,13.0
1406517,5.0
1327246,16.0
1002087,6.0
1453495,18.0
1027247,13.0
1412383,15.0
1005605,1.0
1365389,2.0
1041136,0.0
1096136,0.0
1316263,0.0
1386305,5.0
1156428,1.0
1406465,16.0
1000759,11.0
1432713,53.0
1093897,22.0
1291572,19.0
1169066,4.0
1411237,0.0
1412478,0.0
1269244,3.0
1193875,3.0
1154085,7.0
1197540,4.0
1055346,2.0
1316395,36.0
1411322,5.0
1026981,20.0
1440407,10.0
1345176,2.0
1164394,12.0
1295464,2.0
1006020,16.0
1438111,3.0
1399811,11.0
1185615,3.0
1379691,3.0
1250961,6.0
1313779,11.0
1122946,4.0
1452630,3.0
1454728,2.0
1435407,9.0
1402598,3.0
1225744,9.0
1047177,5.0
1397477,12.0
1130160,7.0
1256519,13.0
1346810,2.0
1425490,3.0
1422424,1.0
1349399,0.0
1313176,0.0
1170631,6.0
1310004,2.0
1267679,23.0
1132209,18.0
1449946,83.0
1366183,24.0
1036231,18.0
1108617,8.0
1164118,1.0
1155541,1.0
1273640,5.0
1261565,9.0
1276690,6.0
1384205,5.0
1294821,2.0
1430726,60.0
1250422,4.0
1181777,17.0
1295587,8.0
1449437,2.0
1125768,12.0
1130420,2.0
1246536,16.0
1117114,5.0
1029104,5.0
1070127,5.0
1023534,3.0
1334532,7.0
1181350,7.0
1423912,7.0
1084431,3.0
1433457,5.0
1119054,13.0
1114269,5.0
1236132,10.0
1214010,6.0
1405654,21.0
1279163,20.0
1198875,23.0
1390317,1.0
1230588,2.0
1398024,1.0
1399478,1.0
1381797,1.0
1270339,8.0
1365548,4.0
1454147,38.0
1319585,52.0
1210940,131.0
1271482,40.0
1437574,48.0
1188765,9.0
1401064,0.0
1103448,0.0
1032333,1.0
1186570,3.0
1175233,3.0
1208063,3.0
1065193,1.0
1231267,29.0
1134032,1.0
1356962,4.0
1180675,1.0
1387408,7.0
1396266,2.0
1275358,2.0
1328535,3.0
1356360,2.0
1351415,3.0
1228407,1.0
1356572,2.0
1280682,2.0
1252796,3.0
1152233,5.0
1250327,3.0
1271849,7.0
1094017,4.0
1155821,23.0
1191548,20.0
1066538,18.0
1021886,0.0
1364928,1.0
1444920,0.0
1395685,0.0
1120170,0.0
1194070,3.0
1436264,1.0
1109404,9.0
1321553,10.0
1416794,29.0
1328030,22.0
1464273,19.0
1338528,4.0
1465251,2.0
1389086,1.0
1070001,2.0
1173407,2.0
1138912,1.0
1099900,30.0
1372848,2.0
1190507,5.0
1446025,1.0
1207555,3.0
1046975,0.0
1190549,3.0
1390555,1.0
1431485,2.0
1384303,1.0
1162297,1.0
1329739,1.0
1439997,0.0
1142839,0.0
1193771,0.0
1396112,1.0
1061223,5.0
1025810,1.0
1272227,3.0
1431133,2.0
1116947,10.0
1311187,8.0
1098490,13.0
1381578,1.0
1182621,1.0
1235796,0.0
1458299,0.0
1000880,1.0
1057862,11.0
1117628,3.0
1357766,45.0
1041821,17.0
1029642,49.0
1464092,22.0
1302166,41.0
1048509,7.0
1256607,0.0
1104414,0.0
1019776,3.0
1006973,6.0
1001652,6.0
1043474,3.0
1336303,3.0
1308327,47.0
1324001,3.0
1100730,21.0
1427495,7.0
1113117,2.0
1128524,14.0
1400302,3.0
1336748,14.0
1205361,7.0
1461866,6.0
1072151,4.0
1184313,4.0
1248599,7.0
1370874,5.0
1450928,7.0
1179561,3.0
1212336,5.0
1171766,14.0
1085872,6.0
1271070,17.0
1390391,6.0
1284891,20.0
1157147,14.0
1452573,17.0
1391651,1.0
1036469,2.0
1062231,0.0
1453983,0.0
1037778,0.0
1098251,6.0
1131662,2.0
1011974,18.0
1191773,13.0
1289126,66.0
1371360,26.0
1232211,22.0
1170497,5.0
1390750,0.0
1122830,0.0
1050746,3.0
1437137,4.0
1190164,8.0
1260338,4.0
1071667,2.0
1403684,42.0
1368213,5.0
1059053,23.0
1074948,12.0
1336300,2.0
1449186,14.0
1423630,2.0
1319629,18.0
1056176,4.0
1442166,14.0
1437764,4.0
1294820,3.0
1385606,8.0
1253461,13.0
1221023,5.0
1467805,4.0
1146960,2.0
1314072,10.0
1434759,3.0
1320485,10.0
1269836,6.0
1227098,14.0
1409966,8.0
1432007,15.0
1130171,2.0
1076891,3.0
1415110,1.0
1417964,0.0
1078208,0.0
1281405,6.0
1023988,2.0
1026965,23.0
1057940,19.0
1160105,83.0
1179415,23.0
1457972,18.0
1284127,8.0
1392673,1.0
1260803,1.0
1399892,5.0
1250390,10.0
1341007,6.0
1174569,5.0
1059949,2.0
1416642,60.0
1243310,4.0
1294471,19.0
1404447,8.0
1459373,2.0
1289689,13.0
1408784,2.0
1428403,17.0
1311493,5.0
1121518,5.0
1092821,5.0
1263535,3.0
1244464,7.0
1421660,7.0
1207935,7.0
1410917,3.0
1195614,5.0
1373964,13.0
1367111,5.0
1462468,10.0
1165849,6.0
1057877,22.0
1186323,20.0
1143862,23.0
1274462,2.0
1063186,3.0
1373443,1.0
1218986,1.0
1428162,1.0
1239832,9.0
1301970,4.0
1323515,40.0
1452063,57.0
1000268,141.0
1125009,42.0
1278101,51.0
1010358,9.0
1018609,0.0
1181506,0.0
1173897,1.0
1299001,3.0
1400878,3.0
1097075,3.0
1137938,1.0
1138972,31.0
1215560,1.0
1157842,4.0
1094429,1.0
1124854,8.0
1396220,2.0
1235771,3.0
1439930,3.0
1241915,2.0
1142074,3.0
1249231,2.0
1054421,3.0
1234443,2.0
1170551,3.0
1403801,5.0
1125353,3.0
1360047,7.0
1090811,5.0
1225360,25.0
1426369,22.0
1231938,19.0
1006164,0.0
1412424,1.0
1271363,0.0
1329583,0.0
1315677,0.0
1195023,3.0
1345319,1.0
1313965,8.0
1344299,10.0
1462712,27.0
1399589,21.0
1084877,18.0
1070908,4.0
1370679,2.0
1175169,1.0
1395461,2.0
1049442,2.0
1167576,1.0
1305754,30.0
1136242,1.0
1386084,5.0
1201415,1.0
1313547,3.0
1432429,0.0
1424087,3.0
1216020,1.0
1432087,2.0
1161833,1.0
1336660,1.0
1042566,0.0
1064175,0.0
1268774,0.0
1399294,0.0
1096827,1.0
1316351,4.0
1254291,1.0
1013736,3.0
1369043,2.0
1438161,10.0
1216443,8.0
1022186,12.0
1187678,1.0
1110266,1.0
1110507,1.0
1220970,1.0
1064258,1.0
1167174,11.0
1337020,2.0
1064393,44.0
1130667,17.0
1162530,48.0
1067625,21.0
1094562,41.0
1090516,7.0
1441336,1.0
1442781,0.0
1230004,3.0
1079246,6.0
1015642,7.0
1036443,4.0
1288129,3.0
1233042,47.0
1312389,3.0
1454536,22.0
1169119,7.0
1100000,2.0
1032520,14.0
1356320,3.0
1449870,15.0
1228367,7.0
1316005,6.0
1291818,4.0
1146333,4.0
1005586,7.0
1012092,5.0
1328206,7.0
1334082,3.0
1231218,5.0
1241983,14.0
1241182,6.0
1109896,17.0
1068487,6.0
1177987,20.0
1304122,15.0
1014765,17.0
1057535,1.0
1341552,2.0
1395254,0.0
1210530,0.0
1114927,0.0
1261880,6.0
1242258,2.0
1364412,18.0
1134575,14.0
1165630,67.0
1048821,25.0
1071642,23.0
1045267,5.0
1244628,0.0
1144417,0.0
1252197,3.0
1362319,4.0
1000923,9.0
1131977,5.0
1055721,2.0
1257923,44.0
1011023,5.0
1336865,26.0
1358373,13.0
1221826,2.0
1368910,15.0
1288891,3.0
1226570,20.0
1458632,4.0
1260758,14.0
1063292,5.0
1014423,3.0
1136471,8.0
1318404,14.0
1304858,5.0
1468988,4.0
1166156,2.0
1344853,10.0
1325100,3.0
1386758,10.0
1081232,6.0
1261492,14.0
1032945,8.0
1431053,15.0
1353011,2.0
1366612,3.0
1208471,1.0
1031492,0.0
1434928,1.0
1330893,8.0
1122482,2.0
1323801,25.0
1368763,19.0
1007743,88.0
1136860,24.0
1049605,20.0
1393990,8.0
1296687,1.0
1308812,1.0
1021947,6.0
1201574,11.0
1035361,7.0
1407211,6.0
1055684,2.0
1437794,68.0
1393989,5.0
1157070,21.0
1044137,9.0
1196857,2.0
1208982,15.0
1213179,2.0
1206565,17.0
1454535,5.0
1323092,6.0
1378332,5.0
1402332,4.0
1427730,8.0
1278928,8.0
1245721,9.0
1196056,3.0
1364778,5.0
1266013,14.0
1328862,5.0
1150883,11.0
1027284,6.0
1001518,24.0
1281074,22.0
1339780,23.0
1245124,2.0
1177669,3.0
1157961,1.0
1359931,1.0
1467213,1.0
1014140,11.0
1139140,4.0
1002861,44.0
1339277,57.0
1444138,142.0
1000174,43.0
1213539,53.0
1283884,9.0
1430528,0.0
1275513,0.0
1046568,1.0
1219321,4.0
1186357,3.0
1233440,4.0
1188252,1.0
1267608,33.0
1044096,1.0
1149937,4.0
1449775,1.0
1395245,7.0
1443631,2.0
1033150,3.0
1375138,3.0
1220432,2.0
1353949,3.0
1320267,2.0
1225700,3.0
1012357,2.0
1167053,3.0
1281449,5.0
1076306,3.0
1430364,7.0
1202153,5.0
1039538,25.0
1392171,22.0
1062419,18.0
1009125,1.0
1221277,2.0
1163456,0.0
1411733,0.0
1434210,0.0
1297812,4.0
1109869,1.0
1178933,8.0
1310504,10.0
1306328,27.0
1243281,21.0
1462465,19.0
1364020,4.0
1343198,2.0
1027324,1.0
1428803,2.0
1051338,2.0
1187681,1.0
1008263,31.0
1440066,2.0
1330929,5.0
1233766,1.0
1391350,3.0
1061043,0.0
1361167,3.0
1180143,1.0
1335086,2.0
1405426,1.0
1414144,1.0
1025109,1.0
1362939,0.0
1190047,0.0
1382390,0.0
1130560,1.0
1104194,4.0
1248950,1.0
1043759,3.0
1085609,2.0
1088201,10.0
1372604,8.0
1243985,12.0
1198539,1.0
1241937,2.0
1379359,1.0
1420368,1.0
1020592,1.0
1169627,14.0
1411639,3.0
1266524,49.0
1435450,18.0
1448069,51.0
1026170,23.0
1111235,44.0
1340043,7.0
1393501,1.0
1239352,0.0
1128681,4.0
1356930,7.0
1429974,7.0
1312245,4.0
1319289,3.0
1033162,53.0
1298695,3.0
1221839,25.0
1370276,8.0
1154341,2.0
1299927,16.0
1211736,3.0
1291396,15.0
1181362,7.0
1226573,6.0
1207982,4.0
1093383,4.0
1371004,8.0
1178524,5.0
1233327,9.0
1228402,3.0
1225527,6.0
1468503,15.0
1030502,6.0
1455793,19.0
1427174,7.0
1132778,21.0
1370974,16.0
1169045,17.0
1206042,1.0
1184582,3.0
1024919,0.0
1023077,0.0
1384170,1.0
1205274,8.0
1355549,2.0
1217909,21.0
1061312,15.0
1172192,75.0
1433494,28.0
1221713,26.0
1006737,6.0
1467101,0.0
1051190,0.0
1092741,4.0
1303750,5.0
1243991,11.0
1179173,5.0
1023728,2.0
1106825,52.0
1079742,7.0
1059347,30.0
1451953,15.0
1147817,2.0
1134083,18.0
1274869,3.0
1318945,21.0
1159122,4.0
1078959,16.0
1387487,5.0
1006415,4.0
1154508,10.0
1298262,15.0
1092181,7.0
1056366,4.0
1435349,3.0
1317505,11.0
1136372,3.0
1369570,12.0
1354574,7.0
1183624,16.0
1313697,9.0
1297215,17.0
1253825,2.0
1339695,4.0
1248612,1.0
1292146,0.0
1439580,1.0
1232371,9.0
1074716,2.0
1309986,30.0
1119398,22.0
1014138,100.0
1163787,26.0
1194979,22.0
1392428,8.0
1080695,2.0
1205365,1.0
1369792,7.0
1374100,12.0
1182523,7.0
1426126,6.0
1200411,2.0
1404354,78.0
1362790,6.0
1204128,23.0
1062682,10.0
1070934,2.0
1159019,16.0
1075693,3.0
1368869,19.0
1120903,5.0
1265048,7.0
1144525,6.0
1380229,4.0
1338172,8.0
1277161,9.0
1266426,9.0
1162332,4.0
1423288,6.0
1102298,15.0
1430979,6.0
1097469,11.0
1180049,7.0
1191035,26.0
1028180,25.0
1116744,25.0
1229618,2.0
1256117,4.0
1377492,1.0
1164076,1.0
1219107,2.0
1417514,13.0
1363127,5.0
1085888,55.0
1114755,68.0
1169372,171.0
1423157,47.0
1450481,61.0
1068558,10.0
1280185,1.0
1274406,0.0
1006349,2.0
1254907,4.0
1388074,4.0
1393727,4.0
1378685,1.0
1298400,40.0
1442358,2.0
1220878,5.0
1215392,1.0
1343148,8.0
1170000,2.0
1163646,3.0
1141747,4.0
1021148,2.0
1014817,3.0
1059231,2.0
1026445,3.0
1060455,2.0
1339854,4.0
1308028,6.0
1049818,3.0
1080780,8.0
1395059,6.0
1271758,29.0
1364937,26.0
1256282,21.0
1455495,1.0
1405279,2.0
1406389,0.0
1239835,0.0
1202539,0.0
1038162,5.0
1260607,2.0
1038516,11.0
1078497,12.0
1149970,34.0
1205634,24.0
1409166,22.0
1280449,4.0
1281924,2.0
1449574,2.0
1444826,3.0
1044323,2.0
1297512,1.0
1447706,39.0
1129291,2.0
1136529,7.0
1065097,1.0
1216466,3.0
1051448,0.0
1303036,3.0
1205908,1.0
1045948,2.0
1344863,1.0
1468419,1.0
1428471,1.0
1201502,0.0
1391637,0.0
1074673,0.0
1107017,1.0
1071111,5.0
1013460,1.0
1337571,3.0
1350233,2.0
1018153,12.0
1179419,10.0
1032698,13.0
1008576,1.0
1426882,2.0
1287598,1.0
1340801,1.0
1337510,1.0
1325941,15.0
1204515,3.0
1273152,54.0
1252031,19.0
1368276,55.0
1065680,23.0
1340564,45.0
1354882,7.0
1190064,1.0
1240615,0.0
1023649,4.0
1089814,7.0
1190807,8.0
1433488,4.0
1444188,4.0
1147935,58.0
1443040,3.0
1304128,26.0
1255648,8.0
1431557,2.0
1195629,17.0
1066400,3.0
1013339,15.0
1394496,7.0
1439607,7.0
1300230,5.0
1081749,4.0
1323249,8.0
1358737,6.0
1462399,9.0
1247800,4.0
1279682,5.0
1103762,15.0
1147859,6.0
1314780,18.0
1213793,7.0
1003373,22.0
1299952,17.0
1436294,17.0
1269138,1.0
1173975,3.0
1374382,0.0
1007061,0.0
1378408,1.0
1448433,8.0
1195787,2.0
1013453,23.0
1345911,16.0
1153872,79.0
1187460,28.0
1397504,26.0
1371705,5.0
1202706,1.0
1344414,0.0
1164498,4.0
1344879,5.0
1187826,11.0
1078649,6.0
1313997,2.0
1439839,55.0
1419204,7.0
1115111,31.0
1111100,16.0
1137877,2.0
1175531,18.0
1040492,3.0
1198544,21.0
1288407,4.0
1402793,17.0
1397327,5.0
1321107,4.0
1099567,9.0
1355994,16.0
1020908,7.0
1383546,4.0
1237836,3.0
1406113,11.0
1373456,3.0
1441904,12.0
1288868,7.0
1213673,16.0
1234700,10.0
1450775,16.0
1121230,3.0
1131641,4.0
1307598,1.0
1076976,1.0
1453447,1.0
1056305,11.0
1096396,3.0
1234064,40.0
1256036,24.0
1298750,109.0
1213871,31.0
1300898,24.0
1296993,10.0
1005093,2.0
1030218,1.0
1380913,8.0
1022055,14.0
1194467,8.0
1030982,7.0
1447292,3.0
1159648,88.0
1059059,6.0
1166469,28.0
1090926,12.0
1236110,3.0
1266598,18.0
1005346,3.0
1329155,22.0
1001951,6.0
1044246,8.0
1349970,7.0
1111706,5.0
1380378,10.0
1189009,11.0
1447228,11.0
1182518,4.0
1311782,7.0
1012883,17.0
1130271,7.0
1358970,14.0
1183196,8.0
1155443,29.0
1303630,28.0
1210710,30.0
1014895,1.0
1179936,2.0
1138930,1.0
1018181,1.0
1332855,1.0
1113778,8.0
1276761,3.0
1181751,36.0
1156809,36.0
1061337,90.0
1026446,27.0
1439965,33.0
1419822,6.0
1279785,0.0
1111955,0.0
1130725,1.0
1267383,2.0
1178972,2.0
1030656,2.0
1452781,0.0
1155987,22.0
1195714,1.0
1467543,3.0
1155033,1.0
1409853,5.0
1415922,1.0
1174568,2.0
1338563,2.0
1365835,1.0
1340387,2.0
1416685,1.0
1160045,2.0
1391219,1.0
1342816,2.0
1066245,3.0
1083586,2.0
1359688,5.0
1106261,3.0
1249241,16.0
1032293,14.0
1423054,13.0
1320273,2.0
1328012,4.0
1321951,1.0
1227190,1.0
1001308,1.0
1026102,9.0
1279841,3.0
1308334,23.0
1360794,20.0
1076936,59.0
1094656,46.0
1366531,39.0
1368689,8.0
1149792,4.0
1455215,3.0
1003753,5.0
1240871,4.0
1116791,2.0
1063342,66.0
1149398,3.0
1341138,12.0
1221668,2.0
1177158,6.0
1435801,1.0
1077741,6.0
1258799,2.0
1264090,4.0
1261849,2.0
1055061,2.0
1349099,1.0
1210096,1.0
1344823,1.0
1160716,0.0
1247558,2.0
1421732,9.0
1000618,3.0
1168930,6.0
1120218,4.0
1267056,21.0
1150054,18.0
1327447,26.0
1086938,2.0
1057546,2.0
1215776,1.0
1037282,1.0
1109439,1.0
1380087,19.0
1337885,4.0
1387110,76.0
1037595,22.0
1400540,63.0
1007125,28.0
1156584,53.0
1257187,9.0
1038602,1.0
1130416,1.0
1166522,4.0
1340350,8.0
1406139,9.0
1131734,5.0
1384969,4.0
1432211,67.0
1216679,4.0
1325531,32.0
1139371,10.0
1265089,2.0
1432069,19.0
1099061,4.0
1059942,18.0
1200837,9.0
1061305,9.0
1400227,6.0
1154368,5.0
1427959,11.0
1458240,7.0
1333216,11.0
1057777,4.0
1299967,7.0
1410775,18.0
1392750,8.0
1284475,23.0
1019806,8.0
1455568,26.0
1057927,20.0
1461210,22.0
1326137,1.0
1048660,4.0
1212272,1.0
1424922,0.0
1303877,1.0
1142179,10.0
1438371,3.0
1015582,33.0
1357702,18.0
1359303,91.0
1066523,35.0
1108959,31.0
1377497,7.0
1045397,1.0
1206584,0.0
1099320,5.0
1027950,6.0
1330564,13.0
1031560,7.0
1208984,3.0
1469198,64.0
1028818,8.0
1362637,39.0
1208948,20.0
1194770,3.0
1040915,21.0
1442234,4.0
1450491,25.0
1367281,5.0
1153550,20.0
1114910,6.0
1245617,4.0
1291401,12.0
1450268,20.0
1036685,9.0
1256772,5.0
1214727,3.0
1014891,14.0
1139490,4.0
1386200,15.0
1377760,8.0
1093784,19.0
1163548,12.0
1452540,21.0
1452809,3.0
1088237,4.0
1034409,1.0
1083883,1.0
1403746,1.0
1143977,11.0
1152528,3.0
1131564,36.0
1130100,23.0
1428865,114.0
1456464,30.0
1242460,24.0
1411778,10.0
1109222,2.0
1211087,1.0
1281658,7.0
1191781,13.0
1072052,8.0
1458467,7.0
1182715,3.0
1336256,84.0
1459300,6.0
1360664,27.0
1328483,11.0
1152242,3.0
1172076,18.0
1435684,3.0
1384892,22.0
1396094,6.0
1433780,8.0
1144693,7.0
1175584,5.0
1284095,10.0
1017307,10.0
1314731,11.0
1018664,4.0
1133648,6.0
1015259,15.0
1123241,7.0
1045875,12.0
1330319,7.0
1236133,28.0
1216261,27.0
1165506,29.0
1462925,1.0
1439738,2.0
1420335,0.0
1012143,1.0
1111062,1.0
1356012,6.0
1348856,2.0
1018385,26.0
1386488,28.0
1023187,76.0
1035114,21.0
1266314,26.0
1186532,5.0
1143997,0.0
1325801,0.0
1286728,1.0
1213720,2.0
1345668,2.0
1312074,2.0
1242245,0.0
1303529,17.0
1061382,1.0
1081855,2.0
1269507,1.0
1434090,4.0
1140588,1.0
1384195,1.0
1192836,2.0
1429550,1.0
1180315,1.0
1382388,1.0
1327694,2.0
1197678,1.0
1377080,1.0
1159655,2.0
1448348,1.0
1321620,3.0
1037301,2.0
1413607,12.0
1426946,11.0
1063755,9.0
1267969,2.0
1069626,4.0
1457414,1.0
1147751,1.0
1273910,1.0
1208751,11.0
1136846,4.0
1365671,26.0
1181571,24.0
1335840,76.0
1299409,54.0
1199632,47.0
1236018,10.0
1153402,5.0
1167547,4.0
1084684,6.0
1318268,5.0
1037490,2.0
1427516,80.0
1013755,4.0
1404162,15.0
1279869,3.0
1437385,7.0
1001299,1.0
1141002,8.0
1175884,3.0
1083854,5.0
1256657,3.0
1146319,2.0
1352156,2.0
1223396,1.0
1128185,1.0
1452318,1.0
1253155,2.0
1368171,10.0
1371102,3.0
1164486,6.0
1108393,4.0
1055667,25.0
1372575,22.0
1000493,31.0
1441920,2.0
1241151,3.0
1038840,1.0
1149842,1.0
1151330,1.0
1429229,20.0
1339632,4.0
1078041,75.0
1336649,23.0
1416199,71.0
1001850,30.0
1295584,57.0
1247108,10.0
1449524,1.0
1285435,1.0
1271083,5.0
1442149,8.0
1007722,10.0
1387054,5.0
1464384,4.0
1129617,70.0
1299322,4.0
1332248,35.0
1003645,11.0
1057248,2.0
1423103,21.0
1129813,4.0
1289485,20.0
1199250,10.0
1372304,9.0
1056060,7.0
1229253,6.0
1102190,11.0
1453506,7.0
1317295,12.0
1382277,5.0
1249950,7.0
1061463,18.0
1322990,8.0
1358218,23.0
1413822,8.0
1442202,27.0
1198170,21.0
1273630,23.0
1468898,2.0
1080012,4.0
1408553,1.0
1320644,0.0
1133622,1.0
1123703,12.0
1371953,3.0
1276184,34.0
1259044,21.0
1161673,112.0
1048826,40.0
1184054,36.0
1459960,8.0
1306629,1.0
1196316,1.0
1112865,6.0
1304144,6.0
1043596,15.0
1299923,8.0
1325780,3.0
1448017,72.0
1210509,9.0
1308689,44.0
1255723,23.0
1282124,3.0
1274108,25.0
1127391,5.0
1051794,29.0
1366623,6.0
1359985,24.0
1276571,8.0
1076901,5.0
1371322,14.0
1149698,23.0
1087955,10.0
1457165,6.0
1363258,3.0
1033810,15.0
1463212,5.0
1394981,16.0
1222892,9.0
1424692,21.0
1132492,13.0
1105089,24.0
1290179,3.0
1087531,4.0
1013763,1.0
1248649,1.0
1011126,1.0
1161026,10.0
1135600,2.0
1348117,29.0
1007672,21.0
1154800,98.0
1410220,28.0
1252381,21.0
1141465,9.0
1086511,2.0
1365471,1.0
1208857,6.0
1222550,12.0
1414152,8.0
1411098,7.0
1107451,3.0
1239797,79.0
1065025,5.0
1045183,26.0
1439301,10.0
1443286,3.0
1219315,16.0
1300914,3.0
1135732,37.0
1440008,11.0
1442602,13.0
1351838,12.0
1111534,8.0
1060934,31.0
1437190,33.0
1298920,32.0
1418620,13.0
1325525,6.0
1432222,15.0
1431862,6.0
1259454,11.0
1287985,7.0
1162603,25.0
1466597,25.0
1051935,27.0
1373343,2.0
1247858,4.0
1147900,1.0
1410025,1.0
1462865,2.0
1411337,14.0
1170590,5.0
1321992,53.0
1246011,64.0
1288752,168.0
1019956,51.0
1171641,60.0
1028998,11.0
1333775,1.0
1335488,1.0
1305730,1.0
1126703,4.0
1310994,4.0
1248140,4.0
1391061,1.0
1159389,41.0
1359786,2.0
1288759,5.0
1158520,1.0
1169678,16.0
1075552,5.0
1128877,6.0
1084737,8.0
1092597,5.0
1088136,13.0
1116594,7.0
1155287,12.0
1070477,9.0
1133801,4.0
1171900,6.0
1068975,3.0
1046305,8.0
1249518,5.0
1388612,28.0
1266323,26.0
1018551,22.0
1054644,2.0
1189190,5.0
1191591,1.0
1105014,1.0
1098062,1.0
1146716,12.0
1039788,4.0
1069284,25.0
1068165,27.0
1120091,83.0
1294336,62.0
1030065,53.0
1349995,11.0
1365687,5.0
1071041,4.0
1441089,6.0
1168222,5.0
1023711,2.0
1217937,94.0
1350139,5.0
1220028,19.0
1272250,3.0
1253830,8.0
1164340,2.0
1359494,16.0
1165414,6.0
1283149,10.0
1445124,6.0
1335709,5.0
1204893,7.0
1116241,6.0
1177859,4.0
1386273,2.0
1266947,2.0
1033535,12.0
1244453,4.0
1123040,7.0
1227139,5.0
1213482,28.0
1310892,26.0
1312904,35.0
1384099,2.0
1110608,2.0
1453996,1.0
1255386,1.0
1104675,1.0
1429863,17.0
1076992,3.0
1134602,55.0
1342239,19.0
1119965,56.0
1186037,25.0
1431189,47.0
1370117,8.0
1331748,1.0
1231066,1.0
1315158,4.0
1312302,7.0
1107086,8.0
1383449,5.0
1368766,4.0
1415361,61.0
1331101,3.0
1081201,31.0
1285960,9.0
1062904,2.0
1244888,18.0
1059730,4.0
1301610,31.0
1185801,15.0
1433228,14.0
1441458,10.0
1050490,8.0
1397809,31.0
1404326,21.0
1017751,31.0
1165130,13.0
1176076,6.0
1044995,16.0
1432278,7.0
1434439,19.0
1334000,7.0
1001901,22.0
1096958,18.0
1427932,20.0
1265581,1.0
1128085,4.0
1114641,1.0
1158675,0.0
1372064,1.0
1021290,10.0
1289076,2.0
1413126,25.0
1006987,17.0
1186406,87.0
1337092,33.0
1193638,29.0
1213058,6.0
1132997,1.0
1457193,0.0
1098200,4.0
1154847,5.0
1319284,13.0
1105643,7.0
1283959,3.0
1350730,63.0
1269337,7.0
1144305,40.0
1000697,19.0
1392932,3.0
1424909,20.0
1004435,4.0
1432863,44.0
1131101,10.0
1039982,35.0
1347619,12.0
1393337,8.0
1445728,37.0
1056430,63.0
1466375,26.0
1271613,17.0
1131276,3.0
1020440,13.0
1247594,4.0
1004029,13.0
1334866,8.0
1045144,17.0
1031935,11.0
1467777,20.0
1124175,3.0
1344622,4.0
1113044,1.0
1072642,1.0
1160420,1.0
1440362,9.0
1123084,2.0
1196686,26.0
1185877,20.0
1427446,92.0
1400948,26.0
1191896,20.0
1427420,8.0
1176627,2.0
1067339,1.0
1256682,6.0
1175927,11.0
1090862,7.0
1035722,6.0
1001643,2.0
1167101,73.0
1328754,5.0
1437923,24.0
1404325,10.0
1051985,3.0
1283824,15.0
1104583,2.0
1223311,37.0
1183746,11.0
1364557,12.0
1403106,11.0
1280215,8.0
1447072,29.0
1089030,29.0
1265777,31.0
1426599,12.0
1204862,6.0
1171635,14.0
1236401,6.0
1391311,11.0
1410668,6.0
1068340,25.0
1272722,24.0
1060863,25.0
1037280,3.0
1058240,4.0
1062704,1.0
1158441,2.0
1069627,2.0
1420564,14.0
1177838,5.0
1267261,51.0
1362272,65.0
1274168,165.0
1151887,49.0
1340837,60.0
1132220,11.0
1243196,1.0
1169601,1.0
1287826,2.0
1383753,4.0
1416677,4.0
1270280,5.0
1189735,1.0
1011981,40.0
1451332,2.0
1148818,5.0
1244094,1.0
1300889,17.0
1389443,5.0
1252139,7.0
1429219,8.0
1038543,5.0
1288140,13.0
1456088,7.0
1442059,13.0
1219991,9.0
1282741,4.0
1396258,6.0
1381125,3.0
1010109,8.0
1385070,5.0
1342694,30.0
1247868,27.0
1435255,22.0
1423382,2.0
1251141,5.0
1416963,1.0
1271106,1.0
1290709,1.0
1290476,11.0
1254670,4.0
1064595,23.0
1211869,26.0
1338493,78.0
1341615,58.0
1105800,51.0
1130298,10.0
1078503,5.0
1296360,4.0
1318676,6.0
1225321,5.0
1018486,2.0
1163773,89.0
1013658,5.0
1222031,17.0
1101635,3.0
1247043,8.0
1053601,1.0
1402122,16.0
1142696,7.0
1348534,10.0
1134756,6.0
1254644,5.0
1451248,7.0
1209426,5.0
1239354,4.0
1434331,2.0
1344766,2.0
1158025,11.0
1281638,4.0
1019067,7.0
1399523,5.0
1134842,29.0
1216965,24.0
1017532,34.0
1347328,2.0
1098790,2.0
1119691,1.0
1376513,1.0
1228221,1.0
1150612,18.0
1070543,3.0
1365404,56.0
1073035,20.0
1323430,59.0
1302872,26.0
1438808,50.0
1182766,8.0
1413951,1.0
1026834,1.0
1252593,4.0
1256138,8.0
1315770,9.0
1348712,5.0
1412244,4.0
1436356,64.0
1411949,4.0
1067230,32.0
1393967,10.0
1276566,2.0
1454556,19.0
1446511,4.0
1364972,34.0
1222295,17.0
1270470,15.0
1461365,10.0
1040814,9.0
1235379,32.0
1114667,20.0
1316727,33.0
1197702,13.0
1438445,6.0
1158466,16.0
1015154,8.0
1008843,21.0
1110646,8.0
1434179,25.0
1376251,19.0
1309188,21.0
1390264,2.0
1246490,4.0
1433055,1.0
1163294,0.0
1351050,1.0
1115488,11.0
1009130,2.0
1001272,25.0
1172730,18.0
1134069,91.0
1041452,35.0
1211276,31.0
1056316,7.0
1414612,1.0
1007586,1.0
1215617,5.0
1391681,6.0
1373601,14.0
1170317,7.0
1278195,3.0
1429810,66.0
1458169,8.0
1436935,40.0
1404096,20.0
1295925,3.0
1431218,22.0
1230687,4.0
1130894,49.0
1130062,11.0
1055152,37.0
1302545,12.0
1286871,9.0
1339230,39.0
1275154,61.0
1240340,29.0
1237285,18.0
1288061,3.0
1143334,13.0
1109849,4.0
1219212,15.0
1305706,8.0
1015536,20.0
1227517,12.0
1386322,21.0
1348584,2.0
1161657,4.0
1294136,1.0
1079506,0.0
1314512,1.0
1189361,10.0
1015401,2.0
1254396,29.0
1020996,20.0
1395613,96.0
1139160,28.0
1112862,21.0
1286169,8.0
1197140,2.0
1297933,1.0
1432095,7.0
1179077,12.0
1413707,8.0
1362176,7.0
1298617,3.0
1267480,80.0
1265750,6.0
1291324,25.0
1449455,10.0
1295998,2.0
1431488,15.0
1125811,3.0
1359241,20.0
1170581,6.0
1087231,7.0
1291287,6.0
1465871,4.0
1184256,10.0
1453484,10.0
1397858,10.0
1009545,4.0
1401384,6.0
1085014,14.0
1056465,6.0
1144277,12.0
1257033,7.0
1284555,27.0
1393239,24.0
1320483,27.0
1187032,2.0
1255690,4.0
1171559,1.0
1465654,1.0
1279628,2.0
1008603,14.0
1347416,4.0
1398306,50.0
1468586,60.0
1452908,158.0
1323211,49.0
1037558,58.0
1167376,10.0
1045043,1.0
1383057,0.0
1393125,2.0
1115628,4.0
1445285,4.0
1388513,4.0
1469576,1.0
1258325,41.0
1404179,2.0
1272647,5.0
1338840,1.0
1048183,9.0
1094209,3.0
1360162,3.0
1162352,4.0
1435551,3.0
1223630,4.0
1166815,2.0
1324717,3.0
1000083,3.0
1088514,4.0
1430891,5.0
1003032,3.0
1461357,8.0
1293585,5.0
1240082,29.0
1290611,25.0
1006816,22.0
1241945,2.0
1349129,5.0
1322779,1.0
1427045,1.0
1345886,1.0
1421180,13.0
1462732,4.0
1014501,26.0
1329763,27.0
1261369,81.0
1136983,63.0
1404296,54.0
1248670,10.0
1195973,5.0
1303720,4.0
1012526,7.0
1147791,5.0
1026079,2.0
1357576,98.0
1267734,5.0
1013679,18.0
1215162,3.0
1152039,8.0
1117244,2.0
1345496,9.0
1218202,4.0
1267904,5.0
1293590,3.0
1049878,3.0
1406864,2.0
1093317,2.0
1244519,1.0
1438395,1.0
1099438,2.0
1145536,12.0
1236726,4.0
1203107,8.0
1218072,5.0
1233567,30.0
1153947,25.0
1308976,36.0
1322147,2.0
1168979,3.0
1261516,1.0
1026507,1.0
1281305,1.0
1183167,20.0
1025692,3.0
1254369,62.0
1255381,21.0
1005345,62.0
1406627,28.0
1275762,52.0
1278844,8.0
1412418,1.0
1183366,1.0
1117686,5.0
1203447,8.0
1095039,10.0
1327993,5.0
1458485,4.0
1417981,70.0
1325419,4.0
1157919,33.0
1196489,10.0
1127474,2.0
1448512,19.0
1299935,4.0
1134906,19.0
1132352,10.0
1281459,8.0
1066399,6.0
1312180,5.0
1133766,11.0
1220552,7.0
1345518,11.0
1042563,5.0
1209142,7.0
1199191,17.0
1197051,8.0
1130308,23.0
1061450,8.0
1465703,27.0
1283558,20.0
1290426,22.0
1281402,1.0
1325460,4.0
1452053,1.0
1184783,0.0
1026450,1.0
1417435,10.0
1113478,2.0
1306215,25.0
1167714,16.0
1225678,84.0
1205294,33.0
1199226,29.0
1455721,6.0
1004541,1.0
1236372,0.0
1193158,5.0
1255736,5.0
1181057,13.0
1058837,7.0
1120028,3.0
1028623,63.0
1350914,8.0
1254517,36.0
1238620,18.0
1458057,3.0
1293515,19.0
1057686,3.0
1123471,24.0
1118455,5.0
1261320,19.0
1449226,6.0
1415076,4.0
1035984,12.0
1070964,19.0
1355336,8.0
1070351,5.0
1111732,3.0
1158588,12.0
1065085,4.0
1119084,14.0
1196160,7.0
1268207,18.0
1131390,10.0
1239548,20.0
