id,sales
1175653,3.1167538
1043951,6.3113337
1468880,1.4578044
1348158,0.50133467
1402063,1.2735426
1011714,16.383224
1368106,3.8988328
1263736,28.866266
1321292,17.448597
1343296,102.9129
1206319,50.63815
1176675,28.63559
1047912,13.977206
1143941,1.2051041
1113670,0.49203768
1328057,6.6152983
1084728,9.3665695
1274231,7.5078063
1227123,5.1402164
1017019,2.9938042
1214056,76.99355
1204218,2.9902046
1005862,36.044598
1262953,14.704099
1322497,1.2220852
1066422,17.54153
1121773,2.3303502
1397373,16.81194
1262413,7.967387
1412394,6.7074738
1252921,7.050288
1229305,5.775668
1253976,10.872786
1361689,7.557461
1148115,6.726564
1267588,3.9540133
1357807,4.2850676
1445884,17.01037
1375117,12.374462
1227568,12.164973
1157745,8.311512
1146425,31.268438
1150898,15.03771
1028480,65.102234
1065248,1.0454407
1395605,2.674406
1401314,7.2026916
1018958,1.210673
1226898,0.87107694
1277198,1.0652568
1208089,11.722566
1225083,5.4885054
1278979,57.448814
1416363,26.015133
1256471,64.50388
1460207,32.34108
1344482,41.538982
1030341,8.65084
1022811,1.0336515
1145195,1.767691
1028875,7.3143272
1150261,7.9415894
1125397,11.068842
1007412,8.178583
1007089,6.0785174
1022951,82.99508
1148888,11.771081
1245093,62.93147
1455957,21.995106
1197514,5.227296
1298595,32.275673
1089760,6.1319323
1115936,22.387869
1061789,14.703232
1217535,19.439573
1413342,10.044924
1118270,5.2089367
1105204,15.495456
1195124,21.254805
1176780,12.509806
1133205,12.106636
1007134,7.6175222
1295974,11.556736
1155448,5.171074
1290557,12.684039
1279564,9.810081
1110503,15.567755
1055148,18.863665
1418938,55.379234
1387077,0.70808095
1109470,1.6341515
1260500,1.964872
1204343,0.7346042
1164712,0.4455027
1005483,1.1606097
1335364,6.593695
1065748,3.0243726
1382363,54.937218
1353086,17.201496
1048191,106.52069
1371047,27.325623
1444681,30.706858
1096867,6.437187
1060291,0.7293517
1302473,0.7571284
1323732,0.80889094
1396795,2.9399922
1110386,2.696251
1442811,1.292854
1203583,0.62464744
1074825,14.738174
1089578,1.2997472
1466935,5.2731895
1227060,1.1843365
1257258,3.7855983
1242948,2.4095721
1158431,2.3910074
1388696,0.9922489
1022446,1.2119653
1095748,0.9921318
1271239,1.3249786
1444820,1.5521314
1341040,0.70513564
1283108,1.3013935
1049318,4.9116144
1432683,1.1176119
1231636,2.8070235
1018833,2.9827247
1452706,10.777924
1171243,11.805033
1397234,43.577255
1375368,0.34418178
1233139,4.813023
1337835,2.606669
1405761,1.0556037
1163197,0.9477725
1141329,1.0371621
1015433,6.3211694
1465013,8.364162
1268052,40.097267
1149032,21.986687
1068948,110.129456
1402849,56.813026
1159964,53.3149
1136013,7.6794534
1269479,2.7509484
1010585,7.747251
1332792,5.83244
1066448,9.913625
1117511,2.7306085
1119774,36.291115
1123816,2.9375744
1024421,13.738258
1078866,3.2798188
1309137,5.295396
1206161,1.3556786
1084770,6.8416467
1285569,3.0598216
1424366,5.2716923
1421400,2.2464898
1429240,1.8374838
1355072,2.1546788
1244140,1.722709
1084775,1.8498856
1455255,1.061451
1042725,3.894907
1005191,9.263776
1166487,2.3152401
1398159,11.342684
1202159,4.1116233
1322436,16.38292
1265070,16.154947
1174758,62.665794
1277193,2.7981186
1146466,2.3426409
1156183,0.5472777
1323529,1.0138829
1324696,1.8208187
1177450,11.675721
1227846,3.1539116
1103588,54.806343
1404526,36.96007
1037315,128.21475
1405303,82.64635
1196545,75.81274
1153991,6.357946
1028205,0.5688056
1418934,0.69341743
1272056,5.663883
1156690,7.2808495
1344471,11.247538
1127411,6.677703
1261673,2.8679593
1334935,82.27862
1034390,4.4050236
1328748,29.110748
1464228,14.679156
1077961,1.4682648
1088477,15.560717
1397304,2.6642246
1153966,13.946976
1246719,5.405585
1429230,4.872477
1442352,2.9916406
1133590,6.0954595
1369000,10.914821
1261786,8.526867
1249465,6.1781855
1366045,5.163071
1330947,6.712597
1204721,8.568865
1161345,5.9534507
1469191,10.910693
1254859,7.0721693
1054222,22.314587
1258351,27.088587
1035952,54.496826
1196313,0.74109435
1230271,3.6263924
1279879,7.0128913
1010015,1.7268919
1368504,0.58445436
1301829,1.4504426
1394262,18.334372
1421914,3.9665318
1331707,30.459644
1144397,18.31385
1370423,106.576355
1204409,51.835167
1118355,29.195578
1030554,35.680687
1125757,1.4800045
1208326,0.6045903
1157487,7.220362
1244111,10.078573
1116972,8.018028
1024974,5.505189
1338458,3.189972
1116032,85.68788
1290259,3.1959252
1268884,37.770863
1234829,15.488031
1246281,1.2000009
1001574,18.161121
1115232,2.3801513
1176513,22.237461
1322207,10.20376
1161786,8.478064
1186518,8.629195
1415089,6.863757
1399054,19.871105
1444814,14.039975
1185751,11.31363
1209054,6.915381
1092836,4.7838883
1299867,18.418648
1140535,13.702019
1312040,13.198628
1147081,8.905754
1330839,32.657692
1141957,15.847318
1114281,62.96775
1148235,1.8800559
1306249,3.162022
1078862,8.332529
1153262,1.5699854
1234274,1.0813265
1297172,1.2688833
1333513,13.341855
1184483,5.490902
1421290,58.63836
1224060,26.458454
1251418,65.01483
1325954,31.91644
1043777,40.776344
1429504,22.40293
1121561,1.3696685
1451006,2.152482
1125754,7.868557
1380147,8.456602
1131534,11.545563
1152839,8.568369
1088185,6.3973217
1314541,91.840744
1318299,12.690114
1168676,65.928215
1111560,22.643608
1151997,5.0343456
1363645,33.687325
1266645,5.987621
1398663,27.474909
1368846,17.014332
1098778,22.421108
1208591,12.286373
1056049,6.2641654
1348259,28.312153
1231623,38.71689
1179043,21.547277
1136418,20.776886
1192617,8.358615
1052795,12.301809
1317553,5.743021
1283660,13.618154
1152684,10.530095
1450617,16.19106
1239867,19.501245
1036726,54.905712
1263062,1.3583512
1203015,4.9337626
1452783,5.7020826
1357093,2.5987413
1170296,1.558046
1154532,3.6793072
1251554,20.014172
1071987,7.712587
1310920,133.35599
1021765,42.801445
1435071,261.0252
1299894,67.07329
1345307,72.18884
1117303,38.900444
1199156,2.5570474
1029493,2.3984873
1046248,2.05604
1260347,7.3497705
1001179,6.757496
1194652,3.303617
1064343,1.591421
1420233,39.638725
1331620,3.3021622
1000890,12.353419
1267149,2.8629823
1010332,11.650525
1030930,6.8206377
1390194,6.931707
1387356,2.9520917
1283618,3.4927926
1330588,4.989996
1399951,6.6049743
1431917,7.045802
1431981,3.3782547
1349802,3.3949552
1095061,12.545828
1239934,3.03614
1290934,7.1439543
1377908,7.120813
1325660,27.826122
1020641,30.566431
1059352,99.6154
1316885,2.1870124
1244061,7.228759
1127766,4.1886244
1204450,1.861681
1331757,1.5048269
1021146,1.6777251
1139377,10.290485
1256440,11.654676
1096643,54.98281
1417384,29.39036
1026334,147.32474
1459325,74.40225
1366559,67.3174
1377410,24.992292
1307067,4.2487803
1013476,12.023383
1466963,8.378022
1215506,14.58078
1312098,4.06346
1055836,57.75815
1022593,4.4729834
1031823,19.867199
1010505,4.6409845
1455951,7.409111
1267961,1.8604591
1078245,12.148947
1379556,4.7761164
1226090,8.356349
1289981,3.5573373
1259965,2.8025184
1059549,5.480842
1028581,4.502154
1105355,4.5237937
1363988,2.5535226
1421867,6.031904
1079280,14.345515
1039337,3.76901
1454083,16.519855
1104425,6.261252
1026319,23.464252
1237404,23.712961
1116370,88.226906
1395524,4.1179643
1163371,3.5127864
1153330,0.9794823
1253775,1.692003
1221335,2.780093
1130103,14.599028
1197529,3.7571168
1100620,50.17919
1427523,36.04945
1444423,105.85997
1359808,72.95753
1444159,66.62601
1065151,19.49635
1015266,1.0549245
1079615,1.2163913
1021916,7.2244897
1067461,9.526377
1055519,12.961452
1209406,8.167941
1222337,3.6404443
1077865,90.80604
1354769,5.533985
1401794,30.741907
1060420,15.655066
1049858,1.8065674
1142826,16.979052
1420787,3.257709
1146372,20.3561
1029977,7.78385
1451850,6.768875
1378986,4.6549826
1403906,8.428828
1248812,23.365131
1445145,19.309725
1310751,12.657553
1012043,10.3752775
1081839,8.469698
1077799,9.881229
1160996,7.6338243
1109875,12.568577
1360322,8.610437
1039321,23.8685
1324639,29.368887
1015001,64.01177
1325984,1.4941256
1463135,3.5166562
1087868,6.9508605
1087943,1.6981544
1100459,0.55604565
1388434,1.4127796
1298879,18.208225
1424379,4.2787924
1069820,33.887917
1269359,18.528868
1057376,108.10907
1112069,52.279076
1150932,29.609156
1110896,36.041355
1380428,1.3485004
1453540,3.0423455
1100621,0.54274285
1044101,7.411746
1200749,10.525256
1331881,8.250477
1463171,5.7093043
1369913,3.2939575
1465696,89.71759
1058583,3.3008628
1434001,39.74952
1083194,16.486279
1375661,1.3115826
1075578,19.191433
1135430,2.5020926
1404844,21.036524
1070277,9.562598
1454390,8.124075
1313183,8.299952
1217582,6.7258654
1021336,17.83496
1189278,11.810623
1231504,10.116594
1399844,6.179885
1353632,4.888415
1364393,19.34306
1242407,13.927551
1438680,13.994942
1012301,9.225198
1102570,34.24821
1214100,16.457209
1363042,56.9728
1448201,1.878735
1141803,3.2230492
1239062,8.535776
1230459,1.5534523
1092662,1.0492165
1342253,1.2826383
1099545,13.929919
1084526,6.458782
1351855,70.081116
1182746,28.593079
1170169,71.35985
1357392,34.577995
1122782,44.536343
1321688,24.328976
1060845,1.3008001
1390606,2.223083
1127328,2.1004162
1046022,8.639755
1412430,9.422834
1347339,12.563091
1416152,9.396613
1410459,6.977327
1197064,99.810905
1221096,13.726236
1141286,72.61256
1315928,25.337688
1091246,5.656742
1374037,37.097603
1195772,6.5656557
1340772,27.74755
1008227,17.437521
1415993,23.281126
1029640,12.555519
1280575,6.424806
1084525,27.4968
1075366,35.55407
1385088,20.453285
1412149,20.049156
1248034,9.089136
1266038,13.841947
1158610,6.2872696
1312610,15.2312565
1208219,11.498639
1163648,17.814486
1398915,21.306005
1347108,52.04476
1120664,1.4304988
1419403,2.5945704
1220692,3.1494465
1424012,1.3994429
1330067,0.8102981
1260352,2.0738301
1108740,10.973505
1129521,4.2643003
1206054,80.309616
1386863,23.44871
1443584,139.45006
1165975,35.32665
1425968,39.632767
1071476,23.102161
1251707,1.3937478
1423710,1.8697602
1377130,1.3134906
1424861,1.1540499
1336515,4.234502
1233914,3.9742494
1288534,1.9105371
1456000,0.88698244
1068366,23.416685
1417315,1.9359188
1268299,7.1894135
1033228,1.6174123
1377350,6.078225
1131602,3.7034984
1261832,3.7616177
1259018,1.5813583
1307166,1.9521358
1236962,2.2127185
1184335,2.7015874
1249225,3.1210768
1193769,1.4798102
1205177,2.0494382
1330587,7.479665
1228717,1.8024464
1233263,4.235019
1267925,4.401348
1032823,15.754451
1212988,17.403433
1287289,52.12638
1375051,1.2226088
1187920,6.152987
1084018,3.43773
1114382,1.5036799
1361753,1.2763953
1293112,1.407861
1293509,8.639702
1326398,10.174324
1100127,52.73944
1234122,25.131577
1080190,124.738846
1252080,63.307045
1331690,59.102562
1350991,22.104517
1051070,3.5708427
1261563,10.174427
1381851,7.281676
1153194,12.078707
1276829,3.4012089
1085654,49.889233
1215299,3.7225482
1351526,16.932972
1308355,3.8933754
1222638,6.2339973
1230996,1.5789291
1199993,9.997315
1262262,4.0823536
1019733,7.1496
1295839,2.9164565
1358220,2.4180534
1070381,3.9080036
1371720,3.0226958
1468946,3.0838993
1139422,1.846385
1157088,5.1496077
1266988,12.21929
1343820,3.1482372
1056376,14.334358
1108109,5.286659
1444334,20.412802
1320321,20.061634
1022626,75.252686
1099425,4.225007
1241930,3.6363187
1326030,0.95671445
1067799,1.582587
1188858,2.793908
1338371,15.395632
1042803,4.3001223
1123434,63.800285
1353601,38.693146
1230070,120.73627
1457677,78.56335
1095057,73.1989
1237628,20.256739
1014574,0.9936341
1195359,2.2160366
1227421,1.1925616
1044839,7.864717
1083339,10.68881
1317153,14.156485
1058002,8.658892
1063806,3.9202442
1331714,102.4644
1284880,5.865119
1279011,33.21441
1137446,17.30376
1352561,2.0142894
1450383,18.347696
1117181,3.4702148
1253920,20.824594
1435257,7.872397
1065769,7.103109
1049937,4.6126375
1125406,8.815139
1463110,22.507864
1063354,16.534275
1087161,11.305689
1411204,10.021429
1306181,8.969844
1269238,11.4792795
1090415,8.085709
1427871,14.778292
1277547,9.348767
1240255,26.54079
1110208,30.631567
1151969,55.290577
1402517,1.54185
1146770,3.5830028
1321517,7.2026634
1053348,1.7238944
1424960,0.5758344
1260788,1.4310172
1283717,18.585
1282022,4.098371
1213228,32.61192
1456700,18.190393
1374406,107.13551
1320755,51.457256
1224354,29.079742
1448950,33.441357
1189279,1.5061104
1310015,3.3659065
1328711,0.58753026
1146723,7.444556
1002652,10.419347
1056609,8.3344
1366527,5.8228407
1169976,3.3350518
1324317,90.59534
1232819,3.4014983
1393177,40.114864
1057655,16.26723
1034061,1.2810979
1278023,18.768124
1067967,2.437735
1121620,17.136316
1382527,7.6895933
1293130,6.459141
1397815,7.200419
1392617,5.9473906
1140276,10.792331
1370172,7.1554155
1317012,5.8446226
1198265,3.8262398
1081056,4.8739004
1319564,19.272762
1146631,13.987859
1180338,13.762611
1445288,9.22658
1416099,33.995354
1404906,16.363598
1351219,53.273876
1100636,2.065944
1273978,3.5607903
1173129,9.528533
1350489,1.7236805
1387366,1.1762307
1219438,1.4193248
1364955,15.244942
1418107,6.5665045
1074672,73.37532
1163874,30.234852
1306987,75.48686
1063263,36.357567
1225650,47.475655
1089150,23.89932
1107144,1.5740889
1218187,2.6654477
1331391,2.4308383
1248255,9.100996
1444618,9.859581
1138283,13.578712
1186233,10.171481
1463957,7.4533854
1134265,107.109314
1431680,15.142813
1287672,76.787094
1316243,26.275848
1343841,5.832816
1111602,38.247787
1201571,6.690837
1223002,24.489328
1304077,15.723989
1057629,20.565746
1313962,11.052378
1355150,5.7882185
1188301,17.216154
1284536,22.841711
1158156,12.290374
1004767,12.85742
1053450,9.638002
1461323,14.5755005
1087766,6.571237
1379113,15.874662
1375208,12.244921
1202455,18.687912
1263873,22.57373
1035408,52.06712
1320825,1.7234467
1012445,1.9400215
1464286,2.3998983
1055274,1.0258175
1437160,0.6144137
1139325,1.4957951
1233242,8.111984
1019178,3.1563952
1060925,56.783592
1036651,17.369263
1158396,104.406715
1064781,25.6781
1354409,28.681402
1052930,17.418062
1162064,1.0991116
1232978,1.5551118
1007048,1.0334278
1167863,0.86307544
1338673,3.1471894
1425763,2.9421048
1030426,1.4730707
1218594,0.6913506
1348097,17.247326
1447040,1.492944
1389315,5.168665
1412626,1.2205058
1329187,4.0933943
1341132,2.5216117
1396480,2.5859828
1384486,1.0830667
1009131,1.3510944
1422407,1.0925412
1149224,1.436651
1276623,1.6266146
1282548,0.7691899
1272698,1.5502733
1272181,5.6648226
1364837,1.389802
1423431,3.2515671
1176522,3.2640152
1227058,11.56262
1175520,12.668254
1153135,33.766205
1420628,1.0119574
1139672,6.2303143
1205092,3.6437752
1187219,1.5264523
1189879,1.3275226
1432808,1.385304
1141050,8.510023
1468336,9.945826
1135664,49.927715
1303587,24.804562
1462998,122.67566
1031607,61.496258
1069112,56.83782
1035261,21.280872
1249177,3.544979
1425762,10.127947
1382144,7.2323456
1066821,12.634017
1080685,3.493274
1010705,47.610405
1105535,3.8370392
1391171,16.422037
1149587,3.9532952
1167847,5.934045
1129040,1.59515
1094960,8.893873
1422148,3.673263
1002491,6.4514074
1467472,2.6664789
1299937,2.2197094
1410990,2.5758057
1125227,2.0869234
1321315,2.0137
1169816,1.2691618
1063967,4.9258366
1299181,11.927992
1332007,3.067568
1040036,14.151227
1240290,5.005786
1154506,20.249252
1400143,19.900627
1092888,60.74259
1291358,4.243201
1253877,3.609281
1199846,0.9701735
1124062,1.6724405
1345932,2.8672729
1060037,15.649496
1093058,4.0001116
1454724,58.569572
1375645,36.85873
1142555,110.957054
1409979,74.826965
1371161,69.26261
1037889,18.462708
1132363,1.1430708
1286216,2.3134809
1246188,1.3079939
1106030,7.7072244
1096469,10.015275
1060896,13.422472
1025572,8.357969
1016570,3.834999
1217692,95.852806
1280687,5.8348403
1290897,31.628632
1258893,16.21397
1444203,1.9558951
1357399,17.69234
1164985,3.322576
1398946,14.873416
1286758,5.968802
1274279,5.3663454
1247442,3.493217
1301734,6.84814
1366461,11.645288
1248122,9.125767
1432444,6.06999
1365218,5.633516
1137403,8.612622
1291036,10.656547
1306000,7.7056975
1370123,13.397211
1325325,9.040337
1454588,24.590889
1058269,29.48046
1326641,51.974632
1296658,1.6148167
1433415,3.225904
1408393,6.3702617
1301326,1.5451039
1284388,0.5378171
1281765,1.3235002
1050263,16.861034
1188665,3.2581627
1322584,25.011284
1438528,16.325129
1167580,96.81819
1044854,46.81475
1108676,26.34616
1076989,35.011646
1230390,1.4203984
1071154,2.168064
1237220,0.56544214
1408508,6.64364
1007021,9.216213
1029975,7.438479
1246767,5.404912
1306886,2.8926578
1417879,85.603386
1407168,3.1539633
1008459,35.748016
1149729,14.4362335
1449089,1.1177601
1105383,16.870651
1457923,2.19198
1215389,15.891774
1359788,7.086116
1098077,5.8866577
1320571,6.3031936
1344154,5.191102
1010947,8.894069
1115652,5.9324446
1044632,4.811126
1096755,3.2023659
1133227,4.2700615
1327672,16.681578
1110131,12.364329
1126144,11.954796
1259276,8.145699
1145121,30.313633
1382558,14.420819
1110537,51.391457
1447487,1.3166934
1204331,2.789518
1065667,7.495814
1409068,1.3450292
1129730,0.9693344
1253368,1.1482021
1223092,12.186938
1200357,4.533425
1092326,48.469162
1233297,23.461926
1099680,59.37771
1100253,28.649576
1378436,36.993916
1295511,21.943857
1182424,1.2722211
1186187,1.3980774
1447830,2.0281687
1274501,7.202924
1391038,7.7365775
1270425,10.8361
1182062,8.403117
1164819,5.8391595
1321050,91.513405
1059055,12.394159
1387149,62.13308
1347813,21.112783
1200194,4.6499476
1462727,30.959377
1188553,5.437441
1119004,19.519703
1297073,12.459373
1172977,16.031487
1402312,8.756762
1330286,4.600081
1134990,12.513526
1073320,16.806013
1275000,8.879433
1279965,9.542173
1426580,7.4638214
1184267,11.1374035
1380601,5.112593
1231276,12.2916
1218159,9.574044
1207782,15.031812
1323799,17.924543
1009883,42.283012
1215413,0.90079457
1057937,4.3112707
1183977,5.123399
1129323,2.2905722
1120798,1.4240754
1321030,3.3734162
1166347,17.97996
1207884,6.5959845
1373001,119.04685
1316883,40.895576
1140956,251.92253
1318968,64.230095
1078275,70.096924
1223373,40.396217
1036008,2.3494003
1165215,2.222292
1067554,2.0990067
1126323,2.0410297
1049765,7.335917
1006407,6.858084
1356199,3.4154186
1286203,1.5815189
1114343,41.9436
1331250,3.4032416
1377679,12.481626
1451550,2.8809466
1320815,9.389915
1052702,5.737956
1039461,5.631743
1122746,2.2527437
1001424,2.9426498
1445084,2.31702
1177063,2.9334996
1085001,3.3549168
1069459,1.5929661
1384958,3.3783505
1061540,12.464711
1360899,2.9779239
1317910,7.114994
1465417,7.1757407
1292390,27.551523
1133299,30.184757
1118297,82.338135
1342169,1.3969412
1008536,6.6945586
1406737,3.855594
1357906,1.6870334
1136135,1.4357601
1296006,1.5285579
1422106,9.831409
1076100,9.948402
1331538,51.85951
1067837,29.257608
1103723,149.26553
1458524,74.78599
1383106,68.199165
1284569,27.41898
1224951,4.167
1414588,11.912062
1182083,8.51222
1180068,14.846148
1216622,4.04358
1115717,59.778847
1444837,4.4798064
1004078,19.356117
1194119,4.5594606
1317215,7.2582755
1418740,1.802852
1327829,10.559732
1115393,4.3114786
1461074,7.347711
1007414,2.875412
1170142,2.4320064
1234691,2.7734725
1383276,2.1331372
1122889,2.1317103
1050345,1.3428787
1103609,5.8746157
1206980,14.009519
1170980,3.6891675
1142990,16.458944
1212916,5.99566
1375817,23.537708
1359407,23.390942
1443446,71.854774
1307223,3.2146885
1010534,2.7290974
1365271,0.72483826
1395680,1.3423176
1294409,2.227067
1126232,12.28776
1352838,2.863213
1040096,42.571476
1214830,32.161438
1310708,97.6098
1454899,65.98507
1129214,59.724953
1067776,18.696466
1270005,0.9126643
1276741,1.4159477
1050511,1.0215343
1246801,6.2144485
1211139,8.233029
1305273,11.668769
1074886,7.518602
1333539,3.1721425
1213975,90.502914
1450431,5.2575
1140809,27.821217
1166814,14.215988
1367040,1.6128601
1014583,15.403684
1277703,2.8628304
1307601,12.457336
1394125,4.9890146
1081053,4.410085
1068787,2.88458
1375720,5.7784986
1401538,8.951144
1441008,6.978386
1133028,4.5843525
1026469,4.3080378
1340021,7.345092
1195500,8.674879
1107776,6.449931
1359012,10.920367
1041316,7.6152854
1422887,20.858185
1266649,25.47615
1222299,50.474865
1462649,1.0301213
1445876,3.1323056
1160427,6.197371
1387782,1.5264606
1405674,0.515851
1353794,1.2719198
1002575,16.600618
1316245,3.0641747
1253016,23.679089
1208999,15.702286
1370960,92.47492
1369207,44.7445
1259749,25.037556
1355147,31.914837
1462739,1.3187132
1121587,2.151152
1198487,0.529012
1151883,6.3384576
1014663,8.876776
1430374,7.2265267
1318791,5.2315965
1269585,2.783001
1262957,83.0068
1039200,3.0552688
1303887,34.591545
1463838,13.902975
1011257,1.0647972
1201277,16.361141
1258525,2.1069386
1338778,15.004202
1273363,6.823703
1271243,5.630132
1080561,6.064524
1110180,4.9870043
1213919,8.663316
1006991,5.8006983
1073342,4.6800656
1045661,3.1042097
1216865,4.086636
1209404,16.026434
1389873,11.7790165
1030476,11.61944
1054566,7.81967
1198949,28.938549
1243170,13.982576
1382891,47.63871
1030174,1.3502351
1072340,2.6990044
1250091,7.2230415
1264674,1.3054588
1066671,0.9198613
1422376,1.0864611
1054320,11.88031
1150845,4.2873826
1441236,45.814095
1436281,22.461004
1434905,56.165863
1447877,27.043179
1153729,34.917133
1193870,20.093378
1412040,1.1828191
1000636,1.3506094
1354154,1.8778379
1343630,6.837186
1213613,7.3959923
1084858,10.476498
1053948,8.094242
1375865,5.546743
1463512,88.03003
1264015,11.901053
1337104,59.694042
1364448,20.198658
1221611,4.4181223
1206472,29.812939
1299064,5.222275
1404484,18.630697
1028561,11.974003
1340547,15.478815
1213107,8.423384
1237708,4.4013696
1126435,12.239879
1008326,16.573454
1040665,8.696681
1127069,9.284158
1253508,7.083838
1033727,10.655229
1243918,4.821986
1100700,11.844667
1171286,9.053155
1080328,14.192957
1010587,17.22356
1409799,38.538155
1004028,0.8922788
1075103,4.3804855
1026272,5.210752
1060697,2.3453612
1124328,1.438255
1326181,3.3513534
1036276,18.4595
1234273,6.2578773
1313379,110.83171
1026342,38.99209
1430184,241.40054
1359277,60.696236
1090851,66.00116
1025587,36.108532
1176817,2.318284
1424405,2.6998966
1431573,2.2212963
1117307,1.9734787
1105442,7.0711083
1210431,6.6447306
1302455,3.3244557
1468249,1.5379297
1266584,40.671135
1302878,3.3307533
1245086,11.959635
1462015,2.786204
1412837,8.750844
1150316,5.5062966
1115675,5.432481
1306772,2.2302744
1015904,2.8400407
1009869,2.3115115
1253986,2.9629025
1331231,3.3397326
1055991,1.5929179
1304597,3.2609615
1396843,12.1262455
1010019,2.9709754
1128790,7.053042
1409561,6.937397
1245055,26.482014
1034581,29.03945
1299426,85.48921
1049105,1.7586647
1348388,6.4026785
1298865,3.760922
1154537,1.6010361
1199867,1.3678105
1415979,1.4409088
1167845,9.375476
1167492,8.952058
1109569,45.292202
1168482,26.185587
1308817,131.08438
1384081,65.826935
1433137,60.725273
1347196,23.065731
1241449,3.8405006
1417303,10.988739
1298542,7.886364
1460941,13.807907
1122491,3.734829
1052062,55.28762
1253831,4.2295785
1216784,17.7035
1188939,4.177425
1227028,6.6173463
1156804,1.688585
1122389,9.487725
1232222,4.0144815
1161466,6.7072973
1450732,2.741736
1445605,2.2908628
1352024,2.6845155
1004475,2.0876667
1243969,2.0347497
1146913,1.2830882
1461304,5.373256
1204121,13.022844
1131541,3.3856366
1454709,15.45091
1199281,5.6104636
1418793,21.580498
1273007,21.624186
1411264,67.40613
1351926,3.2606354
1359879,2.830855
1433151,0.72967523
1160697,1.3265972
1222237,2.2154222
1382585,12.526497
1030884,2.7198052
1010908,39.055363
1435237,29.969854
1019164,90.45873
1461800,61.067757
1214461,56.00358
1330361,16.960058
1035110,0.837045
1294302,1.3252093
1044504,0.97626036
1215824,5.9230576
1023794,7.899028
1337049,11.285553
1387305,7.3663497
1018079,3.0655007
1458996,85.58386
1324378,5.0106225
1184215,26.45321
1124108,13.282999
1156044,1.5539443
1204565,14.637129
1274122,2.7732174
1314791,11.943022
1031970,4.918112
1119426,4.2705817
1281115,2.8296022
1318413,5.5483108
1133794,8.989876
1449670,6.941369
1108915,4.513369
1328933,4.2465796
1199041,6.788438
1214102,8.268209
1414759,6.0524197
1192215,10.589059
1158363,7.201561
1423727,19.782913
1160906,24.49066
1157757,44.68689
1398388,0.97902787
1079523,3.1117904
1205204,6.218297
1465899,1.5080856
1197412,0.5131459
1113681,1.281811
1437122,16.516806
1401310,3.204227
1404124,24.935095
1147591,16.1939
1035519,95.01766
1000608,45.911724
1042351,25.85938
1365977,31.656727
1309661,1.3165258
1297974,2.1118984
1072864,0.528218
1323198,6.6105614
1152607,9.070052
1312084,7.41317
1031081,5.351071
1372477,2.8599916
1200018,85.358536
1123928,3.1487713
1082958,35.524445
1208397,14.412996
1157326,1.1257725
1054454,16.81033
1062602,2.1750767
1446859,15.568396
1258851,6.966269
1113041,5.8725553
1205938,6.184077
1414848,5.0881743
1301753,8.698654
1289531,5.8801346
1135498,4.7045646
1130145,3.1363165
1307169,4.210497
1021053,16.310663
1399852,12.270185
1205237,11.837732
1105885,8.069893
1028175,29.624527
1404190,14.435381
1170599,48.46907
1019138,1.3110468
1056412,2.744253
1433078,7.406038
1164707,1.3265492
1170766,0.9422628
1396969,1.1288979
1409285,11.9967985
1291226,4.5271826
1004725,48.886574
1365780,23.529224
1050564,58.923637
1097602,28.38033
1138964,36.655033
1270562,20.008852
1128212,1.2239206
1314248,1.37276
1149304,1.923665
1469278,7.224988
1058951,7.6820936
1022410,10.871134
1213114,8.402919
1001188,5.793337
1325676,91.093346
1227259,12.379232
1327864,61.628246
1165929,21.148897
1167781,4.728505
1441131,30.959213
1241051,5.4559913
1095042,19.304483
1069109,12.275679
1219540,15.95064
1279961,8.686989
1143802,4.5455465
1084953,12.338342
1334629,16.696371
1436182,8.745608
1070467,9.372823
1377207,7.409303
1047407,11.060131
1113409,5.1370316
1031096,12.258367
1439065,9.542772
1139006,14.794626
1286864,18.000404
1245033,40.23397
1092302,0.90679705
1434053,4.4613066
1212647,5.412183
1216913,2.3987145
1332166,1.4948345
1294922,3.549846
1448150,19.160332
1408500,6.76941
1122772,118.837875
1249149,41.288506
1359070,252.98923
1196319,63.733624
1418871,69.079506
1333268,37.131447
1195923,2.44311
1386447,2.740953
1229071,2.310615
1388902,2.0802903
1157069,7.3649735
1144591,6.965506
1015557,3.4357517
1293819,1.5879905
1126252,42.271736
1402549,3.463005
1291421,12.372559
1283776,2.9117203
1172278,9.014242
1265323,5.5960274
1267835,5.5582213
1392862,2.2986283
1221288,2.9463878
1424104,2.429399
1444061,3.0497084
1385333,3.4307244
1457445,1.6394103
1082835,3.348912
1117023,12.35556
1063465,3.0765257
1069788,7.17372
1182123,7.1609306
1078863,27.467691
1443501,30.358826
1246893,86.53728
1231574,1.7919861
1048810,6.742179
1339480,3.943243
1273905,1.7330656
1124645,1.4662269
1092763,1.5947605
1168193,9.927159
1230664,10.482416
1178323,50.748928
1466637,28.23476
1045923,143.54878
1210842,71.41449
1111107,65.79531
1252402,24.358265
1232099,4.2477584
1027323,11.724524
1407157,8.330238
1018158,14.558614
1289505,4.0312214
1316123,59.6709
1207399,4.527867
1004671,18.937979
1114330,4.565933
1460501,7.1219225
1171415,1.8248762
1247315,9.797651
1189182,4.000969
1161259,6.959344
1184836,2.8178887
1384532,2.3260953
1396360,2.7440555
1254551,2.1231837
1329503,2.1237473
1276837,1.3285878
1026492,5.821114
1186948,13.866025
1380669,3.6093059
1450298,16.325722
1339770,6.078517
1012333,22.788956
1321336,22.998188
1380055,76.64425
1048240,3.367389
1225940,2.9703991
1308903,0.7674428
1248512,1.402879
1289312,2.3615875
1389214,12.927246
1266357,2.8632476
1135123,40.889088
1443731,31.118174
1032609,94.9841
1393353,63.80288
1224322,58.701424
1301416,17.111305
1280503,0.8914298
1206435,1.3864591
1277835,1.0271686
1211305,6.4018583
1292628,8.303041
1371983,11.862604
1215078,7.674291
1137743,3.1825507
1258814,92.85808
1070013,5.324588
1117205,28.485907
1422658,14.090124
1123835,1.6158416
1210616,15.353131
1381070,2.86958
1386586,12.6811495
1238017,4.993197
1022810,4.489063
1271231,2.9422016
1280520,5.7317266
1389883,9.823201
1169819,7.722644
1120949,5.047746
1003959,4.556826
1154231,7.2108583
1072614,8.792007
1315890,6.492704
1388682,11.135432
1287453,7.6123886
1124886,21.092356
1190477,25.857443
1185885,48.86685
1035142,1.0279508
1261137,3.5643597
1348659,6.8865676
1395693,1.7002659
1458421,0.5853049
1374000,1.4580826
1282564,18.006237
1119390,3.6294136
1387494,27.747366
1343345,17.051228
1238115,99.94911
1004135,49.371864
1338052,27.634655
1428549,32.900146
1307879,1.523461
1190722,1.9473627
1179277,2.6984024
1432864,0.62405336
1433894,6.9125915
1271072,9.5971
1168128,7.6931543
1084657,5.539283
1276613,2.9944408
1453728,88.0082
1124839,3.2585087
1451110,37.036766
1037991,14.924024
1316931,1.1353391
1054570,17.364716
1033247,2.2511435
1131419,12.899404
1215603,5.8404512
1166056,4.8321943
1389924,6.5595894
1430568,5.357535
1127033,9.49543
1308137,6.348639
1278060,5.1526117
1116132,3.3644435
1267170,4.4258757
1166060,17.289911
1248892,12.865377
1030622,12.249098
1348028,8.398278
1382763,31.145792
1344659,14.764101
1330783,57.122192
1202218,1.5451348
1178895,3.1668713
1323779,8.370215
1226453,1.5641929
1387475,1.0880014
1272710,1.2890357
1122083,13.279373
1049303,5.31156
1063711,55.709766
1437230,25.750492
1250037,63.225136
1018642,31.857922
1349450,40.527557
1034505,22.164883
1261522,1.4301441
1113839,1.9468294
1053027,1.8372444
1125843,2.251307
1131392,7.710843
1020634,8.209981
1324572,11.41354
1132188,8.852745
1054693,6.203866
1013488,95.6335
1060425,13.430997
1463658,65.48243
1316186,22.191341
1466500,4.8086066
1239602,32.697723
1166371,5.7253428
1118940,20.488337
1069874,13.10657
1385646,17.137104
1148311,9.299189
1373359,4.8180246
1210496,13.777308
1364954,18.37524
1281024,9.878351
1082057,10.391041
1170954,7.9808273
1228316,11.7809305
1242010,5.454123
1158953,12.921774
1144976,10.217972
1298529,15.823209
1297187,18.674944
1004869,49.220264
1426886,1.1229662
1404703,4.1190796
1287651,4.9412603
1027815,2.217895
1276454,1.3513426
1377472,3.1483543
1102983,17.483692
1451280,5.8766294
1080423,105.404884
1263421,36.41003
1389459,222.61418
1282769,56.611595
1167179,61.633514
1158394,33.90429
1038158,2.1171262
1171543,1.2745678
1399730,2.3454902
1437174,1.9891148
1032358,1.8299751
1264768,6.6695466
1105926,6.242193
1054580,3.0682218
1100120,1.4313873
1351316,37.00757
1384962,3.1204853
1053582,11.386297
1058812,2.6346364
1050181,6.47053
1135390,4.041971
1352028,3.985267
1135405,2.0557714
1356144,2.6180224
1149625,2.105172
1308305,2.665776
1075850,3.0570776
1072821,1.3999536
1101581,3.1169276
1278136,11.5731125
1354362,2.6984744
1227286,6.542794
1382946,6.718511
1311574,24.840195
1440992,26.664026
1213931,78.52161
1070130,1.3716128
1161938,6.6910505
1425804,3.7500224
1037936,1.6369143
1427994,1.4397166
1042389,1.4889066
1378349,9.538147
1180648,8.57194
1257456,45.129387
1162292,26.52807
1242684,134.13986
1275638,68.1051
1308371,61.820484
1220214,22.264957
1453654,3.8228474
1309822,11.525915
1224217,8.285181
1053102,14.424069
1276307,3.7686417
1383994,57.70348
1101477,4.1471205
1381443,18.868881
1261064,4.3336496
1460011,6.965174
1145404,1.6832716
1420849,7.592139
1381323,3.1136794
1324942,5.335799
1151078,2.7546694
1063414,2.343556
1023096,2.6599727
1255369,2.0654655
1420144,1.960598
1028158,1.259797
1315175,5.542899
1448522,12.9189
1446141,3.4853852
1333964,16.051445
1413349,5.4785414
1283486,22.445995
1469596,22.136446
1196236,62.7698
1279850,3.6446602
1140155,3.1559405
1355151,0.8144277
1435285,1.4820778
1464709,2.4688735
1308097,14.781263
1428400,3.3031433
1368533,49.733116
1204241,34.981174
1051284,109.39846
1405848,75.00588
1277145,66.93496
1113185,18.531673
1078642,0.9460541
1001196,2.1058373
1226163,1.468858
1426814,1.1206282
1431719,6.444355
1184042,8.902285
1251122,12.083639
1085362,7.852595
1012106,3.2470214
1034881,100.93437
1114413,5.504945
1375840,30.409567
1347472,15.261299
1461319,1.6598095
1106958,16.26613
1138691,2.9199972
1286073,13.576988
1169793,5.2991896
1239646,4.7099104
1332969,3.115456
1390598,6.014695
1433605,10.532258
1251059,8.300221
1029414,5.348344
1211368,4.8539267
1428869,7.5348983
1005348,9.113264
1248656,6.626364
1422327,11.326852
1255489,7.7448435
1385141,22.346935
1098531,27.981583
1130336,47.155205
1314613,0.9971052
1280788,3.4853673
1279403,6.7733827
1369853,1.6751915
1149759,0.5643729
1432136,1.4055601
1252689,18.079523
1329963,3.7852588
1038470,29.118042
1412838,17.826838
1102804,104.578636
1041755,51.11461
1050398,28.55775
1302147,12.540083
1469277,1.4601974
1191596,1.4204092
1363045,2.0269325
1004713,0.57009345
1026200,7.1412835
1457774,9.789792
1062099,7.7667456
1374784,5.733416
1428193,3.1198413
1457707,89.31325
1034895,3.385116
1095886,37.63811
1246127,15.335424
1433923,1.1773727
1189656,18.01675
1068742,2.3216968
1371176,13.21702
1156356,5.9773397
1114130,4.909808
1153006,6.777017
1239236,5.5757113
1088373,9.802951
1042895,6.563372
1331733,5.2579412
1111839,3.4985175
1314389,4.4969006
1310269,17.582273
1322261,13.199384
1401035,12.569659
1326280,8.572591
1307506,45.252647
1278422,22.755802
1209232,49.504772
1448827,1.233108
1266338,3.0625901
1146657,8.095957
1220187,1.4786916
1317369,1.0415695
1381474,1.2404377
1182061,13.105052
1148890,5.3163314
1008515,57.17217
1397115,26.043436
1076766,64.04787
1433072,31.619299
1073829,40.672108
1446528,7.5564384
1135070,1.3788619
1061548,1.2999313
1331864,1.3509604
1041632,2.1382859
1448404,7.811268
1099403,8.256315
1443278,11.383917
1155418,9.002899
1073904,6.308398
1379855,95.87026
1466867,13.473808
1335774,65.68106
1226969,22.652298
1117084,4.962536
1354762,33.5651
1288053,5.8635063
1418191,21.073082
1247004,13.575773
1283188,17.582283
1133146,9.5638485
1388725,4.9807143
1388692,14.042409
1395022,18.887186
1464125,9.925291
1111897,10.648672
1404072,7.9885583
1394045,11.832499
1299510,5.5075808
1451854,12.981578
1026004,10.188504
1460701,22.746006
1188781,27.267902
1063822,39.34246
1027739,0.86457074
1353321,4.593194
1053905,5.2619743
1140400,2.4240434
1048726,1.525723
1050314,3.6061592
1263887,19.615444
1452014,7.6342225
1015353,128.97803
1221875,41.998455
1050138,259.7658
1171999,65.59878
1347067,70.35549
1069075,13.501146
1347169,2.3888917
1311378,1.1228387
1098074,1.8715385
1452888,2.2627325
1449422,2.107862
1156081,7.6399765
1132065,7.033671
1263081,3.4985409
1180966,1.6313245
1272476,42.158855
1094351,3.5137246
1097543,12.8157625
1169107,2.9407456
1345441,7.6123223
1126929,4.623719
1381432,4.557664
1331802,2.3888521
1117389,3.0417094
1150260,2.4740415
1310483,3.1751812
1047471,3.5971875
1333805,1.72106
1086307,3.3578038
1354139,12.432051
1064911,3.0564342
1074393,7.0486436
1301057,7.2738543
1194856,37.094357
1435565,40.35874
1246619,71.843765
1083214,1.1867117
1297588,7.2407084
1133938,4.073602
1464565,1.8293587
1212452,1.5486636
1164775,1.6687315
1226660,10.280492
1414819,11.324808
1291930,53.696392
1233426,28.785257
1085946,149.63435
1238750,74.25224
1016045,67.250755
1457350,9.029918
1172792,4.3201013
1422443,12.197565
1374570,8.505183
1153833,15.291906
1419782,4.147902
1301800,60.32424
1345189,4.5824175
1357731,19.785658
1251599,4.7653813
1341523,7.5115013
1418301,1.8887107
1094322,7.960215
1293350,3.177873
1207011,5.6335464
1241073,2.9232833
1192291,2.4173968
1382569,2.7927363
1356625,2.1795762
1213306,2.181345
1252293,1.3667603
1454464,5.9252396
1287220,14.189511
1274530,3.7052383
1151615,16.6542
1019568,6.1989937
1106743,32.90653
1115237,33.18751
1003652,65.3155
1376543,3.5347
1277624,2.9446573
1239789,0.8135436
1222326,1.4848411
1074095,2.5037246
1074542,12.621862
1005749,3.244805
1105412,43.636826
1433832,31.837437
1280893,96.99501
1312624,64.85622
1127830,58.958275
1284146,5.5006166
1455958,0.9803853
1467878,1.2088352
1448846,1.1474179
1176089,1.1154401
1182982,6.619485
1053032,8.381381
1083699,11.577599
1440453,7.686825
1418219,3.3370361
1304810,86.77779
1270150,5.445325
1075064,28.470377
1180555,14.546076
1171838,1.7038991
1441980,15.817166
1337030,3.0372157
1291532,13.217954
1220295,5.2595015
1204345,4.677186
1177041,3.1322396
1375038,6.024602
1225571,10.12626
1068006,7.8661485
1287973,5.229195
1204391,4.8049264
1092490,7.243875
1258775,8.534252
1317413,6.511275
1010448,10.856988
1247258,7.6041803
1168821,34.99899
1133733,42.043907
1365713,47.45374
1434423,0.89802265
1410881,3.5407798
1284566,7.0620484
1412199,1.7319772
1129131,0.5804011
1403842,1.4585547
1115009,18.441412
1457138,6.517492
1207029,32.58214
1203354,18.314816
1194172,107.81699
1203656,52.48474
1184984,29.390644
1170461,13.59223
1222628,1.437009
1424402,1.6304114
1458171,2.4314394
1003136,0.56019735
1363379,7.5650816
1196553,10.490041
1352991,8.288146
1029366,6.1252418
1222692,3.3398411
1096003,94.673615
1366963,3.5564575
1058535,40.125328
1293117,16.570026
1113727,1.2803824
1122031,19.201077
1063607,2.5213552
1293527,14.717691
1272662,6.716199
1072932,5.5256515
1004710,7.44423
1359697,6.0910335
1039045,11.602603
1208638,7.7376328
1249654,6.428608
1288120,4.0906153
1207101,4.9446235
1460517,19.300083
1220453,14.225046
1081671,13.786621
1447740,9.290838
1320668,46.581623
1035999,23.225107
1001918,57.064674
1388589,1.528377
1014201,3.2997088
1065714,8.978562
1049478,1.6096919
1010834,1.1221764
1048691,1.3663709
1166808,14.192465
1437184,9.925409
1015937,68.790146
1139702,29.007196
1061625,70.43547
1164199,34.91317
1214352,45.26171
1466899,8.8666315
1361103,1.4118488
1158677,1.7538856
1177317,1.8156179
1129039,2.2187202
1237786,8.730162
1359032,9.336901
1124740,12.739891
1241625,10.090724
1260379,7.109149
1462074,106.085144
1403671,15.018471
1046626,73.33966
1352908,25.275192
1455566,5.5818434
1278469,37.347168
1302908,6.620664
1274165,24.032452
1252624,15.384184
1245425,20.11835
1164420,10.882208
1091979,5.6333284
1074896,17.28546
1163127,23.101137
1368393,12.826271
1278580,13.037015
1041002,9.208636
1356350,13.692606
1265088,6.2339797
1029558,14.911807
1365005,11.629447
1208554,25.45356
1024700,30.05119
1372832,53.83915
1245887,1.2047979
1132775,2.5838568
1433120,3.074819
1105158,1.3856446
1259785,0.8503176
1314028,2.0802948
1301957,11.180923
1380881,6.5737543
1418851,76.27811
1315932,23.025307
1243749,145.18912
1098047,35.300026
1213989,39.13291
1103253,7.8858857
1097057,1.3819859
1432641,0.7161764
1048397,1.3262054
1357175,1.2731713
1439132,1.1673218
1110119,4.2871675
1259860,4.0071173
1269283,1.9983723
1465502,0.9259163
1096194,24.235882
1125564,2.0029566
1134187,7.2455688
1341870,1.6915509
1324324,4.5305204
1217572,2.754458
1265142,2.7805395
1269392,1.4474767
1183002,1.7873787
1100417,1.5258993
1072464,1.9669485
1455171,2.1932914
1276034,1.0521181
1017576,2.031568
1469058,7.53169
1416364,1.8738524
1300516,4.1511207
1286165,4.353629
1444352,19.745796
1203788,21.67554
1408477,45.729233
1181091,0.87662
1077969,6.5309167
1040651,3.8067183
1319379,1.6517057
1108052,1.4331318
1429303,1.5604928
1090045,9.367377
1316704,16.397587
1394941,53.173267
1178618,26.396
1247874,135.38647
1031521,67.081665
1177803,61.50193
1220441,8.796905
1132087,4.0000367
1401473,11.426364
1119555,7.997257
1203397,14.299098
1064348,3.91772
1199448,56.01391
1465820,4.3749647
1048919,18.253963
1158826,4.322144
1244357,6.787328
1428021,1.7017746
1201685,7.91458
1423760,3.1744523
1366862,5.724799
1345550,2.901968
1035087,2.4187818
1170407,3.0010462
1149913,2.3480363
1316453,2.3546367
1350011,1.4372227
1344654,5.5860853
1057712,13.421
1257799,3.421296
1118156,15.628385
1404197,5.8256173
1273754,29.209799
1333092,28.575623
1210715,68.781784
1408503,3.7745614
1412908,3.257164
1230645,0.8480787
1124888,1.5111021
1095852,2.6802895
1143823,14.045767
1002875,6.286342
1400193,56.48403
1049491,36.96028
1390789,114.046425
1045229,74.017784
1217191,67.01952
1153044,6.4051743
1067836,0.9369912
1281310,1.5324557
1159365,1.6873074
1429050,1.1019143
1230170,7.402475
1349707,9.835082
1290311,13.223437
1209228,8.90354
1176308,3.8391411
1312711,102.095825
1113289,6.1965003
1278559,31.539907
1262065,16.327148
1147350,1.8935597
1126248,17.431084
1070505,3.3672874
1059884,15.7905655
1134439,6.241494
1428755,5.5473285
1118964,3.6190948
1454276,7.166362
1415260,13.542807
1201093,9.897539
1442355,6.7507834
1083956,6.1560354
1035475,8.615945
1243579,10.675222
1356707,7.5464416
1080567,13.357931
1452344,8.805264
1086996,40.232952
1396623,46.929104
1368512,56.598705
1397465,1.2277758
1076950,3.6811357
1346342,9.85863
1004004,2.3677301
1416934,0.85420835
1351420,2.1405118
1120023,19.04137
1173533,6.367791
1093109,33.27298
1356931,18.39803
1348862,108.404724
1183318,52.793804
1329098,29.467646
1419344,13.204592
1345688,1.4404668
1147812,2.011961
1290250,2.475367
1305625,0.58289444
1113474,7.415291
1313998,10.502647
1425633,8.313217
1153192,6.074051
1416278,3.3121853
1287125,97.68016
1198299,3.5798314
1052187,41.397137
1433405,16.679502
1334178,1.2677546
1442461,19.43591
1352226,2.4711769
1316766,14.3955555
1142339,6.450685
1158069,5.4232345
1142735,7.3821054
1383222,6.051738
1162386,10.77753
1055198,7.2566323
1409176,5.831987
1335540,3.771214
1055255,4.8603735
1162720,19.320267
1337982,14.00575
1092325,13.671229
1366416,9.213638
1395063,46.113895
1204776,23.22289
1059755,64.54863
1360531,1.4900676
1132790,3.5977592
1360825,13.015042
1408462,2.3681285
1136576,1.6585089
1111266,2.0612538
1334937,15.5861435
1258395,10.37114
1352170,76.396805
1251965,31.264141
1382611,77.18396
1129666,38.160217
1081310,48.948696
1462850,9.225736
1468168,1.472964
1185953,2.2222323
1305747,1.9331623
1282672,2.3578384
1162311,9.257404
1460673,10.103928
1419600,13.723162
1314385,10.720102
1316729,7.60569
1161193,117.47522
1424897,16.212732
1299579,81.52193
1090262,27.659718
1056048,5.995448
1300557,40.870296
1329553,6.903402
1136297,25.485342
1172514,16.202595
1106133,21.338764
1199268,11.510837
1257855,6.003936
1438815,17.745716
1226051,23.418865
1054472,12.588563
1072417,13.0872755
1073378,9.841536
1279047,14.68768
1359773,6.6385703
1466897,15.967039
1323076,12.487528
1435002,27.02804
1295085,32.23646
1442334,60.70053
1392731,1.2229469
1264475,1.8518093
1263277,3.0149028
1175295,1.3004524
1438411,0.83855265
1199060,1.980979
1134079,7.763503
1469418,4.565247
1048684,52.66372
1394570,16.568716
1240056,97.03111
1457753,25.043201
1275710,27.07396
1316903,5.3582525
1422399,0.9530083
1079260,0.5884729
1159140,0.9541009
1093052,0.92541534
1134006,0.8032039
1269053,3.0481045
1399624,2.8688767
1194613,1.4220705
1343586,0.671971
1000737,17.194048
1200415,1.4591506
1178507,5.2465878
1218242,1.1712351
1126609,3.0821536
1001123,1.9365971
1231767,1.893954
1210804,0.97619855
1293824,1.2536733
1037433,0.97832716
1133681,1.2456083
1051304,1.3771632
1417197,0.64802396
1430832,1.5195535
1174135,5.5416603
1158682,1.3176178
1239178,3.1330922
1310574,3.16509
1161288,14.436185
1268764,15.903702
1266658,30.49198
1311202,0.60939974
1139196,6.349582
1108949,4.683071
1165784,1.9769552
1041760,1.7427323
1333827,1.8957278
1019363,8.611626
1008027,13.650833
1297275,45.93453
1236371,24.4422
1442578,120.87211
1293764,61.212044
1342588,55.394093
1032775,7.939125
1340072,3.5281157
1332901,10.262659
1415499,7.4693823
1327789,13.200869
1044813,3.4854836
1308886,50.387657
1142868,3.904071
1352490,16.662289
1257025,3.9614704
1153163,6.147264
1373034,1.6305189
1357406,6.9441566
1398909,2.8621309
1316677,4.9731445
1074696,2.5931516
1451904,2.1793768
1179958,2.3129044
1301962,1.9025503
1406045,1.7451137
1370480,1.1235106
1377686,4.8871355
1002512,11.759928
1392046,3.1595922
1417753,14.252485
1075734,4.8411455
1297071,26.864666
1357012,26.69846
1451127,61.3803
1181521,4.040004
1206853,4.940727
1055802,1.2612545
1299102,2.2341728
1108264,4.1204386
1434311,15.311809
1285099,5.921867
1279273,61.469826
1166266,38.108673
1461543,118.79075
1103686,79.42763
1403002,71.6932
1289293,6.4859953
1196071,0.9506553
1122211,1.9804046
1056543,1.4760784
1194707,1.1613576
1058300,7.503456
1446182,10.117325
1444437,13.484299
1183987,8.891118
1278317,3.7551315
1358652,113.654884
1320917,6.221801
1359169,33.346565
1161443,16.88406
1309097,1.9263874
1257517,18.637362
1306994,3.3308952
1073196,15.960727
1314169,6.0731325
1128114,5.538351
1225667,3.5497456
1296011,6.968142
1401443,12.642174
1120491,9.5619955
1272528,6.1921473
1396096,5.845782
1163145,8.655968
1232617,10.660896
1096262,7.5555916
1195907,13.167143
1268010,8.865375
1119541,40.145435
1067048,47.89695
1039189,57.030926
1402369,1.0534471
1424995,3.0037289
1403510,8.517607
1241875,2.1051724
1046818,0.7650936
1279934,1.8002886
1169519,16.009724
1015503,5.238692
1411955,25.560987
1390265,16.536783
1020185,97.713844
1115745,47.64104
1340679,26.528187
1317376,11.594141
1407282,1.3229104
1040604,1.5789373
1285060,2.4535813
1087932,0.52253115
1367397,6.3315415
1055530,8.65577
1176881,7.0589957
1129825,5.179656
1301647,2.7763028
1465221,80.46821
1003876,3.003674
1241558,34.12803
1446980,13.6867695
1433811,1.086735
1299354,16.074696
1038379,2.1019232
1299856,11.994605
1397894,5.435585
1424021,4.4820457
1320763,6.195825
1433817,5.0634756
1103048,8.915245
1247062,5.970697
1406377,4.750969
1044859,3.1698556
1211213,4.2063384
1244893,16.295982
1431954,12.192698
1056098,11.790302
1149568,7.9196763
1296637,41.14165
1416993,20.644947
1214938,49.722187
1447475,1.4896435
1312922,2.6119888
1229907,9.863054
1197724,1.8443336
1419516,1.3083817
1298590,1.5372326
1198714,11.449873
1185174,7.3098497
1184913,49.617363
1014175,23.959375
1097717,60.14566
1042474,29.400433
1464661,37.420277
1060529,7.0151644
1066946,1.2102302
1048009,1.5188724
1146918,1.5917295
1332150,1.8609883
1233386,6.885432
1295084,7.2514343
1049431,10.25706
1089725,8.061154
1097620,5.608054
1070744,85.26701
1123688,11.740501
1164344,58.551147
1121754,19.931074
1041272,4.536718
1418945,29.292288
1241799,5.2586246
1449031,19.08147
1319043,12.226061
1367700,15.808003
1408900,8.665678
1376459,4.4871173
1015445,12.537236
1355357,16.859085
1266778,8.85359
1029078,9.490313
1001542,7.383087
1409293,10.957112
1116848,5.085123
1111174,12.145747
1063582,9.307054
1371625,20.97309
1295456,24.94002
1029201,41.900032
1339389,1.0321739
1019784,4.327938
1036937,7.384855
1452950,3.408818
1032350,2.2324977
1437655,4.858421
1444628,18.454624
1255463,10.376857
1161762,116.11943
1076649,40.380253
1264541,252.84305
1306041,64.43673
1254308,68.13539
1133082,12.985866
1240282,2.3813953
1092210,1.412482
1307269,3.1765919
1247102,2.2457008
1341698,2.0174034
1361319,7.0818267
1060592,6.6618614
1125110,3.3325393
1222212,1.538619
1229330,40.855583
1357431,3.3123946
1309587,11.814304
1142067,2.7380407
1427458,7.31406
1312339,4.485083
1349281,4.430042
1009314,2.304584
1037862,2.9545474
1392188,2.4777071
1142058,3.106327
1445716,3.4716125
1051116,1.6953999
1271121,3.3325107
1278238,12.394153
1015458,3.0454464
1024709,7.1291747
1110603,7.068157
1382095,36.49128
1253116,39.808094
1097892,83.80954
1110828,1.9569727
1403652,6.4892707
1056289,5.26152
1227797,2.25434
1433066,1.9704494
1107186,2.0964549
1156321,9.598897
1460374,15.290239
1056686,49.585552
1084380,28.274029
1390367,144.7875
1434938,72.718666
1350983,65.52531
1197336,8.751431
1455811,4.057319
1333729,11.431146
1420227,8.171728
1256041,14.4141865
1121061,3.969806
1035063,56.26728
1341234,4.3892245
1033665,18.609898
1232231,4.4088707
1248056,7.026454
1050887,1.7709887
1117137,7.716586
1030176,3.0702052
1097799,5.4998827
1366434,2.851359
1397528,2.362442
1127395,2.7300644
1420416,2.1085215
1151182,2.0336173
1194794,1.3237698
1365013,5.9753556
1006582,14.146803
1172863,3.6817806
1047965,16.544245
1340715,6.1705327
1389009,31.376062
1365374,31.675213
1267644,67.46384
1239393,2.9079633
1380446,4.0032387
1113714,1.0190834
1101204,1.9568975
1265470,3.192941
1399202,11.754883
1214875,4.8358507
1384275,38.969086
1070402,31.049515
1089125,93.085526
1082340,63.338326
1054213,56.252045
1069240,5.137662
1168548,0.816456
1289762,1.2321023
1450108,1.2336015
1230627,0.931166
1178631,5.721892
1178041,7.4590025
1147366,10.561281
1008644,7.007154
1067411,2.9826343
1186287,78.49587
1084766,4.8087206
1177139,24.84577
1037605,12.373684
1414946,1.5405678
1333768,13.838307
1369562,2.6563535
1214148,12.219744
1162133,4.8402452
1234410,4.2492743
1176129,2.8053935
1230142,5.467172
1350589,9.277414
1058462,7.0050507
1427877,4.473483
1279529,4.267033
1088822,7.0210166
1416674,8.428663
1099087,6.2426195
1072987,10.697503
1330107,7.317126
1107497,32.738987
1110375,39.730717
1002326,42.140064
1216753,0.9296817
1234186,3.0171278
1461248,8.58776
1179779,2.1691608
1034086,0.729923
1019912,1.8206514
1047612,15.839635
1390410,4.7938643
1434599,24.300795
1250578,15.879977
1394080,93.41124
1321515,45.596397
1013833,25.726156
1216945,11.491185
1161220,1.2775906
1028971,1.5783472
1082906,2.3119373
1365064,0.5171826
1251843,6.2749877
1232658,8.656309
1303783,7.07332
1248616,5.1030226
1326917,2.7335217
1054194,79.83254
1442172,3.0096176
1196665,33.878826
1356386,13.6217985
1162873,1.0837983
1040137,16.00336
1100651,2.1147823
1364345,11.665658
1274332,5.323919
1240313,4.419048
1312197,6.0595737
1406868,4.946485
1123945,8.690183
1353969,5.8425584
1418089,4.709659
1422212,3.1469178
1288512,4.131121
1455557,15.956731
1317673,11.87031
1038761,11.524719
1356084,7.8394065
1242571,39.99682
1149515,20.379032
1153116,56.12861
1169556,1.3927151
1250097,2.606413
1190089,9.792905
1046661,1.8291155
1356080,1.2316072
1434481,1.5450077
1404934,11.333722
1062664,6.6857996
1372219,46.910892
1445395,22.958162
1013466,57.68852
1203620,28.097605
1237339,36.241436
1137885,6.9226503
1000815,1.1730847
1114139,1.4614441
1030225,1.4924495
1106332,1.8575408
1243838,6.778395
1179292,7.242671
1029217,10.282221
1368521,7.917943
1008620,5.4771643
1082542,84.52533
1057754,11.649476
1201898,58.158447
1097365,19.727194
1154510,4.502616
1023381,28.990261
1361179,5.2097845
1065634,18.446335
1253730,11.940729
1442998,15.501744
1034054,8.401415
1361618,4.3557787
1117401,12.15576
1284561,16.462147
1219995,8.672984
1290989,9.360069
1016372,7.161751
1067129,10.660071
1216065,4.920434
1405834,11.803594
1390414,9.152884
1025796,20.360653
1444147,24.6414
1124826,47.2891
1295338,0.9582255
1005980,4.4348044
1447507,7.397081
1109344,3.4815814
1064623,2.0496936
1168832,4.822665
1314662,18.244781
1211288,9.26256
1086930,112.351974
1195469,39.046734
1193107,241.04932
1263412,60.94057
1374801,67.01011
1388997,12.871173
1462326,2.3195446
1166874,1.3797408
1174298,2.8820624
1101462,2.2656453
1384068,1.9207859
1162460,6.942109
1275292,6.5711756
1345934,3.2493749
1018812,1.4906609
1012924,40.08851
1198143,3.2934756
1090344,11.842311
1427606,2.7799127
1462615,6.956759
1314850,4.3089976
1150651,4.2928414
1370076,2.1956794
1132745,2.8076367
1082290,2.320298
1033668,2.8997824
1318122,3.354218
1002314,1.5920031
1333973,3.2979074
1466835,12.232188
1394056,2.922505
1348442,7.0564547
1239039,7.0428495
1448555,35.56349
1065692,39.13659
1234887,92.85109
1165664,1.735083
1032205,6.4605727
1075881,5.0661397
1164594,2.3370557
1381383,1.896867
1440360,2.0800812
1157966,8.987511
1139250,12.8876295
1390742,44.28961
1068269,25.784002
1443644,126.10435
1096758,63.90902
1296048,59.958435
1292045,8.65283
1384411,3.77533
1273402,10.714701
1261679,7.7739115
1244765,13.348393
1090788,3.6455104
1054278,52.18098
1333502,4.0377526
1121732,17.035141
1266000,3.9626403
1088683,6.3219805
1425231,1.6382215
1351014,7.0784903
1426483,2.9673939
1196022,5.1472483
1064034,2.7247539
1459186,2.2714353
1345892,2.6039221
1294388,2.048826
1113466,1.9487175
1319264,1.2834396
1081247,5.546859
1431305,12.750874
1341762,3.3618717
1067498,15.356677
1056274,5.634995
1134700,28.41383
1318860,28.504272
1361037,68.51003
1440330,3.1282573
1106175,3.989109
1020285,1.0260623
1445075,1.7519388
1101259,3.3178303
1145942,11.676901
1460704,4.16866
1102431,37.725677
1360187,29.89198
1193804,88.873886
1280160,58.596363
1417850,54.061787
1110316,5.042869
1250800,0.7644972
1278863,1.2202679
1041890,1.1852152
1279633,0.936196
1033640,5.8144417
1175541,7.619191
1071474,10.81674
1021437,7.0419517
1385459,3.0215507
1010605,81.066765
1206480,4.987367
1354833,25.871826
1226796,12.748149
1203259,1.5739323
1121957,14.4503
1075188,2.755762
1013114,11.851998
1042421,4.8589773
1402713,4.303027
1317343,2.7918382
1040337,5.500436
1323691,8.804417
1214169,6.7173476
1225691,4.44139
1215977,4.2571063
1355614,6.9786377
1186710,8.232145
1167190,6.007038
1024885,10.416925
1294369,7.247995
1043437,31.101007
1157922,38.26951
1269899,44.694847
1299104,0.8815811
1279078,3.1633992
1205208,8.70491
1260747,2.2070696
1116608,0.7619887
1004421,1.862155
1022936,16.517561
1390646,3.0355523
1227566,25.509518
1106214,16.519325
1220694,98.29276
1406416,47.11686
1105134,26.51772
1237497,11.572992
1009668,1.3320892
1016396,1.7200544
1371917,2.6152701
1005908,0.52897644
1038904,6.49948
1254511,14.715802
1106477,7.277064
1458262,5.2888083
1156372,2.8459947
1245307,84.10644
1118089,5.1547
1327740,35.16749
1315966,14.25899
1415433,1.1144955
1373073,16.636103
1006936,2.1623921
1322902,12.131778
1117794,5.502068
1216915,4.533555
1270844,6.2646356
1234934,5.154897
1428111,9.009715
1126887,6.0069585
1469009,4.84698
1132563,3.2184672
1050309,4.2206297
1208238,16.430725
1411175,12.161327
1366520,11.834631
1431578,7.949805
1316124,42.46482
1158613,21.418955
1229988,56.365875
1138299,1.5218325
1355456,2.8151288
1096718,10.260742
1088417,1.9248537
1449674,1.3185631
1466553,1.6243178
1339599,12.026775
1176368,4.281747
1275917,49.185406
1306795,23.944134
1244406,60.613964
1290335,29.048502
1042068,37.537148
1174609,7.0209875
1041787,1.2494316
1025405,1.7161497
1090871,1.7609953
1231794,1.9628443
1357530,7.102159
1034942,12.584856
1232147,10.715712
1035472,8.292378
1196568,5.735443
1253360,90.32817
1464902,18.801016
1392631,61.20647
1177119,20.878023
1392332,4.6532774
1013335,30.505014
1225822,5.4320364
1121707,19.42768
1108577,12.4913
1042727,16.164051
1381475,8.774237
1441244,4.587971
1276210,12.772616
1140650,17.134846
1122693,9.097616
1313876,9.667662
1355324,7.3980346
1062748,11.090562
1174683,5.0719867
1093606,12.236186
1453153,9.367183
1194645,21.72902
1112073,26.057377
1370663,49.234047
1307524,1.0887244
1154639,4.5016365
1074738,7.5190926
1068092,3.5862923
1143480,2.238868
1433836,5.044675
1103696,18.766273
1256397,6.028949
1223122,119.0731
1399798,41.156517
1437803,255.99197
1233430,64.06777
1166548,69.754105
1194404,13.034803
1351560,2.3955712
1084033,1.4834433
1068796,3.2978187
1445107,2.2573733
1234304,2.0055175
1065086,11.397016
1163756,6.772528
1134193,3.3592308
1188423,1.5664283
1334806,41.055317
1127744,5.2288637
1330920,12.281897
1285593,2.8613293
1439931,7.2519217
1041015,4.4613166
1380259,4.4019456
1040536,2.3105295
1143526,2.9491713
1407351,2.424171
1227672,3.1072683
1269102,3.4858348
1199642,1.6741278
1234660,3.3551407
1353923,12.432585
1346521,3.017167
1458097,7.1595545
1453641,7.0783424
1183240,38.072254
1344396,41.772472
1035593,93.62599
1234435,1.9942884
1074845,6.919442
1231502,5.5741744
1230931,2.5489419
1013158,2.113009
1366807,2.2984433
1134508,10.0402775
1210047,8.912165
1076893,49.651184
1009674,28.441095
1304159,145.78284
1420084,72.209946
1128983,66.49986
1394666,8.708671
1294517,4.1655984
1111531,18.726799
1018949,8.46356
1346957,14.797999
1150577,4.0769863
1414754,58.739216
1360006,6.911209
1252761,19.201588
1035302,4.5857162
1271224,7.2181563
1076554,1.8186395
1120486,7.8758955
1279947,3.151292
1282018,5.6003084
1033257,2.9534936
1338229,2.4427998
1110183,2.8778465
1265941,2.2307658
1337500,2.1903205
1368122,1.3924507
1268107,5.9501543
1375764,14.022647
1440792,3.665734
1179858,16.683016
1077157,6.0093794
1410438,33.604454
1240588,33.65754
1267321,80.08204
1048336,3.3299077
1142784,4.5809784
1048392,1.1985589
1104837,2.109876
1210762,3.6250272
1189940,13.016248
1335156,2.5972657
1376934,41.80822
1371058,32.120354
1111306,97.655594
1441726,63.833385
1119115,57.812267
1155297,5.2851267
1413998,0.9013063
1450999,1.5929983
1424451,1.6537693
1229367,1.0282484
1161249,6.1003275
1230200,15.577359
1298791,11.567462
1030565,7.3722663
1118864,3.1386461
1272752,88.89258
1429926,9.27515
1033066,27.356363
1154595,13.835971
1388009,1.6185535
1135069,15.125357
1208230,2.81347
1182488,12.912291
1209251,5.11162
1451557,4.488412
1074488,2.9470663
1042801,5.8726196
1276957,9.936615
1216041,7.583009
1127258,4.91771
1425363,4.6067114
1232241,7.268316
1169872,8.882818
1204375,6.404376
1245697,11.201863
1158072,7.54635
1058633,35.72425
1184785,42.92208
1046506,50.092995
1196481,1.1646585
1205268,3.2505524
1049036,6.4346786
1134689,1.5955396
1005570,0.5628625
1463098,1.3583953
1447372,16.695736
1036644,3.199941
1392931,25.40545
1174867,16.395
1068997,96.158585
1022698,46.57928
1193283,25.848034
1242179,11.874574
1035082,1.4002349
1411231,2.2273202
1321985,3.4317787
1177942,0.57944566
1125605,6.48297
1381314,14.5690365
1228267,7.328494
1027874,5.2978935
1029385,2.8561692
1275811,83.64476
1275459,5.21428
1125932,35.2229
1233606,14.296003
1039530,1.1239257
1445929,16.635048
1258531,2.1769857
1431057,12.948703
1359451,5.826815
1332889,4.85979
1328501,6.4758463
1454101,5.2769103
1386796,9.8238
1057756,6.509671
1326459,5.247397
1210119,3.4241881
1171203,4.3050966
1165399,16.528477
1349645,12.323395
1326118,11.868208
1191549,7.958415
1056930,41.653896
1377241,20.775875
1166043,62.30509
1083869,2.019622
1107616,2.8270116
1176823,7.4728622
1432003,1.3992921
1275019,0.9874072
1136806,1.1526712
1014305,12.10681
1182625,4.5564775
1415358,50.016468
1149898,24.073664
1348166,59.618267
1342267,29.173565
1436961,37.073082
1367033,7.2664633
1429786,1.2674222
1108394,2.2169158
1043274,2.1551437
1234340,1.9992244
1090528,7.0937705
1185915,12.590641
1020378,10.699476
1179376,8.279622
1382303,5.766551
1153781,89.819496
1215411,19.235502
1246476,61.133484
1392629,20.913822
1418200,4.686647
1203086,30.562077
1080348,5.432434
1118835,20.05162
1005706,12.75162
1329192,16.7814
1066787,9.11774
1232058,4.7220106
1310188,14.066668
1469381,18.390778
1177038,9.867495
1429060,10.288771
1260529,7.4990435
1045339,11.190632
1421375,5.1431446
1184520,12.298992
1034745,9.410681
1329524,21.572163
1432622,25.310547
1140398,53.59162
1142739,1.3631124
1275505,4.364551
1450525,5.3418164
1333664,2.4827385
1088287,1.5117372
1040672,3.4926555
1074104,17.959799
1379092,5.4861307
1442752,109.797226
1284267,38.580975
1232621,234.94768
1186496,59.524345
1094924,64.443405
1306575,12.322795
1115394,2.3056138
1355487,1.5224912
1215230,3.4962049
1043502,2.2140884
1027710,1.8869946
1022396,10.471384
1434824,6.452983
1339733,3.210872
1275389,1.46856
1092352,39.518177
1246820,5.0078053
1317091,11.785271
1204653,2.7065074
1352756,7.4274025
1090693,4.5735497
1312071,4.480372
1259304,2.2716413
1128620,2.92392
1448945,2.492755
1179132,3.1419759
1406900,3.5502923
1367770,1.6814253
1354263,3.2208912
1119590,11.768263
1422734,2.794742
1152479,6.8677573
1317389,6.764022
1400711,35.920074
1151348,38.64018
1039099,89.3734
1253571,2.0962708
1319914,6.764285
1250190,3.9411564
1303990,1.724132
1292809,1.4430345
1427024,1.5716364
1438401,9.867722
1376275,9.1482115
1199554,47.188957
1206020,27.336277
1462316,139.34859
1290444,70.23952
1064752,63.713417
1281153,8.715827
1197347,3.9589963
1133494,16.92376
1142865,8.267914
1402607,14.319641
1336385,3.8782623
1431243,57.121666
1429669,6.453164
1391170,18.759504
1142858,4.4218993
1174791,7.051758
1167171,1.7555673
1083681,7.8839746
1100573,3.220586
1346607,5.6883364
1323475,2.9450958
1401430,2.4123347
1365068,2.8508928
1232638,2.2265923
1005216,2.1516764
1038209,1.3669143
1307196,5.710243
1459632,13.052188
1032253,3.5482013
1289541,15.932129
1003065,5.7840047
1034212,31.182606
1244586,30.65852
1188358,75.30955
1365268,3.4747963
1386225,3.1685696
1207867,0.82137716
1185981,1.4500163
1405819,2.397513
1262434,13.740957
1085412,2.8467598
1425993,43.872467
1190787,33.44174
1446731,101.334305
1247076,67.19322
1163786,59.652355
1280455,5.785997
1166458,0.9685052
1460398,1.9832287
1361340,2.0947638
1331139,1.1049703
1065870,6.1621985
1006808,15.718165
1299506,11.798506
1034239,7.6052575
1142553,3.1554692
1364879,89.97834
1228681,9.56857
1040384,28.260427
1427366,14.406942
1304814,1.621698
1359466,15.402552
1375406,2.869767
1321127,14.286718
1186958,5.415187
1344160,4.864574
1036922,3.1806111
1355047,6.1526523
1218905,12.018805
1078096,8.975613
1448811,5.845983
1128217,5.265392
1008086,7.564836
1458751,9.310542
1069804,6.6552763
1084752,11.529056
1338777,7.682377
1040955,36.939888
1311022,43.3203
1400971,54.646294
1248474,1.4511806
1467346,3.6274369
1441363,7.0041366
1399456,1.7671804
1336360,0.6374514
1283735,1.5017046
1359041,17.917423
1383674,3.7742486
1222317,29.593298
1126321,18.050991
1401500,103.95421
1037705,50.09475
1180705,28.484991
1427689,13.9437895
1118387,1.5618742
1138578,2.3525548
1316042,3.612473
1251030,0.6449467
1397546,7.165602
1331946,16.591347
1383472,7.975328
1345623,5.8515253
1031714,3.1982505
1040234,88.55548
1379810,5.719436
1333808,37.309303
1108380,15.196782
1371896,1.1774185
1344332,17.810911
1374189,2.3150866
1034296,13.962763
1357804,6.3070745
1272237,5.1857557
1284921,6.953702
1330419,5.630642
1367722,10.295492
1155587,6.9257994
1009806,5.5782704
1079553,3.6180465
1088285,4.793035
1450301,18.583765
1246935,13.643669
1229274,13.2491665
1167292,8.886728
1465137,30.514797
1293230,14.590071
1387756,84.101845
1001417,2.1670501
1180014,3.0387664
1010366,7.9866676
1425216,1.5185401
1436037,1.0817169
1247143,1.2381352
1151499,12.828268
1199510,5.216748
1329533,55.77754
1328325,25.782368
1165143,63.207966
1067061,30.985668
1042714,39.674416
1099202,8.376651
1237917,1.3754108
1283667,2.1043487
1203414,2.108873
1400787,2.1347835
1083497,7.728035
1139586,13.580157
1279227,11.401455
1015892,8.954735
1323563,6.3450885
1331260,93.81357
1352244,20.417244
1005336,64.749374
1418699,22.310375
1091952,4.90567
1360061,32.820457
1320690,5.8646803
1265958,21.524263
1079133,13.6141205
1046447,17.725897
1428166,9.76609
1050153,5.001672
1179510,14.6416
1017351,19.523342
1256069,10.38454
1400889,10.914205
1231227,8.243457
1423950,12.329668
1360262,5.639329
1203237,13.420229
1038865,10.398504
1010420,15.179517
1147161,18.115627
1394644,66.141365
1150433,1.3548391
1410734,4.6304026
1408035,5.6222644
1379245,2.521975
1276769,1.5125569
1276217,3.6426861
1207528,18.943707
1212397,5.945346
1323567,123.2162
1365139,40.394043
1439769,246.95113
1392381,61.702293
1380177,66.17813
1153159,13.930921
1112393,2.3997953
1435063,1.4158624
1322664,3.2027497
1357647,2.2375958
1009737,1.9845912
1101531,10.97804
1095822,6.6850038
1344400,3.3719583
1108107,1.5615873
1318965,40.50855
1092098,5.1094832
1106591,12.074057
1316467,2.7172065
1252088,7.611819
1276412,4.6262436
1316361,4.504521
1125818,2.277791
1353657,2.9291189
1451134,2.4559526
1258985,3.0649037
1290212,3.50929
1349080,1.637229
1145631,3.3111012
1064822,12.36883
1365739,2.9036934
1294481,7.016262
1245352,7.0506086
1196342,25.381416
1016584,27.548145
1230273,105.34886
1422058,2.0182679
1180631,6.5786858
1459631,3.7934737
1133250,1.6912763
1335285,1.413865
1090988,1.5644429
1015948,9.500517
1367503,9.679373
1155699,48.747093
1374841,26.578812
1244971,135.83601
1257481,66.832726
1131784,61.36487
1009469,8.940462
1279605,3.9093761
1193431,16.5043
1179305,7.979759
1296440,14.202818
1404039,3.8344898
1439472,56.138176
1021150,6.3658767
1185881,18.450634
1464421,4.272242
1401628,6.943611
1226658,1.7219158
1166151,7.638716
1343600,3.100556
1325849,5.3625364
1043266,2.7992122
1378044,2.3165567
1075042,2.6890762
1284277,2.1053245
1406254,2.0614588
1389857,1.280057
1314456,5.695199
1107490,13.257838
1232588,3.543359
1405702,15.872993
1112130,5.930332
1160309,21.052216
1278871,21.204163
1183257,89.35471
1133848,3.9261374
1127116,3.3772163
1187787,0.90023816
1375421,1.5416466
1374717,2.5981503
1110542,14.330164
1065538,3.3966153
1442008,52.426037
1332987,37.397972
1381600,113.080154
1386692,74.23738
1223194,67.6776
1465388,6.951541
1043488,0.93978673
1129573,1.6263759
1203596,1.9912001
1257072,1.144935
1439499,6.923869
1414834,16.869015
1159435,12.444504
1165916,8.263091
1282266,3.5977616
1251929,93.98305
1191911,10.245828
1240157,30.168377
1466128,15.270632
1371704,1.7154891
1067760,16.572908
1138010,3.153216
1152266,14.980131
1036229,5.765139
1090506,5.1366167
1371551,3.4424357
1129505,6.4397583
1306492,12.263867
1201904,9.238831
1029560,6.0526114
1281441,5.502702
1335170,8.290247
1297579,10.146101
1018799,7.2058654
1368072,12.520632
1254228,8.401989
1258567,21.72117
1396470,26.498789
1396198,76.252846
1388185,1.4147756
1410413,3.7262166
1262409,7.1369157
1054353,1.7434301
1259147,0.57423717
1235981,1.4611129
1215937,19.05418
1390166,3.9570394
1413439,35.495445
1404136,19.307335
1246310,110.96985
1294754,53.977684
1223146,30.292114
1118357,14.642186
1343750,1.4398612
1305953,3.1222014
1309378,3.7075539
1143696,0.59128904
1368101,7.627617
1440247,17.086155
1360909,8.274344
1136468,6.1143794
1227754,3.3635876
1462379,96.31958
1166449,5.8426695
1316761,40.200207
1328586,16.505186
1159567,1.2864103
1320841,19.069683
1325136,2.4714687
1324978,16.326263
1223177,7.2955027
1086013,6.3326287
1403200,7.918003
1062713,6.4903884
1242195,15.417824
1104585,10.19471
1029022,8.526136
1343829,5.3320932
1398044,5.082368
1088264,19.749512
1011505,14.281347
1395935,14.201479
1062848,9.379729
1315453,32.54931
1028652,15.41956
1211475,82.376686
1034625,2.2314723
1030463,3.5457363
1415764,9.001541
1009970,1.6599325
1407115,1.1205757
1450652,1.3600888
1454854,15.093366
1409695,6.1839824
1274466,76.19963
1279260,30.838291
1461844,76.40434
1422856,37.34711
1409332,47.778755
1354029,9.984187
1054713,1.4316142
1170297,3.3200936
1406589,2.6909442
1146375,2.2957816
1238120,9.1529875
1132002,16.543335
1097218,13.0642605
1307012,10.298234
1099015,7.2972474
1404490,110.45715
1116076,23.754034
1063027,75.422676
1049716,26.038944
1045168,5.6837306
1167754,37.69083
1303927,6.606424
1019189,27.148067
1301820,16.891743
1133691,22.750355
1061361,11.95682
1261924,6.3031917
1180599,24.209345
1245831,30.610813
1306679,17.120598
1073099,17.124693
1438536,9.584674
1313492,14.681063
1309799,6.598185
1279527,15.941071
1298576,11.97225
1051279,17.429012
1100381,20.916119
1254785,75.98274
1016878,1.7203742
1341416,2.6313634
1003674,3.0848675
1328046,1.3758938
1051237,0.7656591
1178317,1.964225
1343942,10.687269
1458904,3.7644143
1067071,75.986465
1027067,22.40181
1449217,133.8928
1240602,34.73272
1417431,37.31009
1158923,7.93376
1446456,1.3038734
1037307,1.1367608
1239037,1.8620281
1071874,1.2819645
1423487,1.088801
1001679,6.047857
1117326,3.7033844
1400032,1.8568329
1280951,0.8737358
1107005,22.864773
1098220,2.7994666
1257867,6.8544807
1275281,1.5671215
1052122,4.684042
1418976,2.8131647
1014500,2.9087162
1155435,1.4637
1381955,1.807112
1371401,1.8709414
1064744,2.3169296
1253861,2.6741261
1176190,1.257252
1318881,2.042997
1312991,7.2334337
1236897,1.7569546
1435595,4.1404176
1056255,4.2485824
1340702,14.111771
1150290,15.404472
1401265,59.42748
1399272,1.1457307
1151343,6.0944433
1056191,3.3547795
1255848,1.4909595
1468569,1.2400954
1168061,1.393019
1453300,8.387358
1261628,9.184921
1256354,48.850048
1064290,23.689087
1190594,118.50505
1006935,60.605316
1302185,55.274914
1303540,8.113757
1129555,3.4186203
1264284,14.519885
1231686,7.0150046
1131425,11.919711
1012973,3.3269565
1082356,47.798363
1333030,5.342804
1196017,15.739306
1117203,3.6741138
1463000,5.82992
1177011,1.4692665
1096516,7.299347
1468870,3.0037098
1247681,5.2904973
1156337,2.694173
1289833,2.250256
1018993,3.244489
1168672,2.5876603
1215109,2.500969
1274565,1.5523031
1134526,5.122443
1449193,11.479148
1047335,3.0488782
1422828,13.777826
1367401,5.1268725
1292135,18.663424
1014324,18.181675
1254111,84.301956
1041268,4.243161
1292254,3.6502926
1394689,0.94998723
1070055,1.5285621
1372239,2.7067587
1005429,15.92761
1309432,3.7941785
1142757,65.83146
1094724,40.7387
1386661,120.76427
1022601,80.399864
1089290,73.91797
1383990,7.4855356
1050269,1.0139093
1148946,2.8049662
1248615,2.5548842
1038906,1.2179716
1068514,7.934456
1047551,18.769718
1256625,14.152715
1179749,9.170492
1304885,3.916076
1445071,112.56714
1411349,10.745718
1202003,33.372765
1315679,17.096382
1186211,1.949167
1122778,18.352558
1137089,3.3154092
1234542,19.422941
1235224,7.4848137
1021389,6.965258
1161848,4.2968035
1412256,8.321704
1259689,19.684422
1089701,14.460632
1074117,9.679526
1140664,8.8872595
1260380,9.389872
1007909,11.519921
1223035,8.169821
1106298,14.639844
1319959,9.624418
1168432,24.438192
1418349,28.459646
1078971,74.13828
1199349,1.7179703
1449199,4.497475
1127447,9.58396
1390423,2.3173754
1325213,0.7797717
1153265,2.027577
1289085,20.710209
1442044,5.071986
1007593,38.643684
1375047,21.37668
1151773,118.50215
1112987,59.238342
1160676,33.086597
1292564,16.656242
1303950,2.0151381
1311790,3.607954
1316394,5.483007
1047303,0.7861298
1389202,8.228927
1018978,11.086744
1321692,9.045462
1214961,6.7705717
1215098,3.6997929
1346609,99.99663
1124446,3.8153787
1370473,42.365074
1056426,16.861242
1271968,1.3815701
1033892,19.850185
1228052,2.647197
1029216,21.912771
1102781,10.061542
1267172,8.929879
1398048,10.5148
1129421,8.518043
1257815,27.156881
1112591,18.557217
1246299,16.501852
1032664,9.373335
1388738,5.496714
1273380,21.104425
1453639,15.1712675
1184926,15.247026
1015680,9.91691
1379736,34.45776
1414600,16.72819
1115807,107.12776
1432238,3.2774687
1277289,4.4045477
1418967,12.626154
1229101,2.303616
1365273,1.5030608
1417077,1.9356639
1303738,16.974163
1097719,8.363066
1405398,87.86773
1158240,36.864376
1106037,84.85905
1391798,44.20387
1373919,55.27462
1015189,12.643679
1172003,2.0917537
1234703,4.4047103
1163091,4.460712
1180539,3.0778062
1360850,10.355989
1388729,10.742365
1294955,14.552383
1326653,11.791836
1012917,8.263691
1439349,118.44862
1417467,16.797878
1035331,81.37153
1181824,27.51733
1449068,6.3567266
1269909,41.059986
1110084,7.6064615
1274354,39.530624
1452185,24.630817
1355858,34.323006
1254196,17.221193
1340590,9.066018
1078039,45.774117
1268805,59.677086
1035768,36.342194
1250094,32.92099
1212306,10.679967
1049792,16.189692
1151510,7.498288
1198289,17.865139
1090419,13.18407
1407726,19.50465
1249471,23.814789
1432418,109.26151
1324122,2.826208
1378392,2.7105885
1278212,3.6913483
1219003,1.647764
1147334,0.9349327
1325833,2.3133583
1352817,9.692949
1320868,3.5365653
1457397,62.901787
1344754,19.69805
1193277,110.26036
1282204,29.059235
1225397,31.369457
1141710,6.695578
1160464,1.6307471
1400343,1.1265986
1215406,2.4984019
1195042,1.368977
1249049,0.9431437
1251502,3.351441
1222977,3.1759012
1019828,1.5824741
1159517,0.75126743
1059012,18.833706
1000390,1.6183544
1115844,5.892627
1461335,1.3774687
1033484,4.545167
1223030,2.7177286
1151252,2.8364608
1378442,1.4024284
1323761,1.7331641
1368588,2.2419186
1403943,2.8395991
1297435,3.395
1233383,1.488299
1383359,1.6989807
1376667,6.0522933
1152311,1.4506294
1262903,3.4021573
1017036,3.4791439
1107076,11.751707
1440749,12.781979
1396109,63.615303
1408735,1.5491098
1255478,5.88825
1143431,3.7644684
1163345,1.568332
1000138,1.299835
1088944,1.5375351
1068730,8.030814
1009960,8.435241
1069481,42.550327
1111896,22.1488
1306813,106.34932
1430857,55.164368
1038363,50.230812
1076797,7.6831274
1076928,3.1841006
1114536,8.557409
1256627,6.622233
1266387,11.245476
1077338,2.9989398
1287117,44.388523
1051745,3.207838
1019540,14.864206
1447907,3.4043503
1147895,5.362025
1320322,1.3881632
1012083,7.3891296
1024087,3.1246638
1301983,5.4752855
1272360,2.750958
1216314,2.2743208
1465628,3.994657
1130295,3.2980366
1275935,3.26095
1431654,1.9374199
1029275,4.4745193
1386132,10.017843
1451951,2.7942657
1178404,12.29996
1299168,4.3278213
1063069,16.648083
1460377,16.334057
1468899,87.42285
1180761,4.9927354
1210541,4.7041764
1267706,1.1871841
1035376,1.9312725
1397028,3.6887603
1090877,18.23947
1296023,4.5201297
1375492,68.57235
1400481,45.176277
1319002,126.76793
1375363,86.798584
1398797,78.19252
1268758,8.796611
1203729,1.3281968
1189025,3.5720336
1184128,3.4738412
1288342,1.572738
1340493,8.454786
1306857,11.129213
1058251,15.35288
1298709,10.016363
1217229,4.2038813
1278445,112.73879
1031197,6.634305
1045017,34.44711
1137350,17.17594
1358256,1.9870632
1388751,19.267757
1208401,3.5371425
1231314,24.989355
1082313,9.726594
1103012,8.947846
1247618,5.5672684
1196318,10.575842
1165118,29.33258
1089802,21.352749
1040758,15.125903
1406836,13.302801
1176159,10.098568
1298798,12.441673
1307646,8.925039
1434754,15.748636
1223656,10.156738
1057031,27.151773
1333761,31.637976
1223834,88.37058
1208113,2.3500407
1167648,3.3879807
1434833,6.6667824
1392400,1.6287215
1145955,0.5408982
1117815,1.359497
1228636,16.741924
1168717,3.0777543
1043575,24.967762
1428287,16.687405
1454015,95.4683
1201276,46.405796
1115050,25.840567
1140802,12.897487
1451437,1.3857008
1237589,2.2688015
1084630,3.38983
1316981,0.57506335
1019542,6.5710077
1411990,8.735175
1305492,7.481116
1361636,5.525694
1288067,2.9163063
1452890,85.11086
1214477,3.01674
1348060,34.952766
1289973,14.178663
1078793,1.120504
1091091,16.624104
1185960,2.2015865
1250385,15.959703
1213596,7.201638
1291582,5.934661
1058649,7.7065687
1097384,6.2561655
1007657,16.56661
1310243,11.376696
1341458,9.555838
1194383,5.861276
1358856,4.4452147
1167086,17.190449
1107487,12.741137
1246737,12.562859
1200534,8.339861
1238624,28.441257
1041306,13.728289
1260819,63.6599
1207854,1.9958599
1242153,2.9465091
1040262,7.641881
1191128,1.4270437
1268614,0.9596143
1388746,1.1492981
1412379,12.168469
1352119,4.4195776
1234634,48.575745
1163772,24.007137
1153452,59.78951
1017720,28.807133
1305233,36.287643
1382143,8.033368
1171339,1.2473004
1110116,2.2069547
1464786,2.1962411
1314566,1.965936
1038839,7.1970673
1214215,7.3763084
1190130,10.877294
1368348,8.5024395
1135531,5.798863
1073994,90.83649
1366584,11.472918
1222162,60.649384
1032720,20.889683
1361949,4.7005515
1248264,30.42945
1029937,5.5044355
1437732,24.365108
1098504,15.086571
1184444,19.459515
1088327,10.785474
1143520,5.65484
1318215,23.148989
1352442,30.502483
1361673,17.300016
1347597,16.904905
1382556,7.672147
1380545,11.705176
1063473,5.352739
1182780,12.912119
1089139,9.67347
1199416,14.091614
1307970,16.949945
1045942,55.193398
1163393,1.3758738
1310167,5.2570763
1038857,6.560608
1376803,2.938434
1279809,1.6604859
1047686,4.0226336
1085826,19.564255
1200422,6.18392
1376825,115.70561
1408480,41.054794
1419104,248.82419
1295574,63.211018
1272244,67.52879
1268615,14.474962
1388045,2.7024379
1451020,1.9207052
1371961,4.3831367
1303456,2.5668335
1186373,2.0145712
1241847,7.0512667
1464645,6.6609626
1164068,3.4050632
1216588,1.5428963
1016697,41.610374
1395108,3.2798247
1266262,11.982685
1124632,2.8589492
1134778,9.2136965
1053003,5.5860934
1152510,5.483939
1028073,2.8790436
1255684,3.4691033
1009496,4.7476664
1235408,6.0052247
1308391,6.722926
1071598,3.197746
1432711,3.361342
1370002,12.52504
1268826,3.065668
1107585,7.3789663
1383761,7.032439
1058773,26.120209
1174686,28.250158
1234388,106.940796
1419178,2.5818388
1120855,7.424475
1093308,4.398284
1357442,1.9661583
1014208,1.5262343
1062517,1.685882
1437695,10.316724
1208331,10.410814
1435353,52.315712
1348545,29.417105
1092573,145.19876
1152385,73.05574
1063830,66.728516
1223247,10.0773945
1128807,4.2700305
1331674,11.458324
1088105,8.353789
1095338,14.740927
1121253,4.0103126
1407821,60.05644
1239440,4.4527373
1308003,18.982597
1211010,4.4476805
1240760,7.0854874
1464447,1.812357
1151958,9.441885
1448586,3.8172634
1051804,6.5365777
1187754,3.4324403
1444174,2.8007724
1036317,4.7112494
1306439,3.7111847
1356411,3.771527
1163481,2.2139726
1041531,6.013335
1369640,14.371617
1018458,3.8517501
1105642,17.050308
1143878,6.286462
1402049,22.46602
1427173,22.439503
1417682,85.19414
1098386,4.1222987
1134161,3.654271
1443089,0.9845737
1184125,1.6086273
1250162,2.7551742
1364442,14.65011
1085314,3.1350558
1277890,45.461334
1046084,35.781715
1245452,104.300964
1126488,68.52837
1191296,62.68324
1060196,6.91998
1374399,1.0204232
1315787,2.074685
1420890,2.3720474
1186607,1.2097737
1182389,6.912963
1388344,9.020678
1103677,12.962499
1050308,8.619036
1232364,3.5286152
1002808,98.36796
1332557,5.59964
1125333,30.610062
1394052,15.152964
1400139,1.6749363
1460143,16.43626
1356437,3.154042
1229430,19.527428
1337784,7.51026
1299278,6.5581274
1395878,4.3815255
1074338,8.163024
1436234,20.498993
1464509,15.942767
1215241,11.099707
1039436,9.289195
1099287,8.32276
1348577,10.220485
1048644,7.594486
1191023,13.019371
1307361,8.605347
1209351,22.864439
1221138,27.254156
1168992,59.371643
1190929,1.5730767
1013362,3.2839894
1288503,6.377509
1304514,1.5613555
1103563,0.5396997
1162344,1.3361217
1256897,16.644938
1180037,3.1170917
1047286,25.631937
1072694,16.847168
1412632,97.627335
1434942,47.674194
1301804,26.389517
1441736,12.5944195
1363799,1.3903329
1067162,3.5645328
1126708,5.0687437
1082968,0.5879155
1118102,6.422817
1033792,8.382365
1204879,7.3261795
1195897,5.301257
1084511,2.8901162
1251576,82.153175
1306596,2.8984265
1363299,34.76649
1208486,14.0865
1382910,1.0855
1134688,16.395529
1011805,2.1326325
1046110,12.526966
1157732,5.6880736
1029944,4.6951165
1400548,6.2327456
1157768,5.119985
1188317,8.875826
1142796,5.913038
1187386,4.862503
1235861,3.1786597
1347544,4.345357
1367020,16.662483
1161427,12.180883
1110920,11.903458
1417799,8.023563
1092708,27.423517
1076152,13.072432
1314665,72.76975
1362971,3.0639892
1395382,2.810492
1295558,7.259871
1112755,1.3419167
1147565,0.92860746
1263753,1.1095409
1034215,11.894468
1324535,4.342225
1463505,49.141716
1170309,24.069614
1130713,60.262
1241685,29.356558
1029623,36.997517
1432608,7.6510034
1000090,1.2542598
1402576,3.5448928
1086868,3.4273834
1207972,1.9697692
1339081,6.903468
1421063,6.989493
1008357,10.533888
1352056,8.164959
1250859,5.7084513
1106430,87.22759
1073772,11.090221
1214671,59.997803
1422490,20.398602
1348722,4.4689035
1164002,29.900314
1088009,5.225667
1094343,19.231146
1376785,12.340038
1198073,16.09684
1108335,8.679886
1181885,4.5248976
1212879,12.565483
1406673,16.682953
1244569,9.016024
1365085,9.492872
1394347,7.4189506
1116460,11.164901
1340396,5.0842743
1311328,12.135996
1190203,9.3155775
1010586,13.363545
1442064,16.178356
1070116,62.10194
1353443,2.2007556
1456578,5.158484
1326382,6.3401937
1065826,2.9025626
1183895,1.7014662
1020716,4.047664
1365124,19.664846
1462180,5.918006
1372742,113.94131
1063683,40.255695
1298996,244.3099
1360384,62.325157
1353320,67.98241
1148814,13.896205
1411072,2.772448
1459525,3.0319996
1334669,6.3790603
1340751,2.5655828
1174441,2.0320163
1358184,6.8256583
1402511,6.794089
1274894,3.3707783
1011325,1.5972437
1114706,40.1681
1102532,3.209434
1188558,11.962897
1020215,2.7647529
1179052,7.2679076
1298541,4.492254
1165551,4.4310875
1385804,2.2444453
1023871,2.8439946
1122341,2.3176284
1005981,2.9217257
1393534,3.3488178
1075369,1.5703163
1365467,3.460465
1381488,12.766244
1465979,3.0311952
1436033,7.375994
1023070,7.225257
1097914,25.237633
1330158,27.234716
1007136,113.10758
1468169,4.013654
1301691,6.616381
1440486,3.8047452
1275591,1.7050192
1358551,1.4399508
1112901,1.5725266
1079636,9.378334
1064338,8.03718
1317893,42.77048
1201104,25.291126
1233704,126.22296
1178955,64.31816
1136622,59.890892
1012096,8.637059
1403182,3.6735482
1393156,10.33716
1076363,7.976863
1106740,13.591802
1052168,3.6939073
1181397,52.616913
1153319,3.774133
1135413,16.9392
1391682,3.7653568
1205640,6.307883
1316323,1.5320404
1023293,7.032088
1362761,3.0060596
1191923,5.0525413
1315620,2.6059012
1433737,2.19951
1062388,2.4490716
1099674,1.955299
1152398,1.8506091
1250235,1.2058059
1348562,5.4893117
1389524,12.565928
1127284,3.379312
1228656,15.104314
1058012,5.5272794
1368584,19.96748
1197894,19.66814
1160586,77.67572
1018540,3.6835246
1353030,3.1792526
1357563,0.82404184
1319861,1.3859466
1421515,2.4256434
1241093,14.09046
1219465,2.8243954
1085741,43.878185
1100610,33.563618
1236327,101.11992
1102698,65.4978
1107019,58.38056
1348472,6.0459795
1409537,0.9823761
1411542,3.202664
1460788,3.3269715
1190866,1.153479
1451432,6.2385263
1209586,7.7445145
1165478,11.779538
1223299,7.64166
1200751,3.3109593
1292369,89.19204
1116127,4.87124
1272754,27.27425
1354711,13.5579815
1179037,1.5999286
1242230,14.926969
1039948,2.7932763
1395679,12.936125
1064886,5.2343736
1243122,4.6527433
1338904,3.033026
1363841,5.9063487
1025311,10.362768
1241544,7.821392
1053438,5.3692045
1296084,4.7087617
1280031,7.6483207
1233953,9.513697
1146568,6.7044883
1381570,11.77258
1007649,7.896292
1128384,19.261745
1113369,23.112923
1026894,58.36138
1081447,2.0653455
1167339,4.1022196
1056066,8.410204
1297786,2.0413303
1256209,0.73706555
1445585,1.7675235
1335965,18.632755
1185415,4.2854624
1367017,29.994827
1209182,19.039007
1357721,106.83528
1366981,52.751595
1201063,29.47826
1353614,14.373007
1127379,1.7235857
1230496,3.9655807
1253051,5.2801147
1068022,0.73205054
1385415,7.3300233
1052365,9.489668
1353452,8.096937
1152720,5.916465
1243538,3.196137
1413199,88.67509
1383300,3.3315957
1021345,36.487423
1130819,14.887668
1278397,1.1513742
1188525,17.284206
1208523,2.3343215
1127590,13.334674
1051586,6.0599427
1223859,5.106481
1311986,6.7001967
1300262,5.4182115
1360587,9.937532
1347569,6.686001
1142394,5.570015
1011765,3.537829
1045075,4.745083
1122867,18.455757
1325095,13.5536375
1188026,13.2777
1209470,8.845197
1293457,29.878002
1079141,14.404448
1334616,94.2213
1363900,3.1193597
1356369,3.541247
1392727,9.725565
1129544,1.8180048
1301284,1.2443297
1439533,1.5088824
1294767,13.676695
1225116,6.144456
1088858,58.92043
1275145,27.685394
1039930,67.006874
1332510,33.91999
1270952,41.981415
1356342,9.063686
1469593,1.5572621
1169671,4.1075487
1355897,3.673413
1058793,2.4629211
1294801,8.082229
1273298,8.130001
1075726,11.653039
1171141,9.063515
1073792,6.357076
1409239,95.508514
1034070,12.926714
1363347,63.07606
1309663,21.87392
1158609,4.7335796
1002611,31.561474
1354836,5.8061285
1396561,20.774754
1286873,13.144404
1329508,17.480572
1297087,9.410479
1040863,4.8712006
1007846,14.432388
1173927,19.006664
1386621,10.489146
1422792,10.654531
1455235,8.13941
1402825,12.528679
1013265,5.749255
1408255,13.62132
1101451,10.418156
1186371,15.060961
1437113,18.209614
1290580,78.48936
1437738,2.3015425
1341506,5.0162826
1173745,6.3383446
1142195,2.772955
1113300,1.6734674
1258522,3.9922097
1231150,19.549303
1456936,6.30438
1019595,116.87748
1236029,40.34261
1097178,246.73132
1236341,61.644196
1159854,68.29765
1049218,13.860807
1351178,2.405936
1266111,2.445211
1435717,4.759858
1172047,2.329921
1019062,1.9302557
1216531,6.651136
1264862,6.640467
1046238,3.2729363
1001876,1.507479
1085806,41.67731
1389502,3.0588455
1376359,12.067531
1075591,2.5781074
1462422,7.4002686
1320161,4.434289
1271383,4.2816067
1218301,2.140075
1309427,2.7672238
1097987,2.313697
1142766,2.8902936
1023274,3.3539112
1055934,1.5520774
1329235,3.4345443
1078936,12.66189
1312402,2.9995599
1468750,7.3037324
1028769,7.1849923
1130889,24.580338
1015430,27.15537
1219383,115.76522
1135659,2.807912
1228191,7.113434
1430487,4.354824
1346341,1.8616107
1378589,1.5489126
1268650,1.6900126
1317301,10.138715
1244202,9.8415785
1063611,49.344368
1073609,27.492975
1156545,139.71411
1251988,69.55065
1049197,64.73735
1037047,9.407402
1389297,3.989986
1089897,11.086882
1029001,8.298523
1028022,14.469363
1314135,3.9334588
1053405,57.55359
1454220,4.110009
1379748,18.583426
1440479,4.3240585
1412745,6.942238
1251721,1.6971788
1172305,7.751593
1410383,3.141439
1383243,5.375028
1339440,2.78932
1214682,2.275912
1175458,2.6953092
1308638,2.1141422
1191916,2.0725799
1110697,1.2877046
1053072,5.8404517
1040583,13.6365795
1288815,3.6167274
1282137,16.207682
1227799,5.920614
1434467,21.809843
1075343,21.763937
1209249,92.663284
1083937,4.7807364
1454474,4.725877
1167836,1.1831367
1350729,1.864927
1255770,3.1992273
1380692,17.12073
1388707,3.90526
1170960,53.088562
1438017,39.441353
1285797,116.230675
1322929,77.990654
1006797,68.66435
1464549,7.5310082
1148694,1.224502
1410995,3.1584835
1195388,3.3800037
1078491,1.4004818
1337561,7.461296
1093744,9.21398
1408170,13.186785
1069849,8.536116
1215608,3.6119754
1464751,100.081406
1384591,5.868682
1205589,30.720282
1394841,15.604596
1015858,1.7255188
1241154,16.171518
1146879,3.1632068
1017714,13.856344
1395528,5.568791
1111330,5.1236787
1441813,3.2774105
1114303,6.245226
1001684,11.454439
1156271,8.714749
1145075,5.964872
1376002,5.200804
1012647,8.31375
1118094,10.453916
1100781,7.4273896
1205780,12.921974
1419648,8.657501
1297162,22.479603
1024611,26.913767
1256137,82.34874
1217409,2.1877682
1439674,3.3408744
1392175,6.763118
1109731,1.6351175
1168296,0.5837762
1405588,1.4107263
1332412,16.639973
1469218,3.36342
1456390,24.777939
1025727,16.467566
1136528,95.55556
1129776,46.367577
1221782,25.901022
1246875,12.671869
1356167,1.5772718
1469123,4.001889
1278972,5.292815
1275527,0.65785414
1187752,6.483403
1319099,8.485863
1342652,7.460804
1401641,5.422673
1179762,2.9395156
1179581,82.62154
1018003,2.9168591
1445573,34.707756
1040426,14.211525
1426642,1.1064537
1168843,16.487457
1451120,2.1710744
1200351,12.678023
1113228,5.7592745
1268628,4.819056
1401366,6.3478856
1203491,5.1734495
1130365,9.38666
1335367,6.1245027
1221958,5.027003
1226671,3.2913277
1177762,4.4382753
1302622,17.109379
1185426,12.649766
1453664,12.452589
1349611,8.418505
1359739,28.166729
1416939,13.484563
1180282,65.6658
1208481,3.342454
1427376,2.8460846
1165940,7.769841
1275993,1.4475006
1275032,1.0124565
1084480,1.1885606
1084539,12.053911
1283866,4.735726
1100276,48.551346
1036787,23.858055
1088547,58.87571
1113040,28.935034
1184802,36.714203
1026781,7.8106203
1201608,1.3662835
1213986,3.8724189
1254465,3.1049533
1129802,2.1107204
1079729,7.1097336
1094030,7.19406
1017902,10.857844
1400951,8.448793
1395045,5.87996
1271961,89.076546
1344384,11.423002
1276321,60.487976
1365824,20.851545
1093580,4.625039
1185136,30.479916
1362674,5.458783
1342344,19.604568
1421537,12.593333
1393104,16.64505
1149889,8.913385
1183028,4.6279764
1147211,13.385956
1441099,17.57974
1218973,9.523513
1324047,9.935491
1418772,7.6103945
1012342,11.565666
1279231,5.349798
1346486,12.81263
1244204,9.811114
1090191,14.006653
1013003,16.955168
1087069,53.71538
1414815,2.1050162
1242082,5.1725183
1414486,6.205415
1261578,2.8276963
1363995,1.7517183
1251111,4.0555587
1384675,19.98702
1090964,6.658847
1190378,114.87986
1361183,39.66914
1287234,244.56857
1116191,61.934673
1437722,66.8561
1099073,13.797369
1233979,3.0927587
1228296,3.5609207
1194628,7.4833946
1422761,2.7433465
1135566,1.99615
1302322,6.7545595
1048243,6.610649
1083421,3.331515
1135191,1.5403503
1138861,40.00784
1380361,3.1422305
1320357,11.635235
1287793,2.7017655
1011546,7.351879
1469031,4.5009317
1093169,4.4453607
1296039,2.220439
1359175,2.8353431
1205738,2.452447
1202184,3.018922
1114627,3.403082
1251853,1.6553348
1028471,3.3674088
1153702,12.528813
1192912,3.0551133
1227819,7.295925
1405435,7.1338296
1057237,25.77619
1091197,27.603323
1005621,107.66347
1334394,4.7369323
1016229,6.5577974
1355907,3.974731
1373611,1.7165844
1208616,1.486563
1374663,1.5804923
1020010,9.445805
1320521,10.059206
1143655,46.49749
1236936,25.712902
1104077,131.5539
1309618,66.24426
1468737,60.78477
1420817,8.678322
1292116,3.7931094
1369727,10.458895
1183120,7.707135
1126883,13.4051485
1074133,3.7470546
1437622,52.42815
1440437,4.0624847
1063714,16.830835
1114282,4.049515
1279590,6.361106
1195419,1.5997496
1242958,6.9616103
1025728,2.9527702
1159080,5.179261
1205416,2.6051502
1039258,2.1801457
1211852,2.635476
1114155,2.0124176
1409744,2.014599
1397547,1.2604402
1002595,5.57095
1150519,12.806618
1295674,3.379765
1191187,15.197085
1076049,5.781127
1182132,20.321451
1144286,20.443619
1019084,76.02925
1460965,3.7800915
1363244,3.5894794
1410090,0.93898517
1260816,1.6631817
1148302,2.6978977
1138554,14.714272
1039998,3.2313256
1459703,43.970955
1176326,33.08323
1420297,97.173256
1371435,66.02071
1303038,58.834953
1341221,6.292273
1099747,1.1162494
1059738,2.988813
1400208,3.019492
1052781,1.2589359
1048459,6.3088827
1318790,7.7751837
1096928,11.81623
1210411,7.797754
1398362,3.2694366
1163695,86.075165
1334567,4.953807
1218881,26.18449
1177420,13.371809
1017318,1.5744296
1134404,14.529086
1027460,2.8163135
1293852,12.851481
1460599,5.195449
1206111,4.6822762
1407882,3.0135002
1217361,5.7964063
1428587,10.818153
1229059,7.8158097
1087370,5.3646812
1071724,4.8773
1348752,7.597613
1104029,9.678351
1039609,6.868721
1389126,11.9972925
1424959,8.116294
1046073,19.973223
1305114,23.992252
1168297,59.17152
1176391,2.1198196
1129151,4.779393
1425471,9.48404
1000117,2.3817348
1399979,0.80451375
1402266,2.00826
1195185,20.069958
1111666,4.4106927
1327119,31.928387
1229630,18.859264
1044177,106.623924
1462559,53.055035
1071765,30.48552
1262613,14.643567
1184719,2.4922774
1352961,5.2989035
1035183,8.432583
1053889,1.0712655
1298953,7.514599
1204272,9.778738
1445624,8.255023
1258479,6.025238
1463141,3.3367417
1321032,90.06044
1000865,3.3356915
1153648,37.47919
1253340,15.253942
1028771,1.1572099
1094992,17.860819
1049940,2.293635
1377450,13.780772
1268905,6.275695
1313811,5.207008
1063094,6.8546324
1260724,5.5999017
1196244,10.219465
1068648,6.7985563
1313638,5.6357307
1025749,3.6035752
1171451,5.2626495
1444052,19.974651
1268218,14.67735
1283472,14.137201
1349786,9.749069
1295331,32.880657
1014736,15.933476
1214468,107.297714
1162262,5.261048
1240766,3.7174537
1303664,10.174824
1372447,1.9817407
1130803,1.2743973
1220040,1.5777471
1016665,14.010013
1361048,6.075736
1467986,61.157814
1234223,27.17995
1013762,65.03088
1317370,33.44729
1328851,42.810417
1274938,8.98368
1126477,1.9773823
1151565,4.6827016
1357288,4.8432055
1094927,3.0481238
1443613,8.041837
1113815,8.138074
1167000,11.734606
1237531,9.233451
1339114,6.52448
1174989,96.396774
1461010,12.98217
1365427,64.867
1213250,22.191639
1415493,4.813138
1028368,33.042797
1313188,5.738984
1288022,21.30174
1326565,13.57737
1172014,17.867422
1196142,9.629202
1166269,4.974299
1370154,14.586148
1202000,19.51825
1182886,10.648455
1094194,11.019643
1181533,8.719647
1386842,13.091441
1220031,6.1069283
1143248,14.206835
1387335,11.11215
1322483,16.418848
1035413,19.61535
1318680,83.72662
1121325,3.2274077
1263066,8.767629
1373795,10.406825
1295064,4.967226
1465738,2.7965722
1283448,6.547179
1089201,25.945398
1098643,8.780719
1315043,143.62572
1180110,46.717415
1443959,279.24008
1087109,71.394066
1090070,78.67766
1060785,16.831251
1300817,5.5299926
1452584,5.2402773
1118501,12.5545435
1273192,4.913198
1165735,2.378922
1320391,7.660772
1276211,7.4248085
1126497,3.7902176
1054169,1.8066025
1432277,43.74418
1289290,3.575954
1119055,12.764343
1231764,2.9870327
1059848,7.683179
1344028,4.714282
1233751,4.693486
1194903,2.368742
1465872,3.03899
1337683,2.5411892
1335583,3.2564747
1189450,3.7026863
1395394,1.7524965
1232103,3.965376
1052988,14.589996
1257180,3.5857444
1229293,8.431689
1427697,8.289392
1168825,29.731318
1256242,32.208057
1104643,191.86313
1302755,7.9574223
1137774,7.2836466
1206260,4.5454698
1439443,2.05872
1321796,1.6318367
1085282,1.8783299
1265771,9.710124
1105706,9.795607
1320025,45.851116
1212286,24.08941
1459899,125.29314
1397099,62.765423
1412627,57.19815
1369680,8.316919
1429379,3.7843857
1422296,10.431779
1279002,7.5413675
1099490,13.45809
1308986,3.623176
1301399,53.47959
1154893,3.9471946
1264809,16.637165
1083252,3.8285694
1170682,6.2341256
1312833,1.5154693
1349013,6.538011
1206583,2.7164505
1332100,4.7269783
1355964,2.4415755
1037473,2.0482888
1431110,2.3331404
1182428,1.8594093
1444958,1.8325115
1316112,1.1551174
1196311,5.5441513
1086621,12.50997
1375030,3.3432267
1108049,14.82807
1442474,5.675028
1112476,20.106636
1217426,19.996561
1226307,105.19823
1438773,5.3074408
1370189,4.8432565
1359211,1.3323133
1127825,2.1245325
1405864,3.6342056
1076376,17.238028
1027194,4.087274
1286103,55.554283
1042411,37.700798
1011747,106.25932
1133232,76.07042
1395313,70.27037
1264506,7.5094666
1260656,1.6004686
1292935,3.9874923
1344325,4.410943
1027802,1.8535681
1431453,7.3216095
1369846,9.017177
1382249,12.798404
1215985,8.544184
1027804,3.6681786
1386442,92.46487
1353703,5.7222123
1087912,28.408497
1440491,14.544368
1052640,1.6441679
1219456,15.947807
1093689,3.0491238
1325352,13.471205
1300679,5.3439517
1024383,4.8146996
1432754,3.1693637
1400693,6.0373707
1255561,11.031004
1187224,8.550943
1414377,5.923261
1087133,5.1507387
1406304,8.897337
1109024,10.602516
1371860,7.9552155
1419716,13.054701
1254878,9.267899
1253885,23.30722
1312649,28.46991
1013116,89.25846
1031843,3.0065987
1054388,6.161158
1151093,12.466553
1351345,2.3492799
1004692,0.79108953
1461758,2.0630012
1103971,24.791271
1002703,6.9850683
1434337,34.00408
1453863,28.711573
1458068,107.71999
1089433,53.10032
1122540,30.279678
1408747,22.555153
1184352,2.547683
1206722,5.1393967
1444009,7.0710387
1351681,1.0496564
1326141,7.8695817
1345067,10.40404
1005590,8.618393
1394939,6.3231177
1012406,3.4940724
1088293,97.36179
1215111,3.5005906
1018512,40.038643
1160944,16.305902
1252731,1.2492845
1255823,19.027353
1264412,2.4396508
1191628,14.630714
1403313,6.5318694
1105604,5.478885
1082736,7.242774
1002496,5.9473805
1029947,10.876834
1106713,7.276325
1318873,6.1016073
1228993,3.9143834
1035290,5.3170877
1419552,20.939758
1319545,14.893183
1024836,14.761429
1236878,10.030593
1450136,34.57961
1309314,16.53796
1084808,86.847946
1421134,4.395798
1293796,5.307814
1294591,14.65712
1318540,2.0912519
1366967,1.364977
1227620,1.7547305
1319104,18.71569
1348641,10.40493
1111962,71.26579
1073900,44.186108
1023524,71.57343
1014773,35.778736
1366869,46.16981
1427786,15.392674
1182356,2.234798
1018656,5.1014347
1422105,4.683259
1271115,3.3921342
1450224,9.049029
1450034,9.216713
1280757,13.098982
1323174,10.318459
1313000,7.3384695
1084692,109.045975
1172592,14.593262
1009466,73.483536
1354243,24.906933
1127051,5.390441
1017320,36.945976
1110136,6.309806
1033402,23.98355
1184912,15.233566
1173922,20.144876
1367936,10.777796
1089753,5.595047
1247358,16.802698
1156890,22.4266
1377050,12.190434
1288490,12.648062
1270706,9.617855
1316056,14.796251
1365685,6.6624346
1296804,15.852811
1099223,12.344167
1014169,18.130224
1129923,21.640366
1449885,75.9739
1092017,3.0930128
1435773,5.4863043
1114805,6.7382383
1192338,2.3305066
1002099,1.327358
1316261,3.3843129
1112706,16.946571
1216340,7.2408247
1430935,84.315636
1233486,37.419373
1154013,150.50398
1234724,37.352093
1226375,41.314262
1420610,13.729696
1148048,2.7594879
1002551,2.5996106
1350573,5.5247903
1433051,2.4554613
1265254,1.246218
1353688,4.468077
1340738,4.21091
1270075,2.10317
1428503,0.9636013
1285339,25.609985
1150531,2.0571399
1212599,7.393541
1228946,1.7022625
1006303,4.3330016
1104860,2.6690674
1296714,2.7163215
1108814,1.3749971
1413542,1.7080944
1077514,1.3778397
1021387,1.7651498
1010306,1.9996006
1445767,0.97839594
1380339,2.2706006
1267928,8.189638
1099398,1.9982455
1442025,4.724051
1127343,4.698272
1024905,16.406918
1411758,18.047043
1221912,84.053925
1075759,3.578305
1062316,8.470137
1438233,5.469652
1240238,1.8931952
1166766,1.5305967
1332822,1.7749312
1227366,10.551607
1070730,14.308447
1043832,46.795113
1285813,32.603424
1370068,116.057335
1071502,58.634895
1409796,53.80363
1332608,11.796404
1266339,3.5321116
1207220,9.918982
1108781,6.935833
1044225,12.348707
1180509,3.4013896
1043426,48.087772
1431963,3.7296314
1046470,15.238913
1194676,3.5714333
1038332,5.594446
1105032,1.4810032
1372530,6.2656145
1238912,2.6659145
1011447,4.7013693
1022227,2.3861024
1311393,1.9642359
1199458,2.2595906
1208608,1.7987175
1275948,1.7924812
1144534,1.1241144
1444800,4.9434385
1090458,11.314108
1120376,2.9743078
1208640,13.537802
1026252,4.968899
1398425,18.835157
1121857,18.618023
1083399,80.14224
1144663,7.375496
1364031,6.8631315
1311819,1.4055302
1103350,2.1930141
1284420,3.9660873
1219585,22.038738
1103679,6.7032294
1119064,57.2248
1322353,59.056213
1224027,104.56742
1260386,72.43592
1402110,68.616776
1136425,12.313423
1067845,1.7642612
1246057,4.131409
1052156,4.1655226
1006975,2.0819433
1403845,8.103857
1331457,9.766809
1249584,13.83979
1410338,9.23237
1155426,4.0934687
1112050,100.08566
1328855,6.097312
1222159,29.911716
1013783,15.3726015
1153308,1.8139088
1244508,16.88134
1117406,3.2917638
1210291,14.57558
1398846,5.908779
1020973,5.444693
1159444,3.4747372
1228422,6.6519027
1043872,12.046184
1094802,9.31829
1327649,6.504777
1121867,5.8167477
1109280,9.204809
1133952,11.595564
1045016,8.23501
1126326,14.060834
1294179,9.781225
1353835,24.569677
1157108,29.527935
1336401,73.060776
1399608,2.784026
1065345,7.4858627
1146044,13.916034
1241508,2.6993248
1075804,0.9432577
1002599,2.4891338
1125010,27.837997
1010325,7.94302
1196004,37.533337
1378897,31.439346
1043431,114.53401
1298110,58.104546
1227966,33.191742
1139120,24.865585
1184307,2.934677
1065733,5.734716
1411067,9.035227
1233408,1.1957157
1176465,8.151533
1192119,11.427122
1062620,8.866686
1217268,6.6363425
1155408,3.6242466
1086775,100.02112
1101475,3.837191
1135407,40.932407
1338309,16.801167
1197515,1.2766911
1421208,19.345535
1142992,2.5143142
1222474,14.798712
1038775,6.672985
1014626,5.5277987
1163295,7.419248
1182797,6.1244354
1042873,11.180955
1251762,7.2810235
1237808,6.2728496
1032611,3.885849
1235603,5.534951
1230119,21.802202
1124218,31.35023
1158415,31.150162
1207216,10.477023
1160160,35.037445
1111314,16.758896
1387606,134.58481
1368507,5.7508497
1319092,6.8461103
1129539,17.66011
1100335,2.5962627
1125639,1.6875818
1335100,2.232403
1273627,22.54073
1051611,12.437852
1028604,82.95101
1054886,51.819954
1060724,79.91166
1293768,41.96063
1376893,53.383343
1021732,18.347485
1328775,2.7538936
1312115,6.0782743
1341108,6.462648
1048654,4.0945463
1072559,9.656911
1178622,10.684317
1455433,14.010679
1387596,11.117559
1445098,7.7791724
1106815,116.40196
1058714,16.372833
1281596,77.09963
1061513,26.293844
1238108,5.5530133
1108283,38.852745
1241795,6.671872
1275855,24.944334
1354338,15.8000765
1407534,20.605667
1076578,11.20767
1288469,5.8650618
1257366,17.873302
1379293,22.96577
1440021,12.734709
1251070,12.936644
1192284,10.520895
1419493,16.230097
1229287,15.580686
1336524,35.382927
1028160,13.58309
1202059,19.189945
1452873,23.11193
1191696,120.96751
1006754,4.3058853
1167170,4.641864
1035030,5.251563
1135194,1.9464859
1395510,1.1752608
1099503,2.7522593
1232965,13.530589
1435060,6.0759964
1379151,65.26709
1455035,28.287506
1285894,108.73832
1154975,28.58981
1175837,31.535404
1299864,10.466836
1312707,2.3442397
1222194,1.9270566
1164536,4.5879416
1300995,1.9635019
1450253,1.0313823
1004264,3.6864
1411181,3.3404553
1051242,1.6816334
1293865,0.8170532
1317764,19.799526
1134340,1.6903152
1097001,5.972972
1046827,1.4166281
1267360,3.6773286
1104358,2.2374377
1169037,2.2365923
1207759,1.1523908
1019979,1.4663873
1456410,1.2313915
1343614,1.5143409
1077680,1.760658
1420656,0.8237494
1064548,1.8000662
1092238,6.5342827
1174285,3.2589328
1199980,8.128809
1409502,3.696141
1366185,12.669398
1043993,13.545067
1015755,84.6844
1003522,2.9799154
1335684,8.222025
1372805,4.9425397
1233445,1.7562011
1328827,1.4990253
1262677,1.6805542
1010103,9.9873905
1338695,13.253853
1156869,42.169544
1208973,30.436749
1113051,98.23309
1271864,51.982903
1343462,47.515564
1285926,11.480746
1061602,3.3124328
1464246,9.250978
1178115,6.735807
1446767,11.646591
1375388,3.1338074
1298061,44.204536
1440133,3.261174
1337485,13.642604
1013794,3.440271
1149614,5.124688
1125313,1.3985865
1007885,5.901886
1187504,2.5664093
1251304,4.300839
1104264,2.2743695
1334136,1.9534047
1143695,2.1980586
1262407,1.7837467
1059910,1.5836518
1054753,1.0800598
1312132,4.4029007
1392052,9.7389965
1321612,6.2479696
1385182,25.00228
1452358,4.279898
1066705,17.105951
1010455,16.652653
1307346,96.3775
1240258,7.980821
1467799,6.990052
1082520,1.4409308
1143876,2.3399444
1117494,4.4094687
1057890,24.997978
1131125,6.9276466
1377086,63.377144
1407353,63.18449
1117674,110.07485
1406334,79.8495
1297396,74.86821
1368363,13.050459
1143341,1.9149115
1077904,4.8157434
1192400,4.9725704
1196287,2.1887054
1444843,8.024047
1296736,10.780904
1351663,14.192062
1288204,9.397073
1406933,3.959592
1389789,102.73769
1456044,6.507988
1292293,30.227116
1100795,16.11847
1302516,1.8226591
1153731,17.609
1358055,3.3076882
1146508,14.4062605
1092716,5.7810907
1333562,5.0638533
1161963,3.3236701
1006513,6.6316376
1058432,11.7931385
1019966,8.856737
1282155,6.194146
1300525,5.4351287
1021117,9.331026
1058084,11.567721
1168852,18.143238
1195198,30.276403
1450747,10.176485
1349724,24.709877
1085881,29.161566
1318578,101.55217
1263709,3.461428
1033863,6.7510643
1464948,13.154596
1146247,2.393325
1363268,0.7983306
1346045,1.9829838
1304783,23.68967
1243351,5.2897363
1275218,25.522015
1373469,26.390728
1087622,96.23028
1122104,47.656532
1130187,26.395472
1209290,19.78069
1447357,2.5794346
1186349,6.4764566
1238084,10.002394
1129473,1.094341
1354506,6.564566
1061193,9.347553
1157638,7.541617
1074178,5.4218297
1200816,2.9447575
1257056,83.12096
1300523,3.1867847
1394620,34.806305
1018142,14.256518
1165808,1.0782402
1258966,16.462473
1105143,2.137156
1226844,12.774698
1153656,5.788584
1372358,4.7799826
1343428,6.325686
1105749,5.186507
1122215,9.772989
1388014,6.4636726
1237102,5.424001
1310408,3.4114327
1283499,4.6450796
1387563,17.69054
1312489,27.289936
1158618,26.29729
1251791,8.570685
1092301,29.789392
1414119,14.330605
1099149,94.317955
1250004,6.0357604
1140823,5.06832
1158536,13.510721
1469116,1.9151627
1466978,1.2320558
1177677,1.5045063
1328841,16.301685
1353996,7.382698
1386352,49.33562
1151611,37.071064
1354264,58.84101
1299655,29.520346
1270752,37.064922
1384980,12.5795355
1038329,1.9874516
1207315,5.7122784
1356191,6.274131
1024769,6.68653
1051682,7.00476
1148027,7.716906
1030944,10.696142
1023281,8.268788
1075728,5.7366667
1265909,87.78972
1255767,12.02177
1112081,59.455303
1151567,20.547663
1402289,4.4291563
1063905,29.920658
1212784,5.2792764
1374666,19.528906
1126388,12.454062
1360145,16.257675
1020765,8.784584
1193900,4.5891976
1287760,13.871164
1327097,18.16613
1339434,10.055307
1429038,10.21101
1029273,7.706622
1013321,11.669386
1250698,11.763766
1189097,26.655249
1271571,9.68237
1240113,14.726112
1058619,17.64366
1315805,74.52016
1368483,4.0001626
1297430,14.5205555
1016975,17.278584
1154449,5.7441964
1286263,3.1593137
1189091,7.450446
1093374,35.921085
1258154,10.297625
1081630,114.08629
1192956,63.51156
1100155,246.08047
1371764,63.425903
1375969,68.26901
1203441,23.678715
1305913,6.4922967
1080497,8.4107
1094637,16.649715
1049928,5.968378
1240490,2.1741686
1378775,7.6577682
1270358,7.136084
1299531,3.6136212
1134101,1.6673276
1349911,42.40225
1387779,3.5318642
1083419,12.1087265
1425304,2.8300576
1025861,7.5956826
1170067,4.6631365
1389167,4.6141634
1192476,2.3005054
1090050,2.957622
1260683,2.7655091
1458162,3.365982
1322593,3.966364
1166733,1.8095856
1147838,3.7926514
1090439,14.147951
1011968,6.9283037
1179728,16.958797
1443628,7.8283043
1045971,27.342571
1244506,29.510986
1448506,168.87813
1253792,10.147675
1052008,9.695695
1432850,6.3491044
1152354,2.21617
1262654,1.741843
1329060,1.9845511
1418248,11.572222
1245232,11.115575
1100392,36.686684
1054588,31.619629
1434939,113.964554
1294527,57.78185
1280921,52.92099
1178054,11.93606
1137749,3.5719826
1435888,10.068565
1373175,7.379837
1375982,12.584283
1073995,3.433216
1111077,49.438297
1327065,3.603271
1260295,15.395006
1221698,3.501679
1150756,5.8215804
1175401,1.4307531
1094051,6.094529
1466245,2.6798313
1388903,4.444047
1210249,2.3145783
1394860,1.9767501
1234806,2.2754028
1265732,1.8068783
1017169,1.7549229
1174209,1.1217664
1077782,5.1804237
1204886,11.466202
1378403,6.8170724
1372281,28.01733
1283741,5.2525287
1259845,18.575916
1147233,18.374529
1314301,90.164345
1068134,7.317641
1138670,6.587701
1133214,1.2889786
1450940,2.0090077
1005854,3.463213
1466070,22.3595
1251532,5.223932
1043096,43.594482
1030996,58.07122
1103745,93.46783
1336962,64.7929
1373878,58.266315
1217531,11.227084
1423613,1.5989699
1431029,5.2224617
1174269,5.9816604
1033781,1.8602495
1082182,6.4851975
1017353,8.819124
1393416,11.912918
1281551,7.7381883
1232033,3.3014874
1355669,83.22675
1130478,5.421838
1232845,26.494183
1331916,13.752063
1039929,1.5481749
1170513,14.746765
1262471,2.856922
1364525,12.983333
1125567,5.2086854
1359039,4.701224
1332694,3.0481277
1027939,5.7805815
1443335,11.382726
1464084,8.670716
1383556,5.920183
1384586,5.222883
1031976,7.87486
1262964,9.96393
1409903,16.803102
1229608,28.430874
1090555,8.26155
1222340,21.54456
1033448,25.2842
1309090,77.359924
1351677,3.7892458
1384252,6.8091307
1030446,12.767754
1434605,2.4490817
1329476,0.8162133
1058227,2.0440288
1441301,24.64905
1137839,5.6685247
1016493,26.497198
1043342,26.742249
1361926,96.88643
1460614,47.769073
1099120,26.922085
1157656,20.7232
1464780,2.6056626
1340474,6.2843485
1232444,10.680958
1151169,1.1210809
1377537,6.9047117
1023956,9.833344
1017368,7.9167166
1220693,5.800068
1102026,3.110413
1171651,84.93095
1017413,3.340964
1352604,35.277805
1443684,14.368195
1350582,1.1024051
1394629,16.766962
1178167,2.1830812
1105721,12.790611
1291174,5.8236175
1153105,4.7764907
1169979,6.387049
1097210,5.2115464
1345195,9.377559
1397270,6.277694
1161166,5.266674
1370054,3.3525887
1263687,4.8166647
1242546,18.548046
1185707,28.300573
1064617,27.226109
1165107,9.035806
1131111,30.008266
1294870,14.637105
1070979,97.097694
1298082,6.56521
1003129,5.13305
1378852,13.169324
1362159,1.9636042
1057036,1.2535583
1229489,1.5461872
1269701,17.01764
1006922,7.732469
1046880,50.368767
1050316,37.19169
1333669,59.53423
1174750,29.61088
1261890,37.46084
1170057,12.901091
1298437,2.0266464
1079967,5.5758867
1453729,6.6411257
1045999,6.6085806
1112709,7.333539
1009282,8.08777
1452979,11.190606
1056514,8.744615
1368578,5.99068
1443152,89.797104
1035437,12.539175
1247321,60.59442
1346997,20.73908
1432155,4.567249
1439676,30.447697
1104168,5.381805
1037251,19.530218
1428886,12.514319
1001720,16.18384
1238686,8.842998
1179303,4.607573
1324447,13.293137
1195305,17.603132
1430179,9.675603
1038866,9.97098
1393077,7.9449854
1415919,12.18401
1115185,12.119894
1219480,27.092236
1265333,10.157221
1111942,14.872339
1125967,17.845493
1104678,73.63417
1016957,4.319405
1330070,13.2781925
1188692,15.169527
1060921,5.3944254
1299107,2.9885354
1256165,7.117443
1324711,35.327175
1310808,10.976588
1104898,117.44967
1358306,63.529408
1055121,247.43694
1228505,63.926308
1207233,69.01164
1246811,24.131908
1189098,6.1333566
1240308,7.3684907
1400833,16.387754
1370177,5.6750994
1437635,2.233193
1155866,7.800702
1142002,7.272245
1350761,3.7539914
1330176,1.7205026
1459035,42.767006
1400086,3.6115284
1240407,12.143316
1416890,2.8280175
1064167,7.4340453
1408328,4.592136
1191202,4.528125
1385199,2.304123
1084329,2.9126868
1298684,2.5927625
1221469,3.1502104
1408018,3.695256
1250149,1.7412735
1120356,3.8069794
1105003,14.330554
1113275,7.0567827
1140115,17.248302
1249361,7.969139
1344374,27.365763
1242784,29.788626
1453981,167.90137
1441052,10.175934
1445611,10.741234
1022795,6.678407
1409129,2.4269013
1207802,1.880241
1117341,2.1576784
1302433,12.847095
1401597,13.361879
1079169,43.540173
1206697,34.85189
1341434,123.16405
1335342,63.20747
1063078,57.611927
1356179,13.518797
1155984,3.9396255
1392927,11.146972
1431273,8.041087
1039868,13.994159
1118015,3.799395
1055396,54.147694
1295433,4.071927
1417125,16.474451
1139900,3.8878052
1129052,6.201279
1465082,1.625034
1468416,6.8315377
1227818,2.8975682
1430604,4.8486433
1309710,2.4878888
1126655,2.0999184
1443718,2.5008824
1348972,1.9493622
1053211,1.9299762
1183723,1.2250359
1160463,5.6503406
1123573,12.963842
1057881,7.4175606
1196982,30.208313
1048011,5.7461243
1297655,20.19583
1048841,19.890318
1194511,101.71342
1057157,7.793743
1387321,6.792762
1324846,1.4281609
1345517,2.146562
1344097,3.713815
1103386,22.648945
1208111,5.3855963
1092120,44.187683
1088955,54.19864
1040464,92.06592
1123732,63.957268
1444143,58.79315
1261282,11.491371
1154174,1.8961853
1052121,5.4348764
1301856,7.3761077
1372296,2.0892417
1183363,6.7405396
1000549,9.098169
1207438,12.492012
1317217,8.116735
1189207,3.413094
1384842,87.25106
1370339,5.519388
1037959,26.61918
1351390,13.790738
1015994,1.5993494
1182644,14.999057
1363319,2.9106426
1272038,12.462757
1446691,5.0271544
1025478,4.5134954
1404508,2.9631512
1466082,5.631195
1441557,10.260393
1175568,8.000783
1443539,5.5544624
1339703,4.785937
1389323,8.01438
1449912,10.14826
1243617,16.510775
1081374,27.74902
1430700,8.59276
1081967,21.097248
1293757,25.47609
1456427,82.038025
1288196,4.629337
1073237,6.9570723
1453018,13.661077
1399702,2.6244664
1075933,0.8787357
1098426,2.2677608
1130892,23.605442
1021278,5.263167
1014861,25.689686
1457786,24.58248
1375160,96.09761
1453798,47.27415
1219812,26.440485
1437660,19.091858
1410949,2.9700809
1198870,5.974561
1166468,11.254026
1348728,1.2438252
1231443,6.693302
1314020,9.423254
1066912,7.502954
1414495,5.5121155
1344699,2.9632595
1337325,84.15866
1461320,3.199348
1191469,35.286633
1449818,14.413847
1253880,1.0973809
1414037,16.825314
1061886,2.1904025
1131615,13.237287
1285679,5.901532
1419914,4.9030843
1298653,6.516996
1406559,5.2971263
1190875,9.88586
1457297,6.63992
1359298,5.828365
1419091,3.4822698
1402419,4.5242224
1381043,17.708673
1409717,25.169598
1003347,24.293203
1134659,8.678717
1033981,30.41064
1398123,14.314302
1356838,110.670876
1049005,6.7504354
1297000,5.318445
1145920,14.0863905
1146809,2.038101
1218251,1.3194846
1083238,1.7172031
1073360,16.095905
1149107,7.203391
1052344,48.966114
1057235,34.176327
1070452,58.70739
1441789,29.042267
1026544,36.849205
1010257,12.140034
1426440,2.3661141
1183279,5.559537
1037996,7.2241883
1113119,7.647893
1019370,7.070607
1310744,7.7691636
1185750,10.708873
1128294,8.338205
1277723,5.745702
1108620,88.320206
1184554,12.055805
1330060,60.200306
1216717,20.66793
1447908,4.5221334
1389558,30.1357
1367259,5.3455014
1369165,20.115185
1408626,12.793732
1020482,16.831467
1415144,9.019178
1387981,4.6510262
1079846,13.8832655
1157183,18.430027
1126262,10.418455
1302674,10.2486515
1365187,7.5268755
1359952,11.560232
1108591,10.850938
1113339,24.38891
1032051,9.783625
1306012,14.669294
1299809,17.506868
1251635,88.82582
1448493,4.5696845
1260784,14.121393
1287715,16.57108
1434335,6.1569595
1179656,3.4893017
1318327,8.19915
1446666,35.042946
1315469,9.608768
1305752,110.561035
1084001,56.039814
1216968,225.1469
1235273,60.157543
1090960,65.222725
1279557,21.383984
1469604,7.21819
1133107,7.223732
1017309,18.384735
1404079,6.37873
1233157,2.1581771
1433570,7.5349793
1084992,6.8541045
1082476,3.5269406
1001624,1.6266968
1310923,40.96269
1246208,3.4595058
1446336,11.644316
1298396,2.6519332
1180442,7.09279
1145007,4.5045013
1182796,4.3191986
1045628,2.1216605
1387418,2.7602687
1090955,2.5358138
1331721,3.0551934
1246707,3.9382844
1301410,1.6379538
1393108,3.7112007
1059710,13.783414
1354893,6.063527
1161946,15.278366
1040725,7.7314615
1340327,26.261206
1273439,27.590088
1022988,184.996
1089302,11.150133
1227603,5.5477443
1102413,3.4532425
1186311,1.3162587
1344293,1.1926281
1001707,1.2398125
1224905,5.825211
1192094,6.0379243
1177945,20.73452
1451968,14.86673
1437068,58.47237
1024778,29.727152
1248770,27.747845
1093430,6.0207763
1031611,1.8692538
1324117,5.3935175
1279122,3.991412
1236428,6.893294
1177374,1.866499
1305546,24.606443
1218643,1.9118316
1286391,7.0393133
1350792,1.6037194
1401984,2.652866
1383507,0.686992
1095253,3.2442384
1371224,1.5020907
1335754,2.2747467
1446491,1.2544645
1259249,1.0910187
1342595,1.2716575
1416782,1.0509804
1307000,1.0028014
1222971,0.63802785
1384564,2.9686184
1011913,6.001576
1396188,3.403539
1151204,13.103903
1395920,2.7400932
1411367,9.1102085
1443618,8.856357
1198554,61.16543
1281496,5.8270454
1244500,5.239909
1353287,1.0904725
1367462,1.8188145
1318290,3.2453027
1328880,17.323132
1125964,4.200836
1129601,36.810253
1194825,42.717777
1384709,74.714355
1408069,50.800797
1008303,46.725006
1251399,8.392027
1245495,1.5878884
1058957,3.6212356
1338577,5.367848
1083130,1.8095067
1049624,5.6321816
1449920,7.1569924
1137563,9.764185
1059314,6.526399
1154565,2.8630033
1097784,65.700195
1413629,4.4459457
1044679,20.80093
1222831,11.16221
1212422,1.4274447
1227485,12.234037
1335791,2.4396236
1441191,10.660444
1307284,4.4309473
1392844,3.8885186
1105249,2.5142167
1282087,5.0077004
1053367,8.731648
1157924,6.5768347
1443403,4.748765
1055928,4.17738
1316547,6.3660464
1097955,7.9072547
1374598,12.352502
1068883,20.873072
1286770,6.914462
1079470,16.520214
1399328,19.698282
1369757,68.02875
1118622,3.3772917
1356509,8.305781
1422813,16.388355
1188140,3.083612
1218605,0.99611646
1044840,2.5757866
1386198,25.45873
1432921,6.032533
1024794,27.461887
1332365,27.618353
1186686,99.106384
1098427,49.94249
1414871,27.800146
1337043,20.907879
1004813,3.222538
1108850,8.842598
1133330,12.927521
1178964,1.4127724
1443182,6.9813814
1192341,9.966463
1270027,7.9013557
1449163,5.821107
1390271,3.1809955
1257202,86.888695
1020501,3.4094224
1271889,36.0025
1115330,14.7684765
1052130,1.0807284
1246109,17.497902
1062254,2.2458713
1453817,13.04451
1418258,5.858171
1463894,4.946963
1464898,6.572131
1050083,5.3134155
1072189,10.267065
1275501,6.830458
1442770,6.0145807
1349554,3.5652657
1178060,4.9039903
1082438,18.757374
1390985,28.272297
1428779,26.848318
1233019,9.242186
1042168,31.15155
1290600,14.919721
1387610,145.28908
1334555,7.92931
1368316,6.268513
1347707,16.665705
1287450,2.3635764
1460068,1.4750923
1139387,1.9028447
1063888,17.393375
1323922,8.373053
1076299,52.670723
1429122,38.26898
1067531,61.37983
1024595,31.150045
1068622,38.845634
1289111,13.608637
1226217,2.5261676
1360540,8.095094
1339655,7.9612837
1222270,8.45168
1261735,7.417591
1356940,8.28137
1030582,11.252179
1306161,8.746408
1067802,6.103924
1257755,91.966805
1239171,12.559468
1351123,61.821983
1284826,21.28562
1249767,4.4378743
1081174,31.65654
1289964,5.473069
1411513,19.86745
1361287,12.642416
1233921,16.78761
1032120,9.0745125
1121921,4.6873956
1218894,14.323812
1196195,18.622492
1197773,10.687923
1041189,10.266951
1387322,8.068193
1145670,12.333357
1098354,12.340581
1374947,26.667252
1217580,10.422467
1058621,15.271185
1419692,18.256756
1292345,116.57859
1403239,5.184664
1438580,16.102613
1386489,19.20034
1091392,6.844275
1381378,3.6624084
1403205,8.794576
1394876,36.93744
1188234,9.925457
1387125,107.97701
1402237,57.939697
1084683,213.87561
1132852,58.894997
1187624,64.23794
1313423,21.512436
1314516,7.2802057
1204366,8.762193
1033859,19.122715
1157938,6.7489004
1005564,2.0928009
1359730,7.3542814
1201212,6.696322
1048279,3.4624965
1207837,1.60471
1465071,40.36161
1113675,3.4143066
1240613,12.015985
1339025,2.5750136
1242624,6.652757
1447074,4.2292495
1236045,4.129732
1043824,1.9990482
1297855,2.5882416
1229997,2.4685717
1373429,2.8787358
1104148,3.7566586
1166933,1.5560281
1099645,3.708117
1400256,13.491101
1429521,6.2890162
1158157,15.805339
1014308,7.7102346
1343079,25.762787
1355827,27.19077
1416665,205.11838
1041541,11.497847
1234286,6.29386
1318765,3.9635742
1449446,1.5142182
1297401,1.3156551
1106180,1.4063251
1112944,6.4650574
1283922,6.924094
1181942,21.405033
1050285,16.395279
1304625,61.704903
1290344,30.224512
1029892,29.276978
1111938,6.5784445
1213492,2.1018498
1181427,5.676845
1179506,4.167671
1336439,7.0445
1305579,1.9620947
1072310,25.16397
1172707,1.9361343
1137412,7.958818
1093381,1.8230314
1008739,3.0593798
1026127,0.8100182
1002996,3.1042957
1227494,1.5236961
1071017,2.3981688
1401606,1.2853292
1341669,1.0903511
1401914,1.2206236
1411858,0.9963071
1179164,0.9949732
1200255,0.63566816
1076361,2.9962528
1038606,6.1566467
1031272,3.7473538
1237845,14.346019
1102542,2.8959022
1111321,9.731269
1373537,9.325688
1432770,78.2723
1326903,7.649707
1199174,6.852399
1159774,1.4454498
1141732,2.213757
1291803,4.159729
1039978,20.72131
1466351,5.0011916
1337851,43.22457
1025779,49.98956
1050946,82.543655
1163984,58.61576
1205666,53.8333
1358436,9.971413
1316345,1.7562654
1339145,5.48844
1063359,6.4898925
1395826,2.2018588
1026459,6.390521
1371460,8.182241
1228569,11.254677
1329590,7.3599777
1041436,3.1892362
1224118,75.12584
1022586,4.9984956
1306962,23.692322
1381123,12.634526
1062468,1.4729451
1356068,13.985792
1180079,2.726832
1415230,11.207967
1253741,4.7143803
1406034,4.286696
1242893,2.7033787
1383466,5.314545
1368200,9.66604
1226449,7.0974274
1373551,5.223133
1315935,4.5302734
1344321,7.321631
1106047,9.066199
1186401,14.602132
1402543,23.945044
1410506,8.003433
1170261,18.841223
1419762,22.217684
1022440,98.40126
1410908,4.167513
1133433,8.903885
1323545,17.663942
1296176,3.4302745
1244617,1.101464
1432740,2.838003
1316267,28.83891
1273415,6.9172945
1345679,32.4882
1084340,31.230902
1176019,109.690834
1100553,55.781
1316197,30.735632
1196642,23.18504
1308079,3.7846456
1148627,7.9737597
1459552,14.945349
1428049,1.5974089
1327720,7.5680146
1224831,10.725379
1067725,8.396118
1104108,6.1777787
1185074,3.4210715
1404120,91.96213
1102522,3.6195712
1246951,37.642986
1291040,15.466932
1303398,1.1155567
1314352,18.314249
1368480,2.3200843
1038131,13.831637
1306165,6.2070665
1379004,5.252139
1446786,6.9373693
1224210,5.595755
1028191,10.614126
1200619,6.9224043
1307064,6.13998
1133029,3.6616263
1203830,5.501992
1077072,21.085636
1024266,13.575572
1337839,13.185724
1416106,10.203825
1277680,33.628304
1447536,16.110508
1260838,157.38855
1136349,9.287404
1031534,6.840361
1185212,18.58609
1260099,2.7619748
1373482,1.6941189
1404388,2.1899238
1267747,19.810545
1288462,9.953799
1407570,63.002308
1067931,43.589447
1439636,67.31618
1454725,35.226948
1085703,43.5199
1088987,15.340721
1255062,3.103395
1367072,7.512164
1385674,9.449106
1279483,4.8264494
1016197,8.105362
1152273,8.882155
1177410,11.877164
1219089,9.373656
1444259,6.6419373
1340276,97.02269
1109119,13.740933
1382027,64.82793
1404775,22.255709
1442395,4.623497
1142977,33.267403
1092034,5.713574
1369780,21.204954
1458773,13.546625
1380248,18.036417
1043056,9.676394
1046488,4.977923
1257416,15.123912
1173564,19.484829
1159956,11.427633
1261246,10.798569
1331651,8.951204
1027552,13.634204
1165092,5.5808516
1050954,13.02371
1120620,11.489578
1109138,16.549128
1003556,19.703327
1208392,124.99382
1007675,6.2343774
1402400,16.418808
1071127,19.449656
1091240,7.1476946
1333810,3.9633737
1312976,9.166368
1349698,38.769726
1237078,11.07402
1078221,121.73436
1301047,63.942127
1446582,229.73965
1010441,62.73512
1153752,68.24366
1130663,23.345905
1298042,8.198458
1142706,7.6202774
1026064,19.585388
1059927,7.1788826
1263169,2.2781482
1131690,7.85002
1016420,7.115674
1343028,3.6757627
1366556,1.7333004
1284339,42.299793
1089841,3.632249
1280820,12.346222
1116442,2.7370617
1250000,6.765911
1128891,4.3493986
1027725,4.196908
1124224,2.073793
1061573,2.6806598
1118801,2.3600204
1364727,2.848991
1389349,3.4840539
1109004,1.4868066
1351553,4.0208716
1188129,14.5492735
1444455,3.0965493
1399864,7.5335846
1437437,8.236048
1329154,27.571112
1344501,28.789536
1043774,205.18652
1117234,12.257905
1360527,5.7556233
1116513,3.7053971
1237923,1.3587338
1324269,1.1953733
1397105,1.2722235
1451458,6.3034463
1443600,6.524821
1235630,22.267353
1393171,16.144207
1431452,60.383404
1246160,30.459635
1343191,29.064404
1070923,6.294759
1012314,2.0603895
1275606,5.708319
1201379,4.241254
1052291,7.249984
1164249,1.9358923
1314252,26.860611
1203413,2.0843196
1239530,7.561045
1065341,1.71112
1248840,2.8748486
1366666,0.6991844
1144365,2.9945016
1275849,1.4567691
1115589,2.2606893
1280756,1.2096037
1036266,1.0520203
1115857,1.1851496
1420133,0.97413814
1007774,0.9212205
1437879,0.5791901
1228022,3.079488
1321859,6.2604475
1232662,1.7573144
1245335,7.6841097
1061362,2.9802063
1259959,9.472913
1332348,9.134671
1443297,65.48461
1455522,7.034856
1085669,5.974568
1408033,1.3115819
1405174,2.1978004
1101874,4.030383
1031765,20.84221
1443132,5.261005
1030913,44.291004
1147765,51.679565
1232160,80.04326
1060083,58.375103
1405150,53.157234
1359552,10.287143
1236501,1.7911003
1192162,4.2230234
1311570,6.2414484
1388106,2.1303234
1222451,6.3878736
1419007,8.285933
1116286,11.040128
1375297,7.2636194
1150674,3.1899652
1433260,73.5229
1456280,4.9603267
1367025,21.913542
1206842,11.8430805
1016172,1.3579353
1255663,12.936516
1107528,2.536062
1209207,10.458132
1109080,4.561904
1225091,4.0917125
1453098,2.5794666
1160776,5.14046
1388081,8.620289
1353219,6.5235877
1135948,4.729879
1337981,4.1784277
1153337,7.4538383
1250459,8.83095
1075055,5.9349113
1363288,9.888045
1062718,7.9182105
1207611,18.025427
1162803,21.518179
1060531,92.43779
1079786,4.072613
1228098,10.253664
1003484,21.128735
1004033,4.2024164
1310066,1.3356407
1219645,3.6607738
1055460,30.62768
1131799,8.242104
1223235,37.611534
1071889,29.341055
1014814,111.07656
1413812,56.205925
1267114,32.309635
1383207,23.110733
1184784,4.7799163
1072650,10.937426
1298500,14.62969
1335927,2.0830576
1057652,8.103969
1071562,11.4003315
1175895,8.7266035
1209649,6.5316725
1029176,3.666018
1262582,98.13132
1137269,3.889974
1282602,39.563007
1367307,16.260523
1342565,1.21439
1092858,19.1499
1089748,2.452247
1381526,14.431768
1081588,6.4020004
1134591,5.497262
1029223,7.320858
1216962,5.8915453
1067409,10.944986
1112133,7.319303
1031112,6.434279
1234491,3.9043648
1309842,6.033175
1307826,22.91071
1441456,14.942861
1005838,14.524508
1214703,11.467074
1226858,35.34455
1034073,16.792736
1224198,168.02959
1343055,9.512334
1025060,9.020294
1285218,24.815153
1080321,3.6720033
1164861,2.206969
1276403,3.1495426
1217761,23.246801
1446577,12.395877
1104465,78.10799
1072516,45.484707
1012509,74.36277
1468017,38.406948
1092118,49.54069
1137172,16.572384
1374420,4.3855276
1294291,11.514815
1380012,10.799961
1428300,7.246394
1158644,9.295375
1208671,10.233813
1261521,13.483866
1466756,10.773755
1281957,7.6528597
1117716,110.26858
1204835,15.775884
1393981,72.81283
1038561,24.792505
1015895,5.2578917
1137657,36.827602
1255137,6.31223
1057175,23.61544
1431977,15.078977
1215841,20.162369
1336437,10.8365345
1217838,5.529632
1039659,16.990238
1273832,21.950668
1190972,12.622894
1031589,12.279405
1385809,10.654158
1415503,16.395203
1183286,6.7121596
1411884,15.476469
1106664,13.924301
1137541,18.576393
1031345,22.199348
1426649,156.04634
1444594,7.3837137
1102666,10.269689
1233472,13.164484
1393838,4.572542
1038501,2.4579322
1082912,6.360785
1296776,23.719706
1280894,7.4499826
1263331,82.21321
1306011,34.87484
1067382,132.38853
1375108,35.071613
1266919,40.174805
1047032,13.241763
1073971,5.6949615
1343117,6.5893373
1253581,12.483052
1288797,5.3028
1233668,1.3377494
1280203,4.7507944
1196565,4.2153215
1351513,2.119081
1191283,1.0439668
1319681,25.714108
1128951,2.1689672
1057388,7.5399313
1433801,1.6397674
1262039,3.9861438
1125766,2.5214105
1245178,2.5682995
1259761,1.2694156
1105972,1.586739
1178365,1.3396599
1405246,1.6388429
1097278,1.9794121
1065331,0.89803374
1329842,2.6962712
1087655,9.204593
1126162,2.1099145
1106418,5.063287
1382133,5.432418
1035649,15.634799
1014596,17.125015
1027622,124.846375
1217435,8.281748
1035395,6.5194597
1065818,4.194463
1417861,1.5912583
1296244,1.2850063
1022164,1.474467
1443251,6.373506
1464066,7.5835447
1280542,24.28396
1106550,15.579855
1347734,57.482635
1458495,28.640238
1050406,27.65004
1005656,6.2447295
1277690,2.009533
1382221,5.410602
1085164,3.8825364
1170024,6.6574183
1129742,1.9069431
1347667,24.430012
1407500,1.9525375
1000821,7.2058234
1010102,1.6898416
1406394,2.7499402
1015883,0.7498106
1316896,2.8707745
1422193,1.3470907
1445226,2.189859
1365188,1.1896222
1351707,0.98187494
1063655,1.1270152
1462442,0.92069995
1209878,0.88174087
1434855,0.57171685
1241531,2.9744306
1188840,6.259099
1456420,1.8129364
1075817,7.929274
1084498,2.7895021
1192699,9.007079
1464316,8.825168
1454545,75.04342
1202586,9.281897
1235095,8.607078
1410366,1.9400486
1442751,2.8323956
1260565,5.733119
1270195,24.23259
1132312,6.6177
1280020,55.007355
1130950,50.03329
1144827,84.877365
1319579,59.499573
1334192,59.02545
1224672,10.838788
1340638,2.676852
1017088,6.7486596
1374693,8.420205
1033112,3.2000809
1104970,7.2525864
1298135,9.252755
1235189,11.883516
1434580,7.9519324
1337845,3.5753174
1000210,82.30559
1120777,5.3159394
1203631,23.178047
1251137,12.474504
1404758,1.4901723
1251159,13.956967
1411148,2.7285995
1114035,10.464185
1363378,4.5499315
1420463,4.165126
1204021,2.6097736
1253701,5.2561083
1349745,8.87511
1205297,6.7590475
1246605,5.0392528
1022917,4.5688415
1258909,8.639792
1386930,10.762732
1457335,7.018798
1392601,11.937571
1443363,9.623192
1348560,19.170017
1113259,23.278637
1214509,110.279465
1085081,5.387748
1098813,11.136452
1215368,24.60506
1102615,4.64551
1030097,1.4869227
1382728,4.0537405
1149400,32.5466
1124732,8.664866
1373048,41.241615
1329498,33.29725
1131515,112.403625
1457833,59.19831
1277631,34.41141
1271817,26.198294
1368928,5.320773
1287589,10.675333
1386393,12.365304
1358922,2.1055913
1097182,8.4592
1302896,11.732857
1289934,8.8704815
1188855,6.9585547
1106823,3.784179
1014089,97.74388
1329684,4.2489543
1056375,40.197052
1441540,15.88098
1317395,1.2370286
1283858,19.25985
1427198,2.486617
1421000,17.815165
1405741,7.9410105
1396677,7.062758
1339943,9.026092
1128091,7.0842223
1282597,19.842709
1204548,12.827463
1001116,12.377086
1464418,6.6246667
1182795,6.017966
1064060,23.273525
1329242,15.071048
1003764,14.803785
1059282,11.189458
1083020,35.388264
1434039,17.134333
1412921,193.12231
1216075,7.8235216
1249841,10.265051
1444993,30.263584
1001824,4.253499
1087444,2.571156
1187051,3.6068501
1109913,25.716228
1029341,14.332608
1267671,89.88543
1111672,54.42579
1077380,80.24841
1194692,43.058594
1336788,55.484688
1186932,20.68445
1352423,4.9972343
1168189,11.5196495
1241832,9.422687
1131094,7.6936264
1366341,10.181339
1435253,11.169255
1216262,14.28759
1117676,12.077635
1454702,8.143778
1174218,113.015625
1028516,17.459854
1106134,76.69719
1180564,25.444437
1262670,5.613517
1313041,38.07668
1436050,6.756612
1150791,30.773127
1176700,19.611523
1045080,26.72765
1208990,14.146649
1084169,7.1099405
1067907,32.003773
1213464,39.073433
1088759,25.45412
1192424,21.143648
1037151,11.048178
1157201,17.316578
1401063,15.33037
1312296,16.543816
1158320,26.888264
1088871,19.670624
1279087,24.037552
1334289,194.59738
1247823,6.2297544
1228238,9.730707
1430952,13.346721
1308229,4.1876254
1111363,2.2872303
1043693,5.7824297
1454692,20.112041
1041308,6.243424
1021939,67.63687
1019462,30.494085
1402577,98.97629
1005547,28.622671
1304829,32.580296
1242795,12.50878
1293831,5.5221634
1463010,5.536933
1036329,9.356021
1239407,4.669712
1082923,1.1433723
1351961,4.06794
1234868,3.6145432
1422558,1.8759629
1072249,0.90286255
1357878,20.133331
1411585,1.949466
1214497,6.208167
1367697,1.2930127
1393914,3.979313
1237208,2.626557
1247354,2.6559696
1308964,1.3054476
1213597,1.559468
1090202,1.9939029
1362937,2.3169184
1018796,3.009959
1190556,1.2123121
1210452,2.3333201
1286119,7.7870636
1429163,3.5918357
1235130,4.3053503
1224415,9.039164
1243691,12.212572
1365890,13.242923
1120301,112.76396
1002333,5.9802265
1240703,6.769919
1381086,4.911032
1160826,1.683444
1153903,1.3576807
1467765,1.6124613
1397212,6.038644
1371268,6.4103875
1084031,20.050413
1105802,14.14961
1418602,44.28305
1307411,23.320461
1344464,22.09231
1179610,6.1760907
1228888,1.650412
1047903,4.4510064
1279440,3.2947497
1282964,5.418091
1169593,1.5049
1260835,19.988842
1377846,1.6092198
1176688,5.8963537
1347122,1.36641
1205988,2.3197637
1237997,0.6019566
1468260,2.8121755
1228475,1.3136333
1290334,2.1020436
1452308,1.1754601
1216355,0.92311305
1102788,1.4756322
1039449,1.2545149
1306138,1.2210119
1103266,0.70847154
1387601,2.481631
1223514,5.193002
1433455,1.494141
1381437,6.1763825
1140775,2.3320575
1274540,7.3321366
1248051,7.1541452
1338880,75.17435
1095357,9.143224
1157202,9.126055
1038814,1.8311813
1264572,2.8375306
1002789,5.8094473
1443767,23.341837
1176312,6.4575987
1158940,56.19468
1386339,59.71039
1294647,87.743744
1101212,63.38302
1457236,60.611115
1376698,12.089431
1011135,2.3825314
1131132,7.300273
1106560,5.9294434
1212760,3.0018933
1180911,7.0304766
1097344,9.142879
1188881,11.912886
1219245,8.173204
1254082,3.4880612
1345081,79.17842
1429434,5.5980587
1075262,22.694555
1237672,11.759963
1067739,1.4852933
1236120,13.382196
1322121,2.6425138
1075620,13.246744
1140546,5.724496
1064431,5.354322
1199157,3.2756202
1372926,6.277383
1166501,15.18208
1399286,11.191714
1266989,8.352691
1263455,7.320964
1389128,7.915282
1003835,9.954506
1244146,6.7311997
1151914,11.410396
1201299,8.793314
1231576,19.10732
1427536,23.418423
1046214,117.01662
1469433,3.697863
1285101,12.140541
1024833,23.155613
1238373,4.520602
1355828,1.4750091
1000191,3.9339962
1249682,33.269665
1322071,7.1858444
1286360,30.324604
1418656,29.272532
1128939,102.01307
1141861,52.946327
1079254,30.309612
1415864,25.655085
1192029,5.0738516
1229863,7.968138
1262629,13.703099
1327844,2.0950031
1463867,7.964081
1199287,11.254347
1217255,8.838053
1378187,6.645261
1346958,3.5096061
1050644,89.78587
1040590,3.7974486
1435700,36.35965
1226577,14.924182
1211523,1.1228577
1327473,17.37523
1093762,2.3325222
1345137,11.172124
1086558,15.654966
1123020,7.136199
1395577,6.2461357
1102726,7.888526
1351339,6.0958214
1449171,17.36967
1175858,11.982969
1422991,11.08846
1214120,6.158198
1452763,5.5916414
1007355,21.482388
1115903,13.89609
1093400,13.567438
1154813,10.608847
1389781,32.183216
1017522,15.617792
1214777,128.81607
1000128,8.2426405
1214323,10.03395
1236481,26.363184
1261951,3.8443274
1297505,2.3098798
1103419,3.2565446
1257284,23.844463
1127780,10.184812
1116235,57.605286
1366785,41.932095
1389289,62.90755
1399019,33.904533
1435050,42.53407
1372206,17.433598
1140611,4.3541117
1045540,8.195689
1280851,9.501766
1321696,6.724974
1381404,8.51801
1236784,9.515811
1278478,12.422202
1395430,10.052467
1014865,6.67315
1267329,94.7653
1082837,13.996408
1254265,62.194843
1279760,21.590836
1233712,4.586211
1425868,31.53721
1236113,5.69012
1189410,14.50014
1207879,24.15033
1271852,15.348221
1273161,20.960611
1052861,11.163742
1402008,5.542879
1265360,24.489044
1467569,32.74031
1094626,20.259201
1389608,17.59694
1050090,9.024467
1192018,14.060826
1087852,13.536769
1394301,13.302286
1052076,24.32336
1234023,16.109787
1445538,19.197392
1213412,111.90743
1333453,6.0359445
1083774,25.73566
1016084,29.22997
1205981,11.228202
1095166,6.134337
1418768,14.818608
1387458,54.205647
1123846,13.229579
1433501,126.35759
1367161,66.84516
1025894,246.23593
1460582,68.54527
1053025,74.85857
1147439,29.83109
1204533,13.284454
1390452,9.449706
1222984,24.237213
1094004,11.471125
1349245,2.6903005
1181893,8.904333
1410915,8.065672
1320616,4.364817
1296623,1.949673
1038288,43.39898
1383935,4.031136
1377262,11.845167
1364958,2.7156708
1380690,6.1594434
1042671,8.156836
1371777,5.3031363
1438696,5.3115788
1439073,2.6031246
1340407,3.16989
1420110,4.6589484
1270156,5.623245
1063719,7.627623
1043399,2.9263136
1240834,4.6294565
1056985,16.77857
1115132,7.6208024
1273531,8.957618
1319317,18.276634
1100600,27.450684
1163301,28.945663
1116526,227.27408
1050038,14.097269
1250509,11.050959
1108007,7.246784
1127970,2.77749
1191086,2.1314108
1188958,2.5691867
1125190,9.862371
1189580,8.366426
1081368,26.49823
1196950,19.66218
1097587,69.28551
1330387,36.295265
1223872,34.218853
1461757,8.458453
1098626,2.4688916
1226774,6.839784
1300815,5.0320044
1389707,8.420609
1150353,2.3399496
1414288,30.789608
1425089,2.448728
1348057,8.817415
1116453,1.9915746
1122548,3.4002557
1244255,0.8354685
1169674,2.2970014
1011941,3.7073371
1164688,1.741194
1091097,2.7745447
1097588,1.4586178
1433026,1.2459459
1072936,2.0443406
1263510,1.6792129
1128057,1.7813091
1200413,0.99302644
1301492,3.8908298
1410707,8.110076
1263882,2.1571877
1035663,9.840164
1106655,3.7662652
1250541,10.658055
1007188,10.512871
1193838,95.695496
1448305,10.961044
1379619,9.549925
1376215,2.1098616
1322778,3.300541
1100724,6.340005
1126749,27.147034
1365205,5.643019
1056090,45.49377
1271104,52.540077
1361650,88.67744
1392566,64.01756
1197319,61.282787
1170025,11.863973
1350456,2.842666
1454610,5.3984456
1208049,7.3211603
1394544,3.2746284
1441744,7.5792413
1286321,9.741198
1118534,13.123297
1246553,8.84017
1415579,3.6057887
1129216,85.82521
1132752,5.905769
1154841,24.425323
1435423,12.640443
1046503,1.4862067
1051358,14.233534
1109788,2.9034162
1445184,12.777886
1005903,13.4444065
1157857,5.6879683
1424852,5.081725
1247082,3.1825302
1430428,6.062675
1039392,14.599157
1024525,11.112578
1318121,8.358891
1220920,7.007727
1453560,8.3505
1331166,10.432524
1394616,6.896804
1387114,11.6017475
1025144,9.325244
1435370,19.769184
1203607,23.67015
1006942,93.53666
1380243,4.655816
1002329,12.592836
1258418,23.428293
1413346,4.8632064
1190146,1.5461986
1230458,4.0990205
1259384,32.480488
1296943,7.004107
1055028,28.13889
1405972,28.060318
1205027,98.84486
1034817,49.8386
1412704,28.6073
1038154,23.101664
1318109,5.235878
1067796,9.943627
1048079,16.882181
1046131,2.2168984
1052877,7.2036276
1254148,10.323595
1325379,8.118728
1126624,6.034132
1418638,3.3050206
1053985,86.78035
1012278,3.5298228
1383451,34.93986
1089401,14.120379
1063184,1.0578092
1389355,16.81095
1087505,2.121861
1000230,9.261917
1222301,12.561342
1061234,5.602947
1372715,4.7472253
1414125,6.2437167
1220923,5.056241
1441503,9.323121
1094920,6.124894
1426356,5.5409107
1051435,3.2706654
1078637,5.545935
1180883,20.518045
1345388,13.347745
1062105,12.95312
1456523,10.495531
1096786,30.313955
1304983,14.713674
1139709,153.79602
1232990,10.501332
1080549,9.971904
1103601,24.688437
1051424,3.7595603
1244916,2.2744572
1397717,3.1949563
1232988,22.269749
1469341,9.623706
1193952,52.371284
1149310,39.02608
1419518,60.736248
1217640,31.016489
1160312,39.237274
1201205,15.479225
1244083,4.3170977
1127515,9.435608
1026277,11.663559
1082774,6.9626594
1298644,7.5530868
1252496,8.527674
1273436,11.469534
1404167,8.984772
1107033,6.259197
1143962,90.90537
1228531,12.797653
1179073,59.752167
1222460,20.28893
1396907,4.3221827
1055711,30.233541
1261861,5.1605983
1128270,11.151083
1016935,19.200329
1282904,12.158879
1074277,16.140879
1081237,8.644245
1245459,4.4738746
1060098,13.127846
1461797,16.95182
1359108,9.901883
1251549,9.589909
1240365,8.75714
1364770,13.335493
1371965,14.255796
1123034,12.553671
1329817,25.758215
1102718,14.950518
1243064,17.964039
1365851,126.90485
1014548,7.647487
1442955,27.111532
1069959,30.852219
1465342,12.047093
1253334,6.5937166
1181064,15.66984
1304227,54.46169
1246918,12.865011
1005079,120.60704
1135431,65.09682
1356865,238.06181
1405812,65.95801
1440902,72.192116
1096282,27.534216
1075069,13.863646
1371857,12.684908
1082220,28.295954
1313827,12.5411625
1095223,2.5165868
1321813,8.58179
1375572,7.7606263
1411207,4.054373
1301913,1.9217898
1011137,43.71084
1107728,3.854018
1269285,12.079667
1205351,2.6859882
1254361,4.8341713
1197621,6.5134354
1148831,4.1877985
1410570,4.1681185
1399736,2.0171037
1420978,2.603658
1415014,2.3537905
1291817,2.7384434
1380480,3.6669948
1320346,1.4900446
1046008,4.874995
1077148,17.043161
1280462,8.028151
1177166,9.103191
1217431,20.679241
1192412,26.916477
1409100,28.681107
1336919,245.55283
1119205,17.559763
1152283,9.519364
1116663,6.3129015
1439044,2.4881585
1212864,1.9891717
1077763,2.331874
1327653,8.358321
1453978,6.971868
1075311,23.255056
1301766,16.932972
1149108,62.97295
1429489,31.978413
1325144,30.120066
1348767,7.0170593
1397039,2.1266608
1339954,6.0653505
1032599,4.4685965
1286607,7.5144753
1009098,2.0655568
1249719,27.47107
1105808,2.1380768
1409696,8.099749
1257585,1.7907784
1285573,3.0521092
1198633,0.74811065
1169802,1.475038
1030501,3.0044723
1095227,1.3932414
1463648,2.2177513
1207322,1.1553001
1015201,1.0057237
1196467,1.1888751
1224606,0.93133277
1287439,0.9393099
1428645,0.57767457
1138535,3.4540253
1333319,7.058698
1109903,1.9634222
1137114,8.833928
1246883,3.406529
1087672,9.717364
1225379,9.702583
1222621,90.08344
1181765,11.898432
1410427,10.278006
1357939,2.3180442
1116259,3.4545186
1145201,6.735723
1325372,27.414038
1434675,5.6932664
1218435,44.1469
1305670,50.863487
1280861,81.16215
1043519,58.887115
1035051,56.85249
1002205,11.355387
1166606,3.178858
1413424,6.410675
1142200,9.529695
1035738,3.6600337
1152611,6.991971
1174389,8.978869
1218044,12.080114
1148345,7.992446
1387646,3.485513
1441855,79.71557
1248099,5.354716
1466296,22.357796
1447522,11.79439
1027511,1.3721807
1235056,13.12409
1037646,2.5705745
1150952,10.666434
1434003,9.826368
1358391,4.1981764
1170732,3.741954
1459891,2.3759525
1089635,4.7675953
1263202,8.071775
1426931,6.0325756
1070709,4.587322
1021710,3.8985107
1467722,8.482648
1177563,10.280066
1327046,6.8412576
1171894,11.338702
1117925,9.3896
1012997,18.42133
1145891,22.406998
1150601,110.90178
1205849,6.0664663
1177786,13.889353
1201403,27.122416
1024410,5.051537
1304247,1.6634133
1169756,4.3315496
1329814,35.91554
1131062,9.493856
1074380,32.985535
1258667,33.880566
1325686,104.748985
1227627,56.01703
1018494,32.967236
1467651,30.12505
1299421,5.76332
1235401,9.720619
1235892,13.532819
1230554,2.6029258
1071160,8.068991
1146468,11.388896
1138140,9.049624
1415611,6.639389
1417148,3.670974
1121100,89.03276
1439768,3.865533
1270877,36.434135
1213700,14.692047
1120999,1.105957
1457401,17.34797
1130024,2.2229207
1249696,10.143675
1459303,13.192264
1185333,5.934471
1261525,5.0209517
1146588,6.6032553
1053423,5.329734
1018087,9.727983
1463297,6.3840594
1381229,5.7257686
1007218,3.422134
1242513,6.1291084
1012140,22.580578
1142743,14.585085
1163352,14.132619
1027169,11.520178
1167794,32.386753
1030367,15.948975
1130924,144.2194
1420728,8.513503
1156905,10.751791
1265418,28.615255
1124607,4.011814
1390076,2.4414082
1441258,3.318163
1218149,24.39357
1354502,12.726053
1234753,60.650978
1078455,47.02642
1417363,63.887413
1152612,35.496243
1285490,45.179253
1173534,19.774803
1116968,4.5787177
1222439,9.354241
1247439,9.0729265
1344480,7.652926
1005339,8.484024
1364385,9.326677
1104080,12.391312
1383277,9.761371
1207198,6.7924223
1281389,94.46098
1184745,14.124138
1293700,62.5776
1018217,21.284231
1263671,4.5013113
1139153,31.461313
1081969,5.4568243
1052742,12.147167
1170019,20.35615
1440546,12.925795
1068821,17.097351
1389080,9.235026
1275448,4.7462473
1393849,13.80765
1205542,17.999744
1198412,10.523328
1101954,10.255001
1103994,9.435404
1217899,14.571268
1152189,6.053017
1428436,13.625925
1016085,11.245782
1154628,16.10622
1052935,19.210072
1161306,116.927025
1064142,5.974009
1313568,28.841253
1228121,35.83499
1189579,12.242503
1270330,6.812056
1011008,16.22151
1464319,57.299156
1150358,17.01328
1105522,134.56898
1000829,76.07616
1322709,238.2889
1091909,70.40551
1315053,78.96365
1208832,35.036095
1047620,14.833864
1115215,11.116354
1017569,20.697752
1102410,14.016815
1021698,2.8901224
1111729,9.457586
1431432,8.638969
1138102,4.4919834
1168013,2.137884
1462746,42.95478
1234299,4.1994643
1058057,12.255069
1034842,2.719358
1305120,4.5702934
1032583,6.4254217
1162143,4.276473
1334834,4.304913
1317660,2.0413558
1302445,2.6788306
1336688,2.3375413
1330063,2.7115867
1234503,3.644139
1101047,1.4969666
1307255,5.1441445
1076862,17.811085
1378538,3.8362613
1005449,9.627464
1257795,9.903762
1094029,28.327991
1383198,29.967468
1179064,229.75314
1208026,13.233407
1042339,11.289365
1422740,7.4741945
1144158,2.7121108
1151478,2.2429504
1076614,2.5160365
1447490,9.320462
1401491,8.322347
1153672,24.787643
1449023,19.931225
1335665,66.115845
1283723,34.730003
1293699,32.486855
1157592,8.641199
1414773,2.3391678
1097506,6.4778657
1119742,4.775443
1378839,8.117473
1361821,2.2820358
1262218,28.998764
1347446,2.2996588
1067261,8.438501
1216024,1.762764
1136054,3.1290565
1103322,0.74834377
1307289,1.8076118
1097335,3.2935224
1445357,1.5841601
1097659,2.5077581
1288781,1.2698596
1280273,1.1455348
1273471,1.3270252
1366667,1.0678737
1071072,1.0957386
1394726,0.65698195
1393020,3.5935066
1100135,7.5988946
1335473,2.0273747
1067492,9.427684
1244872,3.4566677
1252749,10.150354
1431167,9.872324
1322978,93.11056
1213869,12.768785
1295195,11.31556
1087419,2.275176
1309435,3.6528625
1339945,6.843763
1013698,33.066956
1364000,7.7644095
1246650,52.664867
1428410,67.10125
1202786,94.00063
1435934,70.54451
1087535,68.45253
1048070,15.438006
1103976,3.0648074
1136989,6.486824
1435666,7.6352205
1023217,3.8109546
1169760,8.1980715
1042994,10.788909
1246950,14.323337
1165259,9.724893
1197895,4.0841346
1146144,88.08928
1215014,6.3947496
1208532,24.052378
1424577,12.494328
1237030,1.4427198
1392571,14.104097
1061107,2.6928573
1109317,11.553312
1410101,11.254096
1009263,4.757451
1084457,4.341507
1104217,2.766144
1258508,5.3830748
1466113,9.149976
1220667,6.8461885
1009048,5.162475
1322917,4.476802
1081652,9.885056
1246643,12.657106
1309899,7.9113936
1128560,13.304926
1061523,11.232851
1048199,21.148901
1361772,25.909199
1031721,104.24349
1392282,4.9463487
1290377,15.5534
1272596,29.869467
1275889,5.8344502
1322547,1.8705246
1398421,4.9761777
1180134,40.316776
1123181,10.252684
1413881,36.659218
1449824,36.459515
1048056,111.34387
1274821,59.89785
1266059,35.426716
1461272,30.829168
1213344,6.237092
1221628,10.237266
1033194,17.239563
1060401,2.7178166
1386190,8.296646
1263335,11.945967
1120811,9.312896
1079458,6.9431114
1122756,3.793197
1044471,93.18146
1410240,4.008623
1404963,37.181026
1378900,15.170293
1276784,1.1433632
1299219,17.939592
1234525,2.3165321
1090166,13.149185
1038875,13.674771
1448268,6.250037
1033764,5.2521234
1086371,6.9191613
1258446,5.5916924
1140194,10.229121
1406726,6.702742
1424011,6.0369363
1423726,3.5685673
1009608,6.585046
1375806,60.683685
1326094,43.43368
1440698,15.012576
1236496,30.978266
1366470,33.487297
1101839,16.6987
1150713,179.7163
1117429,10.629484
1349014,12.093119
1350113,31.547024
1409120,4.6897163
1194839,2.804467
1310093,3.849179
1373579,27.588806
1198994,14.156746
1349963,67.7809
1455673,51.02404
1048792,69.58148
1215127,38.82595
1232596,48.77771
1282392,20.644138
1136839,5.017092
1037784,9.379652
1292889,11.2744665
1090547,8.380426
1219906,8.772303
1012704,9.902319
1285119,12.921974
1277557,10.325798
1167074,7.062825
1009648,99.1467
1442899,14.689961
1054879,64.492805
1063780,22.091236
1121339,4.7498903
1143225,32.93335
1402309,5.7067904
1094128,15.938101
1188970,21.151642
1144358,13.603889
1291677,17.902075
1331353,9.676289
1234378,4.9830823
1214527,14.535724
1389085,18.914227
1199292,11.030264
1153025,10.587445
1091970,10.214786
1118571,41.02768
1374908,19.94035
1286861,14.602945
1459670,35.935814
1188184,16.834309
1016495,20.305416
1176398,144.936
1075733,7.2651577
1419659,31.758053
1374035,37.286854
1391228,13.840352
1210010,7.573575
1000042,18.100382
1171011,65.4922
1191792,18.595255
1363672,144.17789
1307918,81.61083
1272555,262.88336
1184438,77.46403
1063394,86.01459
1263772,36.805183
1220228,15.755447
1056996,12.57239
1182439,29.085957
1199272,14.501523
1107371,2.84922
1125999,9.517661
1246825,8.565084
1461846,4.584632
1354140,2.1528656
1446093,45.0378
1198884,4.2593765
1211511,12.6200485
1212965,2.8509636
1414951,6.4278116
1465834,6.931344
1236210,4.5011015
1194604,4.418396
1303615,2.201662
1266710,2.808453
1256864,2.4562879
1443201,2.8134675
1086633,3.7215867
1345853,1.5098803
1264861,5.4040956
1301931,46.172863
1036048,11.222447
1011780,10.283315
1299338,26.449612
1185488,29.419765
1091806,31.816029
1266182,291.97943
1148637,17.867004
1280152,11.947688
1156947,7.7252855
1414715,2.954121
1005555,2.4604232
1174006,2.7989674
1380529,10.384745
1135460,10.944133
1004789,27.618845
1416535,23.81193
1409318,74.6548
1024835,38.812614
1359758,36.757
1128093,9.816271
1197482,2.5963936
1393222,7.2416167
1137469,5.345239
1250641,9.019662
1383858,2.5120444
1044152,32.38136
1010727,2.5387394
1213777,9.672748
1343609,2.1321976
1299729,3.766079
1458349,0.90772307
1347673,2.295589
1125246,3.536302
1332020,1.7252185
1407943,2.6711893
1111618,1.4406002
1039086,1.2578359
1394089,1.3713256
1163098,1.0647215
1025500,1.057778
1356112,0.64059114
1406748,4.0717115
1050572,21.47952
1468920,6.703725
1054789,10.327269
1212862,10.5917
1178574,11.73345
1027663,12.047772
1131909,107.8514
1116921,12.597525
1464807,11.011976
1196862,2.3071818
1077835,3.6044655
1018242,7.2999907
1011013,32.29194
1277555,7.604721
1200979,58.12963
1406653,70.07612
1144165,105.023155
1329734,77.73153
1251306,73.16902
1412347,13.997698
1242349,2.8734565
1132069,6.0386453
1438514,7.8228316
1375835,3.6165671
1176276,8.01955
1256100,10.727741
1078004,13.927462
1208735,9.350408
1086726,3.9898553
1257553,91.70694
1020289,6.385692
1121117,26.425419
1155812,13.422101
1428209,1.4954025
1203297,15.101916
1229190,2.860201
1452575,15.830159
1164742,11.695301
1378802,4.9238367
1407665,4.5124817
1243771,2.816687
1388989,5.479987
1304575,9.761343
1127187,7.112558
1066888,5.444464
1268328,4.593339
1020460,10.153921
1223033,30.879177
1120429,23.260843
1212749,13.418505
1104101,28.056341
1435935,22.350395
1106943,26.933908
1414746,123.12804
1022976,5.027892
1038398,20.921257
1410759,37.462883
1176631,7.135873
1174364,2.3090131
1254323,6.267091
1248548,51.378296
1002022,14.508493
1423101,50.56194
1465715,46.009666
1239234,126.95461
1031008,73.429634
1040656,45.673744
1369997,44.44754
1097740,7.765107
1020944,10.794566
1197340,17.122097
1071533,3.3650703
1367323,10.455999
1242715,14.979358
1191986,11.6232395
1415174,8.65404
1357149,4.5748334
1180549,104.56639
1377699,4.8819733
1191255,39.767906
1060683,16.152447
1377780,1.1999544
1455805,19.219189
1262105,2.4960468
1186049,19.497135
1282946,14.408641
1163490,6.577291
1268582,5.556661
1343552,7.209169
1420148,5.861541
1375287,11.5151205
1082669,7.6996193
1245035,7.0429983
1172522,4.010322
1157979,7.6599565
1275321,74.69983
1445824,53.19222
1252375,19.677856
1309956,38.596992
1037806,37.354534
1021623,18.946012
1252609,208.2749
1063392,10.408143
1312874,15.996351
1174507,39.853096
1368577,5.9115973
1455729,3.4645493
1104895,4.810069
1094277,34.79613
1433435,20.097223
1046459,92.64841
1099074,64.43252
1176160,79.80327
1233077,48.371346
1418450,62.606842
1427113,29.554962
1374265,6.292161
1082562,10.086782
1376237,11.031619
1164568,9.625933
1284513,10.920477
1002589,12.22809
1235598,15.431047
1300967,12.379865
1264224,8.248017
1226128,110.2478
1405176,17.321491
1094572,68.23255
1432626,23.582544
1202402,4.95907
1347873,35.11745
1378705,6.1317916
1082632,23.584711
1026936,22.349205
1340202,14.334145
1023909,18.981571
1451616,10.196127
1086378,5.3178062
1402478,16.450253
1010226,21.56724
1407776,12.9184675
1226590,11.912467
1285855,11.502379
1251439,49.36259
1236987,24.14665
1146651,19.081017
1118381,43.98562
1115229,19.127672
1405809,22.55562
1194943,170.288
1074879,7.084608
1094505,41.754585
1033603,46.27549
1272534,16.983648
1363916,9.357618
1006785,22.826817
1147702,81.575424
1129952,25.71796
1051228,196.05635
1151432,101.7453
1305975,288.4311
1235662,94.05946
1456757,105.86106
1011978,51.375713
1293587,18.282003
1265878,12.033649
1028240,25.360203
1072549,16.486275
1225939,3.558494
1439772,11.633349
1231803,10.42244
1120064,5.6421757
1341960,2.5275009
1215063,51.5064
1341490,5.060496
1065929,14.032448
1311644,3.155061
1083136,9.219008
1444312,7.3479714
1128011,4.709722
1024351,4.5920706
1057675,2.275618
1383625,2.8985837
1328542,2.8262327
1370153,3.2207406
1178767,4.2990417
1295423,1.7057903
1287940,6.0383835
1374348,55.679695
1034813,13.277013
1460694,12.342972
1213592,32.365627
1007969,32.430645
1412913,34.270824
1458553,317.85272
1299941,15.304792
1300200,15.429031
1086311,9.756076
1355551,3.5494373
1164300,2.7314775
1392091,3.2799213
1289464,12.13214
1263945,13.548462
1087642,32.085644
1201367,25.642086
1463500,71.92092
1096874,39.32486
1412107,36.69483
1199792,12.632351
1236884,2.649197
1370611,7.2170053
1270257,5.2193284
1020085,8.802609
1284402,2.3993638
1262707,29.796131
1053239,2.5035236
1297096,8.666174
1198526,1.9593403
1446985,3.2848716
1215629,0.86605895
1086703,3.2415154
1353812,3.400636
1374753,1.6365185
1258484,2.4906356
1135093,1.3493776
1044923,1.1250463
1458752,1.3842437
1203674,1.0948607
1068880,1.0797558
1399185,0.6461657
1214002,3.9739158
1346813,22.578434
1088624,6.948325
1449974,9.989013
1049843,11.239553
1210914,10.637601
1152513,10.40283
1020957,136.56532
1185228,17.081839
1460196,14.172384
1122280,3.0076032
1029151,4.4617515
1016218,9.178368
1218547,40.30162
1153701,10.651792
1115409,79.445915
1081914,83.92934
1116151,115.44723
1430867,93.56248
1210899,92.48229
1419413,20.302586
1433143,3.6672108
1449800,6.3639197
1278292,7.6850114
1222723,4.587737
1038030,10.117406
1443219,13.507962
1003294,17.413479
1059327,11.483889
1436276,4.6681356
1206444,108.0636
1453400,7.693742
1341079,28.709934
1272553,15.364174
1035949,1.6841042
1130278,17.311655
1402840,3.2116635
1390927,19.51261
1453442,12.65477
1233108,5.3487225
1197016,4.815177
1160161,3.037828
1304925,5.9207435
1065670,11.054936
1037480,8.468558
1418729,6.153159
1044576,5.265428
1160207,11.536342
1250594,34.675137
1059842,26.7194
1434727,16.673872
1445266,33.118767
1291097,25.302246
1088775,30.582935
1185734,154.72153
1321667,5.1107135
1336549,21.558702
1098607,39.48951
1049811,8.07784
1140767,2.6005988
1262156,7.195409
1055075,51.975536
1433904,17.614758
1144807,59.5635
1291661,46.663845
1268301,136.66121
1224392,80.82992
1003287,50.869488
1300068,45.077095
1352666,8.649422
1407501,12.841609
1142541,16.58828
1343871,3.7369657
1041046,11.697583
1056629,16.18238
1347311,12.145245
1348102,9.471077
1073226,5.1966076
1151117,112.20538
1024998,5.3741198
1364172,43.025173
1460961,17.586517
1122247,1.27982
1355982,21.010239
1060113,2.7788606
1037961,20.883245
1357756,15.013204
1239769,6.9400163
1035871,5.9144874
1458522,7.565254
1290306,6.1838784
1220269,11.850454
1466970,7.7972107
1228476,7.39143
1359696,4.065329
1159882,8.242472
1410211,74.85807
1152104,51.194813
1462105,21.007288
1275631,39.572025
1339372,41.194366
1333175,20.244654
1415559,238.12564
1037164,10.451887
1123903,18.359705
1133034,45.766884
1016116,7.1133223
1038048,4.2505164
1439730,6.0214868
1260492,38.23792
1459816,26.1085
1223850,117.227516
1099752,71.76275
1080085,91.12278
1181969,57.046917
1336400,74.57995
1195149,32.731483
1113141,7.799474
1019625,13.28201
1013095,12.276337
1353064,12.351431
1311251,12.934262
1083459,14.164182
1120053,17.411594
1119509,14.473819
1321248,9.9137945
1467842,124.83579
1252983,20.264086
1353330,76.91036
1298965,26.46134
1246810,5.4674525
1353286,39.426834
1350259,7.0189314
1364022,28.210764
1027972,24.281406
1256385,15.898378
1242431,21.17849
1336150,11.129412
1076393,5.789233
1360027,18.264643
1136061,23.173775
1127984,14.623998
1206068,12.904436
1359841,13.451338
1290822,54.101204
1331108,24.812632
1287630,21.936586
1252862,48.427834
1073314,22.021984
1106492,25.681995
1404638,214.37463
1283846,8.091984
1026803,20.621052
1100129,23.290554
1174211,8.084993
1095848,4.542983
1259747,11.509512
1213899,38.938488
1044433,14.63844
1151505,110.81216
1344644,51.905052
1287176,148.73189
1351217,46.52349
1107883,54.155113
1241211,24.866278
1210231,9.37966
1186387,7.193461
1058771,11.786512
1423640,8.465967
1332916,1.7781878
1031168,5.8887
1117589,5.1906505
1119082,2.7421427
1408278,1.3179805
1350492,28.3308
1001035,2.6644347
1209388,7.731551
1021803,1.6751324
1301561,3.8252838
1345126,4.0256624
1236896,2.6348214
1063024,2.5963407
1309705,1.2894671
1141223,1.643598
1018560,1.3867327
1051587,1.6167771
1153198,2.0393672
1442541,0.849308
1197574,3.1733527
1398482,32.10488
1137778,7.213491
1292093,6.020961
1069948,19.294498
1343260,16.653736
1335713,17.754227
1328170,176.2524
1451542,7.6771235
1246422,12.866095
1366029,8.254084
1041457,2.9834723
1408710,2.2551038
1377813,2.7938569
1179557,10.411268
1252971,14.00739
1419557,33.730186
1215318,22.973146
1213971,63.431202
1451416,36.02513
1153928,34.370216
1218760,10.951794
1351756,2.351727
1060731,6.3223505
1453283,4.5383782
1070610,7.729586
1388359,2.1834788
1025543,26.419058
1043540,2.3280358
1220013,7.4351745
1441365,1.6766897
1040952,2.805017
1110044,0.7472222
1187289,2.9027443
1179105,2.898857
1455074,1.402038
1021731,2.1955957
1210067,1.1924324
1231246,0.99048996
1045571,1.207613
1369626,0.92899257
1440671,0.9228018
1266033,0.54076236
1261011,3.3792622
1354283,20.820477
1051562,6.0216208
1247448,8.234217
1405052,9.829185
1262092,9.418092
1141595,8.989502
1380135,118.9377
1050975,18.369091
1348302,15.391757
1013131,3.5797615
1403722,5.3870544
1054153,10.87448
1326298,41.948433
1143833,13.804047
1377384,96.81888
1444236,89.038605
1129467,124.10781
1183148,101.93712
1019543,104.0757
1321344,22.113712
1146747,4.572824
1394722,8.776334
1105932,8.605723
1363775,5.6338058
1207038,11.127015
1464516,14.493414
1229632,18.056734
1156819,12.53876
1262631,5.3416147
1384410,113.802025
1215965,8.565039
1070311,29.296112
1020498,15.843122
1079440,1.7449058
1115140,18.377264
1415892,3.5864024
1412042,22.653341
1458348,12.852458
1290998,5.6510324
1340377,5.273484
1178038,3.198182
1390256,6.10225
1246617,11.651915
1399805,8.841192
1140619,6.6770754
1420439,5.5002923
1008785,12.0698
1154236,35.822483
1312395,26.054428
1092217,18.06982
1347217,34.12508
1039590,26.800129
1002242,31.843922
1411395,162.76474
1009073,5.5909877
1120485,15.67956
1409686,31.365671
1165571,7.08159
1448274,2.4023464
1023053,6.541228
1347874,39.119347
1120534,17.91483
1147777,109.88898
1248325,53.41916
1225140,136.89581
1467809,83.19538
1314327,52.65502
1333673,50.56484
1052027,7.7582016
1242897,10.523754
1378745,14.424973
1169041,3.101633
1298207,11.032081
1329074,15.391703
1204518,11.907964
1126028,9.201057
1370756,4.8553863
1233696,110.09235
1028193,5.2722616
1012170,41.77407
1440376,17.331705
1316970,1.3228675
1146078,20.442364
1317579,2.8119617
1416472,25.96525
1287767,15.717592
1092421,7.1318617
1370840,6.415862
1083925,7.8938093
1032997,6.377187
1062625,13.49279
1174610,9.083627
1194372,8.718894
1056444,4.7006636
1243972,7.6594877
1163259,69.966286
1216556,47.66112
1202054,20.212494
1041250,35.042484
1392554,40.99821
1288576,20.194675
1349894,214.96758
1293774,8.974236
1114129,13.308844
1404839,35.916958
1073826,6.477252
1221722,4.092494
1286956,5.77687
1243881,28.973288
1145993,28.411587
1418857,244.06558
1029482,86.48192
1076170,99.959335
1188841,63.324474
1313692,81.89231
1407735,38.057465
1383981,7.4668975
1004724,11.216715
1417587,10.997599
1443317,10.875688
1035635,13.2389965
1294010,14.814295
1260661,18.488012
1202740,15.146535
1183168,10.058668
1459264,132.0305
1106313,20.911312
1427829,79.88692
1006252,28.29478
1144708,5.8898764
1078730,41.12097
1452184,7.4137735
1312092,36.177723
1031135,27.16685
1234229,17.419088
1109779,23.66448
1117036,12.209162
1301977,6.4707603
1391137,22.201296
1285693,27.914389
1388237,17.780697
1327574,15.125038
1288676,13.877798
1001193,53.35789
1306510,24.164232
1203116,23.068003
1221235,45.02285
1053285,23.875366
1404598,27.486486
1254061,202.77985
1225996,7.175911
1347022,12.356125
1257757,15.737852
1462541,6.246985
1405573,3.519254
1170058,8.962628
1104001,23.551056
1300935,13.58758
1393200,175.75516
1358382,49.359776
1078201,113.65532
1035310,36.98563
1431328,44.120644
1108677,24.459461
1174640,7.6339774
1202824,5.249682
1458496,10.415504
1282740,6.383856
1426410,1.3280307
1231753,4.4799843
1058181,4.086306
1329955,2.1184044
1004665,1.0155973
1113214,19.914951
1085341,2.0188377
1079842,5.756818
1279016,1.4244255
1353874,3.708035
1408323,3.2935634
1091557,2.1168892
1334200,2.2276978
1102139,1.1185216
1280709,1.33319
1256162,1.2754921
1215972,1.525294
1368409,1.9058201
1188111,0.7955847
1148874,2.3476086
1152952,24.944523
1356315,5.611306
1148219,4.5463433
1068687,13.950989
1284449,13.1459255
1450274,13.89532
1127547,144.50638
1080793,6.644507
1030732,11.560148
1415689,8.455491
1196208,3.2623677
1059919,2.5716357
1106651,3.1005318
1341370,9.285609
1416726,18.187943
1156633,69.17747
1065584,29.186874
1206242,60.961327
1256381,37.65353
1325341,36.72021
1171945,14.2449665
1195015,2.4718363
1398658,6.398141
1353387,4.524411
1115792,7.599801
1218575,2.2557845
1156442,23.914762
1015276,2.3205707
1368477,6.714807
1392473,1.6793467
1017067,2.612701
1241566,0.81421196
1330475,3.682286
1465937,3.0008636
1066780,1.4709659
1123327,2.3625588
1284747,1.2733438
1349622,1.0410769
1130997,1.2776712
1337017,1.10554
1017552,1.0588758
1368465,0.63597804
1396389,3.2947006
1052744,19.446295
1111237,5.8097134
1140250,8.070233
1259693,9.135042
1050643,9.587929
1001499,9.243254
1437844,117.61705
1443818,13.935567
1224334,12.948538
1337899,3.3023632
1433917,5.234736
1175460,10.702585
1352535,35.13891
1189121,14.342723
1264534,185.39664
1092358,106.08948
1265894,141.6144
1238601,116.37889
1094853,115.97691
1251908,25.91885
1079749,4.212076
1237266,7.3720613
1102657,8.109009
1008740,4.9951143
1181717,11.778973
1378002,15.594429
1058527,20.0018
1394017,13.656385
1067710,5.4084697
1194647,134.38943
1466912,9.16349
1452268,31.990885
1422861,17.438034
1248796,1.8763533
1096073,19.707094
1413064,3.8448486
1075180,31.229801
1033955,16.104826
1342388,6.8453155
1350478,6.5358634
1049493,3.8541863
1342250,7.2068357
1364968,14.857901
1373976,11.564418
1189305,8.705108
1104677,7.130918
1067748,12.337346
1253203,37.22901
1358742,26.660633
1211109,19.084332
1319467,33.08515
1387298,30.110638
1125724,35.420265
1025493,141.21782
1096635,4.9468455
1318228,14.306192
1212876,28.352901
1162768,6.591871
1291770,2.182521
1315560,5.6303644
1267268,35.357967
1100456,14.104503
1177150,80.835365
1284575,48.975838
1007873,121.36714
1017505,73.91459
1385776,44.526527
1144127,47.358807
1291336,7.567888
1017724,9.503329
1389477,15.183344
1367196,3.187397
1148153,10.082161
1261051,14.25058
1387793,11.393211
1257232,8.706479
1287949,4.5206842
1351613,96.22658
1243023,4.9691215
1182608,39.517067
1330939,16.319494
1291776,1.3185012
1264373,19.118258
1195223,3.1657453
1462312,33.123917
1380466,18.414108
1173404,8.928564
1407582,8.098074
1185404,9.157771
1274376,7.049485
1290224,24.21973
1205267,17.04984
1330583,16.493479
1170061,8.378258
1144565,6.9412565
1244461,23.315928
1083848,17.409218
1275079,17.66601
1049754,12.039792
1319922,36.652042
1318913,19.413338
1045980,216.11137
1398466,9.13505
1197320,11.183666
1307828,29.761662
1418496,5.623691
1368265,3.4211755
1201046,4.539525
1087579,24.417044
1092259,19.899612
1024085,153.24792
1366782,70.97384
1240729,76.008064
1454950,49.10505
1043708,61.465393
1361138,32.483498
1065472,6.164892
1246346,9.214422
1005194,10.07744
1038835,9.106739
1017146,10.896223
1080006,12.091693
1231353,15.369924
1304166,12.600619
1171183,8.210272
1457537,102.5106
1148792,17.513243
1448266,66.80759
1263041,24.147747
1282620,5.3360214
1165830,34.714745
1250494,7.8227587
1018378,41.06671
1280730,28.76119
1049672,18.536259
1047441,25.944721
1121321,13.294215
1056953,6.725314
1348980,33.870644
1407156,45.181683
1167698,30.276905
1236205,24.463655
1106754,10.570409
1378661,15.147939
1283058,7.5684996
1421080,17.348125
1162900,13.364374
1082217,19.340902
1245980,23.506279
1142703,182.59499
1437471,6.3431163
1224225,29.156132
1093703,36.19393
1186265,15.451976
1235933,8.591891
1255637,20.173061
1436103,57.14867
1292730,23.55858
1171496,312.78937
1277410,108.251015
1208627,299.95096
1258772,98.314865
1224011,108.096725
1208614,53.40327
1010368,18.333607
1410491,9.563181
1124909,22.404795
1337023,15.5985565
1329021,3.6777809
1015578,11.794554
1353329,10.936441
1086971,6.0646567
1342189,2.6561313
1122797,50.229584
1143448,5.431198
1036971,14.158839
1384565,3.6937764
1117923,13.823085
1118464,9.717192
1234745,6.3759756
1084966,6.8291564
1317971,3.2807426
1239048,3.773981
1302889,6.5141335
1405923,7.723211
1225044,10.358279
1262782,3.8420887
1316136,5.7211328
1327995,18.787748
1151022,4.8237014
1154751,11.518065
1301124,11.123446
1321866,34.026077
1287501,35.99427
1295525,341.6595
1234008,13.65981
1128013,11.745174
1249358,8.383456
1063747,3.4787743
1380718,2.763516
1081450,3.3120513
1061370,10.717941
1262859,13.345139
1014359,54.688713
1321851,31.254065
1314215,85.02146
1031763,48.053963
1337735,44.59823
1404357,14.628708
1372653,3.0061798
1288773,8.220339
1100221,6.190941
1100919,10.413569
1388881,2.6991172
1462953,34.97175
1040560,2.907559
1103495,10.20248
1005056,2.2232728
1264350,3.9287071
1011742,1.0289791
1403425,5.9289947
1300837,4.5586023
1333272,2.1670027
1036041,3.3549666
1468053,1.7207359
1264792,1.4571723
1432889,2.5534697
1139105,2.1363378
1316811,2.266033
1098355,1.1825789
1334046,4.2561483
1120396,8.838022
1373635,2.6157246
1442095,11.507423
1352182,4.2570143
1340593,13.228726
1258087,12.696671
1196522,158.21971
1217837,12.797927
1335697,11.999382
1178501,2.9922411
1140121,4.707855
1454848,8.744354
1402114,31.532227
1013069,10.519304
1344693,132.10522
1407196,95.51797
1242320,126.16878
1148028,100.76373
1267641,94.39775
1029301,22.16232
1417208,3.9878044
1354705,6.7090745
1464223,8.700281
1139475,4.554736
1027099,10.382541
1428929,14.132022
1460950,18.628931
1052189,12.555324
1207886,4.8606234
1318350,114.056564
1195720,8.451483
1244341,36.46466
1415988,19.08472
1103629,2.0710828
1083992,21.191315
1158973,4.5077085
1363120,38.687912
1253388,21.593498
1357835,8.63228
1365023,8.317257
1448794,4.932226
1258579,9.011478
1126645,25.20306
1164323,19.014477
1070504,14.176562
1056359,11.831974
1365426,11.287736
1136594,13.113205
1422764,10.057594
1175069,17.163326
1321088,11.776173
1267117,29.838001
1365932,36.81141
1461562,159.49007
1003492,5.2451415
1346713,18.046642
1456012,32.675182
1256190,7.87654
1016133,2.644546
1258203,6.852256
1025755,43.33657
1331245,20.47276
1198012,117.05278
1429924,62.635834
1240378,143.26733
1373715,89.72731
1194379,57.292034
1300305,64.30501
1280902,7.4478426
1228939,9.045055
1242383,12.464847
1405012,3.1649096
1434631,11.078855
1028878,16.13859
1084046,12.396937
1109740,9.675354
1465675,4.966719
1166744,101.36684
1099054,5.7054377
1202135,41.04943
1046558,18.167908
1070679,1.4227138
1452675,20.37834
1387684,3.895015
1372605,53.86078
1254609,18.874302
1073442,8.965562
1175535,8.101166
1132933,9.260947
1397590,7.283667
1107966,21.557144
1323253,15.094248
1403145,14.760854
1091267,7.5300865
1328168,7.0583572
1218170,24.278717
1308429,16.752544
1338668,18.676579
1453936,12.059571
1133683,39.85141
1401137,20.856659
1147021,256.55878
1363490,7.345933
1353370,12.875479
1047370,31.947748
1408416,6.0869436
1091217,3.856503
1107595,5.060926
1298076,28.05975
1171122,27.922626
1346182,216.50874
1049338,87.80381
1116803,89.084915
1342064,58.527668
1007185,74.46187
1061847,42.021923
1264717,5.759162
1353648,7.9011993
1205598,7.9740458
1087468,8.537813
1100255,11.148154
1066759,12.799727
1004390,15.731155
1275544,13.065941
1065323,8.318303
1460243,105.50846
1251813,18.503952
1338316,67.377846
1379949,26.090649
1011030,5.633989
1207947,35.552876
1442940,9.160451
1281729,65.1662
1227232,29.610012
1454339,18.539646
1298853,25.729263
1106097,13.417384
1331294,6.7968636
1123292,29.986584
1091099,39.751648
1050711,26.230076
1400181,21.497837
1022318,10.189454
1378993,15.102562
1163660,7.062687
1414156,17.596567
1159580,12.697489
1053261,20.753529
1301173,24.13273
1343104,206.02652
1049923,4.867625
1312735,36.11986
1342965,41.565044
1039570,17.562937
1290615,9.987129
1002658,23.450129
1110955,66.88832
1179385,32.02751
1422552,411.577
1422260,132.62814
1249744,323.87436
1217658,114.66597
1386742,132.17026
1092938,73.51688
1196941,17.561949
1096433,8.925955
1085234,17.972544
1136706,15.28257
1197531,3.881492
1122909,12.769396
1185433,11.309316
1411177,6.396434
1238416,2.76538
1285655,50.274006
1440158,5.7381144
1229945,15.122324
1354055,4.5480375
1325991,18.788153
1304567,9.540824
1461435,5.9008846
1047702,6.287736
1304256,3.0775726
1130225,3.5226586
1191869,5.007244
1249164,5.8137813
1411760,7.9783654
1420572,3.0589242
1023409,5.607108
1075388,19.044903
1201931,4.4407516
1452256,11.7708025
1343192,10.881773
1078483,35.116825
1310322,36.480347
1344490,374.30063
1094994,10.613123
1283138,16.157022
1324395,10.320299
1285217,4.127649
1319304,3.3642108
1172216,3.9635005
1457076,12.996422
1302400,22.034807
1079910,79.3271
1072478,41.021675
1069028,91.72642
1377021,54.679253
1232354,51.387745
1023232,22.041168
1059069,3.0961502
1324458,8.558808
1214272,6.2746005
1351596,10.67288
1337177,2.7057066
1441687,33.154045
1117245,2.9911678
1002265,10.315672
1169652,2.4293754
1059899,3.9331944
1328935,1.1129701
1325175,9.71021
1286995,4.6084304
1267654,2.1343102
1280230,3.3585033
1166248,1.8012927
1030662,1.4360247
1164204,2.439265
1301381,2.0376196
1310278,2.124191
1427438,1.1329098
1323016,4.0711403
1071759,9.019395
1363457,2.6111531
1261992,11.045256
1103417,4.210929
1212829,13.092134
1349650,13.164389
1296976,187.92075
1210378,14.195717
1200557,11.939186
1262438,2.9493313
1424474,4.5724726
1028493,9.241578
1311238,33.870354
1430176,13.673088
1434789,174.63474
1205004,126.42357
1021841,154.115
1301306,127.44401
1399930,123.02262
1333760,28.136683
1234928,3.0721688
1148633,5.206966
1320872,5.2442
1230112,3.9095047
1142000,10.749427
1155661,15.109854
1024536,19.848276
1149358,13.310982
1440889,5.1080847
1197809,122.56116
1452840,9.343557
1321349,37.70112
1158042,21.910606
1102945,2.1633558
1453142,23.130423
1127591,5.3229895
1031319,49.762005
1362873,22.548363
1222866,9.1148205
1098037,8.4340515
1213561,5.2098236
1312840,9.559076
1246186,22.687283
1324597,17.005148
1248111,12.618677
1398089,10.81267
1090623,11.0198
1097200,13.260183
1468502,9.338309
1184448,17.340145
1063735,11.278899
1356485,31.355646
1079550,38.125282
1292133,167.31448
1371497,3.3091736
1151050,17.217869
1034476,31.378363
1321734,7.1707244
1449102,2.4835591
1369253,6.1868277
1402844,42.976444
1145556,18.167267
1321081,101.98434
1259669,58.385292
1422125,143.65451
1040211,91.68101
1361701,58.124004
1125693,59.567944
1407155,7.157508
1068838,8.224787
1314833,11.167233
1315790,2.9618902
1209974,11.315378
1095247,16.261791
1428208,12.7362
1463746,9.883046
1388690,4.910348
1252447,104.206764
1004923,5.449921
1105205,42.69239
1417033,19.168072
1456661,1.4576249
1050242,21.168953
1283213,4.170977
1342611,50.780064
1381218,16.700743
1363653,7.9934654
1052035,6.9475684
1091368,8.226619
1046772,6.4548736
1231820,16.866741
1039624,11.936529
1252118,11.49601
1045847,5.810524
1048907,6.671715
1106027,24.140682
1366055,16.520031
1041765,18.469105
1087790,11.906801
1330135,40.21504
1341578,21.446953
1446729,247.03337
1131683,6.7988296
1039619,12.152266
1135709,30.574947
1362444,5.495607
1263432,3.4954
1335946,4.48968
1294503,27.063227
1100776,24.531643
1263492,185.35275
1062709,80.09331
1108128,87.45357
1059783,58.023968
1165052,74.40647
1353779,38.19473
1247212,5.446264
1417028,7.3529525
1220428,6.9376884
1310784,8.057571
1106258,11.38708
1390614,12.723608
1432082,16.007221
1196110,13.2876835
1229680,8.281836
1346927,106.76692
1441595,17.972727
1283751,68.89905
1342966,27.625977
1083850,5.7445803
1161771,36.421333
1282365,9.870295
1265316,61.024757
1068703,25.35036
1161452,16.252594
1356280,21.944452
1167674,11.522105
1025917,5.8532376
1312034,22.49644
1417652,30.862055
1467102,19.957518
1433422,16.542479
1207430,9.694408
1320473,14.894379
1407380,6.8586235
1320410,17.33397
1241222,12.421364
1010857,20.696125
1379497,24.595592
1178849,195.45636
1188514,4.4548306
1373231,33.87633
1158254,38.485687
1185747,15.718391
1325465,9.180952
1055291,21.35381
1210633,67.56968
1084658,28.65015
1343565,374.06284
1180949,126.26904
1463368,325.38623
1255790,117.863785
1105527,132.31345
1020752,68.659386
1373701,15.5147505
1297842,7.972748
1163677,15.683978
1187645,13.674683
1305011,3.777102
1291494,12.232897
1088133,11.275849
1297438,6.3168607
1317972,2.5572526
1400519,52.92146
1248642,5.442086
1062894,15.537771
1053541,4.6694107
1331174,20.593834
1363519,8.762647
1463655,5.450956
1272141,5.6162806
1022561,2.7546031
1134398,3.2704177
1042193,4.180585
1288929,4.960015
1080808,6.8412237
1345077,2.5309062
1245868,5.0047197
1324479,17.677431
1013632,4.0419693
1014620,10.842165
1288878,10.159238
1110427,34.618855
1174048,37.09569
1196363,361.0302
1346331,9.416319
1359144,15.2194395
1182330,10.397693
1461539,3.9350674
1115926,3.0685625
1176907,3.590699
1083172,12.895704
1221382,18.530975
1431212,73.15753
1271205,38.309536
1174200,87.785995
1132900,55.269432
1326739,53.070282
1212615,20.440968
1348182,3.116219
1391548,8.710551
1262597,6.4917192
1316278,11.088805
1097119,2.7323844
1079611,35.567947
1427633,3.150924
1209936,10.362361
1116651,2.455105
1020382,3.9665978
1262730,1.2343353
1408078,10.228614
1452742,4.3099537
1131551,2.0116582
1355705,3.16219
1043958,1.6442293
1170937,1.3141127
1098137,1.9630673
1031277,1.6616333
1391667,1.7828375
1156708,0.9247856
1219956,3.8348842
1046260,8.970801
1407865,2.4290986
1340332,10.853605
1173681,4.1005926
1381233,13.256299
1374754,13.236653
1373624,181.75151
1061474,13.484924
1340424,11.63185
1263273,2.850549
1104772,4.575597
1192315,8.610074
1042042,33.19509
1004596,12.046438
1338178,150.3363
1099506,105.51073
1300684,136.59178
1155001,117.9667
1235550,114.90255
1348726,25.178207
1240409,3.2046084
1123642,4.9064693
1416371,4.732284
1143314,3.9400258
1067307,10.130972
1462556,13.780719
1196465,18.47208
1232467,12.592553
1002773,4.632422
1345472,116.28528
1189496,8.369116
1441171,35.8271
1365035,20.952328
1392296,2.1214106
1161480,21.658957
1317443,5.4677806
1276549,47.918358
1292668,17.64741
1112517,7.084989
1113769,6.4052825
1201444,4.0484567
1378143,7.311568
1034136,16.341991
1220538,13.334154
1026269,9.613764
1399473,7.7418356
1344230,9.501772
1245005,11.815898
1080665,8.512619
1410088,15.518008
1253026,10.331897
1361708,28.670004
1433167,36.159996
1167407,167.06352
1130349,3.0977995
1333537,15.95112
1144293,30.30903
1170870,6.3366213
1426206,2.205917
1350815,5.455661
1264403,43.607708
1413275,23.42809
1092987,126.94743
1368221,71.52728
1052474,155.11859
1294283,103.86294
1123895,67.95574
1117816,70.01326
1079318,4.9908404
1249437,4.597872
1016184,5.852909
1406971,2.1108387
1266640,12.3543625
1284769,16.289469
1006802,12.649039
1203883,10.103572
1042230,5.025182
1436155,109.463524
1070597,6.084067
1044489,52.250397
1291343,28.976114
1375311,2.5840437
1129312,26.490437
1127308,6.629318
1072711,83.29979
1186843,19.88459
1076323,9.670748
1139353,8.39645
1150708,9.693642
1209584,7.986234
1421533,18.17823
1380863,13.729622
1300199,12.864603
1190392,6.9771485
1356125,5.430131
1256250,20.404575
1403405,13.48395
1319057,15.718147
1075050,10.022673
1001063,40.406998
1461118,22.238693
1044512,261.43616
1168633,3.37024
1464686,13.860364
1365863,35.07309
1228008,5.676103
1127914,3.6991649
1234746,4.6820383
1056901,32.713226
1440882,35.50605
1179079,260.07602
1015038,111.77519
1424187,105.80797
1416684,76.69873
1395375,101.10771
1274488,52.630547
1308497,4.48499
1354641,4.748662
1427457,4.324017
1070900,6.9271746
1203762,14.732325
1445015,15.168762
1089866,18.553629
1283146,15.734113
1379927,9.746651
1110415,122.90752
1275193,23.124521
1091726,91.52912
1172128,48.604847
1224995,11.219386
1059379,51.30425
1375011,18.13097
1022307,119.32491
1300565,35.194527
1205234,22.622345
1112581,30.48236
1118000,15.828308
1368054,8.6147175
1252093,29.136816
1452333,42.500877
1213538,26.872967
1135032,23.306194
1202011,9.508647
1290885,14.533437
1378400,6.5919685
1127013,16.855467
1159374,12.361452
1186006,23.754715
1269388,29.672237
1332449,234.1895
1133851,2.586132
1270597,5.513441
1252566,6.961745
1123501,2.6728806
1420085,1.5120188
1270341,3.818187
1018508,12.463207
1226826,8.805875
1353007,115.35197
1397109,38.896828
1407186,90.45057
1071171,29.821362
1404305,33.623386
1352160,19.359869
1466816,2.3507335
1026068,0.9677361
1391564,1.9306233
1357908,2.0642996
1047565,0.86310035
1354346,2.9732764
1238891,2.5655086
1119805,1.4260511
1383551,0.638919
1202197,14.162585
1268025,1.4456866
1013690,5.0574026
1092469,1.5257432
1270560,5.452506
1062069,2.814093
1312418,1.8113244
1046417,1.8389505
1135756,0.8448251
1092919,1.0436976
1004551,1.1310995
1189680,1.3467004
1201874,1.9709002
1208276,0.71572006
1077337,1.2862842
1452284,4.253516
1262956,0.8225759
1375314,2.6453886
1200507,2.3854082
1392908,8.782068
1350359,9.3532295
1147266,115.2889
1201868,1.1680679
1099496,9.750929
1005246,6.9703765
1213005,2.400873
1422134,1.8417389
1046874,2.213623
1088532,8.809584
1236009,18.096607
1030879,72.889725
1387180,38.309196
1329457,79.43779
1219057,49.57235
1308797,47.7411
1385957,19.695066
1339540,2.4947598
1150190,6.7418623
1303063,4.805558
1308176,8.598299
1191051,2.2098918
1125541,28.125305
1057076,2.6439724
1224309,9.83324
1326731,2.6113787
1384574,3.7425053
1194012,1.4509932
1350355,11.156087
1269562,4.2316675
1464377,1.9243568
1398742,3.1322434
1274922,1.5941882
1012165,1.3040844
1457296,1.726273
1322246,1.4558533
1327406,1.5972799
1300132,0.8416521
1181900,2.9235988
1347103,6.496844
1151756,1.5735046
1356689,8.21246
1294970,2.8534622
1243512,10.944387
1433858,10.91209
1373084,148.81784
1269652,14.156511
1311529,12.758245
1273933,2.8205638
1411806,4.3367214
1010230,8.292581
1324387,36.50588
1183235,17.02144
1162308,215.1357
1374588,142.10962
1018742,176.18044
1049090,152.95163
1403515,160.40227
1414459,34.432083
1419714,2.4424427
1392495,3.4497724
1422796,2.767846
1254621,3.0846138
1239092,12.796179
1009987,16.271135
1323741,22.072147
1311857,14.873093
1331751,5.306532
1164666,150.0363
1044704,10.816759
1333823,53.909454
1140923,37.77776
1121316,4.159253
1445125,33.05293
1231620,9.550206
1074872,89.611374
1166118,24.184544
1030865,10.202495
1054355,9.1313505
1288265,5.678019
1379401,10.946657
1132442,19.995316
1304633,18.1409
1378539,12.700907
1391951,11.015825
1029855,9.335419
1069997,11.45824
1459482,7.929358
1115159,15.620648
1277763,9.673459
1073545,35.41272
1427880,44.203598
1441862,180.34682
1176893,1.8794894
1030354,13.018515
1191572,23.836082
1248815,5.1983666
1142157,1.7804425
1041344,4.5828543
1385491,35.711086
1075332,20.377687
1115516,117.91001
1138519,58.480072
1138080,143.6798
1300894,93.93456
1237820,60.937206
1333493,59.658924
1449205,5.541735
1305853,3.6737473
1098032,5.5900865
1098604,1.8774086
1044095,12.280029
1198428,16.367573
1400006,12.606718
1452122,9.732563
1145114,4.839755
1212383,116.02223
1349946,5.4272423
1446895,49.89393
1312779,25.393946
1016239,1.9668003
1446640,25.127296
1388920,5.059344
1368144,60.05601
1304901,18.408045
1216943,8.888254
1010616,7.361716
1078115,8.971609
1000347,7.298294
1142805,16.306963
1188943,12.537694
1442884,11.82529
1131757,6.227022
1388650,6.084003
1010404,22.114292
1283035,15.486308
1016808,17.014
1202856,11.08772
1398992,41.34648
1201603,22.374727
1385891,254.0264
1233352,3.2635863
1265251,10.953518
1408791,27.196468
1436823,4.6615086
1146903,2.987563
1230871,3.7876205
1161141,26.467524
1359863,32.41741
1113163,249.21724
1421199,93.632095
1033352,95.83054
1019732,68.116905
1099599,90.21253
1297716,44.147453
1398649,4.866685
1258782,3.725694
1342989,4.014632
1311419,5.7415433
1142923,14.0016
1225380,14.326375
1435504,17.764324
1325813,14.817752
1166821,9.410948
1027882,126.838135
1149246,20.969578
1159057,87.67685
1437773,40.894814
1438764,8.579314
1341279,48.358383
1360129,13.968925
1147122,83.44774
1183631,30.888296
1117810,20.05756
1183968,26.369152
1452327,13.828593
1320633,7.3438096
1289970,25.066769
1262733,37.23185
1160718,23.73914
1289015,20.311504
1049509,10.212513
1156688,15.3006115
1237918,6.984011
1005185,17.767334
1223087,13.237726
1437788,23.169796
1251161,28.971695
1096334,223.04211
1083909,2.4093928
1314396,7.9896865
1252433,9.019016
1401408,3.69318
1107867,2.0964577
1452297,5.270182
1308992,18.815174
1135891,13.262769
1469606,195.42044
1331135,57.97101
1079326,153.75471
1218445,48.221935
1322131,55.51226
1243240,28.350546
1354613,4.22062
1343898,1.4007486
1137360,3.0702958
1315178,2.9100244
1060645,1.4777044
1205753,5.2231927
1268349,4.5178795
1263975,2.4397678
1420644,1.0562212
1239193,26.877853
1051009,2.31014
1443369,8.485412
1433548,2.0607154
1358946,6.9947424
1144838,4.679826
1168294,2.9781754
1040138,2.8558683
1024936,1.3881452
1153045,1.7237781
1001113,1.6155148
1230954,2.1181278
1363427,2.9310071
1211361,1.1091441
1117207,2.2128086
1394269,7.4024153
1062172,1.5998293
1285118,4.629088
1050573,4.2748747
1241189,16.142784
1080095,17.212475
1300886,171.54752
1185856,1.7835112
1220179,10.053698
1067622,6.7087874
1364389,2.492894
1405352,1.9147558
1041390,2.2245154
1354637,9.979195
1212597,21.109785
1437566,88.30945
1340281,40.16178
1096832,95.23322
1357109,58.33329
1268685,56.074005
1018480,19.213001
1041293,3.200927
1118930,8.927626
1319599,6.272878
1052384,11.225179
1463473,2.8221128
1370413,38.000328
1014513,3.2476566
1031711,12.588779
1320137,3.257996
1216392,4.7553678
1343915,1.4946483
1391143,11.085346
1049459,5.178407
1245067,2.216107
1414497,3.5616555
1252327,1.8689989
1254876,1.5305549
1017345,1.992821
1461454,1.7029451
1054757,1.9495806
1466618,0.98837316
1043836,3.7898335
1049618,8.501993
1094773,2.1659355
1417007,10.26833
1312493,3.774897
1277704,14.5238085
1338479,14.76959
1176374,164.45671
1210348,11.412168
1211384,9.796015
1217919,2.2866187
1099317,3.5547862
1276748,7.016542
1422952,32.430603
1132802,14.549875
1057757,210.39828
1437353,124.60857
1161790,171.58145
1017154,155.14713
1466055,162.65837
1062630,28.536932
1087992,2.659472
1319660,2.5037117
1302000,2.8361847
1296887,2.610107
1011288,12.6162615
1056630,16.679756
1177933,22.097914
1386723,15.117409
1052829,5.0792093
1451129,170.01373
1443908,10.214437
1411698,54.18633
1054445,35.370857
1147570,3.1834025
1308891,32.37393
1457514,7.7504873
1383573,70.81859
1464450,23.13673
1086181,9.135618
1266470,8.027518
1346964,4.8944836
1182226,9.458974
1122422,18.210184
1304954,16.819324
1468060,12.229761
1299411,9.629002
1442494,10.323024
1235992,12.7786
1356938,8.808736
1038690,16.955288
1154598,10.800634
1111403,36.331444
1208138,47.74489
1057518,183.26216
1016939,1.8290074
1045568,12.950856
1185623,24.110363
1053591,5.073125
1120058,1.7912004
1307107,4.5099463
1467257,36.043327
1318823,30.541199
1381867,153.55711
1191405,78.77439
1051861,181.8544
1002108,119.63074
1445971,77.42439
1116178,94.36641
1359771,4.611224
1265582,3.1071842
1059781,2.6675873
1072866,1.5791045
1115017,13.870694
1251480,17.85602
1056311,14.19348
1035817,11.41148
1206461,5.5414515
1062482,118.56439
1060276,6.8863325
1398677,80.14759
1174462,55.0242
1207205,8.055676
1403724,42.854458
1133883,13.407636
1111645,96.50914
1200182,38.690807
1282872,19.346115
1113987,16.990314
1101415,19.378998
1064517,15.894653
1132873,29.75788
1324511,24.93336
1021432,23.034937
1005238,13.998752
1437302,5.6830215
1017346,21.800953
1073390,14.366673
1025528,16.019634
1139706,10.227133
1357650,49.934387
1269120,27.196411
1273561,200.19888
1290478,1.5796896
1354246,13.366801
1119861,33.716057
1185280,5.4105844
1195748,3.682238
1020991,4.7650495
1025354,33.306004
1198230,55.488934
1207136,389.78836
1119148,150.44693
1277507,150.88818
1422589,104.593834
1220239,140.73811
1099293,82.70528
1422712,4.896951
1234482,3.622459
1351411,2.4553235
1272695,6.1374426
1213576,19.666449
1080214,19.864605
1282436,25.486334
1073410,21.870815
1171834,13.110842
1065735,161.24643
1260142,31.53775
1349352,178.59753
1325201,113.32184
1055266,43.993427
1293179,103.048
1404327,44.94596
1238451,152.61906
1044581,79.16105
1194671,52.082996
1135176,70.84338
1400721,36.299812
1169081,19.971996
1185507,55.224415
1436141,87.344696
1396386,54.986675
1183419,53.493126
1179294,11.74039
1353902,18.320807
1035137,8.153092
1299351,20.693243
1454336,14.867938
1184029,36.696968
1187984,45.642868
1271644,223.11641
1144475,1.4911842
1044427,1.9334093
1155692,2.384406
1254446,0.9037264
1174182,0.51431084
1274820,1.2587622
1010624,4.907005
1149791,7.2847304
1302090,81.53694
1099405,22.762325
1362809,57.380768
1016835,18.106522
1074168,20.153732
1056987,12.38795
1175347,1.1002996
1159863,0.4323762
1436241,0.41361636
1163920,0.7930624
1454636,0.51880056
1138965,1.8370641
1157023,1.5377309
1036345,0.8733447
1246319,0.40245882
1001214,8.282889
1108819,0.93051255
1425277,2.9580328
1278334,1.0833696
1151629,2.8083453
1183338,2.609985
1237377,1.6526283
1323911,1.7289652
1159219,0.82190907
1407632,0.97173417
1262722,0.85736734
1223684,1.2765002
1437014,1.5889027
1240501,0.706879
1273533,0.74650866
1388406,2.5784044
1222275,0.5420388
1283639,1.4252118
1055398,1.3859657
1347887,5.315696
1412806,5.325505
1182782,35.409157
1434482,0.27374107
1078603,6.592866
1157727,4.3384924
1447780,1.4957168
1113640,1.1733614
1379368,1.4036447
1090206,6.37869
1076182,24.15355
1083452,81.62439
1261025,36.916607
1013068,73.544846
1037642,49.405704
1179881,46.61255
1345154,21.508045
1288092,2.1415343
1306054,5.986198
1004614,4.1800127
1288856,7.582968
1110494,1.937219
1364656,22.403103
1411725,2.502538
1015475,9.797308
1325526,3.680531
1021721,3.931289
1034512,2.1521554
1297827,11.658392
1217773,6.018817
1255608,2.6457267
1176027,4.688241
1294872,2.3020928
1283842,1.8409119
1319919,2.2100327
1379780,2.2501318
1296407,2.4074368
1399684,1.3891354
1217549,2.3942704
1133391,5.2975135
1212969,1.2929034
1022031,5.8717585
1276664,2.2276282
1158566,9.564496
1402638,9.2424555
1216247,92.735054
1080262,12.611815
1142174,11.538512
1360087,2.3079875
1417189,3.806033
1138903,6.967185
1322196,33.75658
1258228,24.478262
1225229,288.29474
1197741,180.07082
1419410,250.42705
1034643,216.15256
1366827,233.62729
1428652,51.216545
1314480,2.5345597
1094116,2.7560592
1435844,1.4817517
1078101,2.5551095
1097879,15.480624
1090513,19.371761
1269575,27.985607
1012167,18.295767
1064207,5.936415
1439107,186.81903
1284840,13.032152
1258835,92.872086
1298464,78.61586
1065659,11.621165
1451595,57.750458
1375372,18.57928
1242585,150.41191
1416645,50.038105
1141461,21.362276
1420311,19.169027
1064273,11.54681
1400551,22.575243
1410715,34.39579
1146967,34.6599
1287820,24.201397
1267279,22.152905
1466708,9.729693
1046036,12.890144
1290077,9.086624
1112523,16.639019
1417796,10.2643585
1220085,50.419613
1348538,63.53537
1064861,164.39676
1462199,1.065022
1033639,9.539938
1400255,17.20836
1413440,4.312075
1390495,1.5274781
1234250,3.7487862
1238982,27.846323
1191814,18.6848
1216503,79.062805
1065882,39.402775
1004428,161.24509
1286671,103.33331
1307266,65.80345
1299263,47.804874
1237913,4.1274366
1392467,3.2884858
1179207,2.9707134
1353725,1.3984896
1236462,11.234496
1313184,14.743158
1392250,12.012987
1067587,9.572053
1251377,4.971079
1121240,104.477135
1384185,5.9160595
1354849,62.158527
1092871,40.174446
1422050,5.344789
1210041,33.737144
1186794,9.711456
1009598,102.10424
1131451,27.197262
1454480,13.259634
1016725,11.727323
1371482,13.607965
1392446,11.1506405
1376395,20.213552
1460360,16.453415
1042364,15.056317
1010661,9.298366
1054029,5.571846
1078443,20.86452
1399841,13.974192
1275013,15.543317
1440325,9.726759
1306512,44.43486
1109919,23.34888
1361626,193.6783
1404749,1.7302276
1041261,10.604155
1059419,25.885487
1438625,4.936877
1378004,3.2772694
1100349,4.239435
1270018,26.593964
1086338,33.547127
1315442,196.08888
1293272,76.84696
1179456,139.20322
1130158,94.54274
1135512,124.693054
1129588,43.07133
1380320,4.758795
1044631,4.020372
1133992,2.821679
1028361,5.8081527
1127640,16.633389
1095148,17.154684
1115407,22.654968
1020828,19.272861
1236506,12.257631
1360500,147.53943
1020261,28.297226
1154740,143.21472
1110735,85.34502
1418245,28.830816
1387446,82.9146
1323888,33.040672
1127286,160.2022
1086822,57.36095
1456368,37.218513
1281702,50.75995
1211720,26.472504
1266494,14.625292
1117802,39.011036
1077880,58.919106
1095367,37.40799
1194990,35.931297
1032787,11.875228
1467407,18.144825
1303160,8.05541
1088471,20.954187
1045835,14.678513
1302313,33.224525
1433011,40.775806
1167143,227.05171
1434131,1.7130783
1346011,1.6416683
1025814,1.9430578
1322367,0.80407125
1445333,0.45899788
1061378,1.1085789
1235324,4.3450837
1407866,3.0087574
1148905,34.47442
1075240,10.1365185
1113322,51.72451
1025259,15.148282
1093193,16.727625
1185329,5.2704687
1211941,1.0370001
1326539,0.47221628
1207467,0.4684679
1179168,0.7576171
1254761,0.44771814
1131854,1.5978343
1183700,1.3774998
1206317,0.7539118
1348413,0.36682302
1016791,7.7916794
1136537,0.8323628
1121530,2.6894176
1145553,0.8456519
1418982,3.0174332
1407972,1.9080986
1464362,1.1969721
1248192,1.2303717
1283336,0.6091138
1317912,0.72900873
1358331,0.6233009
1010858,0.8676478
1455974,1.029949
1147392,0.4732632
1359633,0.7267772
1317906,2.529401
1115110,0.5757195
1206019,1.3797855
1027240,1.3649147
1453956,5.057391
1126571,5.1413794
1185434,30.993408
1326439,0.29726523
1386008,5.260484
1130282,3.306696
1131156,1.299907
1097688,1.0437461
1357275,1.190807
1373727,5.223593
1158756,12.154991
1118756,41.961224
1114825,19.442736
1028573,70.647385
1069192,43.582794
1421933,41.42874
1064899,10.293213
1249976,1.9896196
1230926,5.574925
1013107,4.003348
1201634,7.0994287
1035163,1.8879373
1402941,23.51956
1102745,2.3754249
1127372,8.31311
1288970,2.851597
1448232,3.4784763
1090243,1.6197109
1219091,11.344537
1080547,4.437267
1270918,1.9549549
1123094,3.2854552
1076324,1.7131115
1117000,1.3552604
1087164,1.6367906
1268524,1.5672728
1431447,1.6046162
1037504,0.95313627
1403307,2.4288285
1443156,5.712823
1267387,1.4236596
1265573,6.2388744
1412595,2.3910835
1349010,9.635687
1373578,9.350383
1062211,82.40269
1044589,10.161652
1244825,8.671084
1044914,2.1828108
1013640,3.4910064
1173629,6.071373
1323439,25.593388
1229070,15.476471
1323213,154.50302
1266260,92.25911
1209345,212.21538
1073143,184.29431
1180810,188.24948
1216743,27.758854
1368089,2.5276797
1321697,2.7624562
1281527,1.6155144
1208839,2.4732811
1292567,13.120381
1266969,16.48731
1065174,23.030756
1440274,16.007307
1340410,5.854829
1152335,151.5473
1422195,12.16142
1053624,72.25511
1376285,58.31441
1238105,8.343339
1055196,47.95542
1190844,15.077489
1424048,149.08876
1401302,37.32769
1027987,15.915349
1077691,14.296797
1158636,8.781004
1269093,16.757025
1435758,25.471085
1222791,24.592344
1124174,17.052834
1381625,15.850095
1414172,9.776385
1406975,11.911165
1037068,8.367957
1086479,16.151318
1314077,9.623234
1389270,41.33484
1019556,52.317146
1444499,157.17006
1449747,1.1685324
1461605,4.3192596
1317578,8.903203
1202837,2.045114
1065339,0.7347277
1032139,1.7019546
1422111,15.103358
1182917,7.251889
1142780,30.42811
1230134,20.387756
1115087,88.79155
1452322,51.896587
1446537,28.672083
1234319,22.05457
1121629,1.6492258
1161551,1.9097458
1169534,1.7888834
1324579,0.5930014
1388104,6.6060433
1222592,8.789904
1101891,7.029788
1467912,5.7172174
1349634,2.9435468
1355259,70.33946
1313509,3.4761405
1141282,42.735577
1074605,22.70494
1270084,5.378127
1288228,19.634535
1453034,6.8013086
1434875,46.03025
1427013,54.930134
1014972,26.066528
1289119,22.239391
1225679,25.76528
1017200,21.498714
1350639,60.33132
1452311,52.629036
1203898,42.083855
1339964,28.00657
1179075,3.304095
1413963,12.53294
1386521,8.692806
1374973,9.68816
1441731,6.040763
1219196,29.031078
1143238,14.248288
1239011,158.45564
1233180,1.0317028
1245554,4.2600503
1046540,11.352139
1181295,2.022754
1163519,1.398741
1132093,1.6039131
1029970,12.615395
1033901,13.048984
1342322,69.21789
1074843,35.4781
1260330,68.82071
1014608,41.67881
1142384,48.714897
1314696,18.011074
1450973,1.5812371
1393434,2.1222355
1314197,1.6005148
1155723,2.070499
1330434,8.673536
1203385,8.930822
1329563,11.793844
1205612,10.207396
1199942,6.4600077
1232530,84.972275
1332044,14.104259
1113840,84.15828
1208057,42.489754
1141345,25.764257
1336064,39.965115
1147034,20.290674
1343864,72.42265
1390826,94.43494
1401002,61.65725
1049856,81.46394
1170494,41.338062
1051970,23.106785
1468252,92.52815
1459352,157.48993
1139063,85.333275
1121005,89.490234
1176278,6.4338737
1415997,9.641026
1358156,4.3462477
1064721,11.467469
1049742,7.8249483
1389549,17.60666
1314638,21.129642
1309933,149.82404
1374582,0.9538282
1321272,2.0642266
1104980,2.5909119
1157945,1.0541242
1281061,0.60238075
1462114,1.3963501
1011793,5.402682
1001686,2.87956
1152161,33.87945
1044697,12.208096
1074189,61.539165
1414743,19.934574
1097585,20.350906
1102650,6.9318404
1079165,0.9927961
1234039,0.6385024
1007891,0.78705806
1012569,0.8581354
1046619,0.5474213
1414855,2.002427
1414801,1.7827231
1233473,0.9890479
1372616,0.44317254
1299715,9.649092
1017898,1.0216002
1158560,3.7515826
1396232,1.5712757
1295889,3.2291107
1167750,8.500186
1058818,5.379989
1271586,5.459874
1384785,2.7142174
1031441,3.1564837
1330653,4.2986217
1228816,6.5649824
1284907,7.6402154
1307098,3.5146356
1327519,0.90922356
1129327,2.9520078
1259954,0.6606569
1427962,1.7365067
1217215,1.7375593
1078718,6.5289583
1314220,6.6567717
1354461,65.86666
1167136,0.47960186
1356404,3.7223344
1033344,2.44591
1368712,0.9566981
1232385,0.78742325
1406378,0.8958545
1297861,4.055239
1453003,6.52444
1320309,21.833214
1042823,12.901413
1207863,54.03374
1126134,33.51896
1429877,29.792103
1148164,6.9201155
1366406,1.475923
1348356,4.2705917
1025408,3.1897466
1078319,5.4561114
1075937,1.4470096
1355731,16.56536
1242480,1.8189567
1414884,7.0805464
1367377,2.1056824
1147962,2.6461523
1342406,1.4825052
1186019,7.0307665
1403648,10.417307
1328177,5.042533
1232421,8.324524
1188522,4.1710367
1432945,3.3194618
1458461,6.031715
1016140,6.4146852
1320512,6.277131
1201557,3.8339272
1007260,1.9700279
1431238,3.9303901
1257913,1.013343
1202773,4.941124
1147016,1.8103482
1307899,7.4928446
1310891,7.053711
1182168,91.49249
1047601,5.017602
1214998,4.6463404
1003972,1.0378294
1059196,1.76345
1069185,2.8804622
1079663,14.8593855
1317638,6.6673417
1428799,66.05394
1404593,53.73576
1466390,129.88025
1028509,102.6234
1066587,91.8253
1160338,14.143109
1253556,0.9521966
1372002,1.6715618
1318393,1.2807099
1125234,1.0408691
1294588,8.110178
1104257,10.698249
1337154,15.601309
1200981,10.460972
1442357,3.595082
1074544,99.30276
1357987,7.134249
1331147,50.801266
1346843,34.55363
1071434,6.6733093
1129593,25.37761
1135652,9.2200165
1285243,68.955894
1028323,63.37519
1340360,25.403385
1053528,22.319965
1186685,13.228891
1094309,27.633743
1253432,55.189075
1416499,51.19706
1141303,34.368458
1249126,34.00838
1201554,6.289262
1235192,7.7455163
1011708,5.4722943
1444216,10.982611
1434807,6.235209
1383626,30.210434
1352113,34.626144
1200274,118.20805
1206254,0.85576046
1244580,0.0
1298722,0.0
1385518,0.0
1356980,0.0
1285345,0.0
1324265,0.0
1150607,0.0
1258294,0.0
1407342,0.0
1350567,0.0
1054314,0.0
1157579,0.0
1064789,0.0
1082718,0.0
1168519,0.0
1046034,0.0
1285156,0.0
1332189,0.0
1311672,0.0
1412224,0.0
1208698,0.0
1007949,0.0
1205317,0.0
1077293,0.0
1270119,0.0
1051000,0.0
1117072,0.0
1225406,0.0
1154538,0.0
1342354,0.0
1241789,0.0
1266197,0.0
1286650,0.0
1082142,0.0
1445200,0.0
1400084,0.0
1076827,0.0
1294555,0.0
1045854,0.0
1138282,0.0
1107482,0.0
1284671,0.0
1315692,0.0
1205341,0.0
1078524,0.0
1000776,0.0
1278779,0.0
1464874,0.0
1353025,0.0
1148198,0.0
1265555,0.0
1223723,0.0
1239796,0.0
1108441,0.0
1021825,0.0
1316433,0.0
1240177,0.0
1452594,0.0
1198310,0.0
1278882,0.0
1334631,0.0
1215828,0.0
1072885,0.0
1218415,0.0
1404403,0.0
1442253,0.0
1125107,0.0
1264978,0.0
1034417,0.0
1197474,0.0
1127062,0.0
1147758,0.0
1440194,0.0
1379324,0.0
1013406,0.0
1025648,0.0
1114739,0.0
1254250,0.0
1295932,0.0
1042212,0.0
1370657,0.0
1443105,0.0
1375878,0.0
1224147,0.0
1308190,0.0
1308150,0.0
1171146,0.0
1266184,0.0
1313301,0.0
1371639,0.0
1091064,0.0
1166064,0.0
1362966,0.0
1101189,0.0
1013706,0.0
1348181,0.0
1083248,0.0
1367042,0.0
1071760,0.0
1083644,0.0
1151331,0.0
1438383,0.0
1194169,0.0
1233850,0.0
1037037,0.0
1157828,0.0
1291983,0.0
1081202,0.0
1135554,0.0
1213495,0.0
1251112,0.0
1106453,0.0
1330250,0.0
1115138,0.0
1117385,0.0
1088183,0.0
1326247,0.0
1255653,0.0
1467779,0.0
1049669,0.0
1308940,0.0
1430243,0.0
1011791,0.0
1026105,0.0
1108906,0.0
1200130,0.0
1264192,0.0
1261400,0.0
1301151,0.0
1456400,0.0
1443919,0.0
1348347,0.0
1287857,0.0
1350483,0.0
1099377,0.0
1129517,0.0
1433241,0.0
1429238,0.0
1332679,0.0
1017222,0.0
1044470,0.0
1109488,0.0
1208904,0.0
1409680,0.0
1027485,0.0
1339829,0.0
1221641,0.0
1149113,0.0
1400078,0.0
1095993,0.0
1299889,0.0
1066676,0.0
1305137,0.0
1004929,0.0
1457907,0.0
1448171,0.0
1075883,0.0
1183289,0.0
1026389,0.0
1100534,0.0
1307619,0.0
1183877,0.0
1231223,0.0
1001611,0.0
1216230,0.0
1192305,0.0
1002937,0.0
1368556,0.0
1069197,0.0
1085206,0.0
1443820,0.0
1212261,0.0
1348604,0.0
1002979,0.0
1115386,0.0
1438701,0.0
1115683,0.0
1165764,0.0
1324350,0.0
1067525,0.0
1307151,0.0
1200488,0.0
1373259,0.0
1036403,0.0
1040873,0.0
1330245,0.0
1168473,0.0
1189150,0.0
1332727,0.0
1116624,0.0
1442664,0.0
1135951,0.0
1306472,0.0
1246640,0.0
1010240,0.0
1047697,0.0
1135592,0.0
1279393,0.0
1350831,0.0
1450338,0.0
1325588,0.0
1251522,0.0
1246837,0.0
1183001,0.0
1307936,0.0
1431519,0.0
1400666,0.0
1353394,0.0
1434634,0.0
1107475,0.0
1233731,0.0
1098138,0.0
1297080,0.0
1250498,0.0
1362996,0.0
1009890,0.0
1451460,0.0
1310806,0.0
1133052,0.0
1425814,0.721818
1190080,1.5660894
1277322,0.2978
1408244,0.1095434
1465074,0.2750937
1448780,4.0288415
1391430,1.4626775
1088346,10.68958
1285082,7.1006937
1113266,50.60749
1097357,23.704184
1136400,13.038895
1298727,5.1116533
1256072,0.21484983
1010295,0.106000744
1088348,2.0792518
1301474,2.845697
1164489,2.3043404
1379960,1.7139744
1020034,0.9506427
1000329,27.157227
1201677,1.0583495
1292186,10.278748
1037740,4.2278376
1428295,0.3906642
1078769,4.8178773
1116244,0.6172529
1423086,1.3223486
1232767,5.085582
1220057,2.335966
1200293,1.9428847
1156736,2.3804398
1213813,2.0372984
1392167,3.2032611
1038141,2.0624726
1412622,1.8681457
1160811,1.1408222
1252394,1.5075388
1382254,5.8742704
1450046,4.162415
1469022,4.321739
1251856,2.8538353
1266480,11.256197
1176909,5.259288
1298307,18.667452
1436185,0.5948206
1314432,1.7321928
1234287,0.24901795
1001953,0.18612786
1370702,0.21989322
1220482,2.8234196
1238619,2.0561223
1405728,21.085026
1401755,10.284581
1357859,31.73414
1364205,14.793564
1228163,17.91217
1291175,3.0835512
1374298,0.18275252
1040106,0.35365874
1048670,2.1933012
1081546,2.3273182
1319774,3.269609
1062414,2.6065614
1203469,1.792897
1093603,28.668415
1018399,3.8002346
1428924,17.133743
1396497,5.994582
1095747,1.6308092
1363789,8.018603
1024896,1.4367479
1432934,1.5850646
1122269,7.389615
1098338,4.828525
1268177,6.0347624
1436199,3.131922
1073760,1.7308509
1308573,4.327615
1320712,5.4344254
1424593,3.193472
1312725,3.1337237
1019848,2.559136
1084415,3.9195595
1151114,1.7460092
1046395,4.3484793
1224041,3.1949644
1401351,5.4612617
1378953,6.2883897
1312737,14.769855
1438552,0.3331898
1037734,0.43882218
1331298,0.1465989
1397710,0.09008724
1290032,0.23633957
1159563,1.4645892
1416340,0.92520046
1192861,16.528627
1409262,5.3115315
1002190,39.93536
1127094,9.453873
1053767,10.254797
1443907,1.904328
1317306,0.12581727
1153377,0.15408245
1284085,0.2112705
1284168,0.7446683
1445994,0.6633078
1294180,0.33376008
1104707,0.1693112
1407931,4.2589226
1249714,0.3761929
1128418,1.1339608
1201381,0.20982237
1092808,0.16158037
1390164,1.0192587
1175783,0.6278622
1260614,0.67078465
1333287,0.29908893
1453816,0.3907152
1307602,0.29737332
1182371,0.3606309
1230360,0.4537049
1278221,0.21154466
1172954,0.4914239
1294492,1.615929
1146617,0.37886372
1282992,0.88847953
1221187,0.9628898
1385460,3.0132804
1167778,3.2666588
1420277,10.221473
1322009,0.7882754
1249586,0.5043045
1436655,0.16748086
1356743,0.14674737
1136043,0.1690429
1438303,1.0749155
1356993,2.092549
1372773,9.015395
1232326,4.8718023
1429350,27.590775
1056408,13.534633
1114808,12.990848
1105856,1.7850647
1410217,0.49620372
1436463,1.4424155
1438682,1.0749841
1015777,1.7731454
1237019,0.51603806
1093955,6.8165016
1105120,0.6138459
1329809,2.068772
1221352,0.5068187
1309732,0.79857016
1309414,0.18031311
1400866,0.33719602
1334993,1.1922622
1039198,0.54936016
1047662,0.93990964
1390404,0.44169816
1299532,0.4063425
1202329,0.43772483
1029023,0.3385897
1257478,0.38457182
1263085,0.21784496
1437545,1.0064589
1201995,1.9736102
1110550,0.49989954
1464840,2.2935245
1101653,0.92691594
1385015,3.0330727
1350214,2.9562194
1251588,13.264867
1295495,0.6138207
1045380,0.5830732
1469464,0.12594892
1054293,0.23808809
1074774,0.3882618
1082870,2.3436244
1033282,1.0572734
1109458,14.867696
1213080,11.240504
1323861,43.373894
1155642,26.621155
1230104,25.401804
1009115,1.9197242
1449886,0.12805982
1380504,0.16508016
1446963,1.6246741
1038183,2.073793
1118043,3.057342
1277045,1.9543301
1208620,0.8239867
1293725,22.678532
1259285,1.4171747
1155856,6.7413397
1346912,3.4156094
1201862,0.40898418
1151073,3.558129
1187849,0.6319868
1207745,2.4020576
1322620,4.2056212
1455710,1.7335987
1280983,1.5659374
1218811,0.908368
1359292,1.9478397
1108123,2.8193772
1129147,2.036692
1082949,1.58409
1262550,1.3621441
1387398,2.2194257
1461468,2.6240685
1404571,1.8947973
1350604,3.4056084
1461640,2.2295105
1162354,6.6145735
1299433,7.639271
1276146,14.721113
1276274,0.712145
1202979,1.502137
1230354,0.30258313
1150117,0.115521826
1257541,0.29366344
1091347,3.9237933
1373187,1.3278447
1102389,10.061693
1279838,6.481871
1208072,45.22204
1094671,22.088428
1108572,12.477657
1389121,5.026467
1059840,0.23758383
1291019,0.1158041
1384290,1.8910601
1254372,2.7134447
1347919,2.2315059
1438432,1.641457
1038465,0.84313136
1160661,24.891237
1278649,0.9749592
1326778,9.269964
1005853,3.982615
1174734,0.37055886
1171033,4.547311
1048527,0.61942375
1062565,1.2547946
1275618,4.8197117
1143159,2.2455962
1137372,1.8340698
1408457,2.2023313
1086632,1.9467474
1352912,2.8318257
1449053,1.9032776
1089787,1.6925118
1280723,1.0893542
1323186,1.3533415
1213431,5.2092886
1317293,3.7683082
1253782,3.9483132
1362542,2.6121528
1336127,10.32324
1095383,5.054323
1401284,11.931779
1460362,0.5854329
1369609,1.68603
1404698,0.25543016
1439531,0.19513842
1236175,0.23552708
1448888,2.7846694
1042554,1.8597466
1136922,19.662405
1210001,9.615207
1072372,28.821991
1028141,14.30305
1029211,17.569138
1345408,3.0371842
1365751,0.20326886
1331710,0.37815934
1276533,2.0083747
1053332,2.1996634
1375767,3.018536
1111190,2.38834
1016764,1.5812697
1074323,25.968876
1204087,3.5062916
1006667,15.027242
1335804,5.5437765
1298955,1.4836063
1224782,7.616928
1264377,1.4331056
1271406,1.610426
1086737,6.6685705
1031981,4.4014306
1227483,5.4809756
1399348,2.7945163
1294782,1.5878474
1383055,3.6047478
1191320,4.6492853
1028597,2.7463572
1397600,2.7922678
1149466,2.2501426
1253490,3.5216045
1110505,1.5996735
1013594,3.9594688
1199276,2.923904
1181594,5.0660105
1429159,6.1424975
1456094,9.916159
1264806,0.3097312
1230191,0.3853676
1373314,0.13655926
1082512,0.08832798
1401687,0.22321458
1294991,1.3230237
1278605,0.77652913
1086179,12.989599
1381909,4.3078127
1204678,30.807476
1381818,7.927264
1346573,8.563272
1265757,1.5872217
1146297,0.12336178
1035900,0.14594555
1341955,0.17363174
1221725,0.63329387
1080890,0.5796906
1439097,0.2944522
1463732,0.13534144
1148127,3.4312966
1208221,0.30193967
1419895,0.9537307
1232323,0.18918425
1251740,0.13543223
1345597,0.80216265
1178222,0.5064842
1049004,0.51785195
1288113,0.23511462
1078164,0.30637753
1038933,0.23151514
1231238,0.29634723
1006763,0.36782712
1459349,0.16469857
1354929,0.35554594
1042457,1.1918544
1319865,0.29450458
1285194,0.6801435
1240162,0.73479587
1462317,2.4303308
1458172,2.6493523
1355917,5.740391
1238244,0.8718008
1348543,0.5667645
1279447,0.1877554
1250073,0.16696997
1433604,0.19732949
1440467,1.2038797
1220796,2.0852337
1014033,9.214991
1133978,5.004619
1037187,28.044363
1126160,14.321202
1338814,13.522272
1250166,1.8373274
1293340,0.5245141
1118404,1.5601811
1055123,1.1686754
1241630,1.8991344
1022600,0.5254093
1186694,7.4785857
1417397,0.6579019
1182507,2.202085
1060994,0.5519416
1315256,0.88157356
1097668,0.2071062
1404976,0.38210106
1064604,1.2995572
1185487,0.5639113
1466324,1.0072517
1238377,0.4435404
1356683,0.41218013
1177108,0.4701566
1461989,0.3692105
1233578,0.43166184
1434298,0.23802452
1027154,0.99330366
1310371,2.0426316
1026322,0.51636887
1058076,2.333057
1461843,0.9698175
1099987,3.291556
1327863,3.3146977
1010657,10.013561
1386835,0.6591259
1308426,0.6213419
1405686,0.13335617
1354528,0.25907427
1295664,0.42627484
1063466,2.4584506
1016514,1.0068859
1126393,12.838229
1360547,9.912523
1030713,36.44443
1355061,24.847816
1235168,23.621351
1178604,2.0160408
1279067,0.15923175
1064938,0.19794497
1072568,1.5355791
1339551,2.081456
1433747,3.0070374
1035816,1.9663721
1314770,0.7722377
1189601,22.596777
1132319,1.4383082
1050444,6.573191
1070978,3.5188613
1138594,0.46283403
1261835,3.6365128
1125863,0.7168256
1075791,3.6442838
1130685,4.3517623
1019457,1.7384188
1128810,1.6205908
1316871,0.89059293
1454495,1.8820671
1170728,2.7907875
1001835,2.218387
1012243,1.6808008
1444915,1.4329774
1444218,2.0339496
1288427,2.3440154
1028522,1.7099634
1295789,3.1302667
1002717,2.025826
1149726,6.3448405
1366712,7.7575593
1087181,12.348017
1229021,0.90642834
1135881,1.9779263
1307152,0.3688713
1450571,0.14147237
1184824,0.36490566
1249479,4.9332833
1355315,1.8164616
1136095,13.330362
1329581,8.311998
1342058,59.80852
1151798,27.554127
1327146,16.266253
1028183,6.7802224
1345898,0.26289788
1360417,0.13308941
1026521,2.941632
1195287,3.9853845
1152295,3.2317295
1075795,2.4329953
1398540,1.3557396
1430536,36.72417
1426067,1.4639645
1337403,15.225629
1358249,6.779048
1007463,0.71847725
1260323,7.4075203
1398680,1.0693537
1190668,2.0212696
1441703,7.9914207
1382573,3.6077774
1037287,2.9087067
1348109,3.5723443
1422253,3.1722512
1099698,4.4816313
1185908,3.1094985
1130965,2.6969543
1303832,1.7672752
1336158,2.1112757
1367861,8.369155
1003846,5.9826384
1375928,6.2472525
1440059,4.184186
1188031,16.565998
1192638,7.6194296
1431980,25.766224
1025855,0.8017459
1377520,2.353963
1010887,0.34584448
1456373,0.26298064
1196547,0.31009403
1119936,3.724865
1031736,2.7784762
1114348,28.465557
1075385,13.420199
1195004,41.186577
1142210,19.346119
1053781,24.732868
1064440,4.4105945
1229227,0.23930874
1179195,0.45366153
1038925,3.2935157
1283376,3.4138165
1104402,4.7042284
1096397,3.7698472
1409849,2.687305
1318156,40.69939
1467882,5.610353
1364342,26.587341
1413558,10.091676
1073068,3.0179381
1004338,13.396605
1364319,2.6286082
1419113,2.6059477
1273265,11.871975
1269502,7.6105223
1054457,9.413046
1095426,4.8882475
1147755,2.815662
1309789,6.0513573
1452674,8.093996
1264122,4.709292
1283820,4.9246216
1346356,3.7790585
1210968,5.815196
1006315,2.6493866
1012947,6.5985208
1169659,5.0282226
1387825,8.570734
1447987,9.885132
1237557,20.357754
1362213,0.3897423
1006352,0.5177781
1199683,0.17465177
1047764,0.1069911
1450023,0.2909352
1282025,1.6343184
1011172,0.9890898
1037378,16.324686
1152491,5.00413
1018699,35.966755
1107265,8.377711
1286957,9.725968
1135148,2.0517523
1266228,0.14485794
1004808,0.16971865
1209131,0.27473038
1021121,0.88887465
1441172,0.80017555
1395701,0.41014647
1089154,0.20568292
1139662,4.6638618
1014446,0.45006514
1046658,1.4984198
1387983,0.36101443
1018688,0.22751275
1175826,1.317056
1180323,0.7885922
1374312,0.839783
1070252,0.39734378
1216120,0.49405375
1141133,0.3395498
1468850,0.4612646
1178742,0.53412294
1105935,0.27070007
1298318,0.55197704
1038588,1.8290644
1068965,0.47829396
1368142,1.0294421
1354726,1.1223218
1140843,3.7732747
1381352,3.9002948
1435521,10.964544
1022282,0.90920943
1200762,0.61328185
1143174,0.19135103
1297383,0.17293136
1189983,0.20469466
1352574,1.2306683
1418443,2.5932796
1341570,10.628999
1204027,5.427173
1354468,30.102673
1021000,14.188721
1351101,14.061728
1100097,2.1508906
1104800,0.65675753
1316155,1.7603487
1099244,1.3018907
1286795,2.2324183
1459094,0.65007067
1367003,8.284995
1016451,0.7797632
1246022,2.8834825
1100998,0.79005325
1302982,1.1662633
1075981,0.30589494
1446998,0.51466805
1451307,1.589299
1029525,0.6934942
1306993,1.2409141
1155527,0.56323725
1350031,0.51044166
1455952,0.5177926
1017606,0.42973796
1104183,0.50332475
1276075,0.28460017
1011133,1.216107
1218024,2.5357604
1341301,0.6319723
1174939,2.947275
1297696,1.202002
1420770,4.0229173
1096601,3.8295474
1180243,16.88585
1378174,0.7537958
1075694,0.7760242
1032985,0.15839553
1370978,0.30221018
1092307,0.49296555
1444253,2.8358974
1291216,1.2754165
1268419,17.32329
1277566,12.642923
1453553,49.67317
1201905,31.583765
1107484,31.190674
1013653,2.6030865
1246747,0.16542925
1126829,0.20351958
1453512,2.198107
1307743,2.7924764
1315893,4.0745687
1337011,2.7130084
1068203,1.1061271
1266959,31.944485
1442854,1.9467369
1357132,10.660864
1139569,5.662101
1383146,0.7740335
1350643,5.63807
1018282,1.1326597
1245964,4.09141
1425652,6.234309
1285188,2.3883257
1094486,2.2213893
1313531,1.2603686
1303043,2.743987
1368979,3.8367329
1256852,3.0514336
1399182,2.3990433
1395508,2.0061288
1245163,2.8347402
1313871,3.4188888
1441577,2.4474454
1076399,4.5752006
1336508,2.967943
1122306,9.581628
1180220,11.135736
1063046,19.216785
1148553,1.2271043
1008674,2.5501034
1185168,0.48607826
1304255,0.17292102
1468167,0.45425147
1061184,6.281327
1320203,2.4055665
1349405,18.420126
1263903,10.394838
1161460,71.18756
1113936,33.43027
1466773,19.230824
1273617,7.956857
1426115,0.3136869
1364956,0.16941479
1044612,3.69439
1440169,5.000715
1162614,4.021964
1148642,3.0495987
1231156,1.7186588
1047338,45.515812
1249934,1.9323025
1122198,18.40185
1090672,8.051554
1029511,0.80181277
1451511,8.926592
1086582,1.2471305
1032455,4.112691
1156066,9.642504
1089654,4.40507
1297475,3.7567954
1016073,4.573883
1220575,3.9488049
1097390,6.3512836
1128480,4.3107634
1070111,3.6595836
1238715,2.433782
1305755,2.8663828
1099151,10.770281
1205913,7.6066866
1300582,7.728419
1350777,5.2157836
1000733,20.169165
1081841,9.180853
1320078,30.365744
1401924,1.1656511
1456056,3.1875663
1202882,0.46126914
1256279,0.33324093
1215885,0.4133051
1404025,5.13453
1044499,3.9569087
1003816,41.784904
1342502,17.93793
1424550,52.905525
1308221,25.028263
1144511,31.904013
1034179,5.7389016
1219997,0.298485
1256927,0.6120326
1266652,4.6543074
1281983,4.857539
1330862,6.724514
1351457,5.370495
1235120,3.7774932
1414821,56.08844
1074769,8.240652
1302312,36.373222
1262850,13.604747
1365484,3.8156662
1300859,17.982397
1464844,3.364907
1082465,5.8155274
1058009,16.090284
1126191,10.388278
1025410,13.599524
1439546,6.950737
1133562,3.8888893
1195366,9.478785
1429446,12.567549
1081666,7.0983453
1311160,7.578826
1151921,5.6815453
1359011,8.43638
1032702,3.779754
1004105,9.127618
1012299,6.9228296
1114598,11.735403
1148329,13.370526
1448309,26.943323
1409745,0.2905149
1409829,0.35845137
1251668,0.12343711
1380862,0.072756216
1466386,0.18970509
1230120,1.1276311
1344525,0.72703123
1084420,12.349039
1450871,3.703979
1255501,25.175
1175842,6.0468135
1262294,6.739516
1051646,1.3900077
1026627,0.09849228
1256013,0.12068389
1332055,0.19280207
1183215,0.63496435
1401102,0.5571788
1318013,0.29547817
1142104,0.1551465
1398942,3.259129
1155860,0.32839563
1326339,1.0102063
1199760,0.20836377
1265697,0.16211839
1118847,0.8696116
1239032,0.54185563
1108530,0.55649984
1211495,0.25869602
1439324,0.33138496
1379168,0.26189083
1408002,0.32076055
1230507,0.39012367
1061237,0.18471661
1204461,0.41340598
1025078,1.361048
1238036,0.3295363
1031501,0.71868354
1429235,0.7947906
1118751,2.4343898
1194497,2.5636156
1181272,6.859062
1031358,0.90683156
1112918,0.5604686
1297176,0.18179592
1092678,0.15649772
1338439,0.188478
1102257,1.1336393
1357574,2.537412
1082130,11.33394
1117718,5.4194345
1460787,29.202991
1135145,14.28537
1391010,13.466245
1140868,1.9096797
1459503,0.63941646
1420495,1.7410614
1401826,1.2908633
1078851,2.1790867
1194208,0.6549333
1216949,8.289816
1362257,0.8008954
1038478,2.5866876
1260612,0.67035925
1393656,1.0454428
1245619,0.26066723
1269783,0.5828683
1382430,1.5535647
1098068,0.670196
1346230,1.1956012
1393202,0.5585605
1375550,0.5130469
1180081,0.5662014
1005837,0.43556777
1378509,0.5027725
1335742,0.28543732
1322359,1.2744207
1090324,2.573157
1466132,0.67285156
1426653,2.7823746
1312433,1.1738799
1221961,3.7716725
1043745,3.6479473
1233787,16.486744
1219889,1.0089803
1094165,0.9362689
1264760,0.19149037
1123221,0.34450042
1447419,0.5837659
1284407,3.671783
1018196,1.8212382
1465959,27.713297
1037366,17.084578
1095900,64.666504
1015499,43.138367
1092779,42.30851
1109243,3.2168918
1144374,0.18319078
1045029,0.25268215
1257335,2.7874572
1306624,3.52417
1356673,5.1389537
1358403,3.3293014
1036475,1.3894904
1380583,40.418274
1345772,2.5326405
1154716,12.548126
1302680,7.4510903
1364189,0.89791995
1357708,6.796528
1318242,1.2843605
1223328,8.393245
1424370,7.976612
1425071,3.0265498
1385775,2.9070334
1345171,1.701679
1456898,3.5646234
1007506,5.2896204
1326349,4.2794952
1224039,3.0891962
1219104,2.8152413
1404013,3.7975845
1206302,4.438628
1144032,3.1836145
1304446,5.5539956
1025707,3.7558124
1085428,11.922976
1058948,13.528132
1133545,26.875488
1303545,0.40894875
1396726,0.9760029
1395511,0.15772401
1358934,0.05862994
1349518,0.15063724
1060427,2.0802548
1089594,1.1798422
1030178,9.434252
1351012,5.07281
1067977,27.949722
1272174,14.179072
1135418,8.175228
1186225,3.8307319
1088971,0.08217933
1227135,0.051680423
1403338,1.3501675
1131546,1.7966362
1252277,1.4410948
1225729,1.0951726
1374824,0.6286148
1018727,15.882115
1033033,0.6950388
1253297,6.894105
1348323,3.098137
1359602,0.30524686
1078433,3.1575997
1076159,0.49153036
1107683,4.2350206
1432527,1.8785022
1041498,1.6677306
1117394,1.8085797
1306658,1.638903
1009671,2.708898
1436089,1.7893343
1043170,1.4532663
1176971,0.94831866
1245167,1.1434495
1102587,4.5138555
1385893,3.3002472
1049063,3.0615904
1140261,2.167402
1216021,7.3805513
1328886,3.4726748
1314070,7.3750434
1081582,0.40553302
1149129,1.2808406
1067699,0.16292332
1260238,0.1192983
1062448,0.14166951
1184447,1.7586981
1046870,2.0103908
1271730,22.466488
1246765,9.308653
1438461,22.199919
1452849,11.453885
1268541,14.289882
1295669,2.973124
1096627,0.07686384
1264003,0.17751381
1006341,1.742968
1216156,1.7962234
1165875,2.4380977
1017227,1.9341835
1089614,1.4105995
1170597,20.6582
1291387,3.0320988
1412453,13.788721
1361003,5.3923483
1439431,1.576535
1262059,6.4443345
1264607,1.3679855
1038568,7.0819807
1426737,4.368551
1110457,5.9192896
1432194,2.772786
1147140,1.6564726
1062781,4.076686
1028418,5.2355256
1038699,2.8962624
1460019,2.9891737
1008242,2.3342848
1137459,3.674319
1207084,1.7200224
1153240,3.7623024
1062725,2.9768524
1308406,4.536138
1015505,5.2003965
1447307,8.011662
1423194,0.05943659
1169724,0.08954402
1374674,0.025757533
1266368,0.014656464
1256811,0.039939523
1091055,0.24629585
1035966,0.18550387
1168053,3.1163259
1213307,0.944167
1324424,5.828259
1297031,1.45852
1034580,1.5355438
1024680,0.37228444
1104789,0.016572779
1027868,0.022715285
1035270,0.042057853
1307439,0.13674556
1443373,0.12538265
1142087,0.06557906
1430065,0.035014037
1165598,0.752536
1380986,0.072246864
1041743,0.21093099
1068593,0.05108761
1293712,0.24096692
1462075,0.13963994
1080709,0.16774285
1300911,0.066666186
1459723,0.08737764
1453587,0.07025818
1392826,0.08199206
1177695,0.09778492
1014858,0.0444802
1320361,0.10163778
1349166,0.38817692
1366354,0.095657974
1091149,0.18287972
1468550,0.21004526
1130226,0.55429816
1267324,0.5780486
1298657,1.039448
1198148,0.23283947
1281094,0.18677428
1200847,0.046686355
1416431,0.039147906
1125038,0.04712785
1345591,0.30508727
1087214,0.811499
1187249,3.6877773
1143271,1.8160607
1239993,8.459695
1392547,4.371155
1392339,3.9859319
1352522,0.68921256
1160059,0.18148111
1074400,0.49192882
1428608,0.3603743
1465827,0.60569525
1274935,0.18744645
1098302,2.292911
1372253,0.22530425
1462694,0.85908973
1251105,0.2280941
1289363,0.2931033
1046979,0.09294805
1427692,0.58316517
1391557,0.237608
1457872,0.47071248
1267153,0.18955831
1451804,0.17754671
1356488,0.20068245
1111793,0.14100742
1301598,0.1709303
1007182,0.088306576
1010088,0.37275636
1119459,0.84984666
1457885,0.21603772
1032470,0.8556322
1251828,0.36909312
1352482,1.1017258
1313737,1.0734955
1155909,3.4178817
1366161,0.3918556
1442676,0.4535957
1237124,0.08003582
1402631,0.14987752
1133830,0.22898173
1153965,1.4038815
1256425,1.0173198
1421642,13.509949
1063876,8.329507
1230502,24.328642
1331963,17.357983
1323582,16.056768
1282468,1.8670492
1368451,0.065669954
1362061,0.09660854
1387778,1.1602364
1159552,1.4444662
1341477,2.009128
1346753,1.3549366
1224813,0.591526
1347965,14.730719
1181695,1.0375649
1464149,5.1037207
1214044,3.0388207
1176230,0.47103935
1033281,2.391889
1437127,0.63626695
1204798,3.6768727
1389918,1.3584462
1141888,1.4048678
1153049,0.75642693
1446104,1.5645429
1185787,2.375674
1193014,1.823164
1074627,1.4422128
1233607,1.1555432
1282867,1.693259
1045108,2.0488398
1254018,1.5321478
1032277,2.5015132
1246466,1.7228737
1176107,4.67762
1018612,5.6520147
1286891,10.783675
1002019,1.4444959
1128234,3.05013
1405118,0.67040855
1335268,0.2410502
1412368,0.5746428
1014242,7.8603144
1372492,2.5355463
1063975,18.696812
1315211,12.400428
1150029,74.38316
1271481,35.421654
1107083,19.81722
1351151,9.230894
1063521,0.4936003
1075654,0.2276884
1391693,4.0591497
1438819,5.5322633
1441624,4.411973
1387244,3.3170311
1410416,1.8866041
1011543,52.76084
1043373,2.0113664
1395337,22.884071
1376315,9.051842
1407513,0.7642535
1468178,10.974425
1238093,1.3988566
1366469,9.76705
1365720,4.319233
1027682,3.5957916
1256629,4.6696863
1321325,3.8381324
1076853,7.0270286
1021615,4.4041953
1103928,3.60667
1314545,2.415767
1113330,3.099215
1085729,12.547485
1318133,9.114038
1096664,8.828657
1313921,6.003188
1354563,21.458187
1035940,10.358309
1392655,18.027824
1342671,1.1743419
1123338,3.2389038
1025970,0.5182046
1372546,0.39397663
1457371,0.45291042
1005613,5.304744
1133809,3.5061607
1009774,36.217323
1070333,17.89092
1112900,45.058544
1064252,21.506456
1091846,27.650873
1362799,5.5098767
1440088,0.40442306
1343310,0.76493436
1245889,4.2515497
1030640,4.409483
1104452,6.173385
1043826,4.875479
1284939,3.5132523
1292687,53.411884
1268294,7.2098265
1220268,36.81965
1461491,12.572264
1397358,2.9363313
1035886,18.323362
1110253,3.2108274
1361422,14.090933
1287266,8.872917
1385793,11.44975
1002078,6.1049104
1109623,3.2611184
1265460,9.102422
1087434,11.263742
1269918,6.0722585
1451880,6.5058465
1283775,5.211165
1230898,8.136607
1107775,3.6697984
1338243,8.82421
1166695,6.7280035
1271663,10.204079
1373972,12.53023
1123603,15.182068
1003010,0.5314697
1129375,0.7196598
1168791,0.25234216
1021740,0.16475609
1303376,0.40100044
1210677,2.3078434
1305143,1.4245759
1412145,26.308105
1389644,8.21052
1466694,52.247993
1190322,13.032341
1216693,14.856955
1465231,2.942268
1155925,0.2565065
1109484,0.2659158
1313765,0.4109686
1322557,1.4122494
1302123,1.280288
1061289,0.6568794
1205564,0.34805617
1264484,8.171857
1016585,0.7107581
1292134,2.767264
1153137,0.4883166
1341608,1.8788702
1290690,1.2034951
1230123,1.1102129
1275180,0.48845762
1131832,0.68957525
1440602,0.58993137
1220258,0.6455713
1268280,0.85625285
1059662,0.35925624
1163343,1.0009896
1411702,3.577369
1004707,0.71244305
1438734,1.870511
1406992,2.1189473
1236750,5.8800154
1011369,6.2732368
1275119,9.989351
1092296,1.3033322
1090729,0.79884744
1027697,0.27415988
1280523,0.25498268
1420524,0.27704892
1285643,1.7454685
1299694,2.779885
1421657,13.608732
1235009,7.311488
1252202,38.622814
1444871,19.160364
1051337,17.60516
1027198,2.449815
1400277,0.92981493
1257298,2.5990665
1268668,1.8977242
1353408,3.2827282
1322054,0.95157063
1437375,13.886607
1313630,1.0740743
1271309,4.4683914
1160345,0.94398034
1283175,1.6960471
1401069,0.34374166
1444887,2.2176404
1207821,0.9338869
1359644,1.5599391
1088413,0.7112046
1402910,0.68250686
1029542,0.84574956
1163847,0.63009524
1232989,0.6672896
1028765,0.38617435
1323362,1.8730189
1366127,4.1700144
1403367,1.0421746
1036371,4.620046
1030752,1.8121784
1425187,5.6946144
1367511,5.5941544
1202857,11.629916
1442815,0.9279156
1405671,0.89974004
1384214,0.18776691
1311620,0.3602375
1288040,0.6112357
1407304,3.5779083
1145713,1.4093392
1259013,18.32782
1141196,14.280604
1132847,45.231117
1128215,29.701014
1005358,27.412876
1360681,2.5359473
1320681,0.21688458
1109916,0.28476483
1362183,2.464052
1124715,2.9775677
1439161,4.3339057
1246884,2.823133
1246674,1.286882
1197277,35.335846
1418199,2.1065075
1108843,11.126116
1157949,5.3986907
1007778,0.73155946
1192062,6.0499964
1329144,1.0329776
1099707,5.798418
1280775,2.3558688
1120627,2.1297371
1179470,1.2732117
1337130,2.6425512
1108222,4.275296
1239997,3.1443143
1387818,2.118133
1338866,2.006296
1024119,3.4887176
1212519,4.2161336
1107190,3.0898824
1464677,5.164525
1211771,3.6151314
1458019,9.096243
1261390,11.171045
1389478,12.615844
1173702,1.6753451
1246297,3.5947442
1428332,0.7879179
1066968,0.2809498
1268587,0.6862675
1125850,9.196665
1156802,2.888116
1078944,20.807299
1047304,14.042627
1366793,82.257904
1448551,39.60314
1298286,21.649178
1122513,10.538698
1010456,0.5477291
1428692,0.25982124
1104982,4.540325
1250944,6.2633824
1468366,5.0587792
1160188,3.6957233
1352100,2.0263817
1006339,58.212288
1351374,2.1486187
1316868,26.137436
1418731,10.965666
1068960,0.8573182
1094295,12.704043
1152907,1.6014869
1121757,10.691255
1264565,4.8487067
1071306,4.0186033
1103540,5.3417425
1238549,4.26849
1406469,7.779863
1387445,5.004614
1131527,4.112313
1112267,2.728039
1452417,3.3945282
1112660,13.235847
1254058,10.170593
1057327,9.695895
1047295,6.5062714
1141291,24.003695
1190676,11.6375675
1031639,35.815876
1400487,1.3058228
1262695,3.69687
1238579,0.5983912
1035427,0.45371348
1343765,0.5111749
1219394,6.0085044
1187761,4.0111265
1379903,40.34237
1240497,20.122387
1062632,49.040455
1344563,23.569788
1382424,29.612219
1116860,6.136636
1191290,0.4322916
1267298,0.8246888
1262523,4.7054667
1188515,4.9883485
1297081,6.9007554
1445851,5.4066434
1336202,3.8212943
1073929,58.742046
1095602,7.832942
1216855,42.889538
1446422,15.260556
1112147,3.480494
1271019,21.594917
1268401,3.7165177
1182985,15.61936
1118545,10.004312
1149979,12.920702
1012150,7.068845
1078736,3.595248
1053398,10.292637
1003950,13.17378
1187736,7.12264
1217903,7.57372
1410839,5.6111345
1293698,8.429233
1241886,4.038269
1053917,9.526878
1413497,7.2420096
1217668,11.256925
1156461,13.766382
1365607,28.770554
1228132,1.8581448
1433974,2.3989842
1293394,0.89309204
1112266,0.5500387
1393604,1.3815858
1178053,7.683529
1448256,4.1303883
1449533,71.829185
1124374,26.401697
1079919,162.45595
1257138,39.374924
1381227,42.673363
1163746,9.041935
1125052,0.7254957
1374191,0.871395
1288278,1.1373894
1351640,4.165009
1118201,3.7713947
1456805,1.9230915
1210561,0.90625286
1297938,23.433714
1270839,1.9401824
1029419,7.581496
1160815,1.3630798
1426740,5.2063246
1086562,3.3103328
1102388,3.2089539
1358833,1.5131191
1000778,1.9919481
1082714,1.7227314
1031680,1.9937565
1441260,2.44237
1153952,1.1329818
1009436,2.4480603
1259697,9.027139
1182784,2.142933
1043242,5.118438
1283790,5.205636
1230350,17.342396
1075763,18.80911
1036044,48.02819
1136708,1.7249031
1039161,1.0338984
1060581,0.38906464
1304281,0.34457698
1063128,0.38519704
1430318,2.2109003
1265868,3.9124615
1108828,17.060581
1422221,9.419006
1170409,48.75985
1002731,23.574118
1182527,22.011423
1238496,3.2687404
1081618,1.1227942
1119775,3.1717503
1300535,2.3060112
1278457,3.9661598
1381726,1.1019804
1161827,16.166138
1448059,1.2056658
1317524,5.12191
1165105,1.1663921
1099564,1.982757
1268636,0.40137464
1301661,2.6142256
1425801,1.1642345
1467130,1.9614403
1170003,0.91340667
1233446,0.8732694
1125721,1.0705265
1282354,0.79112893
1394960,0.8932459
1321787,0.5150024
1120362,2.360576
1046713,4.961812
1069537,1.2965572
1230698,5.893803
1435056,2.34777
1297246,6.6843505
1164017,6.9308114
1438355,24.651424
1323122,1.1159801
1005249,1.034464
1231931,0.23671043
1173302,0.45449334
1109044,0.768897
1373205,4.3899736
1265716,1.6351337
1226033,23.396051
1140368,18.853401
1162079,61.106995
1259602,39.310677
1016746,35.824066
1351558,3.215608
1304084,0.25664702
1342082,0.3280931
1154400,2.7093546
1205736,3.4701653
1154389,5.1867533
1202147,3.3026245
1337082,1.3891386
1341182,41.837463
1094081,2.2987208
1052520,13.250384
1120012,6.5347686
1423505,0.75492746
1455611,7.535403
1314904,1.1952243
1208006,7.5853014
1318466,2.858033
1336392,2.5358844
1201992,1.530684
1182995,3.2439556
1369131,5.485325
1235999,3.7837863
1225477,2.7797527
1294598,2.469396
1294413,4.306643
1040187,5.127698
1118838,3.9691176
1197559,6.623904
1309851,4.5071344
1464291,11.779442
1418657,14.415443
1205608,28.40361
1006238,1.8677742
1421285,3.95445
1184697,0.8573586
1287514,0.30833572
1318274,0.7446059
1212225,10.324255
1163797,3.0196986
1060870,21.721668
1046671,14.797421
1419926,85.92265
1120359,41.799873
1290633,23.385765
1249812,11.291076
1203451,0.5897814
1139869,0.28149408
1298685,4.9170313
1101437,6.9669714
1434578,5.687224
1310438,4.081894
1293742,2.2736208
1367815,61.88083
1199423,2.4122882
1089124,27.846838
1138963,11.633959
1287924,0.9067543
1280186,13.76709
1138316,1.7541237
1287757,10.989125
1288200,4.9811144
1035176,4.1181717
1014134,5.4865017
1467501,4.3846793
1070166,7.9867644
1355928,5.076646
1448601,4.23521
1267985,2.7710652
1467474,3.6776803
1419725,14.30219
1456117,10.73271
1005399,10.317803
1038422,6.980883
1071587,25.313969
1405126,12.311038
1111166,43.6025
1452064,1.4497741
1047695,4.016404
1323298,0.6444996
1138427,0.49222952
1071601,0.55344903
1192739,6.739344
1139043,4.155645
1049851,41.35791
1036306,20.946262
1304764,50.67405
1430225,24.79754
1366539,31.841217
1285389,6.516649
1332034,0.46044356
1313419,0.8942062
1351915,5.04026
1150641,5.534062
1426751,7.730384
1280131,5.959543
1048068,4.248897
1162067,62.38225
1126099,8.817786
1300034,45.526833
1427393,16.255594
1209665,3.5943706
1216349,23.641918
1018805,4.0593596
1147794,16.139475
1018947,10.290814
1160106,13.25618
1100010,7.3115196
1008113,3.7264125
1136093,10.811247
1215456,13.527867
1285086,7.371375
1231917,7.7415037
1096975,6.065599
1419500,9.089179
1229030,4.2649465
1324093,10.122093
1045040,7.727661
1368805,11.876294
1004149,14.509793
1090211,34.204613
1453612,1.8460991
1430958,2.4292169
1208953,0.86802006
1065286,0.5661152
1043193,1.3707483
1410920,7.7412972
1209052,4.141184
1042576,70.90951
1305674,26.753454
1030527,157.8964
1081109,39.676147
1061794,43.054897
1332472,9.025772
1014332,0.75408256
1288162,0.87878114
1056792,1.1487625
1005168,4.190458
1115986,3.854941
1177568,1.9135325
1027069,0.92806226
1418850,22.366005
1381118,2.0041814
1253784,7.540075
1430512,1.4603981
1277100,4.9388933
1041164,3.1359453
1125903,3.0113573
1219102,1.4742737
1027234,1.8759272
1136513,1.5522522
1387194,1.7850921
1087382,2.1971374
1368375,1.01422
1338351,2.4338727
1007745,9.0338335
1193957,2.1493607
1145708,5.024064
1446297,5.263656
1105700,17.13411
1197630,18.855997
1320403,56.05311
1231853,1.6220245
1146765,0.930061
1323007,0.34635577
1084922,0.319923
1430369,0.34064215
1260798,2.0694816
1211981,3.3456123
1398800,13.940573
1078495,8.799364
1390865,44.122112
1125100,22.026564
1462789,20.192703
1112965,3.0176272
1147111,1.065629
1125036,3.1135077
1240227,2.312424
1144294,3.9074714
1416539,1.0885755
1465180,15.072162
1348693,1.230242
1076897,4.8536477
1233961,1.0307491
1178682,1.8601528
1280641,0.38397127
1073680,2.3080053
1031633,1.0354408
1066758,1.6878769
1382179,0.83039534
1159266,0.7598799
1070093,0.84523726
1395071,0.6376399
1445920,0.6815036
1466199,0.40486637
1289718,2.2618568
1457085,4.686807
1440118,1.3143309
1388978,5.4409623
1019219,2.2928412
1124798,6.3579664
1313460,6.610617
1147563,23.196259
1256513,1.1624472
1059507,1.0905898
1305216,0.2504403
1388249,0.4761036
1323315,0.78941077
1144493,4.6339374
1025930,1.6020606
1307858,21.436785
1294811,18.42042
1035420,57.79705
1065204,36.815193
1422765,34.370125
1453217,3.1105227
1416633,0.25475007
1385285,0.33273938
1056323,2.9643574
1359127,3.7470279
1184266,5.638767
1252215,3.517009
1279241,1.5920165
1465313,42.300682
1107192,2.5556192
1096233,13.330386
1463768,6.761958
1383890,0.82088315
1180461,7.6744475
1463161,1.2821265
1373007,7.1738586
1411759,2.838492
1438823,2.4771276
1415848,1.5506976
1406584,3.2361584
1065821,5.0417185
1363929,3.520307
1210597,2.5070212
1397223,2.287476
1145501,4.4745464
1200009,5.493755
1390613,4.2009196
1433874,6.8154764
1302211,4.870631
1362612,11.808712
1081733,14.531538
1463530,29.251999
1136523,2.198986
1002754,4.5210977
1031082,0.99512833
1362126,0.36440322
1361800,0.8791021
1420348,11.75231
1095968,3.1895652
1403688,22.863102
1332783,15.178675
1347442,89.89012
1415061,43.581
1050142,23.674461
1425194,11.927656
1373529,0.7009313
1325138,0.32664186
1234432,5.381114
1137701,7.539216
1366934,6.153071
1395895,4.523348
1174525,2.482952
1033728,67.05037
1008780,2.6057582
1306810,31.046833
1427321,12.740267
1276497,0.97782993
1333627,15.206286
1287280,1.9432968
1097069,12.200449
1083545,5.5446024
1142349,4.5113206
1169890,6.0610805
1088789,4.8720574
1300830,9.090075
1363357,5.823657
1156632,4.8697443
1233780,3.1762938
1155838,3.8249524
1110256,14.904242
1352693,11.298213
1194222,10.839658
1407120,7.3150306
1131335,27.377262
1013384,13.010061
1466595,41.980766
1179694,1.7568667
1221537,4.6720653
1161906,0.75660694
1184076,0.5896243
1012412,0.66445845
1090785,7.9435334
1023895,4.414373
1285786,44.69285
1018147,21.922766
1418285,53.93374
1174226,26.377666
1098267,33.044872
1424423,7.025528
1165081,0.55536693
1454671,1.0483423
1394328,5.759528
1022467,6.208865
1184725,8.729849
1037604,6.8193407
1434701,4.8191085
1232634,69.65666
1428650,9.909987
1145164,52.306244
1439946,18.259054
1101734,3.959645
1448244,26.93761
1069315,4.619933
1355579,18.238192
1144943,11.671778
1466273,15.099123
1284829,8.277731
1063305,4.2207475
1427899,12.584267
1167779,16.04547
1397946,8.754927
1303023,9.146208
1096208,6.5707755
1455549,9.868521
1447835,4.646552
1131648,11.008173
1331293,8.454214
1273052,13.209021
1444139,15.91734
1371051,34.946224
1270774,2.1029286
1337825,2.5418017
1063504,0.9644394
1281901,0.6374227
1247946,1.4862102
1183657,8.550868
1160758,4.477558
1099121,75.415405
1168217,26.619335
1314611,162.76086
1442286,41.062614
1150761,43.835213
1052102,9.440042
1276115,0.8233536
1429020,0.92013013
1257970,1.2284464
1092166,4.535742
1264275,4.169251
1156256,2.106337
1446407,1.0229428
1113395,23.477232
1252309,2.1407933
1171242,8.373152
1338892,1.5983522
1083043,5.2606673
1080205,3.3962593
1247388,3.1120942
1198121,1.5401113
1092246,2.0198789
1385523,1.6757863
1101601,1.9732965
1176066,2.514633
1017753,1.112533
1043394,2.5113323
1046595,9.105347
1339677,2.1606004
1304865,5.0038657
1028542,5.3350506
1259076,18.221668
1458112,19.687475
1146975,50.67896
1126129,1.5561411
1385953,0.8489193
1348153,0.3259622
1113853,0.31120294
1101254,0.3280186
1420457,1.9858072
1252826,3.0854201
1459333,13.234907
1197502,7.7555366
1311331,42.119774
1277967,20.385235
1300170,18.127155
1174504,2.732404
1381084,0.93705976
1335543,2.8442054
1243065,2.122518
1409052,3.600558
1244865,0.99067736
1084765,13.935697
1067363,1.1003448
1463569,4.5260916
1094703,0.9968098
1361582,1.7835573
1197782,0.377379
1137158,2.2914681
1232478,1.0013523
1301168,1.5652978
1445601,0.78910446
1087206,0.7120034
1237594,0.8394664
1085958,0.6348189
1255531,0.7067827
1330831,0.4026509
1002029,2.1154368
1047517,4.2489123
1151466,1.1975148
1061166,4.853221
1042304,2.001834
1381687,5.9354916
1429580,5.983757
1222944,18.502544
1227861,1.2068714
1043656,1.0333259
1443737,0.24289255
1275299,0.4907345
1249697,0.8154149
1428505,4.664706
1361513,1.6346157
1237544,21.257353
1051092,17.662899
1144056,55.19082
1050636,36.432404
1431080,31.768543
1393174,3.0422711
1061533,0.26396102
1114503,0.34225398
1393362,2.7678952
1416358,3.5769336
1022340,5.387211
1374727,3.4045136
1441478,1.5340616
1419118,38.320473
1016873,2.393046
1400332,13.024304
1086634,6.9579782
1107622,0.8255593
1327855,7.92975
1289721,1.3158088
1340663,7.4151525
1156620,2.9627848
1081281,2.527704
1352082,1.6344846
1435896,3.4022663
1270449,5.2957277
1296212,3.6770256
1131274,2.6944237
1078232,2.4775026
1026360,4.2703815
1423756,4.85967
1118663,3.9622726
1100353,6.2672377
1238164,4.5062475
1066260,11.124226
1005389,13.4887295
1372418,24.696499
1441364,2.270208
1094904,4.770346
1038972,1.0586125
1166948,0.38291895
1173693,0.92208374
1018605,12.542765
1054888,3.6040382
1236594,26.651285
1150825,17.104221
1320569,99.180954
1154986,48.23987
1133076,27.052912
1177219,12.783378
1149445,0.8141106
1067970,0.3751046
1053914,5.798724
1305943,8.077322
1446449,6.510226
1406703,4.748507
1078372,2.6119447
1318438,72.575096
1115071,2.768983
1020478,32.90049
1046508,13.774927
1174644,1.0460949
1201852,16.179842
1448829,2.064671
1358526,12.716398
1116748,5.825516
1258698,4.845859
1458030,6.3299227
1467849,5.1299925
1241712,9.238085
1190042,6.014884
1110572,5.0082464
1262422,3.245948
1339388,4.1279154
1033481,15.839297
1186324,11.903692
1306441,11.42954
1101443,7.8291435
1349572,29.270044
1408776,14.242923
1164112,62.959236
1378346,1.8160315
1247140,5.0600433
1304650,0.8371288
1158335,0.62461746
1092507,0.7052109
1179053,8.412978
1139159,4.9506936
1225912,50.653244
1363027,24.161222
1036347,58.491035
1289152,29.023548
1194092,37.084953
1079684,7.505657
1078187,0.63517
1148012,1.1632857
1366361,6.0661087
1425325,6.519863
1220346,8.896608
1421337,7.002333
1000417,4.951698
1166459,74.25328
1039606,10.338008
1456684,54.486767
1120522,19.513382
1187543,4.204575
1420936,28.43745
1115441,4.9072795
1218704,19.195858
1017028,12.2367935
1261105,16.079008
1135033,8.708948
1023154,4.4584856
1248022,12.869232
1003113,16.539474
1302013,9.050062
1096319,9.524065
1376666,6.8630013
1014322,10.112408
1172949,4.7890177
1231759,11.197789
1306640,8.754428
1217013,14.066048
1161780,17.084639
1271989,51.188824
1176246,2.4852376
1463546,3.0614285
1018751,1.203078
1107848,0.7706504
1026690,1.7775316
1104059,10.451718
1298300,5.4638615
1456864,92.51883
1159159,31.805927
1237495,195.52943
1393399,48.832134
1429542,53.412758
1305888,10.730543
1444211,1.1222538
1374520,1.2137806
1128570,1.4915522
1116129,5.259923
1229956,4.8074465
1358571,2.389284
1201295,1.1671817
1161668,28.389917
1265273,2.441609
1161163,9.490625
1175700,1.9542032
1331043,5.8360553
1143729,3.7061985
1006842,3.6049545
1151579,1.7906784
1358841,2.3051178
1434008,1.8782339
1333224,2.2902913
1323258,2.7619274
1373990,1.2716639
1140459,2.807013
1297504,10.314688
1184271,2.5159266
1184200,5.7863417
1245054,6.0253725
1393676,21.94786
1251376,23.119528
1467778,76.10283
1241271,2.0066562
1033754,1.1494915
1140578,0.43804494
1049073,0.41059223
1163083,0.4449776
1329298,2.6693394
1101828,3.832807
1021163,17.136003
1205465,9.563335
1376483,48.89572
1292653,24.367897
1070720,22.801224
1173737,3.303285
1175536,1.2387364
1370160,3.649453
1186341,2.6712081
1224107,4.3856616
1192570,1.2425293
1443897,17.947031
1346270,1.3833888
1126593,5.9129114
1333199,1.2704089
1026034,2.278462
1224863,0.47082585
1343121,2.645257
1242639,1.1960355
1292672,1.9465961
1020287,0.95792615
1397402,0.8958391
1157726,1.0153224
1004842,0.7720923
1062007,0.814311
1402809,0.50433856
1085508,2.5799916
1136784,5.03045
1254030,1.4064586
1405628,5.913042
1358671,2.4510531
1319868,7.491784
1447004,7.5908546
1164321,35.645233
1198609,1.505599
1082603,1.3990839
1033036,0.3175786
1350594,0.5994379
1265795,1.0245243
1150518,5.874256
1446884,2.0286107
1176942,27.917034
1181871,21.477549
1009922,65.46664
1392593,42.069893
1453196,39.524696
1197229,3.8132603
1207285,0.32920414
1204907,0.4364453
1101871,3.595057
1450237,4.4613104
1262242,6.4888597
1082080,4.1479483
1089402,1.8637257
1077122,49.788307
1326634,3.0083282
1295514,16.968405
1369237,8.326912
1275913,1.0407686
1379357,9.654132
1225817,1.6524416
1275647,8.186694
1424331,3.4225826
1245708,2.9784353
1059825,1.8946867
1372256,3.8638892
1345242,6.027089
1076139,4.287791
1279293,3.0937743
1415819,2.844756
1131646,4.969163
1300749,5.7804213
1285087,4.4712086
1398304,7.3538027
1275034,5.2741995
1088022,13.455226
1081070,16.256672
1010764,41.35572
1137831,2.8174977
1123572,5.751966
1052677,1.3407853
1244642,0.46604592
1413354,1.167943
1412641,15.3736315
1434219,3.7892792
1133394,30.743073
1245118,17.61845
1090651,103.0115
1187283,49.678856
1265163,27.909307
1336151,13.158514
1196812,0.9839288
1383902,0.44083792
1419672,6.67292
1306339,9.3436
1068630,7.4414277
1065194,5.5460052
1166435,2.9811978
1082846,87.573044
1283733,3.247216
1111752,36.591545
1101258,15.273114
1323133,1.1892844
1142589,17.597616
1245131,2.2894893
1292611,14.346883
1346081,6.399829
1098622,5.4054885
1101809,6.9902105
1093886,5.77838
1272348,10.454109
1118825,6.9071703
1351034,5.686042
1293658,3.7563272
1196202,4.5873437
1133513,17.949715
1440904,13.079153
1001264,12.94906
1065866,8.629842
1128999,33.299377
1261865,16.055412
1463189,38.95842
1352093,2.517292
1098648,6.854721
1089218,1.1830207
1394319,0.8661873
1120196,1.0268773
1019612,11.357313
1413816,5.5617723
1212807,62.925274
1451158,27.298264
1215970,66.320885
1317205,32.337563
1209342,41.87211
1058341,8.4442425
1116261,0.8885792
1279652,1.6148937
1415295,7.580466
1386535,8.142984
1449610,11.29352
1408331,8.958738
1168606,6.1682878
1368933,95.62223
1028472,13.255679
1185461,65.0803
1401376,23.253849
1127904,5.1540084
1101791,33.090485
1192178,5.9177947
1164939,22.995844
1170265,14.531502
1342949,19.104465
1324250,10.238938
1231479,5.3377457
1460083,15.459651
1356383,20.380999
1035276,10.935595
1285378,11.710946
1426906,8.41509
1095926,12.537138
1069811,5.7273192
1241090,13.917766
1264091,10.536985
1091797,17.10165
1423317,20.75282
1259321,33.975567
1230024,1.5712306
1155342,1.9325993
1210692,0.75389117
1251194,0.47046557
1367922,1.2127466
1196273,6.531516
1311157,3.1655788
1122636,59.464684
1077430,17.890532
1173394,111.16001
1193785,26.892324
1394353,29.784552
1148233,5.9635153
1207100,0.6567489
1350206,0.7387043
1176698,0.8427847
1390179,3.140694
1255061,2.8791068
1134031,1.4480213
1294877,0.6862632
1012262,17.704632
1069727,1.4821723
1100042,5.420233
1178386,1.0974414
1112572,3.452479
1170084,2.1270177
1078035,2.1437328
1067857,1.0392799
1417276,1.3609504
1444005,1.126661
1288682,1.3928696
1133428,1.5872071
1431854,0.788034
1131805,1.7014517
1126662,5.9626627
1428345,1.4340328
1119781,3.329391
1324762,3.5226192
1294420,12.158014
1095997,13.311752
1072875,23.395823
1404264,3.832555
1180181,2.2700555
1249189,0.85115355
1433926,0.76696765
1358987,0.8670314
1314889,5.2246895
1233769,7.801225
1372509,37.41999
1235068,18.485031
1320148,97.00697
1112601,47.484917
1178160,43.689262
1380237,5.9595327
1258960,2.3822355
1021520,6.735396
1293610,4.97747
1104244,8.590657
1062493,2.3648832
1117248,34.80685
1116902,2.7309463
1419885,11.099039
1251498,2.699917
1289794,4.3521605
1311109,1.0328333
1191833,5.2046437
1084115,2.1624587
1363829,3.8092055
1230530,1.8496891
1221207,1.6260042
1198144,1.9673601
1108041,1.5135641
1099372,1.5703362
1150856,0.96529067
1367954,4.1251764
1252957,9.402081
1462206,2.4403553
1145804,10.920804
1406801,4.2444186
1452715,15.0640545
1244931,14.799452
1099637,39.343876
1410903,2.4325824
1049184,2.1964755
1377583,0.53411263
1213744,0.9900543
1234543,1.6705539
1400113,9.556547
1096779,2.907069
1399918,45.836246
1065094,30.268795
1320035,99.53509
1296546,64.931015
1136451,60.05953
1141698,5.3267446
1055209,0.5401379
1161953,0.6922561
1081429,5.5301933
1075173,7.0613265
1241713,10.139623
1072022,6.620314
1222957,2.7756276
1082427,86.64928
1048958,4.7207956
1003365,23.958023
1259769,12.251184
1105537,1.5056256
1171299,13.385592
1104129,2.567091
1023625,12.644026
1380827,4.9534583
1089718,4.47281
1458271,2.8072615
1463933,5.6282544
1139222,9.343993
1289877,7.182288
1164578,4.8886437
1144586,4.489013
1310901,6.8038025
1386015,8.561373
1196528,6.32129
1159074,10.979756
1399468,7.056222
1262865,21.328642
1027591,25.24726
1146935,38.488167
1064213,2.9896214
1115509,6.081099
1251192,1.3778988
1251392,0.49647647
1076477,1.1848735
1387545,16.261086
1174778,4.1688843
1328950,32.040035
1303857,18.40016
1176029,110.68783
1393882,53.493507
1048516,30.097946
1134379,14.141394
1019056,1.1322103
1460976,0.4870437
1135570,6.810674
1348790,9.516128
1196848,7.591096
1139630,5.6015086
1275265,3.0278158
1358677,87.056015
1208822,3.2186306
1450996,38.1914
1397320,15.765108
1196429,1.2266731
1305318,18.101854
1445026,2.385552
1071193,14.345261
1301240,6.5553474
1100954,5.5045724
1179462,7.1903877
1036796,5.830965
1354129,10.608965
1236085,7.027021
1203184,5.807369
1098856,3.7560754
1407696,4.577155
1361458,17.907345
1043792,13.234639
1404517,12.918177
1271767,8.644548
1332986,32.91401
1033088,16.14995
1129293,46.775803
1065423,2.711841
1360751,7.4610376
1237855,1.2900374
1254373,0.9647349
1364929,1.0746434
1233390,12.451422
1158401,6.4255996
1456359,70.32394
1314246,30.302475
1008366,75.83925
1249596,37.175823
1256154,47.82652
1242839,9.318469
1235252,1.0625955
1462097,1.8029865
1143783,8.067549
1260056,8.557257
1349929,11.81991
1238488,9.412559
1301714,6.5594406
1061700,99.86256
1420847,13.947836
1150807,71.56044
1201365,24.942112
1388219,5.5092745
1269374,36.10706
1361359,6.4478135
1360717,23.66206
1028678,15.296216
1424165,20.111166
1102220,10.8319645
1346441,5.5455103
1226234,16.365765
1331820,21.6216
1415587,11.862818
1310755,12.285702
1449240,8.745371
1318989,12.852434
1461316,5.956136
1346292,14.364471
1027159,11.062055
1045391,17.602297
1327979,21.617622
1081987,43.96175
1233789,1.4879816
1201565,1.8423828
1132819,0.7440627
1036930,0.47666907
1237521,1.1344569
1031219,6.16188
1312852,3.010226
1004339,50.818207
1135050,15.928225
1223971,95.76457
1277747,24.127176
1064418,26.50114
1087520,5.426142
1204814,0.71344644
1455701,0.75149906
1033585,0.7387968
1278548,2.6681283
1273308,2.4536278
1386177,1.2178112
1438997,0.5969369
1154391,14.444632
1351367,1.239041
1293990,4.7160506
1137239,1.0292215
1406035,3.0197196
1073427,1.8571457
1131961,1.9063072
1260786,0.94042
1249956,1.1730406
1465625,0.9796712
1449225,1.2544949
1126694,1.4121484
1091050,0.6870159
1134532,1.4210047
1268698,5.078899
1446295,1.2646779
1229178,2.8463945
1434918,2.9943902
1225294,10.375571
1279207,11.526018
1260987,21.399206
1349839,4.506381
1053385,2.745706
1425611,1.0348475
1015637,0.9355324
1163041,0.98823375
1108079,6.0608177
1114182,9.147934
1361377,41.315544
1047187,21.665165
1059180,107.491844
1282478,54.34478
1313911,49.447216
1191639,7.1657953
1160322,2.7952914
1143147,7.807142
1372859,5.6281004
1058618,9.730603
1094452,2.7407804
1423074,38.06814
1391773,3.094782
1344632,13.19269
1024238,3.1647162
1294665,5.022959
1340518,1.2775708
1261740,5.9513383
1459461,2.443482
1311807,4.4660816
1380651,2.197784
1288466,1.8437407
1216849,2.2132926
1379508,1.7296507
1421373,1.7506872
1262926,1.0840266
1061898,4.332246
1144932,10.251475
1017199,2.7156112
1340167,11.961878
1341894,4.4952326
1109937,17.345936
1009617,17.209072
1117180,42.580208
1197406,2.8979976
1465908,2.5568404
1190514,0.64405197
1229211,1.2111862
1320048,1.9011405
1153251,10.918015
1082054,3.4257426
1119448,47.933052
1421718,33.002052
1209526,105.57993
1112390,69.739586
1124784,63.579216
1242752,6.377758
1190974,0.6985636
1276285,0.86302936
1307120,6.2622404
1463920,7.851283
1040111,10.830724
1187781,7.4290743
1022918,3.1598067
1321253,87.89266
1439847,5.131419
1317840,27.920536
1469193,14.132642
1273956,1.7727295
1134720,15.639391
1157148,3.0096295
1096028,13.759142
1390496,5.5817437
1013296,4.9945235
1213132,3.2260609
1165315,6.1967115
1209852,10.336634
1255158,8.125476
1189140,5.5238576
1443461,5.1021295
1259829,7.2120934
1189172,8.903832
1145864,6.5757523
1086820,11.401649
1222268,7.549707
1169378,21.875658
1389420,26.985703
1368817,42.36403
1454262,2.5526958
1133047,5.1152844
1264573,1.223795
1091152,0.4234085
1092488,1.0401525
1464619,13.576648
1002006,3.2444348
1247861,23.46392
1372857,15.470032
1314394,90.210785
1265028,44.00998
1383042,24.361795
1115048,12.150999
1368068,0.9797777
1381217,0.41917592
1266885,5.483438
1363945,7.9973335
1281228,6.455493
1146495,4.6824427
1006803,2.435948
1211798,72.95719
1055199,2.647294
1235034,33.328125
1447675,14.166331
1250346,1.2270498
1128671,16.04347
1111360,2.1574225
1369891,25.765284
1204305,12.138105
1185465,10.115984
1150605,12.3048115
1095467,9.78977
1190806,34.445137
1196255,24.443933
1292759,19.885834
1267667,12.452833
1226617,3.9774086
1340134,14.971678
1020563,11.488206
1453471,10.905937
1299154,7.3603377
1032477,27.726934
1112962,13.776976
1071708,53.73988
1228879,2.1441903
1078844,5.7361326
1102971,1.0525248
1046139,0.7500483
1032526,0.85802746
1217180,9.562264
1065102,4.659644
1275394,46.048134
1369337,22.3797
1269212,54.806713
1115961,27.288052
1364074,33.779213
1286821,7.220201
1146817,0.84690857
1051185,1.3965155
1227105,5.905808
1307380,6.5600586
1177053,8.937972
1385861,7.0062423
1402606,4.810453
1118569,76.20291
1070520,10.12641
1276887,56.95982
1312930,20.678057
1119271,5.0941434
1032716,29.13262
1329490,5.30001
1199798,40.136707
1048182,24.773014
1244786,32.051353
1428999,17.744566
1416836,9.199648
1069553,48.89344
1325268,66.28783
1355389,36.350136
1157237,36.927895
1260615,6.847594
1377419,9.910765
1189430,4.783084
1233129,11.088047
1168734,8.570236
1446574,13.687108
1272667,16.75142
1409409,47.429787
1138671,3.3428254
1102379,4.1265497
1244007,1.7891943
1230638,1.0803175
1469015,2.5862334
1211394,14.643305
1092176,5.6500416
1321498,96.8691
1313083,34.485535
1034641,215.46603
1001105,53.630238
1425631,56.58565
1365001,12.191652
1148169,1.6991303
1119918,1.7088646
1031045,1.5601496
1081544,6.001658
1050619,5.493224
1256947,2.7655675
1357079,1.2580143
1345804,34.073536
1023650,2.7285266
1382774,11.241053
1216110,2.4436345
1148835,13.084753
1061079,7.6741242
1182967,7.7562838
1293615,4.0671206
1076365,4.694922
1099583,8.244969
1328871,10.871176
1458084,11.797241
1289713,5.6985745
1393175,2.9997056
1068160,10.766641
1168547,2.6938977
1228511,6.118907
1257740,6.172705
1409428,23.874847
1371262,26.517452
1375017,75.55935
1317397,4.959317
1372059,3.0051553
1159886,1.2611058
1067708,1.0555649
1361313,1.1810954
1384040,7.3202934
1211711,8.47201
1319966,39.002647
1392621,22.792854
1177263,119.86836
1167812,58.749397
1209895,51.919495
1283189,7.5343337
1118818,2.9898002
1158079,8.813345
1128452,6.268792
1245304,10.954685
1194234,2.9410315
1338445,45.153027
1045306,3.4531472
1121149,16.397867
1162737,3.9284852
1418135,6.2916565
1004036,1.5224574
1297356,13.727603
1453031,5.262708
1287031,9.419581
1222600,4.800493
1141990,3.7406535
1102479,9.407144
1294692,7.705835
1345894,7.8510695
1320554,4.4910345
1446152,4.896093
1410059,11.426748
1082809,3.0054944
1358724,13.311981
1382917,5.1540956
1193842,18.853825
1363150,19.66849
1305729,67.422615
1263905,2.757707
1309659,2.594122
1379716,0.6538911
1114584,1.1575763
1328980,1.9078903
1245434,11.307966
1004396,3.1614642
1176638,42.150047
1321109,33.5071
1392478,108.18547
1142379,71.91568
1278987,63.861683
1037836,6.6439886
1226792,0.6716157
1268337,0.79132974
1122131,5.403677
1229696,7.870225
1349756,11.039854
1451212,7.269538
1442629,2.807828
1266774,91.93573
1045608,4.970418
1315680,32.13218
1408835,16.7829
1061669,1.939584
1065532,16.750391
1232306,3.158563
1221888,31.466059
1044485,11.638117
1025315,10.323785
1105380,6.662398
1372997,12.28684
1232948,36.277355
1199537,31.746698
1298930,20.44231
1011383,16.955963
1378946,7.345149
1406632,8.947832
1450092,6.8509307
1320056,11.439435
1099358,7.3737884
1151787,23.987537
1087804,29.834936
1073517,52.662743
1218964,2.5205548
1242786,5.0225463
1198637,1.2239647
1255997,0.4245661
1316158,1.0210917
1043073,12.967524
1044529,3.2528446
1395432,23.248629
1406289,15.307434
1009017,88.18701
1256967,42.70118
1419281,23.787304
1113362,12.031862
1408441,0.9649008
1092111,0.41307813
1109236,5.493302
1392528,7.7785387
1310889,6.365312
1312907,4.648982
1373642,2.408116
1052612,70.62067
1150131,2.6163793
1453645,31.636517
1190186,14.026431
1136769,1.1957988
1213565,15.366171
1154992,2.1299388
1020518,25.36527
1133958,12.538363
1200245,10.285634
1160354,12.341357
1307358,9.669807
1267981,34.54373
1238032,24.267498
1297609,20.653957
1464220,12.475332
1317540,3.8043506
1350774,14.303121
1093302,11.142946
1124827,10.535214
1012303,7.0286226
1093039,27.160248
1381631,13.41465
1237510,53.14284
1025025,2.1560855
1056754,5.7504263
1182690,1.084203
1369130,0.76140857
1466085,0.8524728
1414729,9.259816
1020013,4.75752
1349082,46.620476
1347184,22.34041
1264070,54.231354
1311725,26.725946
1088957,33.51447
1264232,7.321335
1181971,0.84996146
1361238,1.3645363
1255671,5.980982
1210366,6.453082
1271006,8.790152
1458388,6.9954042
1282844,4.7899847
1128776,74.04751
1306990,9.984467
1352139,53.552135
1194319,20.430668
1210137,5.0527334
1434931,27.623302
1429143,5.314174
1447271,40.323997
1084147,26.046234
1267332,33.048237
1316537,18.149218
1328732,9.239615
1429149,50.436844
1266780,68.58867
1216169,39.25934
1372827,38.48227
1154393,6.538705
1456930,9.538444
1158410,4.7021036
1174297,10.798844
1206701,8.187263
1072486,13.514691
1234528,16.376598
1459169,48.534035
1314307,3.4924896
1019845,4.25974
1015922,1.8902527
1218048,1.1244669
1081278,2.7098472
1405360,14.726303
1095217,5.7873306
1089684,100.977936
1274062,35.615337
1222518,222.30164
1341395,54.544853
1194864,58.80374
1248515,12.551493
1229378,1.7206275
1183754,1.7305248
1255544,1.6284401
1037745,6.0636854
1139321,5.6781063
1066684,2.8615708
1325732,1.2838832
1386916,35.52981
1390528,2.805447
1371515,11.314065
1042448,2.4908805
1080409,13.737126
1031579,8.390372
1227158,8.501775
1010650,4.270549
1436533,5.0274224
1276185,9.070448
1107599,11.741774
1221921,13.074011
1064132,6.2540565
1454884,3.0903614
1349155,10.962849
1115998,2.9123778
1016802,6.4656496
1048335,6.4373665
1061468,24.8867
1454576,27.076975
1152177,67.39412
1215053,5.1945734
1342713,3.2061296
1188295,1.3512194
1129828,1.101714
1453934,1.2514766
1234121,7.598063
1210030,8.97338
1293055,41.77082
1468244,23.62843
1276978,123.1335
1197089,60.189137
1257899,54.860695
1402005,7.935378
1318320,3.181417
1025108,9.114719
1172672,6.575236
1127621,11.379449
1351792,3.0807674
1226049,47.16089
1094079,3.6320462
1083631,16.490627
1149296,4.082569
1258116,6.335795
1101995,1.5764431
1130489,14.6139965
1130373,5.8463945
1245694,10.151213
1021869,5.0631866
1438387,4.0373983
1296318,10.400244
1201354,8.226859
1187850,8.58172
1092124,4.844844
1050255,5.163789
1169480,11.727571
1143469,3.2212777
1359413,13.93436
1045121,5.439894
1297578,19.775675
1184694,20.0349
1220385,68.82967
1227354,2.941336
1250605,2.722919
1172358,0.7023238
1152210,1.1970019
1441141,1.9776119
1346008,11.478333
1208576,3.0382175
1206390,42.707752
1156485,33.797577
1139318,110.05239
1403453,70.059
1219156,63.31234
1314172,6.7197967
1142110,0.74546295
1206172,0.8500439
1033790,5.780395
1089558,8.056026
1164237,11.68827
1120899,7.6143236
1376080,2.866883
1451242,95.575714
1006150,5.1426663
1100172,32.313618
1427432,16.449858
1087401,1.9082121
1141681,16.317478
1108560,3.163443
1252820,33.071194
1262132,12.463049
1389572,11.008154
1095553,6.854286
1347666,13.09915
1406195,40.07781
1081340,33.24662
1246735,22.91328
1026276,18.579731
1081332,7.4436646
1078655,9.333971
1081394,7.3102303
1304726,12.159099
1050948,7.6847963
1135792,25.357252
1025088,28.993023
1346229,52.519142
1398924,2.6300755
1134519,5.3882732
1194533,1.2590292
1039306,0.44650778
1256181,1.0749793
1434202,14.330635
1028775,2.9732432
1239118,23.012346
1098662,15.548447
1227283,91.44279
1201079,43.967663
1115695,24.706957
1015228,12.027702
1278998,1.0463905
1179869,0.44058004
1179395,6.031714
1140476,8.4547825
1136337,6.9174933
1255998,5.042842
1178872,2.710477
1106663,76.86295
1155958,2.902081
1242228,33.4949
1418781,13.505758
1418790,1.059604
1216315,15.633639
1069166,2.0696666
1343307,12.237329
1070029,5.611185
1187576,4.6741743
1245296,6.066108
1448284,4.9697237
1064424,9.098276
1059931,5.923297
1145839,4.906656
1110597,3.1967955
1052232,4.028164
1114164,15.65856
1327665,11.581509
1437975,11.449686
1339789,7.6525583
1396658,28.630466
1366061,13.938222
1175164,45.187244
1131079,2.2494948
1010942,6.2161794
1023973,1.109203
1144840,0.810839
1325367,0.90628225
1286699,10.2121525
1133121,4.1708527
1329694,44.859615
1289399,22.325357
1323292,55.661156
1179665,26.864986
1330618,34.417145
1304098,7.162266
1202220,0.9093205
1406643,1.497042
1037875,6.54841
1227905,7.034581
1172985,9.87765
1131846,7.757463
1289408,5.39849
1014533,81.53772
1408686,11.336996
1103707,57.37036
1302881,19.706614
1233975,4.376895
1134999,28.598316
1128953,5.1412005
1209117,18.859652
1031936,12.125456
1251390,15.874753
1116268,8.480115
1169539,4.4093876
1421406,12.961815
1168944,16.96372
1003319,9.189654
1394355,9.721936
1203017,6.953439
1326139,10.382715
1180612,4.8100595
1016933,11.642099
1163465,8.898323
1294033,14.202894
1087200,17.076746
1331218,37.178177
1363061,3.0735428
1223443,4.0027943
1245149,1.5940925
1082699,1.0081856
1051727,2.4442527
1210847,13.909808
1146958,5.6174846
1252478,100.01489
1092954,35.349712
1349580,222.30656
1313377,54.439587
1059140,58.93212
1216432,12.295257
1370179,1.5295445
1018563,1.5311863
1010282,1.7161653
1368085,6.150032
1151886,5.800491
1111760,2.930636
1139631,1.344816
1053924,35.228447
1303569,2.8932874
1442943,10.582794
1039330,2.3517215
1166648,6.796305
1134496,4.221891
1456795,4.2029824
1075747,2.0809622
1273250,2.6344314
1218845,2.3137383
1427108,2.8840008
1464819,3.324232
1291294,1.5884725
1425473,2.9632277
1418953,11.019686
1277268,2.758225
1444234,6.4570646
1393736,6.3945513
1132355,24.326908
1344714,26.794827
1348969,68.67042
1307485,4.9464903
1381954,3.1708508
1177438,1.2477823
1292150,1.0787222
1304064,1.1733996
1261419,7.483855
1320559,9.142888
1150966,43.53165
1363574,24.819164
1445350,129.0715
1095575,63.23131
1201038,57.231728
1189194,8.007949
1173185,3.4233215
1220315,9.483149
1442037,6.8388314
1402226,12.015195
1358095,3.369944
1447117,47.594395
1202065,3.864928
1255435,16.1104
1029316,3.7923882
1335612,6.0000625
1236774,1.5203034
1325206,6.8979616
1202253,2.8440206
1001338,5.1852007
1324379,2.5472424
1056253,2.0895393
1453538,2.718096
1127842,2.0016341
1393761,2.161593
1148332,1.2818863
1157268,5.0812407
1336916,12.234073
1339876,3.160796
1215376,14.061142
1055089,5.4854803
1462209,19.96581
1404990,20.144693
1326690,62.40028
1209195,2.7050219
1370098,2.4999554
1028008,0.6405548
1027747,1.1943501
1001688,1.8950056
1080309,11.014842
1285575,2.803812
1251492,39.373936
1065466,31.351532
1256449,100.55654
1021601,64.22348
1308566,57.78299
1264269,5.8066463
1236421,0.6878871
1243335,0.8153807
1065101,5.7331786
1309527,7.5734377
1403785,10.78359
1109979,7.1774993
1110919,3.0023682
1061961,83.90953
1063142,4.9418206
1164090,26.695932
1466276,13.1308775
1421514,1.5498705
1247480,14.263611
1045530,2.7462165
1149742,12.41684
1433666,5.153875
1378194,4.617588
1258974,2.9502327
1301632,5.713731
1312262,9.851181
1302565,7.371377
1094331,5.1731215
1106938,4.6163898
1321568,7.0304947
1079281,9.04232
1379650,6.4094496
1300342,11.523233
1356236,7.4555054
1049037,21.560074
1224867,25.71906
1286339,48.49223
