id,sales
1024313,3.4991622
1365084,5.334981
1356196,1.5125221
1354773,1.0560014
1374857,1.1058863
1350162,13.315048
1018163,2.8041892
1006965,32.754093
1395924,23.384396
1103510,110.52925
1378829,31.228174
1135797,25.814352
1027030,9.1533
1191192,2.562767
1176337,1.3135052
1040754,7.752509
1372676,14.281351
1452907,9.122505
1258621,7.2364845
1294972,3.340796
1186725,83.30745
1360323,6.610143
1261651,26.489899
1211203,10.80431
1374299,2.8854527
1064115,17.24331
1160039,3.4066415
1048786,21.008587
1328075,6.4326096
1395768,8.202223
1268182,6.8925614
1299499,4.3784018
1452894,9.490756
1431998,10.129118
1259569,11.654408
1296974,4.2595077
1170750,5.9095354
1413793,16.135113
1251253,6.6705446
1328857,11.564192
1436310,7.4394674
1230034,27.350636
1378116,25.135656
1163081,89.40635
1359392,1.0253468
1371413,1.5344751
1175121,2.0710816
1147107,0.600692
1071349,0.726972
1271289,0.97227156
1090432,7.5830994
1405090,2.7458262
1266216,25.566269
1059922,29.926327
1354539,77.64712
1415871,24.43108
1424932,28.903904
1163096,5.2028136
1304963,0.33688587
1009144,0.3178747
1003942,0.84834975
1194255,1.9101442
1008677,2.1375015
1201186,2.0808642
1439706,0.6295239
1275014,17.920652
1252697,0.8708372
1034193,2.6770425
1410789,0.6831593
1210195,4.5533524
1126872,1.3910089
1124127,2.168161
1072487,1.8322833
1279538,1.1419969
1152728,1.5826001
1378616,1.0709411
1411233,1.7938573
1158033,1.3811269
1249972,1.788377
1140391,2.5932658
1242170,1.438894
1193035,3.7833488
1082708,2.5990767
1165732,13.774073
1244474,11.5629425
1075847,35.40635
1206623,0.36726698
1252531,2.079894
1326960,4.427617
1022965,0.8375238
1371971,1.0743277
1460802,0.8240814
1231568,10.407262
1223995,3.082571
1078397,22.481113
1448716,21.83398
1312831,66.080185
1452649,51.678246
1394339,44.332817
1462270,9.700137
1272857,4.683078
1134294,3.111697
1127019,5.3698754
1440442,4.2451434
1054122,1.974816
1380867,61.74585
1126922,3.600989
1128734,14.742688
1126255,2.7919424
1280202,7.3594346
1333983,1.463175
1144695,7.1169777
1430600,2.5139606
1025148,4.8203173
1090565,1.9789616
1204361,2.4532201
1038424,1.4080168
1457363,1.2435892
1229249,0.86299086
1313804,0.44886142
1270507,1.4333172
1439829,9.011133
1349737,2.789777
1408786,5.85544
1370838,3.8474553
1185650,22.756462
1154560,18.97631
1022789,64.19426
1444947,2.3803797
1076007,3.5440211
1240895,1.4968837
1019600,1.5222055
1035668,1.9175678
1243602,24.812141
1407450,5.030862
1020923,83.41101
1343318,28.062326
1071962,84.16292
1097833,36.119373
1276568,70.93794
1333708,10.552695
1249175,1.56692
1218267,0.98828614
1335640,5.937044
1255461,9.774496
1266769,11.411991
1029904,5.8586884
1403992,5.03568
1305882,72.1949
1122424,4.51818
1065996,36.139614
1296570,11.893969
1285669,2.7918549
1328060,21.617718
1092547,4.823165
1005409,20.60997
1456430,10.730906
1046940,10.790324
1137921,6.938548
1452597,6.360195
1208407,12.245067
1054185,8.517656
1426102,11.923176
1111978,5.541265
1043390,7.2048864
1302199,20.412066
1357680,8.69913
1274011,23.153616
1107495,9.033316
1068215,29.603674
1367599,22.723387
1277840,80.52815
1286951,0.8934867
1324202,1.9974997
1239961,5.271672
1118586,0.9728676
1181039,0.70937073
1095882,1.2823322
1058811,13.730548
1385735,3.3729134
1241580,36.059364
1254519,21.503872
1173821,109.81665
1070310,46.645927
1308016,40.692493
1337920,8.9349575
1414532,1.2187476
1062129,0.8844873
1415898,5.759698
1371898,6.220139
1317661,16.407999
1339537,7.347973
1245117,3.2037117
1364606,63.808064
1276466,8.214858
1386141,41.411293
1219985,20.948599
1066765,3.6032767
1002402,22.39717
1372276,5.0387297
1395323,35.453224
1302005,7.748155
1194154,29.186905
1004031,7.5942717
1287930,5.4391975
1411678,12.58391
1442408,20.58981
1185938,10.071297
1231998,6.463308
1355554,3.4311562
1379259,14.786571
1169053,4.6225023
1140972,15.330397
1403888,8.186901
1321511,19.056631
1322479,11.40225
1080498,68.12086
1026357,0.7879055
1131817,4.101018
1305832,5.955433
1008621,1.8576319
1410243,1.2396402
1115438,1.2677401
1228821,14.882734
1390015,2.796737
1228461,34.246323
1175786,24.260052
1340126,113.48334
1021586,31.501657
1309119,26.003891
1042458,23.240536
1299129,3.118569
1155064,1.5577036
1345247,8.422795
1426575,15.202456
1072485,9.63878
1233056,7.6861243
1165592,3.5388768
1031578,93.23075
1038701,7.075227
1001829,27.712238
1332606,11.233023
1025415,2.851104
1240651,17.999714
1009236,3.4916673
1262009,25.494461
1386459,7.5455475
1009001,9.666196
1093405,8.463339
1396304,5.2116327
1112025,17.92703
1304053,18.70915
1343894,18.963505
1245986,7.349108
1348836,6.606221
1057233,17.385454
1102765,7.364644
1110472,12.404643
1042137,7.9567924
1459672,28.528881
1192821,26.33608
1274123,90.42067
1144156,1.8420956
1202980,4.5875826
1239775,5.7913284
1210147,2.0451837
1194272,2.401152
1228046,2.947652
1414777,22.131392
1441116,7.0888443
1314798,66.22808
1367698,74.00351
1401294,193.73311
1342381,61.156403
1374716,69.54045
1423660,30.320175
1460506,1.1772425
1309185,1.0311849
1315192,2.1869092
1244337,5.2103653
1439366,5.1123476
1082693,5.212798
1174222,1.6169943
1086265,46.451225
1185485,2.2365885
1447715,6.1023874
1089677,1.6417
1077306,12.632612
1187585,3.7204518
1243833,5.6845636
1036305,4.932641
1412876,2.9964385
1008319,7.3971863
1378843,4.901778
1291890,7.9373984
1259141,5.8947005
1307304,4.6242723
1457940,6.528054
1115701,3.6186626
1456985,9.209724
1406359,5.949307
1412581,34.071716
1245916,28.88527
1007635,91.005066
1309962,2.543531
1461178,3.1783605
1413060,6.650576
1199375,1.5525955
1320181,1.6899064
1103004,1.3631828
1243298,16.659557
1311163,4.50708
1079312,30.96197
1216854,29.15238
1304348,87.806496
1195285,67.72139
1465837,55.995354
1046217,30.389164
1147968,6.9088035
1140157,4.750329
1322668,7.5714545
1018096,6.2081285
1125080,2.8648827
1113970,99.73268
1174811,5.223195
1246339,19.972027
1103100,3.7618203
1340158,10.144918
1151385,1.8161666
1322595,11.471458
1265422,3.9719288
1106542,7.175312
1083434,3.1871421
1041279,3.5725827
1056902,3.7025275
1233036,3.3788006
1299262,2.1827583
1078585,1.1226391
1275152,2.2076232
1116874,13.462497
1346051,4.376626
1447078,8.564974
1051226,5.6567926
1349797,31.069
1349931,26.524002
1004621,99.48607
1465463,2.937158
1172332,4.2793684
1254898,1.9113522
1059798,1.7884098
1199556,2.3029728
1146691,28.92258
1389058,4.3713703
1120674,80.14803
1267768,26.8446
1461067,78.59292
1145879,32.481026
1265597,64.912735
1125907,26.075176
1163327,1.9693865
1188962,1.3151748
1062813,6.357361
1361665,10.435476
1059596,12.194487
1465086,6.2132387
1162204,5.354411
1123368,82.2696
1174720,4.86756
1213447,38.87423
1407994,12.602812
1292175,2.7949822
1129594,23.014614
1314323,4.818316
1098678,24.055328
1054999,11.766488
1028547,12.645115
1385704,8.282974
1388218,7.1278105
1214719,20.995037
1313611,14.527039
1117219,18.94022
1305446,9.469474
1406875,8.1058035
1003728,22.265553
1216615,9.851077
1298147,24.913614
1440458,9.887812
1135524,30.764212
1311371,23.788803
1371814,69.68846
1446347,1.5256325
1157176,2.5245378
1232606,6.630501
1389724,1.3500788
1241399,0.9322325
1000704,1.6684482
1182195,17.101982
1402001,3.1558843
1422774,36.120365
1395748,21.794964
1405938,111.24016
1200761,45.746574
1104760,38.968334
1315379,23.207289
1061661,1.6771524
1093113,1.1589687
1445896,6.678972
1450349,7.7011657
1387966,18.89393
1334515,8.422526
1155265,3.6372197
1012691,78.62441
1292223,9.565222
1199279,48.00766
1150020,24.080574
1385319,3.537532
1454443,25.586033
1096727,5.0812654
1049157,46.827187
1345650,10.008314
1116664,36.445995
1214228,10.115306
1278497,7.0780077
1219843,24.127975
1062614,39.15036
1306345,18.002438
1357096,11.676215
1400183,4.1981096
1362039,16.980236
1060787,5.492509
1253008,17.538065
1079234,9.453275
1450007,21.29859
1221859,12.643473
1275727,66.71575
1130946,1.3805958
1199780,3.9731822
1000277,5.915634
1122446,1.7605407
1118912,1.1727345
1169152,1.245417
1367148,14.960737
1128326,3.0135856
1103534,37.745968
1335437,24.551971
1446202,115.552956
1091239,32.06609
1093934,26.436321
1201120,23.578032
1295714,2.8414345
1137794,2.945621
1259495,1.4454849
1165538,8.672651
1128182,15.994044
1308175,10.034843
1013054,7.991947
1443082,3.667785
1172637,96.97002
1278128,7.277813
1253050,29.260555
1198500,12.079427
1133917,3.115504
1176178,18.986568
1233721,3.669003
1258773,24.53116
1310514,7.2827096
1285901,9.405324
1231237,8.108299
1092557,5.099592
1419409,15.7615
1456879,15.587573
1362055,16.9301
1454977,6.5555077
1430433,6.7690034
1439880,18.382954
1051845,7.553407
1048201,13.251393
1377115,8.284756
1203307,30.060368
1105074,27.466562
1285661,82.37105
1097093,1.835507
1267378,2.4126751
1360411,3.2217915
1005284,1.1143701
1294581,1.2325147
1295337,1.6533886
1335826,12.07535
1340055,3.938027
1016882,38.34705
1408869,40.328224
1439624,102.5073
1027588,31.382193
1300606,37.592854
1349467,17.513422
1346814,0.62972176
1139593,2.113105
1014372,0.5480884
1248009,1.2045151
1327651,2.9185345
1109216,2.9547424
1418631,2.9839594
1241536,0.88091725
1326385,26.78893
1405466,1.2960585
1201069,3.4878495
1102144,0.9217159
1281904,6.555377
1282639,2.0261416
1153381,3.1179428
1319270,2.6510725
1201504,1.661348
1109008,3.2136147
1312499,2.0631785
1280211,3.515852
1234354,2.6055348
1449656,2.704002
1087062,3.7281938
1244510,2.090102
1435385,5.3167434
1201594,3.5486035
1133614,18.791264
1268978,15.92699
1156650,47.65954
1266945,1.3330191
1245956,2.7173562
1408739,5.717111
1101312,1.2381829
1219487,1.4063964
1185775,1.1271896
1017974,14.046244
1099001,4.042389
1188597,30.076889
1286267,25.3875
1172179,76.406006
1007104,58.49016
1260286,50.021267
1214814,26.672363
1401931,6.055857
1284229,4.1908026
1378088,6.662445
1098680,5.3042684
1390491,2.4944675
1104134,87.138565
1320613,4.611899
1369797,17.757315
1302437,3.2856731
1133317,8.761635
1436702,1.6315666
1177596,9.605539
1341333,3.3192508
1233421,6.2659006
1194771,2.6407743
1232122,3.1823661
1062987,2.780431
1380563,2.2835248
1255412,1.5118921
1046187,0.83127195
1134903,1.9232495
1364324,11.787917
1302597,3.7281756
1204564,7.3713827
1058256,4.9457626
1199701,27.646503
1305856,23.264915
1303892,87.335335
1122380,2.9069161
1258185,4.3367777
1317159,1.9072382
1138273,1.8164288
1022219,2.316288
1107270,29.478128
1336118,5.0396028
1124795,91.50026
1194557,28.333954
1396967,84.55111
1004406,34.937584
1425122,69.475365
1319119,28.709484
1081274,1.9907124
1416019,2.6881936
1042047,1.2607667
1224046,6.799243
1329015,11.211513
1273385,12.811519
1199126,6.5875483
1330900,5.6636534
1029618,86.32979
1408536,5.1462264
1113173,40.764248
1298053,13.335724
1400687,3.0220704
1264639,24.136517
1089839,5.070929
1158563,23.199774
1427954,11.553851
1163277,12.317168
1394190,8.022921
1452113,7.0583663
1186423,18.78095
1342887,12.28127
1245003,16.88323
1361474,8.263422
1380350,8.485314
1406660,23.79047
1058147,10.248244
1413823,26.690083
1012705,10.424822
1438910,32.819923
1425729,25.06991
1449564,68.3379
1453732,1.6066937
1285044,2.6316047
1036132,6.763067
1122714,1.3384045
1403726,0.9331132
1244276,1.7052196
1212815,17.978436
1012324,3.7332873
1462672,43.90751
1124488,23.865599
1454793,124.14789
1066831,50.71122
1224252,43.97998
1243159,27.133953
1224094,1.6179638
1197645,2.2986312
1308125,1.1425694
1355206,7.4186964
1065828,8.710917
1413332,20.498795
1094227,9.2100315
1447941,3.9746585
1218012,85.201004
1024439,10.234499
1398526,51.58592
1069774,26.235052
1010612,3.872038
1113643,27.64771
1103414,5.4101243
1189468,48.187412
1187580,10.342166
1186347,38.371597
1208623,10.028479
1232595,7.128026
1235003,22.674213
1357243,34.38037
1000050,16.782984
1432598,10.819971
1314218,4.5721397
1168295,19.233734
1261334,6.1187477
1167398,19.913355
1241356,10.429541
1311220,23.389385
1436965,13.871355
1210535,65.59015
1120444,1.4706769
1335393,4.060779
1198108,6.1146154
1295929,1.8037393
1337524,1.2206558
1451630,1.2611719
1444648,15.29512
1447514,2.9006839
1014570,36.584377
1427581,24.447653
1157615,116.28701
1058790,31.666113
1187715,26.19137
1448517,21.814026
1281703,3.1860704
1220381,3.2690609
1220407,1.5488718
1270919,8.776545
1152704,15.982981
1375088,10.209297
1232246,8.271278
1429316,3.7438645
1417055,98.6333
1078858,7.597619
1097522,29.582447
1116036,11.921669
1415467,3.072002
1163409,18.57232
1153096,3.59413
1273727,21.535011
1234078,6.3674536
1336772,8.180052
1317640,7.062079
1014341,4.521368
1377253,9.419234
1280784,9.712906
1276055,10.439751
1420709,4.1804824
1273008,6.80933
1021293,18.417252
1420183,7.6031065
1238027,13.115593
1031757,8.328882
1095729,29.97073
1355947,27.467297
1416702,76.74783
1146520,2.0310972
1423841,1.7963955
1000132,2.4081995
1301802,0.82060397
1083205,0.9396877
1103783,1.2112492
1097331,8.896265
1381840,2.9851735
1346551,27.026077
1121538,29.495502
1285595,75.400955
1014747,22.663012
1268573,27.34989
1071701,13.32942
1429039,0.48553342
1376634,1.7611611
1083410,0.4259499
1233660,0.9035122
1228810,2.1863604
1090199,2.199126
1354155,2.290349
1414258,0.67526114
1440043,19.624363
1421997,0.9845643
1063375,2.497411
1158194,0.69167703
1370997,4.544602
1067426,1.3667082
1440523,2.198455
1433812,1.865242
1035807,1.1563292
1077540,1.6550182
1246741,1.1377244
1052449,1.7570221
1261983,1.4586753
1417164,2.0290713
1070712,2.833104
1038641,1.6228012
1263016,4.0644655
1096309,2.67299
1137949,13.676463
1285764,11.502378
1192755,29.983692
1042610,1.1169994
1254246,2.6825147
1033770,5.9726567
1031195,1.2242696
1459581,1.4698374
1044902,1.1053798
1398890,13.786572
1004877,3.9370136
1116506,28.503876
1034091,24.90244
1087545,75.630005
1281874,57.37121
1191799,48.69546
1293949,25.368414
1276244,5.965373
1215362,4.111232
1229498,6.603404
1263840,5.4662514
1302044,2.519985
1357599,83.73614
1083518,4.617207
1119953,17.31583
1058152,3.3443038
1394373,8.391153
1269116,1.632597
1275002,8.822366
1320264,3.000277
1110160,5.787715
1399423,2.3767989
1195067,2.9071722
1024866,1.7391434
1282200,1.4853811
1062929,0.9255206
1232568,0.538906
1195760,1.8397462
1395456,11.581937
1387692,3.6508904
1393733,7.3984528
1053838,4.7483044
1449854,27.435038
1446314,23.085613
1439502,70.3401
1103784,2.9234607
1014919,4.4648237
1298717,1.9260753
1287344,1.883695
1353626,2.3319628
1098466,30.124695
1197326,4.8611207
1278449,89.092514
1192258,28.060263
1293885,83.555405
1293007,34.42809
1027458,68.39225
1434146,26.836538
1161998,2.159715
1209078,2.9522169
1213606,1.3298845
1117206,6.8027787
1118974,11.124643
1466826,12.999445
1291242,6.750806
1202858,5.7720613
1355364,87.32444
1064004,5.306258
1348261,41.30453
1053673,13.359105
1253131,3.0230763
1313054,24.186426
1455572,5.053507
1082213,21.271332
1229074,10.710965
1103122,11.015437
1107760,7.221081
1299400,6.6136527
1195562,12.275099
1145414,8.350259
1178739,10.707609
1213347,5.3840246
1375882,8.561533
1187584,23.739016
1265390,10.2696705
1114335,26.654703
1005620,10.382494
1252076,32.907833
1100604,25.263222
1009343,62.944176
1012199,1.7829025
1096409,2.7396655
1466135,7.1161585
1062268,1.390354
1344201,0.9856798
1440411,1.7638474
1350936,18.9706
1020194,3.7085805
1280157,44.56745
1200256,24.660591
1303992,128.6012
1438029,52.35681
1345842,45.133442
1190857,26.052612
1267098,1.8310655
1328341,2.5603652
1292301,1.2489913
1292863,7.512544
1325568,8.772192
1268408,21.305212
1290252,9.608925
1184085,4.1413345
1284482,88.20821
1224880,10.883179
1311995,53.428886
1085927,26.647049
1272674,3.967362
1147588,28.066086
1408157,5.467748
1468199,40.8891
1241200,8.542416
1034511,31.95575
1201909,8.608766
1224255,6.334367
1329269,13.866481
1150604,22.327723
1147618,9.869623
1017755,6.9096694
1194449,4.6766233
1270189,19.530844
1024148,6.2258997
1246514,20.221756
1427085,10.706945
1161315,24.05774
1095210,14.273129
1330240,60.944996
1347044,1.6724429
1153417,3.6104507
1140718,5.349597
1025362,1.6312647
1386418,1.1327416
1110184,1.1433557
1095750,13.714346
1115076,2.3187823
1043084,28.385761
1034028,21.868305
1363348,104.38728
1356296,28.807209
1202006,23.690014
1280632,23.087843
1448245,2.9587793
1120104,2.093927
1245430,1.4447578
1043717,7.774472
1396214,14.040088
1092900,9.000452
1006177,7.5287027
1246849,3.2322102
1421122,92.49309
1439299,6.929389
1237020,26.22781
1310437,10.604514
1200272,2.6733165
1464334,16.712315
1465092,3.2293255
1255446,18.946102
1465407,5.5693483
1421060,7.082206
1023856,6.169142
1124868,3.9660244
1304331,7.7061234
1187186,8.013059
1307845,8.58093
1147199,3.4994671
1298381,5.911557
1456796,15.8714905
1230607,6.6665583
1048438,11.365683
1297987,7.3012505
1463687,26.677471
1159095,24.202778
1122115,73.8715
1370886,1.2801772
1005633,4.0687213
1399646,5.3893356
1306315,1.8307679
1353795,2.2064464
1008817,2.7304003
1305876,20.853539
1230143,6.140471
1178373,59.253284
1389645,71.71657
1454406,187.63113
1250823,58.53053
1188394,67.770386
1192169,31.4379
1123041,1.1039597
1203348,2.6342967
1199196,0.88620174
1010480,2.152019
1226219,5.177172
1285412,5.2059956
1135617,5.4087133
1005280,1.6136554
1225578,48.85208
1355417,2.3128047
1230040,6.245276
1247307,1.6676403
1247834,10.638299
1257712,3.1600766
1200944,4.81687
1175074,3.9323025
1206924,2.5357552
1128134,3.5595677
1104868,2.2932377
1372279,3.516508
1136127,3.004334
1420497,4.601593
1093952,6.494783
1459100,3.6692224
1116260,9.255334
1249824,5.990268
1172520,33.683372
1427466,28.70344
1043020,73.30024
1197653,1.5761265
1466124,2.921826
1350772,6.367545
1345554,1.3722757
1200374,1.593849
1327057,1.2186142
1208250,15.969416
1067638,3.7890275
1328621,28.919363
1046633,28.633474
1222073,88.07115
1117256,66.90401
1320721,56.265327
1316001,32.0987
1159200,6.8172784
1273736,4.6936884
1167651,7.5144897
1033906,6.3510714
1133530,2.8573487
1317631,101.841095
1343879,5.405654
1102061,19.46966
1441057,3.6878662
1289523,9.849263
1317529,1.7897183
1019312,9.391559
1093850,3.1691859
1458946,5.829554
1119542,2.472975
1318143,3.075073
1366299,1.8008331
1290294,1.4352777
1256694,0.9208846
1134855,0.5310477
1041087,2.1197019
1434776,13.173099
1144003,4.1853514
1322055,8.341056
1084924,5.402165
1242689,30.650742
1387409,26.092463
1165492,81.30668
1293100,2.568431
1014151,3.814457
1099278,1.6908576
1411205,1.6703907
1123417,2.0734527
1338694,26.621094
1129374,3.929425
1055904,71.00022
1341842,24.986843
1089223,74.3835
1150513,30.997675
1197145,61.22642
1125944,26.157597
1184145,1.9276931
1274094,1.6780996
1067629,1.2389518
1239155,5.9776406
1340591,9.840572
1007926,11.648876
1280285,6.120545
1028890,4.9943995
1134634,81.30295
1383679,4.7824054
1338810,36.889183
1063925,12.016387
1281608,2.6385112
1465371,21.706219
1180173,4.5821543
1156206,18.589552
1388053,9.335992
1469425,9.440465
1375569,6.340412
1448547,5.843087
1151019,10.354746
1189688,7.125796
1214218,8.993315
1270046,4.5499907
1228436,7.5135245
1128974,20.774632
1459849,9.189692
1111075,23.319992
1015111,9.212233
1178678,29.525269
1016955,22.392023
1140173,52.85058
1260757,0.99830836
1159714,2.122703
1267125,5.560883
1200016,1.1013296
1008723,0.8063448
1226583,1.4347829
1039520,15.170095
1348874,2.72114
1281964,30.797237
1344427,19.649296
1293494,102.754944
1271985,42.37394
1403918,35.967293
1444285,23.420921
1101645,1.4792128
1408091,1.38293
1131449,1.0586886
1087989,6.012809
1056897,7.068709
1440533,17.44084
1087363,8.155283
1308488,3.3120828
1237715,76.67283
1277841,9.13181
1404668,44.018257
1340823,22.233723
1251996,3.231432
1311947,23.37688
1035364,4.6629424
1426225,33.72516
1145755,6.991751
1456090,25.631516
1093691,6.876934
1136777,5.1071577
1221190,10.546202
1091393,17.063747
1091179,7.3918753
1381641,5.3243055
1236311,3.7173111
1356010,15.408773
1326785,4.9357314
1245873,16.059078
1137598,8.602587
1207652,19.679379
1167087,11.657172
1012670,48.62731
1231834,0.8876164
1404132,3.5145843
1312645,5.229742
1454794,1.5892588
1231955,1.0820016
1084769,1.1108484
1203097,13.472185
1133661,2.1448264
1052246,26.48229
1464860,20.889132
1023001,98.96071
1400979,27.220764
1233371,22.283504
1290791,20.771008
1322004,2.7663376
1254046,2.0505652
1115909,1.3728763
1014420,7.4217978
1432115,13.530455
1112333,8.743784
1065668,7.2677765
1249319,3.105693
1117885,89.28043
1118813,6.686
1139974,25.320807
1043213,10.16723
1191890,2.5433726
1249110,16.151762
1090218,3.0968227
1193731,18.026627
1030948,5.3426332
1450858,6.8202696
1435558,5.9143395
1195908,3.78921
1117363,7.5096335
1054990,7.843212
1428258,8.357174
1295767,3.3860443
1224433,5.6363683
1019264,15.20827
1066919,6.353277
1180536,11.040556
1355702,7.0006638
1377622,25.429564
1025441,23.352833
1398217,66.74057
1222738,1.3025612
1252397,4.203721
1306705,5.5045424
1015338,1.893321
1219665,2.2256293
1440868,2.7645123
1104525,21.086882
1282915,6.203429
1390300,57.96565
1162488,70.213905
1292069,183.57022
1322719,56.888184
1046592,65.305214
1243148,29.337605
1112756,1.0811431
1416355,3.2090173
1257861,0.9342747
1026142,2.1091716
1113977,5.062856
1468326,5.0891714
1323754,5.284589
1282215,1.5775603
1252091,47.484566
1386634,2.2867503
1107516,6.024138
1462311,1.6201693
1214574,10.274828
1011083,3.1163597
1012633,4.831484
1179157,3.950582
1110966,2.4843526
1031969,3.6067042
1408596,2.3347156
1329117,3.5324204
1089134,3.047559
1316440,4.469224
1238303,6.4077787
1351015,3.591758
1000021,9.032874
1131852,5.8011246
1028713,32.560966
1120324,27.820831
1283931,79.23579
1450674,2.0206926
1167772,2.832923
1153297,6.2278433
1344023,1.3105805
1121207,1.5396754
1039687,1.160496
1387266,15.343191
1416109,3.4808547
1149030,26.522287
1427615,26.614141
1049789,79.97244
1136956,61.351967
1156588,51.629967
1011769,28.183125
1042923,6.41442
1358130,4.4805803
1117817,7.1514564
1431730,6.0079017
1255717,2.665628
1425491,96.22923
1168878,5.1714563
1377218,18.399055
1416911,3.4911003
1195384,9.259417
1250853,1.7184156
1468222,9.023265
1275637,3.0227191
1118384,5.7089434
1021444,2.3805652
1133063,2.9717784
1429395,1.7893715
1154782,1.4511498
1311636,0.8968034
1348099,0.5232559
1248234,1.9639275
1159753,12.393156
1046660,3.934761
1396690,7.82285
1176913,5.138163
1362191,28.709463
1161958,24.89236
1395344,79.74431
1307450,2.463036
1101209,3.65352
1118218,1.6231716
1387260,1.6001501
1198863,1.965238
1171891,25.741123
1136928,3.4924026
1069203,65.018105
1448141,23.3793
1138623,69.34823
1122059,28.756638
1024218,57.331078
1386830,23.889318
1149845,1.7601147
1143078,1.6558268
1033019,1.1343516
1443101,5.642667
1236977,9.281153
1415582,11.076014
1407977,5.805926
1336334,4.728107
1388474,77.33289
1376240,4.549225
1186264,35.125076
1181364,11.356519
1164222,2.515726
1404019,20.612656
1350294,4.3729916
1448967,17.46819
1113571,8.898312
1321447,9.034482
1331056,6.0072813
1186514,5.5143113
1389436,9.906034
1057490,6.850726
1187392,8.631571
1387808,4.3579183
1325695,7.0521975
1047784,19.543255
1159093,8.61056
1420375,22.227345
1183595,8.708359
1346625,27.643057
1203267,21.117243
1000234,50.511353
1343892,1.0134408
1039741,2.0439715
1161768,5.32392
1001965,1.0525118
1124532,0.7627085
1245838,1.3397753
1319448,14.633748
1322136,2.368896
1098397,27.455997
1308168,17.97093
1007819,94.6
1433943,38.675858
1221246,32.823624
1207742,20.75537
1142286,1.3584723
1367254,1.3235987
1325703,0.94502604
1263730,5.6160426
1256672,6.579816
1120505,16.3703
1259886,7.675415
1430595,3.0916839
1268277,71.68374
1394380,8.578278
1304101,41.46273
1372395,20.852467
1038003,3.0386605
1350869,22.02418
1182788,4.382571
1371589,31.18069
1326983,6.593371
1054341,24.023335
1220656,6.4986634
1438465,4.7921576
1159779,10.124292
1089901,16.552908
1411765,7.1074967
1195319,5.109639
1418785,3.4176407
1206377,14.2369795
1264222,4.5652757
1465719,15.093038
1033191,8.0235195
1254460,18.156122
1376739,10.8660145
1276756,43.09151
1027791,0.87242806
1467133,3.5071304
1444098,5.230719
1111695,1.5757492
1095877,1.0840526
1283425,1.120148
1250844,13.4341
1142260,2.2598236
1196555,28.128408
1287884,21.623148
1201786,101.77697
1036620,28.039669
1273919,23.151361
1071316,20.677017
1261765,2.7630584
1434847,2.0020585
1051114,1.3649564
1178403,7.727656
1325464,13.812101
1314932,8.972054
1224849,7.4451437
1441324,3.194386
1220039,91.68739
1192265,6.881757
1052836,25.997707
1004881,10.559623
1312858,2.6936882
1345464,16.583118
1124773,3.1987991
1343275,18.456923
1296755,5.441407
1159592,6.9739547
1170730,6.0456953
1248620,3.8819156
1253204,7.537927
1326521,7.890115
1457929,8.29825
1036949,3.417485
1334079,5.8254538
1191421,15.475258
1348733,6.6109366
1065147,11.237089
1181656,7.2282014
1003776,26.018513
1318535,24.064722
1014932,68.60942
1151225,1.2544131
1432438,4.217764
1123264,5.5775404
1171093,1.8846207
1318064,2.275804
1185027,2.845076
1340394,21.333157
1370529,6.243641
1153736,60.147514
1152659,72.23252
1056627,187.4877
1452517,57.679344
1063516,66.42582
1103623,28.39201
1016139,1.1053765
1016438,2.9105825
1021133,0.9753472
1060618,2.1756918
1082563,5.1638556
1120282,5.2302012
1000439,5.3641443
1139418,1.5898707
1408298,48.846275
1182872,2.3269691
1452066,6.108597
1413297,1.6611068
1004189,10.163912
1098883,3.011128
1003867,4.6780663
1353798,3.9478862
1364179,2.5218117
1172759,3.6692588
1101604,2.3434544
1397090,3.5589333
1273437,3.059686
1453837,4.570422
1448881,6.4008355
1054831,3.6496162
1450554,9.208046
1112127,5.934968
1444835,33.375313
1468473,28.557922
1224774,76.99564
1137075,1.8413196
1298478,3.0508103
1228236,6.517997
1428878,1.5011647
1120954,1.6646303
1417369,1.3542565
1152046,16.378258
1146264,4.091123
1197767,28.885006
1337268,28.127224
1218632,85.99711
1413737,64.89117
1453286,55.013752
1376254,29.589731
1141193,7.007945
1238216,4.749235
1446244,7.5921907
1211017,6.4218
1221589,2.8918166
1354295,104.45703
1118566,5.4837227
1313120,19.521793
1294928,3.7421937
1033148,9.9236145
1020717,1.7923044
1062001,9.264921
1427455,3.136316
1210450,5.8531866
1343883,2.600158
1264493,3.0199864
1412897,1.8456278
1345814,1.5120556
1134288,0.9712704
1414115,0.56017154
1425030,2.1694407
1228745,13.318094
1264644,4.2429533
1275752,8.566507
1247808,5.610612
1143472,30.62713
1333251,26.355999
1068813,88.65956
1174797,2.4972672
1234796,3.7362933
1357594,1.6402836
1368322,1.6284539
1218372,2.0390263
1001068,26.151867
1133609,3.6667666
1175600,67.84774
1285100,23.917288
1240240,71.08809
1195501,29.287563
1433085,58.15635
1193554,23.508404
1096990,1.8031622
1314103,1.7066056
1354593,1.1682931
1196379,5.8506117
1419740,9.542171
1052357,11.43622
1105713,5.958617
1221662,4.8604975
1045231,79.701515
1019465,4.6755686
1081220,36.23442
1069939,11.810854
1435794,2.6486702
1332191,21.365555
1414645,4.497928
1384189,18.024311
1179714,9.000303
1020064,9.111464
1421326,6.109523
1096096,5.6593614
1305589,9.943497
1307235,6.900771
1202674,8.607957
1189630,4.384222
1222022,7.3472342
1110779,20.0199
1464777,9.002317
1020159,22.728168
1349016,9.037078
1300023,28.244675
1073225,21.802296
1339264,52.003197
1460289,1.0467793
1253384,2.1176174
1406791,5.5391417
1111824,1.0878972
1284511,0.78812045
1105502,1.415717
1088586,15.077217
1249259,2.573612
1207078,29.61828
1012024,19.05389
1414939,99.25345
1280212,40.809807
1070079,34.67455
1051289,21.23165
1264831,1.4076989
1124463,1.3697532
1357610,0.97736645
1353888,5.96646
1270976,6.922105
1003186,17.253258
1426702,8.013662
1391327,3.2471585
1403398,75.3201
1079939,8.973936
1435310,43.37492
1361933,21.879934
1455784,3.2680397
1394003,23.034672
1245045,4.570417
1246512,32.985035
1083908,6.8596687
1344326,25.392178
1330438,6.698461
1384364,4.9452868
1074401,10.1750965
1132743,16.65777
1150591,7.144314
1324850,5.182477
1172566,3.637331
1406496,14.901286
1205390,4.871833
1177547,15.718916
1104145,8.488323
1131194,18.913202
1284878,11.396517
1106886,46.371544
1280524,0.8866551
1105477,3.980598
1008409,5.776693
1265758,1.8154978
1262457,1.2192268
1429281,1.2565506
1006198,14.528963
1425709,2.6038098
1168120,31.47494
1166988,22.751072
1020847,106.981445
1365090,30.190876
1155748,24.7682
1172732,21.902573
1345692,3.1743488
1126837,1.9866307
1074071,2.6056828
1186732,1.587785
1199825,8.093859
1103381,14.569906
1078961,9.258471
1176328,7.7134805
1120207,3.3390503
1028052,95.23912
1342815,7.2078524
1434417,27.128094
1299413,10.891307
1291045,2.7280347
1404918,17.247927
1466384,3.3334744
1064972,19.473902
1427036,5.7114763
1202690,7.3520217
1108416,6.4173036
1357427,4.061793
1350243,8.32533
1236922,8.565565
1243418,9.092708
1413458,3.665296
1438309,6.159993
1374535,16.433626
1240004,6.85533
1001514,11.602617
1138171,7.5222025
1105110,27.33958
1192406,24.80283
1058578,79.62633
1464746,1.5087992
1301462,3.942852
1458077,5.224759
1306259,1.7879902
1018905,2.12109
1307468,2.6117146
1100722,20.089893
1071120,6.0153127
1430763,56.22978
1206240,67.77489
1046881,174.81885
1186050,55.106018
1312288,63.13623
1002483,27.409204
1195830,1.0122491
1198985,1.1823574
1461356,2.8318381
1222936,0.8473748
1274110,1.9684746
1373930,4.7309513
1386289,4.759616
1002573,4.9095087
1140816,1.4590819
1071880,43.66819
1066193,2.1324072
1213375,5.6130953
1231414,1.5325781
1330739,7.7268667
1468121,2.2645774
1082668,3.5625534
1301818,3.7274184
1126014,2.325767
1014056,3.3560417
1329289,2.1952605
1147628,3.291778
1287467,2.7998831
1096572,4.24823
1042653,5.9829283
1108546,3.346868
1112879,8.474416
1092916,5.592305
1068846,30.957514
1278948,25.77383
1421534,70.904724
1448202,1.620995
1184382,2.832382
1031687,6.417842
1006773,1.2746668
1200878,1.6152468
1233388,1.1334964
1090130,15.439444
1299816,3.358101
1411550,27.317364
1231572,27.301434
1179236,83.08944
1302359,64.72998
1245246,53.95649
1298431,27.026602
1064981,6.532257
1402874,4.5099196
1448913,7.3028
1216026,5.9602075
1454234,2.6353574
1263995,98.331726
1356048,5.273672
1280512,19.333296
1257975,3.5310912
1186589,9.597499
1442626,1.7377253
1257983,9.048455
1191260,2.962404
1023674,5.750504
1326493,2.1499343
1297338,2.9793575
1393188,1.7096313
1348010,1.2943468
1325975,0.7758789
1171616,0.4586402
1132284,1.9379534
1439511,12.373238
1091301,4.0116224
1468952,7.679408
1261033,5.0657067
1284166,29.723587
1021555,24.958206
1425916,73.83866
1119872,2.8183055
1205957,4.120893
1270592,1.8449678
1355181,1.747036
1271401,2.225686
1416436,28.313894
1330693,4.069362
1443995,75.02534
1046637,25.552586
1435678,74.84628
1430288,31.292648
1330217,62.29429
1380657,23.908606
1399800,1.9675039
1040436,1.2908864
1324859,1.9091142
1073858,1.3152275
1248729,6.2350683
1346481,10.331834
1431522,12.308378
1298811,6.3529453
1040981,5.2369585
1239134,85.084236
1108340,5.045413
1130674,38.6315
1338191,12.636129
1240822,2.7218516
1222222,22.83583
1004340,4.7968817
1370039,19.446058
1040766,9.762552
1257019,10.077135
1408257,6.688224
1440765,6.0967526
1133266,11.092867
1198897,7.6073546
1386062,9.632158
1003924,4.8857813
1370535,7.9045577
1326544,21.780788
1202362,9.721308
1307748,24.436632
1072828,9.709296
1342288,30.530857
1201225,23.287342
1433579,57.384563
1307817,1.0636822
1437983,2.399939
1378110,6.1861644
1436891,1.2519991
1219339,0.8854477
1148736,1.587745
1106205,16.480473
1101200,2.9216354
1030872,33.09214
1306346,20.391094
1424841,105.192894
1223359,43.759125
1044001,37.164207
1447472,22.882093
1355643,1.6282301
1323216,1.817126
1378027,1.702749
1134202,1.1547734
1119144,6.3409305
1248000,7.4541273
1166175,18.586674
1310331,8.524857
1028586,3.50192
1109437,80.31209
1235499,9.751224
1115592,46.67618
1171333,23.67812
1167815,3.3815398
1259563,24.90276
1421077,4.905448
1188321,28.9463
1065119,5.742017
1174820,22.314604
1102566,7.3867216
1164459,5.4270654
1265774,11.410646
1252393,18.438374
1390235,8.108518
1127339,5.7125387
1219758,3.9719143
1194843,16.324827
1295373,5.260184
1306340,16.83206
1232261,9.080063
1409210,20.654509
1166839,12.086086
1344268,52.272926
1007929,1.0370141
1050341,3.91565
1255063,5.666059
1288635,1.7512729
1051126,1.1929413
1051504,1.2200079
1088678,14.60824
1064111,2.6577237
1009805,32.967155
1161223,23.713175
1442159,111.53237
1283932,30.979553
1160537,25.491909
1034088,8.103323
1408825,3.0827138
1428145,1.4276091
1461622,1.9780362
1333574,1.496616
1215479,8.293651
1249063,14.807437
1129915,9.352551
1308451,7.9237876
1324382,3.4525871
1022148,96.20909
1208663,7.3649354
1031862,27.48616
1033186,11.14485
1254325,2.8093126
1082778,17.78891
1322744,3.4056497
1184587,20.100437
1451897,5.94867
1289583,7.5871367
1216682,6.599921
1225597,4.218319
1246458,8.470719
1140869,8.80441
1385510,9.319549
1248066,3.7985816
1030953,6.24487
1248401,16.622728
1447709,7.0785
1068822,11.8686905
1317503,7.662628
1355887,38.817513
1263055,35.757294
1142368,71.07739
1068313,1.2099938
1294644,4.4784913
1183283,5.6346126
1078172,1.9512761
1328531,2.4045873
1346748,2.9455135
1336917,22.364868
1336124,7.111983
1156261,65.93303
1303658,76.66077
1210508,200.2045
1324311,61.82088
1145878,70.02715
1223140,11.26412
1256232,1.09849
1037099,1.1098311
1260279,2.174099
1385296,0.94927436
1379715,2.228829
1124455,5.4134474
1383049,5.316257
1387460,5.5310073
1033557,1.6810007
1340260,49.40691
1461217,2.399716
1101733,6.3110495
1041121,1.690192
1212499,8.859215
1295194,2.562767
1318717,3.9965732
1235717,4.2024817
1119133,2.6571884
1459377,3.8908355
1253697,2.5027268
1112969,3.8605714
1082943,3.3042445
1329256,4.7496576
1251417,6.6312904
1240427,3.749427
1451166,9.495047
1348676,6.143047
1325537,44.5878
1380271,38.24708
1419073,67.74458
1380043,1.3285899
1290802,3.1251411
1027509,6.6712966
1231918,1.5193007
1400804,1.6902149
1272798,1.3455366
1440391,16.964561
1275962,4.487595
1166494,30.275965
1344970,28.842474
1353437,87.98476
1042926,67.72747
1319921,55.411976
1457227,11.3110485
1250997,6.9846125
1375003,4.7059975
1344870,7.4911017
1011515,6.5188193
1460154,2.9447389
1100301,105.66111
1035484,5.498688
1375917,19.66264
1005910,3.777078
1235036,10.1691265
1032793,1.796499
1010876,9.515625
1305543,3.2411332
1427127,5.9690857
1071051,2.6560724
1346822,3.0785832
1357151,1.8178688
1053716,1.5266048
1211096,0.96852076
1349677,0.56025565
1005430,2.1572027
1059540,13.505183
1180484,4.2255807
1295267,8.629271
1465395,5.567624
1188598,41.8408
1116680,36.257988
1012922,73.531494
1188518,2.7788455
1285417,4.056554
1058497,1.8292091
1100052,1.7818207
1321651,2.2501466
1343564,28.37453
1021992,4.2098694
1435508,77.68454
1028610,26.168278
1322429,76.99123
1467845,31.713074
1249909,63.930977
1221350,9.28771
1174652,1.9828589
1197186,1.0129037
1224418,1.5594518
1296288,1.269904
1370159,6.317275
1383639,10.293772
1443140,12.118036
1274900,6.4160666
1096630,5.309695
1241150,84.12497
1046545,5.0533457
1009912,38.739765
1462742,12.6612
1444485,2.793324
1159193,23.120142
1273075,4.820874
1204398,19.686316
1414257,10.008339
1044933,10.195438
1288664,6.7701583
1437289,6.224639
1001907,11.341908
1105220,7.7706423
1096297,9.814932
1155458,5.002472
1003341,7.869975
1347949,21.480099
1268255,9.674454
1238872,24.303524
1164710,9.691119
1250846,40.78423
1361432,31.94823
1413622,51.661903
1075776,0.9385405
1347496,2.322331
1048200,5.959916
1164789,1.2008841
1374949,0.8666034
1446369,1.558153
1333249,16.304846
1452759,3.0305398
1328100,34.542145
1080029,20.991922
1074139,109.201675
1318712,44.918663
1274153,38.257343
1033673,7.7345376
1455913,1.5389066
1046113,1.2760596
1438768,1.37892
1349539,1.0606033
1398455,6.479289
1308945,7.453073
1070615,18.324808
1083003,8.628714
1069755,3.5419197
1063332,79.76767
1308666,9.762065
1223444,46.58736
1074721,23.693636
1222314,3.454446
1200299,25.091831
1133314,4.9124994
1129365,28.869038
1148043,5.7711053
1177429,22.383877
1312042,7.4632597
1071020,5.5153937
1152575,11.559763
1116474,18.842878
1178719,8.15492
1344869,5.8398466
1241386,3.9440732
1226202,16.02113
1038029,5.2417374
1303484,16.682684
1205096,9.063423
1047351,29.639114
1018648,18.129145
1343597,47.4788
1464098,0.86882395
1358716,3.987812
1282869,5.951271
1056245,1.8018272
1034891,1.2291257
1280188,1.2718726
1319817,15.085945
1058151,4.6128626
1193326,36.83403
1009169,24.550201
1210127,115.962906
1233211,31.963251
1291487,26.367926
1282696,8.836567
1080122,3.038107
1078947,1.6714451
1459710,2.3523376
1268969,1.4942281
1049678,8.861727
1170038,15.959442
1433450,10.041147
1137890,8.519195
1025783,3.7226498
1131811,102.53811
1250160,7.8132873
1060349,29.442282
1065034,12.035815
1414720,3.0692236
1168386,19.043032
1402759,3.7058518
1103324,22.118069
1424304,6.5036035
1313601,8.336389
1306737,7.271219
1340235,4.604276
1197797,10.149282
1427489,10.420852
1078348,11.31703
1159377,4.4210563
1418105,6.9106255
1468956,18.332418
1274688,7.5941787
1311102,13.014475
1008447,8.324415
1313590,40.117073
1139054,36.597588
1390238,81.78157
1256403,1.4945891
1276506,2.360353
1343184,3.0527942
1365100,1.0721514
1464025,1.2656243
1265735,1.6078955
1349860,12.164126
1248821,5.931745
1018583,36.445503
1062926,39.332924
1425768,105.91453
1209242,31.539297
1236697,37.39792
1173560,6.2544975
1174049,0.5949344
1165356,0.69464517
1321732,1.5004246
1186979,0.50701416
1094065,1.2037979
1087267,2.9352944
1254168,2.925197
1125615,3.0305548
1340122,0.900576
1366446,27.19047
1416660,1.3076278
1240230,3.4112306
1242681,0.9218035
1406477,4.99396
1125099,1.4772674
1454281,2.3373804
1125439,2.4211211
1249100,1.5016356
1349135,2.2425416
1254165,1.4968116
1314335,2.3382335
1162990,1.9223417
1464137,2.7129571
1376884,3.79319
1314270,2.1628184
1335652,5.3595123
1177180,3.575721
1104753,23.229963
1223418,19.82925
1399130,43.223045
1423863,0.9614496
1444415,2.8569064
1159998,6.2950597
1387554,1.3443348
1047121,1.598387
1109405,1.2548821
1112446,15.490171
1195208,6.438674
1271280,30.055439
1422953,26.410044
1340026,80.506874
1101051,61.290955
1195876,51.431847
1206123,11.017772
1339422,6.6139107
1381461,4.570456
1249898,7.235399
1348066,6.259196
1217344,2.8316555
1172558,99.482285
1010640,5.309634
1105039,18.70054
1266248,3.5450337
1398787,9.467203
1160682,1.7239654
1012659,9.4183655
1103552,3.240787
1353298,6.0973196
1369066,2.549572
1028436,3.0823283
1298363,1.99355
1104039,1.6484066
1232437,1.0414938
1082326,0.595297
1469076,2.0802767
1408282,13.077723
1205247,4.0643673
1268214,8.197074
1128021,5.435025
1276952,39.477165
1318104,33.312653
1261054,83.80119
1338455,2.7875283
1148916,4.250839
1070140,1.8725157
1018644,1.8313553
1173163,2.3093405
1461618,29.019098
1206735,7.433736
1103931,87.285484
1135987,27.869251
1159626,82.07253
1042330,33.625854
1051904,67.55328
1400654,10.132704
1464850,2.0166557
1186591,1.1939011
1014986,2.00638
1455143,1.2780815
1090205,6.7144547
1195653,10.980507
1294016,12.759578
1193000,6.820057
1282106,5.6769896
1373602,88.634636
1241004,5.343958
1212207,41.003155
1004961,13.376546
1379878,2.9983048
1395778,24.116598
1151464,5.1348906
1441430,21.292688
1286369,10.696352
1044910,11.152415
1177570,7.360593
1316362,6.624822
1136924,12.677069
1039739,8.563476
1298691,11.3033695
1197212,5.6218405
1264281,8.532266
1418008,23.27179
1008406,10.3278885
1378128,26.21665
1252786,10.330221
1141583,43.752113
1006839,33.848553
1045226,64.35305
1344008,1.2356437
1247578,2.4572935
1277641,6.5731916
1336440,1.2804592
1044212,0.92279387
1297729,1.6709179
1409290,17.39892
1287048,5.8786116
1104418,41.688007
1385261,23.648687
1450306,121.75049
1417081,50.038345
1122598,42.73369
1039850,9.025646
1298388,1.6315897
1132391,1.6589897
1364255,1.7506819
1137132,1.1367252
1181530,7.170278
1260006,8.329048
1200871,20.338514
1375854,9.549177
1321829,3.9469597
1263811,88.29997
1352952,10.755757
1353782,51.183643
1337996,26.026789
1368601,3.8683631
1167969,27.136494
1372788,5.4433775
1417466,33.285126
1208064,6.6950808
1132225,26.0646
1120076,8.53835
1467383,6.257648
1112411,13.964679
1302042,22.37492
1419254,10.175425
1089639,6.940538
1373811,4.548337
1122209,18.570211
1333887,5.9297323
1009562,19.100119
1227490,10.172503
1096918,33.829296
1308474,20.358746
1235651,63.53966
1460437,1.1627954
1051749,4.1647463
1032308,8.2710285
1278043,2.4803338
1248914,1.7077739
1009858,1.823502
1438852,15.601547
1284385,4.544657
1444205,37.661613
1306390,24.760952
1428355,117.27146
1046153,32.375324
1405201,26.512829
1427920,8.677548
1172245,3.045355
1215794,2.1006732
1264555,2.4221702
1022583,1.5429466
1060410,8.747633
1224396,16.10801
1203808,10.158954
1226479,8.527048
1424790,3.730069
1249534,106.043495
1346286,7.946859
1025769,30.642212
1255820,12.204206
1207161,3.062428
1184763,19.336147
1058997,3.6607635
1186656,21.870779
1068382,6.407857
1107181,8.28161
1092056,7.2255526
1401361,4.5936537
1464518,9.384527
1220032,9.745849
1237865,10.308241
1197189,4.1109166
1055307,6.821219
1177829,18.47192
1214932,7.5395136
1197973,12.995127
1136822,8.335312
1384111,39.921043
1232282,36.673523
1365847,92.07446
1450588,1.474986
1029709,1.7584884
1452197,3.0049424
1280969,1.0223048
1310786,1.2311465
1376644,1.544318
1097816,8.817271
1272045,4.3195553
1103766,25.726007
1207060,28.939337
1463795,72.576355
1299250,22.507202
1075512,26.12347
1222754,4.5378475
1094375,0.4323253
1140714,0.56435835
1276064,1.0937937
1204401,0.3811618
1174794,0.83239824
1162621,2.1158822
1211971,2.1373708
1275084,2.2112203
1105595,0.6610762
1138875,19.56419
1345663,0.9700632
1143027,2.507494
1243643,0.65721256
1243332,3.549789
1437242,1.0673306
1295856,1.680473
1270323,1.7211053
1320819,1.078592
1373893,1.464079
1028094,1.0005678
1062014,1.4408808
1148377,1.2520757
1296832,1.98999
1044487,2.7647934
1006770,1.578385
1237685,3.8827424
1405907,2.5465379
1447922,16.832645
1307807,14.552693
1238052,28.4416
1158828,0.682223
1103882,2.705117
1292822,7.69102
1293219,1.6076361
1108171,1.9107815
1131803,1.4687917
1019304,14.107373
1162769,5.4363194
1279711,27.77061
1401921,25.457256
1252856,76.70207
1119551,58.177326
1122934,48.4519
1465118,10.194106
1069648,6.0487413
1372044,4.1586504
1171102,6.756912
1339239,5.7109523
1215943,2.5545402
1371275,90.64071
1087933,4.9537024
1293445,17.598627
1405316,3.3482451
1459470,8.826787
1376548,1.6351349
1400075,8.587344
1079667,2.853681
1322348,5.5172014
1268786,2.2174625
1074026,2.881399
1262751,1.5575603
1226582,1.2932585
1006866,0.74548846
1180178,0.45212084
1455734,1.791187
1041703,11.8068285
1315138,3.8089573
1329175,7.284902
1167037,4.6640306
1281008,36.58557
1419638,31.538916
1167579,71.696686
1126425,3.0430007
1121368,6.122287
1316802,2.63022
1116689,2.5407434
1419957,3.3330529
1154310,30.876062
1427027,7.5860686
1398860,93.67169
1205043,28.745144
1040571,85.62633
1384502,35.13906
1033878,70.57289
1021561,10.242617
1463869,2.096537
1442886,1.4054925
1402942,2.135467
1001598,1.3303792
1446384,6.9600134
1156253,11.464946
1278298,13.369945
1229691,7.0852876
1285620,5.8957133
1129174,95.012474
1460984,5.626239
1387404,43.71418
1408587,14.183573
1296468,3.118352
1305529,25.696507
1011307,5.276847
1302350,21.865704
1029889,10.951963
1068063,11.333275
1003219,7.4521627
1405385,6.820651
1069022,12.471531
1199671,8.577307
1303269,10.891856
1340791,5.435295
1009706,8.851712
1170374,24.680637
1111294,10.678595
1207519,27.494162
1063647,10.845222
1364110,45.69617
1229934,35.263878
1303218,76.50073
1035969,1.253079
1168171,2.8158474
1150134,10.374952
1080075,2.0516963
1185689,1.4845179
1195102,2.7519348
1077702,19.478487
1020251,6.2773147
1199951,46.82851
1445697,25.711002
1358389,134.05045
1041255,54.41352
1373814,46.707207
1116125,9.705814
1131381,1.8212729
1167421,2.1848874
1027960,2.0335836
1191010,1.2691745
1071109,7.851101
1210246,9.26399
1271671,22.44242
1080583,10.432531
1302082,4.3379483
1068374,100.40243
1461359,11.939981
1436091,58.596367
1008774,29.28276
1360155,4.259603
1454469,31.043274
1214774,5.8502645
1154928,35.757084
1204526,7.1310143
1123894,27.841742
1016252,9.08883
1256780,6.7470407
1091025,14.53995
1069188,23.200825
1385594,10.207525
1207319,7.1310678
1055513,4.949172
1185602,20.620815
1262773,6.5484223
1061445,20.970495
1398553,11.26726
1022241,36.87062
1161051,22.380238
1358492,75.455246
1152673,1.2757558
1098172,3.3792255
1322358,7.13918
1395068,2.1860175
1251917,1.5237021
1129254,1.5374204
1091398,13.01782
1314972,3.7182953
1199190,28.680365
1190273,21.989689
1254415,104.53739
1346099,29.141178
1431674,23.695278
1305877,7.5394087
1325812,2.7744079
1314519,1.6123924
1212973,2.377994
1080422,1.3405027
1301417,7.3943915
1080843,13.19871
1024159,8.536488
1126489,7.2019563
1272071,3.0965402
1055491,86.74937
1053432,6.566755
1336761,24.963919
1385229,10.01467
1450271,2.60224
1061890,15.887502
1454598,3.0968688
1380782,18.430508
1233291,5.461291
1441939,6.954707
1445940,6.0412183
1223972,3.8495052
1106692,7.7482667
1347127,8.053648
1373189,8.449257
1036540,3.4478843
1054669,5.8061585
1313087,15.433093
1063883,6.5604677
1394021,11.178276
1307927,7.089115
1219247,35.432384
1424797,32.43519
1144495,71.0292
1180273,1.4580799
1169470,4.0933595
1006584,7.3491607
1004404,2.654744
1104468,3.1726854
1355931,3.7506301
1226267,20.697193
1189922,9.535347
1296689,59.33036
1437341,71.716286
1183085,189.84978
1299634,59.60978
1041688,67.15925
1312651,10.527376
1365378,1.0814278
1351174,1.2596685
1361982,3.5127842
1160651,0.9425043
1321624,2.112453
1306036,5.0286093
1096673,5.0391717
1001328,5.216539
1042664,1.5622962
1435441,47.31707
1142106,2.2620819
1453382,5.8511705
1092502,1.560852
1219229,8.443375
1122329,2.4520693
1455274,3.8158543
1244221,3.9828842
1081685,2.541656
1259039,3.8413117
1205873,2.4381633
1132113,3.6688514
1062624,3.1802344
1128062,4.5313826
1050223,6.4402122
1255218,3.583004
1412886,9.0977745
1320627,5.8924503
1146128,43.31984
1036920,37.396736
1082605,75.11516
1068708,2.1086388
1329140,2.9028108
1321142,8.462934
1311948,1.9096009
1426306,2.187652
1225189,1.6869713
1436518,15.647595
1018554,5.929148
1468819,28.049952
1288525,28.511587
1067040,85.32427
1133173,66.73253
1370644,55.34162
1210003,11.071499
1431095,6.614431
1207347,4.5371294
1027654,7.3900084
1290862,6.234727
1225995,2.8240812
1070490,98.14049
1257163,5.264492
1086744,19.151657
1083430,3.6094005
1368761,9.811647
1420611,1.7384075
1133054,9.3431015
1178755,3.2044697
1272500,5.8627925
1192765,2.4961557
1068727,3.000748
1130216,1.7636496
1306788,1.4279007
1270430,0.85560733
1050926,0.5189359
1153074,2.1894715
1442183,13.32509
1117259,4.21577
1359639,8.517008
1325180,5.61298
1414579,40.522236
1131586,35.571545
1128475,78.49104
1435501,2.2675178
1136533,4.5414667
1299566,2.005609
1000528,2.032165
1115268,2.47895
1114489,24.391253
1167430,5.447243
1262091,66.20024
1005723,23.774359
1360074,70.56046
1391339,29.337925
1447370,57.47805
1400630,8.326689
1029779,1.6979725
1065166,0.9694452
1311598,1.6952102
1028476,1.0784677
1301397,5.5374746
1015428,8.9492445
1444004,10.744151
1176761,5.7036676
1383467,4.6649804
1287229,73.98081
1193922,4.413967
1105245,34.255516
1441418,11.05122
1385725,2.5114918
1096093,20.23219
1014917,4.288046
1034143,17.711237
1264921,8.884886
1423340,8.965865
1260435,6.011195
1006651,5.530059
1119206,10.013249
1274340,6.7893357
1073626,8.503188
1271425,4.343499
1190853,7.172971
1462545,19.699005
1304714,8.8927765
1235414,22.312204
1163925,8.803302
1412703,37.186867
1327958,28.93156
1203897,49.64808
1466778,1.0077821
1129550,1.9395037
1423527,7.1744776
1206251,1.4425967
1050884,1.0629989
1461309,1.844492
1212274,14.031446
1181029,4.0984087
1384270,29.16387
1276019,18.89499
1168539,97.62764
1164261,40.405693
1172721,33.993164
1462401,6.947319
1436808,1.3574245
1434218,1.3395675
1302306,1.4958189
1278254,0.9207001
1043337,5.616505
1310864,6.4308243
1241981,16.043026
1444071,7.635707
1102460,3.1182952
1377525,68.84806
1287345,8.433894
1417093,40.495453
1343406,20.340729
1036703,3.0955358
1138543,21.621572
1243303,4.369807
1068049,25.563566
1214247,5.0454855
1304173,19.409382
1130686,6.6084785
1439483,4.8230276
1256812,10.2409525
1214869,16.406088
1225136,7.0657744
1346220,5.0875435
1336155,3.5711036
1462490,14.695139
1123715,4.8369827
1043454,15.464145
1143451,8.302954
1377601,26.513922
1272450,16.36752
1406568,45.306637
1012769,0.96368563
1237746,3.3746243
1046518,7.1451592
1028639,2.2159386
1457385,1.4635159
1251980,1.5564271
1457345,12.893974
1335118,3.4022706
1241346,27.391287
1075485,21.20625
1259874,100.23735
1016293,27.994091
1192685,23.058327
1121944,7.460463
1344518,2.6998327
1178390,1.6346178
1437020,2.2587075
1209434,1.3410378
1248704,7.327901
1367859,13.163252
1296377,8.550525
1454827,7.0918436
1086802,3.0572097
1304516,85.82325
1236600,6.5537415
1461102,24.816875
1253376,9.985746
1028961,2.5872464
1163962,15.786296
1206693,3.1098142
1118475,17.844988
1438805,5.3507943
1417058,6.870951
1271563,5.9277124
1128956,3.7661622
1467250,7.5889883
1098106,7.923449
1132769,8.387148
1242203,3.4343262
1136573,5.7029047
1260937,15.143555
1464302,6.392839
1351873,10.9658985
1230828,7.0126524
1373280,34.607555
1294923,31.932596
1346372,79.0969
1110659,1.377373
1392995,4.1440935
1297040,7.341483
1120575,2.641645
1341287,3.020327
1227262,3.7912421
1255197,20.851864
1238073,9.006456
1225273,58.56305
1057776,70.925316
1140085,187.96988
1079767,57.886726
1408612,67.01722
1459003,10.6881895
1375890,1.0670532
1233456,1.2538335
1346048,3.2797742
1023889,0.93908083
1386637,2.0522413
1036877,5.004683
1122478,5.0620923
1023995,5.206794
1230827,1.5299805
1102211,47.255665
1445590,2.2585018
1076333,5.939967
1301885,1.5899708
1059525,8.168772
1283930,2.406243
1146601,3.8219914
1287509,3.8934448
1183547,2.4506123
1082868,3.642156
1231459,2.3321962
1419945,3.5626385
1165296,3.0594711
1389242,4.522265
1124556,6.431502
1135887,3.6312027
1240068,9.170178
1244495,5.918334
1243246,43.496193
1409404,37.63369
1158947,84.05211
1441111,1.9299902
1445380,2.8424258
1452943,8.51266
1415236,1.8486414
1200209,2.1234975
1089048,1.6113129
1320945,14.698158
1128870,5.0379477
1226878,26.316471
1313096,26.609613
1301853,79.75863
1176613,60.483795
1255391,52.138783
1127737,10.977978
1145741,6.510629
1192322,4.3493876
1309626,7.028672
1321582,5.783622
1467879,2.6579213
1086065,89.099724
1113764,5.1758513
1237187,18.364883
1300723,3.371046
1365130,9.137543
1379603,1.7292778
1452975,8.674672
1179128,2.9591987
1319689,5.750535
1311211,2.2897642
1149326,2.9261494
1023046,1.7041276
1055473,1.3258779
1177091,0.80705774
1057493,0.48898172
1162702,2.0304496
1234327,12.551875
1255773,3.9982553
1131590,7.7276344
1086538,5.307544
1157951,38.546238
1229453,33.71318
1380744,80.58937
1097354,2.365744
1003800,4.9086714
1107194,2.1862874
1184874,2.086636
1015203,2.6195076
1419220,24.28617
1196626,5.213201
1213870,64.98391
1348876,23.322283
1109156,68.89193
1153388,28.809412
1125990,57.30175
1284762,8.458288
1026937,1.7237008
1308779,1.0176423
1305441,1.6564333
1225130,1.1195108
1212571,5.518773
1381385,9.016607
1038041,10.792558
1184464,5.644698
1430699,4.641782
1131938,74.122055
1453019,4.4881015
1387703,34.18206
1032831,11.059702
1228224,2.5311332
1350226,20.15041
1150789,4.3534966
1405947,17.224747
1007502,8.83322
1094145,9.07402
1119534,5.977828
1068614,5.447065
1303834,9.863057
1096466,6.7584085
1104616,8.604254
1012052,4.4030848
1084485,7.130931
1282079,19.396996
1096648,8.708754
1149559,22.083303
1097194,8.746895
1067892,36.883137
1441958,28.768763
1375833,55.54061
1214009,0.97182053
1180146,2.0098329
1313375,7.4385695
1104512,1.5307591
1366987,1.0510085
1409667,1.9457128
1402988,14.104357
1360180,3.7874477
1386318,28.214771
1428137,18.347216
1415932,95.07297
1401404,39.32639
1229438,33.66643
1440614,6.9948072
1315947,1.3564382
1201194,1.4339063
1159598,1.4944308
1121697,0.9611825
1039078,5.55241
1458748,6.531417
1022770,16.120646
1073787,7.541191
1064186,3.100229
1265560,69.45992
1191557,8.549338
1126983,40.456215
1393286,20.231512
1238861,3.0982318
1130836,21.630802
1389790,4.3830814
1424584,25.1746
1089996,5.0510607
1111286,19.353172
1440652,6.514923
1167027,4.8055844
1321981,10.168205
1415959,16.464478
1243769,7.1422334
1379256,5.176416
1321353,3.5565083
1100431,14.478833
1144327,4.690833
1411946,15.250521
1271356,8.192614
1289807,26.006367
1042277,16.365131
1219172,52.46102
1063119,0.9498649
1104806,3.5665367
1084943,7.3256807
1161189,2.289198
1356195,1.530158
1274147,1.6069616
1419519,13.494833
1290488,2.155154
1327909,28.586197
1313682,21.935501
1366743,104.97954
1306275,28.783442
1427284,23.678366
1111220,7.5035324
1452520,2.8237166
1301233,1.7577269
1344287,2.53416
1301608,1.3876965
1382094,7.614999
1033306,21.475872
1025173,8.836246
1159068,7.366624
1325684,3.1793284
1166250,90.62956
1074787,10.624958
1010680,25.805012
1127202,10.4642105
1241880,2.6676831
1211715,16.452044
1446683,3.1896205
1396317,18.631304
1280440,5.525332
1449259,7.06647
1234521,6.1163406
1128208,3.9203727
1374848,7.8164206
1100293,8.107409
1120986,8.582189
1163809,3.5081768
1096429,5.8282723
1074202,15.603348
1248343,6.570245
1186488,11.267126
1388803,7.132407
1452627,36.782326
1105614,33.716915
1061791,80.73709
1364132,1.4898401
1186393,4.190709
1344572,7.4688125
1463182,2.687838
1212915,3.1330724
1415732,3.8565392
1416515,21.087547
1218249,5.871989
1130862,60.663403
1338087,72.69265
1033627,192.4271
1463439,58.80478
1160565,67.716385
1199892,10.613508
1316528,1.0720901
1009882,1.3387281
1414027,3.6028142
1049540,0.93712807
1085557,2.0970595
1103243,7.8592377
1432870,5.066096
1247451,5.213048
1410415,1.5579431
1133134,47.299183
1184508,3.4867122
1123042,6.0181174
1130741,1.6247187
1171260,8.328473
1187446,2.4481928
1072836,3.8166473
1022618,3.9888222
1266883,2.5301347
1115379,3.6902053
1151794,2.4028707
1405969,3.627742
1187130,3.1249156
1337390,4.4878516
1416183,6.357444
1311402,3.5873528
1464591,9.092974
1327854,5.8272133
1082722,44.538044
1377841,38.777557
1115334,81.85689
1112425,2.1108863
1107975,3.0326176
1242928,8.855238
1372000,2.0291178
1406537,2.2745316
1429059,1.792366
1135921,16.184973
1090178,3.4684448
1017418,28.182644
1063800,28.301788
1020511,86.95023
1038327,66.12154
1070473,55.398857
1121812,10.887299
1183585,6.8465385
1158884,7.800481
1293021,7.560684
1307608,6.3439856
1004013,2.8676789
1205054,101.0974
1330424,8.355483
1359891,19.601728
1393380,3.7238235
1293127,9.932294
1101745,1.7733982
1252943,9.684805
1408828,3.2559419
1164160,6.103016
1272574,2.534696
1358992,3.1265478
1042210,1.8742956
1416350,1.5227019
1097751,0.91686374
1200738,0.5544809
1076483,2.136592
1392921,13.23406
1289752,4.21569
1355676,8.391167
1395407,5.4875097
1363371,43.467194
1036534,37.92444
1201149,92.50529
1337535,2.5057616
1328216,5.031188
1139187,2.2618604
1403763,2.1850102
1087829,2.7312436
1270872,26.03948
1434640,3.4265933
1087719,67.803024
1338871,23.946405
1190681,72.66864
1348230,29.753056
1011220,59.165344
1109809,8.556023
1343836,1.8109896
1292910,1.1319269
1241405,1.9519627
1449941,1.1640618
1013528,5.780175
1104318,14.828679
1395214,11.321981
1096805,5.906726
1274333,4.852849
1023883,79.029335
1121764,7.2342024
1025184,36.12725
1460182,11.76874
1328235,2.6195216
1186911,21.293337
1110925,4.5021043
1064729,18.17625
1251634,9.201126
1381890,9.388784
1257418,6.2267046
1285204,5.729735
1285503,10.257011
1356657,7.0282173
1356969,8.90241
1045609,4.517334
1337746,7.3730683
1056510,20.209051
1410635,8.943221
1134546,22.808865
1206055,8.983659
1083375,39.007168
1464762,30.287796
1281285,56.664
1060159,1.1127328
1302996,2.182037
1419624,7.9104056
1278834,1.63202
1026985,1.1391435
1467114,2.077029
1181682,15.2530365
1369551,2.407788
1424232,29.595114
1099082,19.15546
1279622,101.69
1215082,41.23317
1462378,35.232567
1220837,7.2022576
1329611,1.4455284
1082060,1.6242533
1273235,1.7123823
1034199,1.0112138
1181098,5.9409876
1138824,11.493376
1317228,17.265476
1353224,8.037668
1294082,3.2816377
1316399,75.73359
1172880,14.155408
1441897,43.83721
1204719,22.142105
1138994,3.2539191
1286341,23.325155
1139287,4.6352334
1141068,26.880138
1318877,5.3415356
1415843,20.621655
1389740,6.9068832
1339727,5.123232
1079030,10.599178
1027104,17.25039
1079543,7.490674
1011524,5.3751936
1434991,3.6912818
1176535,15.194203
1349219,4.903924
1428010,15.96732
1342412,8.524214
1253627,28.109222
1419705,17.295742
1073149,53.671227
1195530,1.0504868
1292559,3.6505725
1151275,5.4676046
1033330,1.7065134
1286684,1.1555487
1063175,1.1772778
1278643,13.631609
1169164,2.287775
1160496,28.650003
1075849,21.795208
1288708,103.02757
1051528,28.449722
1387165,23.162277
1438052,7.775283
1270277,2.9095306
1371135,2.2542546
1239101,3.261177
1425761,1.4623511
1233316,7.6105146
1011654,20.995571
1151938,8.8694
1290521,7.3761244
1176235,3.1968124
1315327,90.43336
1367538,10.642565
1439259,25.906647
1433724,10.501563
1438694,2.696463
1226959,16.52239
1363848,3.216889
1405048,19.15047
1259809,5.657222
1070367,7.294379
1317528,6.33115
1417336,4.015996
1157475,8.564505
1344202,8.692079
1011631,9.145398
1183603,3.709411
1347129,5.932078
1291600,15.73921
1429663,6.6645546
1108386,11.308638
1106718,7.1542687
1165416,35.97722
1409552,32.494717
1132444,86.987076
1246809,1.9427073
1304934,4.0372076
1289612,5.344809
1245346,1.9279007
1365179,2.2300649
1126724,2.7922318
1103260,20.12476
1380869,5.474467
1296477,56.430298
1363530,69.23097
1205722,179.44986
1421350,55.665733
1077872,63.214996
1184490,10.225668
1343177,1.0788538
1447929,1.3348777
1152708,4.124996
1092481,0.9511262
1403838,1.9658413
1255750,7.345188
1365850,4.8567877
1303966,5.0221972
1195631,1.4800066
1214882,45.49355
1085773,3.3889568
1396072,5.742376
1159600,1.5417392
1443358,8.457422
1225564,2.4961197
1282536,3.8755436
1112590,3.946738
1142218,2.5151317
1136615,3.8291023
1203042,2.4751215
1291963,3.7261634
1000709,3.179257
1208564,4.329047
1081276,6.073819
1450157,3.413365
1118489,8.64877
1088604,5.549005
1085402,42.69564
1187398,36.254692
1063376,81.55168
1469088,2.3602557
1363105,2.9884381
1190055,6.319253
1044765,1.4036021
1171933,1.6018915
1097223,1.2615144
1394196,16.294159
1447874,3.650126
1258497,27.736347
1056705,28.102137
1057437,84.97356
1027690,65.850624
1436550,53.951683
1130193,11.020879
1091575,6.6880217
1265624,7.0719132
1025542,7.4073944
1135684,6.1150804
1097153,2.7778103
1091120,98.857346
1299432,7.936142
1463459,19.244757
1350428,3.6170697
1154621,9.802694
1393006,1.7537754
1160566,9.365617
1357324,3.1607404
1451518,6.0229163
1361811,2.5092425
1272608,3.0599937
1231643,1.8662097
1358516,1.468208
1432871,0.9037372
1196885,0.5313605
1109250,2.0855396
1069861,12.6169405
1112955,4.118725
1141281,8.011087
1402880,5.361084
1193577,40.654076
1432591,34.869865
1046241,87.48607
1443489,2.5706596
1298375,3.8774548
1445286,1.7238327
1026520,1.6570323
1013189,2.0825398
1385208,26.139338
1279237,3.7163453
1128238,69.394806
1420175,24.317377
1120818,73.06646
1224772,29.965595
1265862,59.630505
1069226,8.804876
1463723,1.8496866
1283015,1.337269
1159933,2.5637429
1105601,1.2183864
1112750,5.8150163
1351261,14.999567
1257572,11.479392
1198371,5.9751406
1465520,4.9224253
1453743,79.58687
1025329,7.5466585
1406287,36.4018
1320168,11.883974
1110327,2.6585317
1111794,21.589941
1191932,4.5481234
1362215,18.708141
1441460,9.409285
1260677,9.671362
1093839,6.444861
1059888,5.885474
1379243,10.963794
1043505,7.466117
1285041,9.382058
1245523,4.7758107
1040065,7.5870934
1305317,20.657984
1419628,9.223709
1172595,23.19002
1385530,9.18691
1284800,39.602074
1326348,30.242346
1021303,64.78754
1408316,1.4617592
1074007,2.1822572
1015704,5.721423
1079370,1.1716446
1358810,0.8411341
1197581,1.4627163
1338331,15.242778
1417296,2.5539489
1298304,29.870935
1394572,19.153057
1073597,100.90676
1464610,40.969303
1332295,34.911102
1382806,7.3814607
1067400,1.5129032
1099345,2.010377
1246149,2.077064
1087716,1.0659716
1036783,5.897153
1400750,11.222748
1399340,17.28239
1257061,8.023811
1183696,3.3016381
1206672,75.06515
1108896,14.335269
1406164,43.86867
1257021,22.25093
1122191,3.2803197
1155709,23.430569
1315536,4.6599655
1120707,28.587955
1163870,5.6912165
1397461,22.09709
1080165,7.170207
1075266,5.2728415
1135614,11.523401
1087068,18.374826
1361935,8.036246
1394751,5.7187243
1044128,3.7691975
1404799,15.405867
1036815,4.9838877
1224439,16.128643
1242990,8.594052
1404342,27.733318
1214634,16.701872
1020500,59.798534
1174262,1.3142661
1224030,3.9748864
1371053,5.8261557
1061139,1.8724266
1105860,1.2805914
1343475,1.270881
1384965,14.403279
1391744,2.6794937
1169383,32.670387
1049430,23.520386
1334919,109.63094
1092132,30.36435
1118072,25.15328
1356461,9.013295
1177673,3.1491117
1023348,2.3359227
1277765,3.388944
1330688,1.5744107
1122139,8.246338
1190505,23.366028
1151589,9.4734
1399042,7.9817147
1175599,3.5119576
1396316,94.72722
1229761,11.520484
1461901,27.24032
1292217,11.047214
1340900,2.8022852
1418051,17.541616
1104401,3.3841567
1311515,20.475058
1422527,6.0192757
1354883,7.685066
1465760,6.7534585
1185895,4.244381
1311937,8.900042
1275715,9.18518
1328160,9.657077
1074512,3.889228
1392096,6.5275483
1169007,17.370508
1219785,7.251397
1332870,12.362697
1078658,7.8582907
1103342,26.697376
1437527,24.284735
1338575,115.71696
1026572,2.0533228
1269741,4.339566
1449504,5.751512
1190702,2.029833
1234567,2.3593383
1220864,2.9581888
1096009,21.358215
1320493,5.819684
1194366,61.758392
1227101,71.79368
1389079,186.9479
1178615,57.333862
1452011,64.837326
1009633,11.533985
1056592,1.169309
1094536,1.3284851
1437342,3.9726474
1014764,1.0231065
1056635,2.111481
1161081,7.7409983
1160082,5.10039
1406876,5.326627
1271575,1.6062788
1151223,47.708195
1047978,3.4733233
1169653,5.992801
1153468,1.5888813
1386476,8.779354
1236630,2.5565906
1454760,3.9464493
1066433,4.052822
1340862,2.5689168
1402589,3.8102813
1420929,2.4897804
1448693,3.7836182
1323790,3.185623
1312169,4.606568
1189613,6.5207
1061075,3.5760238
1040698,9.281931
1057498,5.93892
1449279,32.13255
1207764,26.684574
1370522,103.992065
1254686,2.3990183
1090220,2.8321888
1366706,6.011239
1217012,1.3352846
1409497,1.560541
1363766,1.234277
1003750,15.535538
1087960,3.596688
1041202,27.19163
1046638,26.529308
1419059,81.736336
1155598,61.159943
1011998,51.35675
1259741,11.251668
1342763,6.4756646
1015454,6.781517
1400096,7.159453
1115763,6.082079
1382160,2.7574232
1352362,98.31595
1402089,7.663081
1396880,18.775242
1285350,3.4999886
1325566,9.675857
1068511,1.7040699
1295459,9.139559
1326755,2.9983552
1316779,5.76159
1403250,2.356859
1182394,2.9604516
1278706,1.7521629
1454911,1.3508829
1469296,0.84122074
1168476,0.48354626
1098985,2.0735116
1121863,12.773875
1307389,4.1299024
1264630,8.136896
1008898,5.4054456
1203253,28.007385
1024186,23.711742
1002076,106.38442
1010784,2.822197
1465807,4.21423
1407143,1.8930197
1146591,1.7884716
1274648,2.2311082
1080863,27.719242
1116560,4.4576726
1464441,77.80115
1247476,26.392725
1141275,77.140175
1064746,32.0648
1185121,63.973763
1463388,10.0077915
1407421,2.036575
1342610,1.2953974
1178865,2.6337082
1037002,1.326597
1150675,6.2245026
1438698,16.087635
1095580,12.094318
1261209,6.372985
1274030,5.2927737
1255610,82.05156
1371209,7.898055
1465017,37.81094
1127102,12.424506
1180877,2.7768297
1435173,22.558687
1337278,4.7645197
1060667,19.780111
1339936,9.913244
1326365,10.133995
1468153,6.8340635
1173718,6.1615257
1369926,11.443843
1258063,7.8704176
1336705,9.934375
1026748,5.0208483
1192075,8.017809
1386124,21.929375
1364832,9.792231
1444970,24.59881
1403447,9.776544
1448301,29.340603
1034953,22.561237
1158545,84.855194
1291927,1.5198964
1342260,2.335981
1274679,6.0243297
1459397,1.260983
1462151,0.90143573
1224200,1.5648224
1074710,15.765013
1383084,3.059277
1044724,34.08452
1117513,20.764599
1420684,106.20796
1358653,43.82915
1446492,37.69503
1371378,8.545773
1453459,1.6535794
1027751,2.011599
1177204,2.0995548
1431925,1.1552913
1145625,6.29074
1135747,11.965388
1188766,18.00482
1053302,8.425899
1161328,3.5131907
1267101,76.35409
1279469,14.991552
1054997,44.921803
1287112,22.929062
1391726,3.4321296
1311802,24.12366
1414651,4.8798537
1458922,29.855337
1097960,5.9446836
1222832,22.82023
1258670,7.555377
1389299,5.487912
1178947,11.767177
1460330,19.060219
1338517,8.337395
1020232,5.867902
1304700,4.068609
1324630,16.419142
1095986,5.3011675
1382879,16.9804
1097275,9.099356
1326480,19.276169
1420000,11.447425
1312878,75.02583
1264898,1.3351159
1049342,4.2211523
1330908,6.145349
1156639,1.8500236
1086916,1.2146795
1362114,1.2944338
1341688,15.735814
1321331,2.8461537
1167916,39.836555
1249363,25.725159
1416868,120.10077
1080449,33.627575
1257884,27.446966
1095028,9.636108
1097368,3.0420861
1467542,3.2523937
1163402,3.6144848
1210988,1.556498
1127735,8.996385
1069023,25.109238
1458858,10.117838
1122243,8.518033
1233029,3.777657
1175795,104.24276
1193040,12.078128
1216366,29.839146
1363911,12.208104
1048167,3.082036
1373867,18.954853
1159050,3.6510425
1060245,23.982944
1168861,7.025592
1158848,9.247004
1178718,7.7701607
1157134,4.963172
1264523,13.643018
1112817,13.510744
1225209,14.442343
1243639,5.703244
1044731,7.0230927
1109178,18.888742
1460542,7.843187
1170983,13.618622
1322167,8.486708
1086732,28.90385
1236107,26.074957
1340331,118.01337
1217836,2.2034585
1054637,2.3892639
1321653,3.1480386
1011315,1.112704
1042216,1.2279408
1069515,1.6156375
1008055,11.737672
1311772,3.7542763
1173387,37.119076
1384284,39.115498
1416948,100.81247
1469512,31.857819
1333449,36.048923
1266207,6.508649
1361394,0.6180073
1342945,0.97829705
1415934,2.2670674
1116991,0.5569793
1223018,1.14583
1288920,4.1710577
1109567,2.758961
1229887,2.8622565
1453333,0.86921656
1426196,25.870358
1283274,1.867643
1332084,3.3381743
1089225,0.8855036
1145171,5.271338
1055841,1.5570481
1075667,2.5198464
1211032,2.5326107
1072777,1.5666918
1406094,2.7869363
1125413,1.8407056
1169729,2.9678676
1110495,2.3275063
1093791,2.7102013
1329649,3.6779904
1163368,2.0982454
1395839,5.2373433
1066722,3.4766612
1313631,17.317707
1098687,14.595416
1260212,55.887135
1175355,1.3595519
1007727,2.6474464
1424717,5.4903245
1310497,1.2257235
1320213,1.4177608
1123356,1.1169072
1430956,13.90967
1412572,3.689764
1289841,28.35296
1067700,24.388752
1112162,74.51827
1204340,57.620476
1106375,48.0901
1416033,10.265003
1376628,5.875447
1412232,6.3035
1125042,6.4093156
1214136,5.278758
1243427,2.4472218
1395531,85.68477
1299406,6.7868776
1011390,16.966969
1337234,3.1586678
1190266,8.510099
1287921,1.5838119
1161660,8.939959
1099883,2.9700863
1394352,5.783996
1218635,2.3663726
1359415,2.933668
1181928,2.2491174
1101522,1.8145981
1307965,1.1210113
1158889,0.6502803
1454962,1.9038713
1217620,11.471377
1335989,3.7147312
1012246,7.082109
1314835,4.8651037
1414656,25.733349
1139485,21.54014
1188901,99.75109
1416615,3.0118408
1130496,4.4936037
1073042,1.9532449
1116588,1.8287376
1052541,2.3647544
1150348,30.07099
1187443,4.660064
1281472,92.45293
1189065,28.853342
1288302,85.32021
1208127,36.092293
1393388,70.11102
1419494,10.957296
1129313,2.050074
1204572,2.0722778
1119912,2.9552174
1134449,1.3182466
1327997,7.003958
1188895,18.24183
1462363,12.853398
1270991,6.918341
1246377,5.7627344
1388987,90.73548
1064629,8.68619
1052813,41.21657
1181600,13.47433
1274102,3.061482
1229791,24.159922
1023276,5.1136303
1091034,23.106125
1280002,11.486246
1212329,12.266876
1019714,7.8547935
1398927,7.1031046
1262742,16.816133
1285109,11.199743
1169316,14.815926
1099477,7.327357
1459870,8.668531
1345206,23.91914
1077128,10.371544
1381253,26.98433
1075598,10.539251
1078391,31.981556
1351433,24.065842
1205193,89.32307
1184678,1.7356255
1380532,2.842177
1168644,7.076459
1073233,1.4112225
1459946,0.9516776
1139214,1.7655051
1421225,19.107569
1330456,3.4546528
1116066,46.497486
1357781,25.249554
1293919,129.16045
1422002,53.602104
1336161,46.144855
1255575,10.302943
1071452,1.7272972
1359664,3.2648082
1134774,2.596759
1291307,1.2431085
1007174,7.76445
1052135,15.370859
1466845,21.004673
1173094,9.985571
1083814,4.147811
1127909,94.535324
1417788,18.07265
1266692,53.29601
1263132,26.99677
1213365,4.0521436
1286093,28.03209
1063602,5.5176225
1325530,38.50141
1343783,7.906516
1466170,30.438122
1403923,9.711562
1026406,7.2013273
1372438,20.466854
1066728,31.021175
1289086,14.629664
1400899,9.765648
1429876,4.7641
1324205,19.829298
1293624,6.2909136
1387766,20.805761
1313232,10.810053
1068636,22.405094
1349565,13.326689
1463749,89.133865
1056846,1.6538213
1137411,5.012866
1057026,8.147873
1370027,2.4587438
1424398,1.5662558
1022822,1.7612169
1280487,16.91215
1386958,3.6271827
1438689,43.082466
1150282,28.057348
1260451,126.37034
1162131,36.456367
1253163,29.502232
1446274,11.070288
1052616,4.014208
1340693,3.661943
1216793,5.2515497
1450054,1.9471394
1085502,9.629686
1297804,16.790304
1265891,10.89841
1128992,9.289505
1369247,4.0996523
1397607,108.534325
1213939,8.259192
1298605,31.353703
1097912,12.409955
1127310,3.2905326
1196772,19.808146
1160015,3.899219
1457607,31.425144
1262192,9.455173
1132903,12.562128
1336533,10.292617
1389774,6.505777
1271299,23.964901
1047494,24.361492
1425636,27.249802
1354662,9.969962
1238645,7.521248
1358173,19.9607
1401638,8.3054495
1364344,14.335111
1075531,8.917659
1293782,30.410053
1109764,27.998266
1224492,151.97903
1410779,3.167197
1163223,2.2791858
1183666,3.62252
1319294,1.270315
1227031,1.3281682
1131600,1.8027385
1411020,10.078979
1293382,3.5270875
1041814,31.049423
1362245,34.182182
1246414,83.52575
1403068,26.318695
1440209,30.380615
1220747,5.411756
1307297,0.77720565
1381137,1.0139666
1139583,3.199843
1130692,0.5832038
1418041,0.9402145
1167386,2.2810345
1085990,2.2893586
1150203,2.3587594
1161924,0.71584606
1302731,20.80096
1385444,1.0530808
1299325,2.72756
1437216,0.7481531
1277442,5.0344787
1079411,1.5098841
1316683,2.3723648
1398541,2.3911586
1018182,1.5141256
1340688,3.3356578
1123234,2.3120866
1436883,3.799469
1097059,2.6494803
1295763,2.1588137
1158181,2.962068
1015953,1.6853199
1289253,4.1310225
1098946,2.7363877
1290672,13.9478855
1023717,11.70677
1295988,63.270294
1106761,1.8979532
1045497,2.440426
1004039,5.941201
1189684,1.182311
1125116,1.3289995
1420199,1.1144357
1449005,12.286484
1144455,3.2546299
1304755,25.28302
1293071,22.892656
1069756,67.796295
1189625,51.67408
1221078,44.49386
1115576,9.457598
1385864,5.233611
1385748,3.2779896
1041759,5.72889
1350450,4.560508
1058874,2.0601046
1314525,73.964905
1122277,4.0257616
1250735,15.371592
1075505,2.7240264
1333150,7.1991005
1417747,1.4334357
1431783,8.6498995
1090800,2.86295
1305812,5.8358064
1063204,2.2355804
1426152,2.9027228
1284573,2.6407704
1456010,2.0633545
1027602,1.3494681
1418971,0.71625674
1149066,1.5543525
1037018,9.544202
1208340,3.2104793
1380770,5.792512
1254806,3.9118874
1394854,21.677208
1452879,18.298243
1175320,109.596924
1112395,3.6237273
1236159,5.958561
1279722,2.6451135
1263936,2.3464017
1042685,3.2444165
1424840,32.829212
1080728,5.8704233
1373830,100.140945
1039960,31.127295
1121481,88.35632
1058312,37.857754
1448474,73.278076
1367191,12.343294
1424899,2.7591913
1410723,2.3277838
1159089,4.3373117
1438147,1.6845901
1104799,7.5906653
1341993,12.050084
1324032,14.0416565
1460218,7.753087
1154431,6.4195223
1338037,96.00754
1458180,5.990882
1026308,44.2118
1057228,14.212885
1018582,3.2970676
1065983,25.862793
1280798,5.589262
1120343,30.342829
1304220,15.182051
1299720,16.70787
1196190,10.277243
1271574,9.063665
1341423,28.941666
1294200,19.94195
1002912,27.811829
1098342,12.896487
1092526,9.380013
1023042,25.920765
1205050,11.215882
1079645,28.859375
1087779,11.247576
1261655,34.292305
1241265,26.22971
1106881,112.32389
1466504,2.5211253
1391852,3.508124
1124261,9.850508
1397490,1.9893677
1340497,1.342976
1365669,2.5696068
1168708,21.070042
1042492,4.539094
1340233,50.261032
1125059,28.411509
1145953,135.97252
1437908,57.927998
1097313,49.496372
1346884,12.539957
1353967,2.604308
1006317,3.8103108
1007567,3.9384506
1338376,1.75899
1412898,8.60547
1010263,9.71375
1082200,23.690456
1457725,11.383423
1076252,4.692393
1466965,101.664215
1233155,12.432783
1152389,57.930836
1090947,28.946249
1228649,4.492447
1349544,30.854645
1365513,6.4654403
1342703,53.433327
1386747,11.441792
1313864,42.909126
1057941,13.714676
1327885,9.896036
1012864,36.575607
1104546,56.78959
1171764,28.489853
1120819,18.119516
1158814,5.2866015
1280613,21.718481
1063479,7.023047
1191655,22.447039
1130039,11.711786
1379130,25.323324
1060158,15.355161
1127882,118.0396
1027507,2.4699545
1053695,3.7703214
1432961,5.6217113
1370857,1.7085202
1274271,1.1122772
1034854,1.1765444
1162931,13.60224
1172747,2.1975033
1223055,27.813602
1012720,21.969585
1366078,101.68035
1398955,28.503433
1145841,23.06273
1161635,8.4112425
1289088,2.8408587
1139193,2.3204677
1316647,3.2453735
1172006,1.4531095
1292901,7.6254377
1290681,13.275698
1308017,8.984512
1119296,7.5583344
1312349,3.2299302
1000345,90.6108
1309517,6.51039
1006702,25.576336
1223086,10.395724
1410571,2.6680799
1249941,16.325748
1413871,3.2197998
1314174,22.821932
1258506,6.827771
1278339,8.546821
1223273,7.4801955
1136036,4.744686
1069771,14.52811
1255641,14.848869
1113642,15.674945
1142331,6.1586866
1007917,6.046148
1308127,16.251019
1016755,6.9386153
1101654,11.921292
1202447,7.438779
1237090,24.963192
1259015,22.735413
1181101,90.23009
1065931,1.9307379
1052864,4.569899
1239645,6.349687
1353060,2.17302
1086176,2.410331
1345551,3.068821
1319985,21.261936
1100713,5.7763896
1170549,59.19378
1403166,71.51457
1087530,187.09944
1222021,57.762127
1416734,65.68192
1268553,11.922205
1071057,1.2598848
1272965,1.6559622
1216408,4.9738607
1216022,1.0999658
1082408,2.1149795
1255938,4.9905405
1096613,5.086533
1309133,5.4011445
1048286,1.5739018
1137536,48.6831
1042100,2.2552705
1148075,6.0205984
1183012,1.646477
1401690,10.537653
1049279,3.1466618
1353964,4.771322
1031858,4.931937
1289554,3.0277364
1418969,6.984877
1152304,4.57444
1140796,7.372092
1364206,5.53219
1272834,4.5714483
1067256,6.641617
1447510,3.707983
1184174,9.343872
1158173,5.847295
1031804,31.898417
1380066,26.871887
1044215,103.18294
1302824,2.820166
1466369,3.3310103
1333789,7.0203156
1377552,1.6389484
1196158,1.7301203
1293336,1.4069998
1458800,16.653078
1362766,4.2805467
1375775,30.859638
1141683,30.087658
1046061,90.219986
1387204,68.606865
1092670,57.739326
1035449,12.802866
1433013,7.0792007
1092284,4.7576637
1373236,7.7622833
1457849,6.7412734
1348438,2.9432235
1326430,104.23926
1350832,5.4725738
1004816,19.508144
1247161,3.6682003
1354910,9.879016
1073202,1.8194077
1422693,11.425738
1204384,3.9563007
1430415,7.097795
1238689,3.0890093
1442524,3.6561153
1015697,3.2133167
1061953,2.644041
1400620,1.74242
1296201,0.9350567
1102792,2.313718
1361861,13.881491
1104031,4.560668
1108104,9.0665245
1340764,5.8441973
1077647,30.519583
1123240,25.971622
1108841,100.91533
1262240,2.7446918
1231149,4.1383715
1219100,1.8187975
1231915,1.6788733
1360657,2.1658573
1096222,26.589447
1220611,3.596426
1391027,67.070786
1261534,24.521946
1354487,72.42752
1145013,30.598919
1358161,59.137196
1301043,9.563397
1222384,1.8792785
1236861,1.4011407
1430385,2.783009
1157368,1.2414715
1176460,5.9602637
1193662,9.296549
1434548,11.509092
1162252,6.168927
1298216,4.9549227
1282568,79.900986
1161390,4.5749207
1194014,35.973366
1447590,11.659936
1201028,2.6278822
1023553,21.256952
1048190,4.5559096
1105587,21.306501
1218430,10.610301
1258460,10.879309
1400749,7.286237
1337303,6.478349
1183097,17.082264
1041689,11.759478
1044904,15.495111
1212440,7.6633835
1264117,7.524957
1128551,20.802557
1224825,9.246697
1451075,23.463451
1404624,9.287139
1089084,27.612026
1314367,20.979326
1036129,66.3748
1095631,1.587894
1321208,2.420735
1064371,6.142699
1211696,1.2681255
1329500,0.8471206
1311023,1.5378231
1338267,15.830286
1313177,2.585463
1173971,30.381815
1284161,19.797611
1109000,101.092155
1305726,42.06598
1043622,35.495296
1127115,8.292063
1411632,1.5537429
1237528,2.1328378
1216661,2.2095017
1165654,1.1046917
1065291,6.2101474
1037362,6.8250365
1261508,17.469963
1234348,8.340703
1179704,3.3900285
1008010,76.24901
1123575,8.848021
1196873,43.639828
1364367,21.873201
1239936,3.2902076
1157963,23.301126
1033497,4.724563
1375907,32.65427
1264955,6.7705574
1022342,24.888718
1369534,8.415372
1402097,6.0833483
1375736,18.64914
1360141,29.38093
1309798,13.928238
1267653,9.150036
1163488,3.8266606
1114865,15.894293
1438564,5.139893
1080323,16.76814
1349803,8.921545
1091644,18.42273
1274982,11.05903
1369182,60.399372
1292351,1.3779261
1365354,3.6286092
1427917,5.3918543
1052492,1.6354183
1373208,1.094635
1463693,1.1543297
1410746,13.514221
1460226,2.201522
1048724,28.553507
1268960,22.248127
1157212,104.37341
1235040,29.2249
1338226,23.587677
1049229,8.170763
1218718,2.8203359
1455107,3.596634
1083636,4.81306
1461881,1.4608752
1211277,7.4841614
1141705,12.817947
1324998,8.820042
1391878,7.3391123
1024596,3.2084968
1289237,88.72951
1359332,6.368912
1101930,25.509434
1450272,10.317336
1166961,2.581752
1004336,16.234032
1170511,3.1353204
1443994,18.54691
1347783,5.5100737
1158279,7.038381
1060606,6.0789814
1006948,3.8848395
1067928,7.68546
1328974,7.9252434
1456713,8.559935
1389669,3.4512095
1465484,5.9232
1372004,15.766393
1152241,6.6013365
1287937,11.30082
1372292,7.173621
1265694,24.165607
1340910,21.977865
1365598,101.255325
1053288,2.9469204
1152842,4.4612756
1344329,6.1879973
1350537,2.1763377
1347904,2.3872442
1294659,3.0839925
1270642,21.44524
1127941,5.796647
1456903,59.79481
1144180,71.63504
1167672,188.89034
1396169,58.65615
1381156,67.50549
1212112,11.480698
1430706,1.2970173
1203804,2.4129355
1428411,7.732657
1365367,1.1023891
1260193,2.1239977
1315943,4.7659054
1190102,5.0708756
1114375,5.2216496
1284932,1.590867
1096858,46.511177
1146040,2.1699061
1305346,5.88627
1225943,1.6070397
1232422,8.42054
1073072,2.4838593
1249935,3.8811488
1225927,3.9698894
1122611,2.4783328
1442866,3.5782604
1319954,2.3326602
1316741,3.5660005
1244113,3.012774
1232057,4.583516
1053540,6.5700693
1222759,3.6272056
1468751,9.103779
1336840,5.880361
1068992,30.739872
1075472,25.888788
1015874,105.52061
1029994,4.6911144
1112228,2.755719
1377294,5.956656
1359604,1.2655119
1201199,1.5178788
1070041,1.1730376
1059181,14.863729
1068712,3.1397328
1136363,25.922394
1222619,25.905085
1273040,80.423096
1112394,61.044647
1088663,52.33587
1074875,10.772578
1301886,6.3462205
1157053,4.0148735
1023014,6.9904914
1128872,5.66958
1294447,2.6335828
1443204,89.279366
1175666,4.7879267
1229492,17.890472
1205534,3.1798348
1147031,8.942914
1438743,1.6634369
1445009,8.475798
1457501,2.744754
1177571,5.5173807
1219304,2.0279243
1290529,2.822006
1052611,1.5962527
1036586,1.2004623
1222894,0.7427831
1022829,0.43819398
1323396,1.9434239
1346375,12.116138
1225839,3.909536
1359205,7.24113
1297464,5.052697
1120189,26.51218
1243654,22.42939
1317425,92.97856
1060023,2.653549
1192307,3.9594808
1347860,1.7337332
1208119,1.6370423
1012145,2.0707746
1171747,26.076557
1346185,3.5328064
1006778,67.36564
1107849,24.321047
1003956,71.88186
1345089,30.076813
1083682,58.9723
1380759,9.192278
1397736,1.8986998
1023137,2.0808325
1195012,3.6726239
1392293,1.2438924
1296062,5.846918
1429188,9.11123
1198945,11.428713
1368943,5.9668503
1237133,4.9442906
1447923,78.02944
1443473,4.492654
1184109,35.651512
1389236,11.587642
1089993,2.5457256
1299850,21.08762
1206235,4.46737
1264999,18.083286
1007707,9.19026
1004653,9.429955
1344858,6.230685
1000723,5.684764
1018917,10.223619
1177979,6.9790754
1112358,8.955559
1060249,4.494603
1263821,7.4454246
1422353,20.53593
1377027,9.074844
1059493,22.91866
1157853,9.123283
1363944,27.103449
1124237,20.465124
1409300,70.11321
1196257,2.1256752
1013593,2.243396
1143840,5.70721
1043995,1.1588519
1211854,0.8131236
1273768,1.4721324
1170566,15.06131
1284075,2.343725
1160218,28.396576
1396774,18.734537
1278480,97.43652
1124156,40.246258
1384798,33.849617
1073115,7.6309385
1232532,1.561104
1311295,3.1923616
1413381,2.9741454
1206372,1.1280245
1284978,5.770541
1201760,6.3910728
1280199,16.953382
1013845,7.891341
1109326,3.2668717
1387836,72.51117
1118276,8.34072
1219068,42.3443
1103585,21.236279
1359079,3.0818572
1144173,22.641794
1061245,4.4793477
1384939,27.216919
1415357,5.438354
1019504,21.089733
1112319,6.7719026
1052590,4.989881
1043981,10.513441
1403868,16.850315
1439746,7.4649916
1105934,5.263463
1206515,3.6737492
1360640,15.147611
1020754,4.862257
1375346,15.742842
1289576,8.451529
1114612,17.356884
1397213,10.338055
1254872,63.94521
1391993,1.9076031
1344775,4.419696
1192026,7.0107393
1355576,2.1061337
1137071,1.4202528
1036325,1.4857738
1460552,15.010843
1165277,2.9973943
1116698,33.08111
1313725,24.65698
1229564,112.63711
1219349,32.10731
1274084,26.044641
1071553,9.34617
1121487,3.3519027
1429901,3.9014804
1071073,4.9664636
1404483,1.750802
1194134,8.423312
1427464,14.280603
1446650,9.660469
1429979,8.053732
1378471,3.5158818
1027278,95.134636
1434954,7.1816816
1285642,26.681585
1264356,10.862922
1360557,2.7321079
1123924,17.05184
1390760,3.3861725
1095910,19.68269
1093158,5.8495893
1378965,7.5741835
1360906,6.5243316
1325651,4.119973
1127686,8.617873
1382201,8.865928
1054323,9.568663
1327400,3.8100867
1158975,6.4523134
1084837,17.346607
1265044,7.3594522
1040820,12.460962
1406500,7.8835588
1209697,26.198063
1024274,23.911978
1172999,130.17789
1008552,2.9627943
1237441,4.2122903
1390990,6.1003065
1171352,2.0628762
1228145,2.3356586
1440429,3.0482469
1320265,20.187735
1239104,5.7276545
1021928,55.614067
1064682,67.58395
1002843,177.28052
1445113,54.11872
1389318,63.52884
1144210,10.858557
1349566,1.2181399
1181155,2.0195546
1218721,5.6526413
1335016,1.0374544
1370178,1.9102776
1247710,4.4353437
1002980,4.8510346
1036337,5.0134673
1189494,1.4598715
1282786,46.484062
1160951,2.0080748
1044455,5.6997213
1190764,1.4673811
1278690,8.304827
1033265,2.3730187
1173035,3.668412
1180502,3.7073448
1384556,2.3517232
1456668,3.4415576
1143846,2.239194
1114248,3.4252124
1050039,2.896275
1014980,4.420678
1079769,6.200477
1341585,3.5335908
1137856,8.76341
1127480,5.7045636
1061430,29.16431
1208277,24.603407
1008511,111.769485
1177723,3.2468023
1169806,2.8251405
1420293,6.549132
1082053,1.3668232
1094860,1.5467169
1361640,1.2468233
1091547,15.047552
1314610,3.68602
1265950,27.091883
1441192,26.670193
1404978,81.94932
1043776,61.97397
1185768,53.08259
1012684,11.134094
1200724,6.312579
1443794,4.055253
1270402,6.92924
1226426,5.764373
1352236,2.6486607
1356402,93.98592
1250499,4.861161
1028487,18.469366
1192935,3.404319
1046232,9.276257
1189178,1.7055361
1154958,8.902592
1209295,2.907227
1012293,5.57445
1106071,2.242911
1328351,2.8056862
1030860,1.6690956
1002630,1.3206594
1419977,0.8399189
1035028,0.4644932
1410593,1.9812632
1299440,12.252092
1193105,3.936294
1265659,7.647377
1282214,5.1085424
1293162,27.919088
1236748,23.508083
1328792,113.954994
1104764,3.258738
1309586,5.1910777
1466939,2.2681994
1134400,2.1132994
1092391,2.640486
1315204,28.954737
1161892,4.818108
1098568,77.98334
1235134,27.324276
1226333,80.203705
1346358,33.560062
1241831,65.28022
1114174,10.592981
1165298,2.3184514
1415734,2.3515584
1345790,4.091156
1203236,1.5269676
1441734,6.656354
1434454,10.253063
1266115,12.557241
1006993,6.649768
1146953,5.471135
1025519,84.70085
1169845,5.0586023
1412297,37.994255
1440664,12.62426
1454763,2.765842
1387253,22.514029
1229576,4.870995
1446831,19.674255
1397273,9.865573
1274400,10.242624
1110338,6.766677
1132072,6.12244
1063428,11.491105
1420726,7.8673005
1318768,10.114041
1132868,5.051762
1078361,8.120119
1355833,22.582546
1459320,9.977764
1262197,25.121471
1393189,9.976198
1385205,29.736917
1284349,22.64236
1266271,94.94719
1389321,2.322216
1393516,2.717044
1014267,7.238534
1439666,1.4667971
1287678,1.045168
1075876,1.8591306
1298540,16.856367
1284529,3.247321
1357609,33.365364
1245460,21.182909
1411008,108.32617
1076384,44.812187
1458895,38.013325
1363608,8.960334
1102643,1.8556916
1162117,3.5365784
1295099,3.1499093
1097830,1.3871225
1237201,6.6500945
1029097,7.2512474
1072949,18.67602
1352063,8.759999
1083828,3.613179
1062455,79.49379
1100828,9.471937
1155202,44.957424
1339275,22.900085
1177120,3.361261
1113867,24.053173
1452085,4.942398
1463565,29.62432
1084549,5.9162216
1019743,23.053097
1355001,7.44693
1066786,5.449401
1150982,11.908415
1312697,18.913807
1186659,8.602709
1359429,5.9362
1345488,4.02558
1045516,16.747648
1390635,5.4258146
1272969,17.31988
1098876,9.300075
1221983,19.342077
1056466,11.531664
1093380,79.30725
1069301,1.9765089
1450984,3.6750336
1378136,5.648932
1306025,1.7071736
1419001,1.1805719
1090771,1.2076176
1216586,13.478317
1238874,2.370953
1457579,27.71579
1311324,21.722015
1338387,102.17872
1239240,28.405712
1178277,23.125973
1323261,8.218794
1229442,3.0768623
1035508,4.0269194
1028312,4.9037285
1120826,1.5657418
1032973,7.528928
1271290,12.957306
1414683,8.94427
1304867,7.4410887
1200113,3.252913
1139589,88.71254
1015455,6.371853
1454820,25.36794
1192069,10.380592
1104972,2.650655
1121720,16.289753
1339796,3.1969268
1311240,18.801838
1214396,5.583124
1442233,7.232665
1356756,6.2000756
1014336,3.9345734
1048115,8.133435
1332771,8.24207
1296138,8.874609
1174397,3.5733147
1183137,6.049834
1342833,16.14532
1416514,6.878859
1097614,11.756874
1306818,7.5169563
1241276,24.79339
1449844,22.678783
1418503,90.86098
1116262,3.149126
1388303,4.4126167
1448741,5.950086
1120113,2.0784388
1057609,2.4492872
1075023,3.0471213
1173416,21.095678
1198481,5.995118
1235774,55.598133
1247711,68.072334
1333120,177.93228
1395247,55.61344
1197774,63.491505
1234910,10.963457
1406680,1.4705776
1071643,2.7400393
1432150,9.155083
1135317,1.2021966
1447642,2.0497518
1135242,4.6467056
1099179,4.9738727
1172020,5.1355267
1141933,1.5076398
1366151,45.733814
1315550,2.0844636
1021046,5.7002716
1411289,1.5481033
1263733,8.441816
1087770,2.4616203
1008099,3.824183
1440650,3.854962
1346362,2.436657
1046133,3.7660758
1221157,2.3887036
1016417,3.5918095
1407100,3.1559958
1297931,4.42075
1371259,6.396893
1174865,3.5979278
1373477,9.017535
1346951,5.833449
1459481,30.672613
1216790,25.603306
1277639,98.37223
1029340,5.618828
1128488,2.7860985
1107562,6.1502295
1129259,1.3592864
1400562,1.6154826
1209608,1.2363611
1169702,14.691485
1220034,3.8871598
1215616,25.72121
1084856,25.260557
1162509,77.15188
1363663,59.56557
1233824,50.001003
1143706,10.403254
1196789,6.0616293
1310946,3.9814076
1337993,6.7632
1451601,5.6532106
1112737,2.6041791
1153838,88.04683
1253662,4.659984
1442960,17.04906
1284999,3.246247
1104822,8.65565
1389764,1.5978078
1013045,7.9908395
1218426,2.7383265
1398635,5.397652
1376070,2.1527333
1368391,2.6879392
1328515,1.6774393
1048671,1.2664381
1235147,0.84055585
1171104,0.471128
1200661,1.9905962
1061995,11.78639
1358862,3.8356426
1096674,7.5523806
1112071,5.139096
1250278,26.2849
1120291,22.581114
1297050,87.02049
1320665,2.6573844
1324548,4.0537353
1218324,1.7741423
1386892,1.7246077
1448643,2.1505432
1260731,26.42167
1095344,3.9403465
1287499,69.501785
1001803,24.624203
1290810,73.664955
1382329,30.525375
1055968,60.150593
1336171,9.333697
1234838,2.0580947
1089636,2.3429358
1171316,3.9893723
1104211,1.3493905
1462028,5.883103
1159230,9.142456
1199481,11.596359
1093186,6.0684786
1468284,4.970215
1249984,79.342674
1008786,4.4861574
1428020,35.454983
1093051,11.730188
1241939,2.5832314
1323792,21.094158
1117001,4.4796085
1236321,18.433447
1076379,9.217656
1302288,9.516927
1184378,6.3029876
1283197,5.7805552
1399217,10.669652
1118279,7.1458893
1226113,9.1513195
1379465,4.60633
1130451,7.5937257
1274586,20.940102
1083972,9.319205
1322382,23.575602
1045535,9.407706
1299367,27.784327
1300343,21.190868
1123570,68.3824
1048478,2.4084783
1199439,2.2338784
1199662,5.8629847
1183919,1.2031898
1012304,0.8667118
1232917,1.5162482
1278324,15.402791
1242592,2.756555
1436349,30.404766
1212183,19.482998
1063482,101.29124
1398875,41.915527
1182513,35.575134
1144572,7.9146194
1172502,1.6603712
1212100,3.2801158
1467872,2.7239938
1213500,1.1934376
1229758,5.9819703
1391464,6.5628233
1202405,17.28708
1281020,8.109476
1407855,3.3411846
1188659,73.9751
1461489,8.572007
1141627,42.3557
1059980,21.719381
1418535,3.1996198
1013051,22.744371
1200918,4.62605
1335785,27.736622
1430224,5.569383
1018085,21.715372
1031570,6.9836473
1203249,5.10682
1111029,11.068468
1014927,17.497868
1336913,7.795854
1293950,5.464446
1286211,3.8052535
1438369,15.562299
1051595,5.0472355
1014475,16.397253
1248706,8.791794
1242351,18.398907
1146923,10.923546
1171765,58.00056
1283389,1.8246001
1216308,5.0766153
1120765,7.802138
1219221,2.5224514
1022468,1.55076
1396070,1.6512369
1192688,15.942058
1087236,3.1248457
1111920,35.562622
1170353,24.65128
1178775,113.18772
1125780,32.268745
1157739,27.031132
1346225,9.501071
1368181,4.554786
1405140,5.256795
1374860,7.8611145
1014572,2.3807142
1137205,8.611509
1384392,14.64255
1376233,9.723747
1223868,8.18198
1434866,3.6390672
1173728,96.82891
1401943,7.1992865
1194322,27.326944
1308697,11.003452
1239640,2.7601688
1184903,17.631956
1462994,3.3694382
1346275,20.380161
1414300,5.9710298
1126789,7.701476
1308739,6.678406
1330366,4.220079
1056149,8.87458
1453335,9.118387
1050935,9.787315
1210118,3.884769
1080123,7.0681257
1073590,18.60845
1165173,7.9085474
1332715,13.143263
1417153,8.606161
1130329,28.512165
1128097,26.204885
1456627,148.65178
1209071,4.973664
1365726,7.4730864
1293388,10.197772
1066738,3.7086601
1127326,3.8137176
1408084,4.898474
1251699,26.464056
1391166,7.7766213
1265904,71.514175
1199975,79.783646
1119335,208.04337
1306562,65.57378
1249451,75.77341
1003400,13.327049
1101288,2.9199038
1319844,4.565017
1365939,17.697376
1106444,2.3129025
1215226,2.4547625
1358000,5.3385544
1084799,5.544097
1302875,5.704007
1376823,1.7740883
1319079,49.68164
1419282,2.3888555
1378498,6.281888
1089874,1.6916978
1154919,8.822908
1121008,2.599391
1037610,4.0366745
1456818,4.1038566
1174203,2.6291585
1261267,3.965049
1365434,2.5514848
1343190,4.0285068
1328757,3.3378525
1363712,5.254202
1004393,7.5838876
1149027,4.2475753
1410018,10.461861
1126278,6.831862
1049187,35.879036
1357020,30.257635
1461204,193.94226
1221646,10.848015
1400746,2.9183688
1423834,6.556886
1345823,1.514751
1132773,1.6539338
1065774,1.3670623
1357934,14.507254
1056172,3.5404263
1102620,24.808643
1166128,23.319386
1365550,73.86462
1282467,55.751575
1290636,46.556877
1082435,9.679506
1003977,5.994821
1040917,3.7996335
1244687,6.3853865
1371593,5.391507
1096948,2.4566221
1188004,88.840866
1238883,4.5106573
1241217,16.640663
1469093,3.076746
1333179,8.414728
1409841,1.5535892
1314091,7.5753126
1320079,2.4396493
1394461,4.955196
1423280,1.9288404
1034313,2.5430675
1017059,1.4521453
1068853,1.1317458
1218621,0.7265545
1304450,0.4141174
1153712,1.911513
1045283,11.417959
1026433,3.7700336
1276371,7.1155233
1206227,4.893364
1321391,26.38805
1132157,21.905361
1432242,123.499146
1386210,3.7425869
1182676,5.486024
1238660,2.500268
1155191,2.1313155
1035272,2.8239892
1343843,30.710735
1280956,5.047518
1080953,85.48757
1343199,27.98328
1043183,80.06923
1029040,33.938137
1239566,68.17421
1444224,10.689186
1451098,3.0628974
1341214,2.89895
1095854,6.0882173
1323101,2.0465562
1346357,6.725489
1186244,10.542241
1398261,12.709063
1204583,6.6976366
1447937,5.6375475
1347600,86.38115
1311205,5.0625496
1283144,38.44619
1334541,12.557979
1179104,2.7334669
1193645,22.8628
1001935,4.771747
1357676,19.955109
1430039,9.971754
1150571,10.381671
1435699,6.8738112
1224381,6.1981473
1316697,11.624365
1233845,7.900139
1231782,10.2933655
1244830,5.140723
1126303,8.689199
1029321,24.065992
1434072,10.629311
1415163,26.603033
1344049,10.713587
1266109,31.479364
1068210,24.337727
1260930,108.45497
1069582,3.5895083
1037303,2.9089825
1317877,7.7404556
1380252,1.6347545
1353284,1.0770105
1416714,2.0033345
1317138,17.420595
1111728,3.4766898
1027660,37.032204
1410838,21.834543
1348678,109.524475
1124947,46.399513
1166428,39.903946
1426920,9.122443
1204408,2.4783669
1312543,3.9737916
1279984,4.1226997
1184961,1.820647
1365103,6.748852
1433375,7.409293
1217261,18.879395
1229933,8.818168
1266383,3.7080154
1369939,81.17277
1403431,9.597448
1172964,46.025597
1030382,23.425955
1287459,3.373235
1467233,24.766909
1414578,4.883244
1309310,30.343893
1026668,6.0162573
1189078,23.762878
1315066,7.665118
1057904,5.5802383
1211874,12.099782
1039588,19.514023
1170079,8.736227
1291395,5.996169
1050478,4.366867
1173442,17.72903
1085607,5.7530794
1070390,18.18584
1092503,9.893011
1283166,21.310589
1359975,12.64543
1388242,87.48262
1328265,2.688786
1174955,6.5335326
1260898,10.220314
1138730,2.427586
1067325,1.5526154
1088884,1.7231228
1269571,19.770452
1024573,4.8936195
1212248,37.638638
1077188,36.67658
1328734,115.434616
1112984,32.363388
1467869,26.95304
1422025,14.595034
1153178,4.7768726
1184754,5.0459266
1450789,6.586164
1050369,2.428595
1033420,9.1080065
1425704,15.786158
1133868,10.319975
1353313,8.682095
1444729,3.8514888
1414652,104.516945
1262638,7.6309447
1451431,29.226894
1055107,11.891748
1268129,2.9914978
1130610,18.69127
1228818,3.5752263
1167643,21.668049
1079181,6.3515615
1061641,8.243812
1096432,7.061905
1063289,4.504504
1167077,9.350058
1296870,9.742384
1439559,10.677114
1066472,4.2372303
1149513,7.1898513
1019260,19.558477
1322184,8.049821
1007746,13.802277
1362885,8.882647
1268623,30.185787
1231968,27.363913
1397909,120.889755
1401230,4.145637
1193752,4.554239
1344946,6.428623
1022695,1.729937
1069827,1.8408089
1289109,2.4942288
1141464,17.169453
1061931,6.2621202
1219302,39.719765
1200616,60.756462
1321736,110.841286
1103558,33.93058
1285991,39.40291
1435277,10.60172
1456492,1.4018414
1111639,2.1370692
1312617,7.4116325
1212637,1.1123492
1402668,1.2745975
1164379,3.0858567
1157419,3.103927
1130872,3.1679986
1260741,0.93678826
1025218,28.73059
1425922,1.3527161
1215008,3.5322914
1288809,0.9389108
1418133,4.907572
1415196,1.458689
1256166,2.3523018
1138026,2.3648365
1312917,1.4693587
1417196,2.1149504
1382223,1.4122417
1322142,2.2003446
1298483,1.8405901
1390487,2.9487598
1328943,4.1304464
1432311,2.3310769
1095405,5.8690424
1061541,3.8045516
1078573,19.43118
1059499,16.413809
1084248,82.62936
1089964,4.6091337
1406721,3.7039895
1125328,8.382182
1405034,1.5127676
1301108,1.6248944
1023074,1.4045651
1392958,15.970335
1344783,5.35797
1106191,26.05311
1211163,31.56153
1328390,70.537834
1292551,53.64048
1308023,45.368446
1328141,13.591354
1019455,5.7775493
1352361,3.8507156
1051398,6.2258835
1442019,5.378648
1367563,2.412464
1051250,84.09155
1249932,4.419463
1084418,15.90095
1024710,2.9772239
1200567,7.8587937
1144634,1.5091987
1158366,7.4275312
1206053,2.576296
1202909,5.09941
1355968,2.0396302
1290601,2.5260844
1368938,1.4837961
1130491,1.189529
1460887,0.77405626
1442540,0.4446587
1340446,1.8043146
1162406,10.80545
1158387,3.480835
1135615,6.9865026
1381020,4.5650606
1126387,25.472406
1097674,21.363329
1282856,95.9113
1087491,5.113991
1285657,7.8290796
1131929,2.69977
1390039,2.4060278
1317575,3.2408633
1044664,38.98713
1406903,8.345567
1021477,93.200615
1084376,42.75937
1317895,83.98912
1393004,36.11225
1374005,72.36231
1296880,17.527203
1123919,3.5362122
1404155,3.4250152
1185245,6.018995
1391678,2.2554026
1267680,7.368289
1096243,11.44232
1271525,13.668709
1401820,7.2285256
1161597,6.099802
1041597,92.60411
1265367,5.489062
1040731,41.268223
1286007,13.346484
1191849,2.9015918
1175923,24.33405
1271541,5.0568123
1075422,21.242214
1349879,10.708153
1416848,10.971483
1194907,7.2867317
1318029,6.6603003
1404786,12.639641
1261812,8.667305
1115347,11.40681
1107673,5.5426826
1250486,9.11302
1282691,25.60735
1040212,10.931975
1203183,28.248083
1047944,11.239753
1096327,33.597862
1430842,25.71178
1219375,97.97496
1164823,3.6350384
1263591,4.2031593
1178499,11.304904
1076169,1.7890675
1237586,1.189069
1049543,2.2964175
1010692,23.078892
1446502,5.884101
1421555,41.931366
1304508,35.490395
1139738,118.76426
1069123,50.159603
1381185,43.32037
1380536,15.66141
1181556,2.8299103
1384978,4.5017414
1322280,4.123005
1304418,2.0180619
1319378,7.503179
1452862,8.216454
1249678,20.831167
1141352,9.777987
1294943,4.1213074
1161279,89.36989
1414639,10.580347
1066311,50.82708
1453230,25.443354
1462800,3.7070775
1063621,27.055126
1045907,5.278315
1096599,33.52424
1338489,6.7007813
1412532,26.22811
1459131,8.40077
1321086,6.1354847
1088628,13.6694565
1183024,22.006601
1287307,9.941396
1090847,6.8114595
1338220,4.642297
1386261,19.395414
1303999,6.120247
1169745,19.860046
1188192,10.657503
1018101,23.017458
1038940,13.653328
1233686,82.71869
1293929,2.6805716
1168795,7.8649187
1255865,11.445371
1392973,2.8112607
1314864,1.7968525
1154248,2.056988
1366613,22.324015
1147828,5.599697
1283787,41.613132
1441424,40.222706
1042517,122.93494
1378630,35.6251
1469544,29.544842
1414712,16.369339
1125956,5.4328794
1436903,5.616749
1400852,8.501623
1382640,2.7195885
1114432,9.477305
1242052,17.110767
1237230,10.65672
1041009,9.043102
1445368,3.989766
1342001,108.267494
1155358,8.256677
1111943,30.152063
1037922,12.262579
1228291,3.0874593
1255836,19.230066
1387192,3.7405167
1299950,22.139328
1415241,6.48592
1273340,8.312789
1327642,7.2842994
1206102,4.6598563
1380217,9.737803
1439351,9.849161
1363715,10.874105
1109571,4.21772
1169493,7.5122976
1344131,20.59903
1054358,17.33082
1144831,29.018473
1077036,9.399206
1422848,30.89264
1188503,28.094915
1322292,185.4144
1416136,5.4612827
1028868,3.9348693
1080315,5.1288896
1016820,1.4834274
1067007,1.6464468
1082094,2.1125455
1257152,13.878317
1002195,5.34558
1062074,31.490671
1203356,46.75451
1327790,84.473206
1201441,26.131298
1166069,31.110453
1100057,8.319746
1263839,1.1981686
1427914,1.6557915
1396458,6.5382524
1045068,0.86952657
1122033,1.0608579
1457673,2.5144062
1405281,2.4617434
1379041,2.5894976
1012337,0.80478954
1366929,22.427532
1420509,1.1278651
1242143,2.8279636
1388330,0.7832892
1112897,4.153896
1197652,1.2119157
1009197,1.9557722
1181147,1.990938
1125295,1.2517774
1266611,1.8412329
1235691,1.199756
1139758,1.8853527
1373317,1.5787845
1092579,2.3514886
1261894,3.2945747
1363384,3.7959511
1216666,9.301349
1321635,2.9932778
1261456,15.299054
1379468,12.4937
1315108,89.57152
1380919,4.0700526
1306843,3.5667672
1448019,7.900378
1104705,1.3368113
1089512,1.5566328
1215221,1.2275703
1267587,14.858235
1076193,4.9571986
1443593,24.231089
1443685,29.745493
1381935,64.03645
1404331,49.700397
1447478,42.585815
1216902,13.0576
1023633,5.5433335
1300659,3.6265838
1061421,5.8737097
1405074,4.806059
1190491,2.196201
1410230,74.91738
1148101,4.2145405
1160709,14.751747
1161169,2.8778877
1154700,7.189332
1186742,1.4730756
1282103,6.846667
1017349,2.2622993
1052560,4.632285
1017013,1.7995014
1326852,2.4460976
1049607,1.3717332
1377433,1.0695192
1338561,0.61519444
1237445,0.38117892
1096658,1.5564847
1147102,9.530441
1365841,7.0699286
1277413,12.387175
1131246,3.9987264
1191461,23.195063
1199828,19.087427
1349775,123.35571
1345706,5.802378
1319240,8.129638
1313927,2.9628804
1392922,2.6324155
1185792,3.688795
1445508,42.411427
1439955,9.181188
1236028,100.039314
1387781,46.642475
1050584,88.20165
1010364,38.394108
1386287,75.48309
1316231,18.93922
1064720,3.712764
1110346,3.4293923
1130114,6.8219695
1004820,2.3373911
1346712,7.625657
1329000,12.506436
1440557,14.121733
1326524,7.6347175
1090923,6.330861
1095639,97.50102
1405064,5.940468
1425876,43.148033
1257466,14.105497
1151260,3.0782986
1420525,25.481056
1454686,5.272561
1065088,22.125454
1143905,11.055235
1422292,11.29113
1372899,7.5284853
1154849,6.965721
1159807,13.118719
1067956,8.752464
1324575,11.702117
1466242,5.637854
1274200,9.487215
1334158,26.88392
1057719,23.379688
1241814,58.262146
1229488,11.933733
1410600,35.028625
1069443,26.733685
1090027,133.65102
1363557,4.1688995
1144018,5.06446
1152424,12.628197
1387238,2.0670352
1070132,1.3932741
1437567,2.7782571
1437388,26.897482
1297831,6.7430434
1176785,47.13155
1251230,40.76761
1206224,128.53586
1222616,55.0006
1405470,47.30046
1090796,18.197239
1048525,3.2616801
1429824,4.9644237
1175341,5.303242
1421979,2.3117661
1221685,8.122279
1179413,9.606087
1126290,22.632473
1106478,10.698155
1143363,4.426899
1208903,99.19288
1131491,12.00846
1405261,54.88021
1165989,27.87214
1203373,4.0054045
1072740,29.43981
1221540,5.6242685
1369973,36.026894
1448649,7.087948
1281281,27.736877
1138152,8.935839
1276647,6.709159
1136478,14.836494
1176628,23.193573
1261784,10.489267
1014375,7.129307
1205559,5.1158075
1198916,21.652521
1461310,14.325914
1101425,44.7342
1188755,12.053434
1137345,25.173786
1148360,14.9950075
1206782,118.79814
1196668,3.5183232
1426739,7.0554833
1392876,10.909298
1276267,2.4876757
1385932,1.5347564
1081574,1.6506035
1436685,18.827204
1379697,3.7164872
1010501,28.278385
1145766,33.296787
1438720,102.574036
1307259,28.945782
1300194,23.382086
1074491,12.845322
1436621,4.7213793
1090713,6.366557
1141591,9.422924
1363003,5.1987796
1184797,7.5798936
1075701,13.931355
1180203,8.969684
1056879,7.4322066
1292362,3.239962
1420589,89.679306
1420911,6.8129134
1311455,25.536612
1041305,10.381688
1018256,2.582109
1019759,16.335562
1147061,3.1530118
1084241,18.86719
1211356,5.5696907
1322124,7.108237
1325176,6.1604013
1240551,3.930434
1428857,8.396723
1010772,8.542465
1336745,9.283751
1034458,3.6583755
1465114,6.236978
1156725,16.576834
1265506,14.879675
1280114,24.36591
1377135,7.5968676
1118438,26.006271
1351546,23.769909
1330396,131.3908
1357557,5.7389355
1099568,11.989492
1361725,16.657917
1017007,4.255313
1317866,4.2136774
1035267,5.4673343
1015376,35.554222
1128313,9.338219
1401573,60.174767
1357845,108.20475
1173535,191.05852
1263397,60.74925
1425343,68.21953
1365750,18.756165
1192665,3.4613018
1286191,6.862811
1419920,22.853113
1151257,2.7337785
1154058,2.2270277
1163212,5.3086843
1179886,5.2758217
1396464,5.378704
1277497,1.6411712
1336035,48.08764
1239673,2.367231
1219092,5.8239927
1259723,1.5765359
1045758,8.584399
1104172,2.5242555
1270034,3.948276
1464344,3.9432788
1264833,2.4950624
1095350,4.212762
1017941,2.6618896
1251035,4.2408285
1024658,3.389172
1239404,4.9533854
1064638,7.40458
1232322,8.194663
1071410,20.125704
1184833,6.421263
1085983,32.989067
1244211,27.73083
1288805,167.72372
1122426,13.49156
1061045,3.9528518
1059748,8.893484
1130520,1.6258585
1007480,1.7612156
1013238,1.4234579
1074939,16.558203
1178013,4.3531213
1257422,22.033073
1144801,31.146978
1321219,71.893585
1306385,54.39792
1214892,46.301502
1012223,13.666547
1012796,5.9470077
1186478,3.9071045
1177094,6.3798428
1457543,5.134903
1108074,2.406988
1290739,81.90124
1344972,4.5842295
1231701,16.000248
1145461,2.9269464
1343214,8.046328
1417586,1.5076044
1216445,7.066836
1038515,2.32308
1469225,4.746403
1233265,1.7903833
1023128,2.4501204
1022666,1.4224491
1004861,1.0517948
1057866,0.6922274
1131945,0.39148784
1452189,1.8155034
1146544,10.876646
1280430,7.5827246
1347452,13.343198
1031550,4.716863
1409674,24.94125
1190359,20.868818
1100243,103.316734
1251987,5.4517503
1395115,7.946985
1419892,2.63943
1309802,2.2085614
1315565,2.9764113
1011431,35.30898
1360395,5.974333
1198164,67.47445
1397697,37.704475
1030043,71.68654
1146386,30.459295
1460793,59.131847
1034396,15.107248
1320225,3.3163934
1408916,4.1574745
1469466,8.008586
1431729,2.1974094
1231336,6.0321
1224074,10.017196
1314415,11.797668
1066921,6.2180414
1095956,5.0855074
1342491,80.51918
1066966,4.8628163
1212086,36.363636
1458276,11.960953
1451275,2.5474617
1228325,21.558006
1017003,4.490456
1460578,18.690456
1103548,9.310954
1189524,9.577293
1357978,6.3484244
1296165,5.830461
1239496,11.2786255
1206974,7.5831137
1409375,9.9037485
1117850,4.8778434
1301923,7.9701643
1194246,22.07051
1104238,20.516628
1154202,49.390514
1408076,9.829735
1318176,29.194784
1163395,22.180414
1056504,101.78653
1161761,4.698153
1105904,4.1394205
1141487,10.637651
1075862,1.6982253
1346579,1.1139247
1399099,2.051468
1177653,20.107616
1352739,3.9658024
1259088,27.952084
1442417,28.407293
1129092,95.277565
1433256,39.550636
1428618,33.25444
1140091,12.323114
1378464,2.6330822
1453052,5.1635895
1344819,5.4673705
1186118,3.9158847
1273489,5.912023
1061010,7.0392823
1173849,17.205727
1162057,8.06052
1212088,3.3109863
1290337,74.18773
1159873,8.969834
1348207,43.524307
1387870,22.163025
1321428,3.1569524
1084998,23.37228
1248628,4.5934553
1072275,28.263844
1226730,5.589934
1462210,21.576004
1325789,6.978521
1054203,5.178462
1182553,11.649602
1026839,18.525188
1081522,8.372604
1258270,5.749378
1172895,3.817485
1345101,15.634158
1161412,10.749944
1405455,33.32592
1452797,8.836732
1157059,19.164953
1318066,11.406488
1138796,79.84737
1263582,3.462419
1404472,7.0799417
1157876,10.447706
1379636,2.5269406
1068805,1.5540421
1016807,1.6799352
1000676,19.439999
1286428,3.9423244
1181776,28.975016
1140748,33.68855
1007954,102.54216
1066516,28.9119
1377806,23.649273
1028515,13.438182
1027927,4.7175813
1234523,6.1275697
1443212,9.99453
1223343,5.125338
1326018,7.906067
1243384,14.452372
1467883,9.325828
1350057,7.826598
1137868,3.3841298
1154753,90.90971
1147640,7.0625315
1056169,25.82522
1271089,10.455155
1132057,2.6388156
1260301,16.550293
1328386,3.2063289
1193606,18.914831
1345609,5.5964346
1442509,7.1015105
1201477,6.1960316
1030952,3.942517
1101383,8.061982
1292183,8.3355465
1072438,9.031691
1116941,3.593082
1315063,6.4239135
1311587,17.235401
1022356,15.400545
1244185,25.09456
1222397,7.942642
1058795,26.152126
1002024,24.003876
1317279,132.26985
1059608,6.202917
1423308,11.364279
1149289,14.816935
1449312,4.051055
1311771,4.022809
1257120,5.32556
1270468,34.92501
1425735,9.762762
1415719,58.757393
1096120,105.27315
1311241,184.88986
1301225,57.768074
1364210,65.9918
1094824,18.947067
1444827,3.2689564
1031762,6.2092123
1292487,23.159006
1285608,2.655595
1138545,2.2609823
1462560,5.3134804
1277817,5.3131166
1011147,5.5201044
1104246,1.6771011
1014805,47.833336
1037403,2.4030998
1409992,5.916469
1292279,1.5822423
1310410,8.280275
1187836,2.456875
1007863,3.8438506
1394243,3.8934503
1291795,2.437354
1041104,3.809641
1280710,2.4179878
1404708,3.8775928
1403662,3.197442
1220645,4.9302583
1222494,7.354094
1414132,8.209812
1227746,20.302402
1262326,6.465219
1276990,32.529045
1314618,27.564926
1246524,166.1366
1020324,13.788312
1210046,4.3859296
1172117,9.414745
1427601,1.7560081
1432286,1.847922
1261103,1.5365819
1407615,17.4506
1225403,4.804294
1192898,23.586624
1299106,32.536247
1279384,73.412476
1278204,55.758904
1116596,47.109276
1403784,14.9028
1118068,6.2624626
1126357,4.1881075
1368863,6.7768083
1235116,5.62355
1058609,2.5673802
1194895,88.702194
1300655,4.814774
1402805,16.769867
1138505,3.0974545
1219810,8.390228
1298494,1.61818
1364423,7.59669
1284677,2.507858
1150394,4.9618497
1391199,1.8850307
1341435,2.5191245
1183810,1.4920764
1303070,1.1440208
1247376,0.7519406
1105489,0.4259244
1413019,1.9391797
1077470,11.738118
1058775,8.098711
1449113,14.282535
1053055,5.0163465
1130377,25.98031
1165912,21.647606
1276953,119.22063
1016736,5.339785
1176030,7.501372
1459467,2.5991688
1445405,2.217072
1420614,2.9627647
1122217,35.96422
1345083,6.220292
1194941,69.88689
1279299,37.551125
1088174,72.5364
1088369,30.622711
1222271,59.91383
1004784,15.336436
1271890,3.2456734
1118658,4.0887294
1324407,8.528765
1255482,2.1549501
1236723,6.1966505
1104623,10.302
1164920,12.092538
1088839,6.44242
1090794,5.204482
1124562,81.31342
1036608,4.9454107
1280602,36.828964
1154457,12.127528
1071060,2.6137416
1166220,21.803097
1395073,4.5437517
1450067,18.828981
1375224,9.355326
1182326,9.574544
1282438,6.374924
1283038,5.856498
1310825,10.728834
1301107,7.3343377
1136506,9.512475
1196869,4.7498565
1316508,7.943324
1199769,22.197111
1402701,20.449915
1058718,49.511765
1458187,9.833389
1408021,29.144323
1411069,22.405293
1383266,98.470146
1342637,5.1255803
1011066,4.0325117
1461002,10.014222
1280971,1.6704384
1112565,1.1026723
1176702,2.0331185
1390737,20.670204
1143099,4.1589684
1454514,29.57803
1041130,28.830286
1289556,97.21573
1120857,40.556953
1349081,34.45471
1360150,12.823784
1331127,2.5523963
1336168,4.706457
1119043,5.590811
1072982,3.7368119
1453398,6.157733
1099277,7.322745
1247813,17.901575
1161087,8.464282
1322849,3.4403691
1296340,75.87385
1424535,9.311149
1097774,43.928642
1441516,22.4673
1088247,3.2705696
1017863,23.626516
1000552,4.682723
1376299,28.541492
1070828,5.6362467
1346261,21.818344
1206211,7.036068
1154531,5.2143006
1023476,11.153069
1299908,18.064854
1241060,8.053774
1288733,5.629485
1254388,3.9013762
1281257,16.00034
1302247,10.83594
1288212,33.41985
1016284,8.933924
1457411,19.282698
1376093,11.573877
1460746,74.976234
1231727,3.607352
1161765,7.2552004
1023758,11.331155
1311012,2.665094
1092257,1.678241
1166359,1.8898522
1147181,18.745312
1265719,3.6815581
1243283,28.271036
1252156,30.936401
1115299,102.57029
1403332,28.483028
1391741,23.292076
1305185,12.315203
1018152,5.4406633
1063425,5.8334703
1373044,10.489592
1171380,5.7437825
1074906,7.759181
1328823,14.178581
1371669,9.015463
1429197,7.5928764
1368978,3.2717013
1228072,90.52894
1262317,6.91473
1228760,25.552021
1334638,10.510369
1358243,2.628154
1309560,16.507542
1375899,3.2136788
1443404,19.592505
1291509,5.741288
1146703,7.3969307
1021576,6.3481894
1338487,4.0151296
1165865,8.501242
1053821,8.84141
1384517,10.023412
1117894,3.7555432
1417154,6.0965257
1401840,16.58022
1178378,13.7781725
1376980,22.553425
1330147,7.690264
1439991,26.592953
1421417,23.915434
1453636,152.4697
1328293,6.34898
1015885,12.7150545
1328591,17.089445
1234147,4.885542
1059297,4.9470177
1168642,6.535876
1298445,37.650803
1158812,9.217181
1029324,57.811657
1185697,100.08797
1451473,179.46362
1405278,56.805138
1350296,65.729416
1071817,17.559172
1104064,4.192579
1357922,6.170934
1084286,27.183737
1237100,3.0522778
1386499,2.170106
1091571,5.204969
1389142,5.1240187
1270969,5.3114676
1259230,1.589354
1466893,47.264923
1217348,2.3013532
1297649,5.6571856
1447346,1.5431714
1414380,8.320114
1280288,2.4492643
1043445,3.8491745
1179591,3.8096356
1450708,2.4011903
1360734,3.9655926
1220689,2.5646346
1152495,4.2421894
1261359,3.2333775
1190726,4.7314305
1434997,7.112773
1297216,7.5406775
1075936,18.525839
1345103,6.290398
1037160,32.088043
1468789,26.526539
1266641,202.50854
1358517,15.914748
1460742,1.9622751
1039402,4.767411
1123959,0.8111175
1030188,1.0873401
1435038,0.7663356
1272102,7.629573
1454239,2.1557877
1351495,11.496802
1036021,14.043223
1289006,35.63557
1397411,26.413586
1438179,23.36841
1320648,6.3058586
1431967,3.1090226
1307431,1.944326
1173301,3.1695166
1044282,2.4716907
1300548,1.1964049
1104057,38.74848
1006873,2.3265264
1313256,7.300588
1158616,1.2922637
1401190,3.54473
1418254,0.77525127
1283040,3.5559132
1097229,1.0894122
1264575,2.3289053
1111980,0.8512562
1070710,1.2574418
1371523,0.73594856
1204638,0.5524261
1065491,0.36875096
1098576,0.19925123
1152216,0.9165146
1349560,5.459234
1320406,3.7572281
1063170,5.693365
1429419,2.3651133
1193266,11.705446
1382333,9.753348
1022961,70.586235
1277961,5.329786
1012876,8.003311
1258706,2.819276
1258978,2.4352098
1033237,3.299569
1065555,35.334545
1209500,5.9723372
1170268,70.14445
1265508,35.006104
1132591,72.38413
1364495,30.706793
1133032,60.962055
1393498,14.547711
1308130,3.728344
1189426,3.9189396
1356607,8.578553
1133717,2.4401853
1013033,6.2073946
1234516,10.180639
1244842,11.992299
1265164,6.3829565
1011191,5.2048097
1429585,81.15874
1053637,4.931611
1112140,36.451794
1289654,12.074858
1195221,2.5996985
1456011,21.831171
1190026,4.6137033
1012471,19.227602
1019382,9.622517
1282509,9.663588
1034592,6.488144
1246781,5.966563
1127300,11.225052
1218250,7.5556726
1169996,10.405371
1193582,4.816424
1312793,7.8713274
1393467,22.305494
1245768,18.517368
1216676,44.95605
1290408,9.930197
1230439,29.953436
1326605,22.327238
1317892,110.79366
1272918,4.9639316
1082215,4.140796
1267903,10.560498
1296703,1.7251225
1084500,1.1743603
1328401,2.2161674
1329448,19.842041
1239806,3.867741
1340834,27.899124
1355611,25.125452
1158913,94.43058
1101256,38.76842
1295602,32.81002
1076249,11.758928
1393799,2.786696
1367039,4.602729
1195342,5.6963315
1279255,4.1119304
1010694,5.93364
1395397,7.047741
1462322,16.976383
1044990,8.187177
1176840,3.3438733
1006194,72.14013
1016211,8.993291
1288945,41.854237
1338350,21.560726
1125356,3.1451163
1051697,22.98882
1046967,4.617798
1415360,28.687363
1367444,5.539373
1469325,21.290539
1307464,6.8572493
1048938,5.028167
1209567,11.265454
1015569,18.051311
1282773,8.464061
1467887,5.628286
1400279,3.7115886
1446397,15.699925
1230563,9.60619
1128688,29.884464
1355454,8.900548
1414088,19.002584
1033332,11.209368
1430606,86.79009
1264613,3.5662622
1288223,8.52533
1094885,13.500653
1295232,3.0679345
1314815,1.8632568
1132807,2.131273
1021747,20.125137
1361810,4.206002
1243333,29.722967
1218776,34.154285
1216004,104.73714
1408263,30.123337
1374208,24.24314
1273939,13.511731
1017852,5.8726234
1259710,8.539137
1305287,11.878879
1335928,6.5474024
1109408,8.013567
1379602,14.811282
1331374,9.410815
1205477,7.8923044
1132457,3.4784133
1316804,93.10162
1064576,7.2160273
1173770,26.080877
1051194,10.730204
1182581,2.566196
1218114,17.184153
1215401,3.2560475
1170230,19.200483
1377165,5.6919065
1388101,7.3896704
1429095,6.3564725
1427520,4.0154786
1038979,8.642589
1007805,8.878982
1219873,10.07382
1031999,3.797568
1313265,6.5404906
1029200,17.51735
1227383,15.536722
1451441,24.764793
1239162,8.175785
1109858,27.146358
1285890,24.627216
1347982,198.28755
1311355,7.379537
1059858,13.79923
1262474,18.362309
1014074,5.111788
1231518,4.886425
1270909,6.5233536
1229908,37.343502
1270030,9.079718
1180719,55.468708
1411411,100.68031
1110462,169.98361
1000769,55.927074
1154918,64.97352
1024871,17.536594
1197840,4.0071826
1084152,7.107503
1183020,27.40058
1429574,3.0307584
1180400,2.110371
1124447,5.1126976
1279271,5.09085
1060877,5.276067
1447889,1.5862496
1157890,46.549416
1369430,2.32168
1363436,5.784505
1305889,1.4815114
1175418,7.9259505
1452370,2.346208
1245305,3.6912522
1329282,3.5958352
1299892,2.303678
1336066,3.8983555
1053471,2.4634366
1266964,3.9650197
1411706,3.1171675
1066803,4.6955576
1090542,6.9520364
1214444,7.713281
1157238,18.623692
1079839,6.1911635
1178278,31.7797
1035173,25.980255
1121009,210.38245
1342012,15.983133
1173375,2.25806
1392085,5.5140295
1044601,0.9438586
1197673,1.1830746
1261982,0.8682276
1311715,8.588618
1431914,2.5052564
1231847,12.157949
1070408,15.720813
1216516,37.640846
1295510,27.1771
1242614,24.991688
1311812,7.220044
1289746,3.5130432
1382776,2.070269
1007428,3.372951
1415315,2.6348386
1358565,1.2836679
1145238,39.23551
1147478,2.4361787
1019029,8.266984
1215287,1.4900731
1429724,4.0708184
1016796,0.92504036
1168462,3.4564388
1399498,1.174497
1231606,2.525467
1349471,0.921388
1195402,1.2885921
1461003,0.72217494
1274115,0.54567254
1034468,0.37490043
1251806,0.20796724
1408999,0.9504247
1193168,5.650379
1129003,4.1667113
1209622,6.416134
1256620,2.5329566
1160329,12.89045
1019205,10.352936
1398986,86.30814
1201543,6.629964
1457480,9.830931
1233081,3.450238
1188335,2.831738
1451872,3.9488933
1307543,39.049442
1249548,6.953494
1117926,72.872086
1319455,38.373074
1129805,73.06423
1268118,32.216045
1317876,62.052727
1402765,16.06831
1397448,4.248818
1438653,5.421847
1407147,10.241731
1345369,2.8848786
1129745,6.561579
1140313,10.75247
1413864,12.448351
1143689,6.6613593
1228881,5.523908
1286613,84.53867
1186374,5.2081966
1035573,37.470165
1239045,12.36063
1118960,2.552137
1226329,22.799393
1257093,4.678259
1345168,18.917973
1431458,9.493754
1459148,9.679998
1282146,6.505665
1440559,5.9477415
1230382,11.542226
1118543,7.8080626
1126946,10.722325
1081036,4.875936
1210718,8.336046
1269838,23.429499
1316014,20.998455
1303913,49.555676
1467315,10.582842
1115572,30.430105
1050647,23.052534
1412370,147.3178
1260954,5.977337
1001110,5.467057
1318598,13.693365
1416321,2.2358422
1115043,1.4206561
1188991,2.7432625
1076769,22.54521
1350353,4.6386337
1317682,30.443247
1253511,28.849188
1004829,96.92453
1120297,40.945797
1295239,34.579857
1049195,13.530698
1458417,3.3627994
1322046,7.3769712
1077590,7.2244043
1417350,5.1101418
1343089,6.3187494
1155471,7.491122
1419781,17.846613
1214421,8.577839
1248603,3.532781
1298163,76.56179
1166027,9.422979
1427132,43.69624
1410519,22.293667
1033078,3.0651696
1268045,24.324814
1067099,4.6778193
1432528,28.293854
1369047,5.5615335
1176908,21.672216
1189202,6.978606
1246088,5.0796866
1113316,11.718756
1171833,18.538786
1001351,8.928673
1152267,5.7800035
1220395,3.9922035
1252602,16.646156
1387591,11.043966
1069014,33.30149
1231906,9.540368
1159991,19.690311
1327940,11.782659
1409039,120.491776
1169823,4.6119757
1094736,9.06438
1413256,14.3696575
1065899,3.411733
1329151,2.0406325
1041623,2.3156412
1233798,22.42691
1452367,4.7944155
1343968,35.164116
1103223,38.623337
1280576,115.705345
1053343,33.62728
1081834,26.867054
1033537,14.893399
1245739,6.7969666
1201563,7.7403274
1018843,13.758949
1447385,3.812915
1171814,8.599417
1440923,15.720383
1266664,9.880753
1264865,8.330303
1401099,3.7104905
1406665,98.29221
1037917,7.6531096
1073999,27.202015
1116292,11.176461
1368294,2.630606
1145825,17.926949
1220794,3.356362
1231991,20.26241
1233806,5.991885
1404989,7.8135195
1207927,6.6835966
1032413,4.2023115
1380429,8.853079
1051477,8.961556
1269810,10.287046
1153962,3.8938644
1139142,7.2498674
1391525,19.403217
1069814,7.3124757
1057475,12.266198
1304795,8.928792
1156274,29.109705
1398447,26.356613
1147250,215.29263
1159279,8.690733
1364978,16.367357
1174916,21.64471
1191065,6.216798
1424005,6.09439
1282624,8.054935
1239213,43.428055
1094163,10.886316
1148317,64.659325
1009179,116.55637
1167052,186.20996
1432753,62.198273
1111668,71.69987
1451164,20.30629
1287926,5.1475096
1105620,7.3935347
1279359,33.477467
1310716,3.7467666
1269992,2.3788912
1180013,5.578994
1185669,5.4808884
1262715,5.6642065
1262085,1.7536103
1330119,48.44494
1326265,2.5020864
1461673,5.996347
1390079,1.6085789
1104896,8.244253
1068657,2.443669
1196980,3.8187242
1039400,3.7616563
1240077,2.380708
1050143,3.8444855
1256558,2.4706738
1103642,3.7325408
1009410,3.112653
1440776,5.3192368
1001265,7.840122
1281180,3.9084294
1219736,9.465534
1396889,6.969453
1286921,34.114384
1307514,28.11527
1297688,233.56558
1171519,20.06602
1279792,2.0801704
1263139,5.1498857
1280424,0.8522746
1206643,1.091954
1111030,0.7911693
1449860,7.9681115
1089911,2.2908149
1045564,11.707247
1195197,14.998224
1000336,34.645836
1190642,25.799099
1264156,23.426186
1400939,6.6072283
1273808,3.1694753
1185580,1.9377661
1396972,3.1903648
1238122,2.4912162
1093119,1.1839526
1405423,39.281452
1320047,2.3826027
1126867,7.374152
1245165,1.3107773
1259166,3.659064
1031874,0.7578384
1268308,3.110582
1195829,1.0392267
1399008,2.2288644
1013369,0.79089606
1355694,1.1467729
1269766,0.6447263
1385248,0.47947747
1005262,0.3136353
1450671,0.16983138
1176533,0.9118802
1387618,5.3132772
1058596,1.7776117
1156438,3.129103
1024841,2.4285216
1314664,11.615232
1419232,9.548611
1400345,75.66038
1344504,6.443677
1312787,9.444786
1009277,3.440452
1060213,2.8481078
1446549,3.9420075
1424024,40.402637
1221833,7.316916
1048651,80.737595
1179244,41.256294
1429107,79.52478
1173347,34.313946
1246911,66.344925
1266683,16.724762
1085369,4.4082384
1343393,4.230835
1411555,10.56426
1442171,2.923544
1339997,6.9268646
1453102,11.307642
1429460,13.098633
1154120,6.948691
1137518,5.7747593
1236149,89.28439
1403874,5.422309
1124934,39.345703
1204089,12.996168
1318864,2.6049263
1162413,23.77201
1022181,4.847762
1001323,20.256311
1219771,10.100295
1374951,10.34579
1015027,6.8961935
1434912,6.3185563
1075499,11.97943
1083530,8.060244
1058071,10.906968
1058579,5.0373144
1314789,8.984781
1174637,25.314411
1273992,10.157251
1082575,25.420036
1292177,11.281953
1305887,32.64792
1202109,24.70581
1190785,142.33699
1062849,6.2408185
1172882,4.9951696
1076639,12.955595
1252586,2.153443
1137507,1.397474
1328836,2.6801705
1464368,23.08504
1055261,4.873444
1032958,33.584923
1031737,31.197672
1288005,105.3563
1461933,43.980835
1418827,36.73275
1130618,13.9646435
1013607,3.425845
1306654,5.684659
1052349,7.383252
1261304,2.6683788
1120987,6.6887603
1256540,7.893739
1052671,18.907696
1393828,9.009515
1193094,3.7380853
1418899,81.70674
1241660,10.036612
1368354,46.13985
1161880,23.567364
1467393,3.1701646
1333223,25.60377
1408842,4.8934255
1029815,30.294672
1363487,5.9492097
1213949,23.187748
1220003,7.4162445
1123293,5.4336042
1318468,12.060096
1422833,19.1044
1137293,9.015376
1016343,5.969884
1336941,4.3545117
1221289,18.053392
1331329,5.2885284
1370051,16.780142
1102238,10.208933
1346777,21.418242
1441822,12.659921
1365377,110.34894
1265131,4.78935
1302688,10.506664
1328276,17.19171
1062803,4.128337
1350932,2.4798553
1446849,3.0028827
1212534,24.276913
1404666,5.787824
1016440,40.95867
1324595,37.05356
1222255,119.03603
1269529,34.184418
1268784,28.511105
1022858,14.958705
1079527,8.585003
1258586,10.457625
1398866,13.568234
1131164,5.0797205
1086623,9.3528595
1209839,17.041103
1015824,10.468966
1331083,8.911613
1359279,4.037066
1014575,104.95078
1432796,8.260442
1288269,28.69402
1441291,11.926977
1320131,2.9120672
1279721,18.763401
1398588,3.5866942
1468867,21.300674
1354044,6.330536
1114209,8.353758
1259002,7.097383
1093023,4.46078
1321504,9.205669
1301822,9.5862665
1142269,10.948857
1370461,4.1905494
1207590,7.944865
1070046,21.330435
1365807,8.174768
1285373,13.713941
1019096,10.098021
1071250,30.91597
1171908,27.770538
1065751,233.04619
1307737,8.931858
1308702,9.382388
1463211,13.663305
1257023,3.7773654
1077545,3.6587129
1423062,5.17536
1060826,25.502771
1114582,6.984679
1372434,41.18189
1204282,59.87202
1026341,104.66191
1379112,33.382492
1206358,40.487232
1193072,10.81924
1284157,3.3688304
1103013,5.5719233
1324680,19.293293
1309561,2.692073
1027971,1.3806975
1335111,3.336202
1458424,3.2174613
1130777,3.2506204
1258189,1.0438074
1358507,29.22015
1299823,1.4775349
1041264,3.6885586
1253982,0.9448439
1273765,4.848095
1422577,1.4492266
1027139,2.382096
1095461,2.3491647
1418596,1.445717
1460626,2.1524131
1146891,1.4077042
1154258,2.2050195
1209511,1.851993
1427282,3.5169072
1006628,4.854154
1420194,2.5823138
1190264,6.2974257
1140963,4.487344
1226373,19.421368
1058452,16.39999
1230071,130.35594
1395750,12.278128
1436158,2.4115498
1088464,6.0709624
1179611,1.0505693
1387524,1.1999528
1250942,0.9506999
1424641,8.599838
1153511,2.6373656
1351422,13.479826
1072167,14.899249
1274080,35.400887
1081214,25.833445
1241289,23.57668
1072988,6.7389145
1421851,3.34368
1260573,2.0037768
1394222,3.1790957
1261816,2.540385
1469639,1.2657452
1084675,39.637566
1076733,2.4183624
1291535,7.622892
1392044,1.3830888
1349083,3.74749
1002753,0.83422387
1080881,3.2542007
1159040,1.0751077
1275685,2.334508
1365532,0.8661545
1101980,1.186929
1069399,0.6769091
1216540,0.50630796
1085383,0.33524626
1233551,0.18952778
1063382,0.94668067
1155523,5.819644
1078999,2.0031734
1081134,3.5016532
1262565,2.4419093
1106073,11.996637
1376889,9.882653
1274700,84.46759
1087454,8.129911
1399954,12.753364
1369132,4.636071
1262344,3.8481407
1287568,5.533554
1276370,47.477043
1268306,9.646073
1250201,98.28727
1404871,43.037445
1194592,84.14001
1303631,37.58228
1280692,74.34592
1163292,18.354221
1438254,6.32901
1203841,7.018934
1054296,12.091626
1278622,4.1803527
1127458,7.7269773
1198253,12.61913
1000595,14.1571
1034244,7.637736
1161105,6.4079375
1256614,94.71045
1271809,5.939686
1455550,40.90095
1356792,13.3637085
1359029,2.8337138
1153633,24.611284
1222351,5.0960526
1368074,20.651371
1146235,10.538261
1097626,10.668523
1357722,7.1930733
1207261,6.59262
1219531,12.540968
1060989,8.692241
1224916,11.68718
1179249,5.3464766
1200124,10.06484
1081622,28.143543
1351322,11.378362
1094719,28.570307
1177926,12.91167
1464274,34.92071
1312010,25.96055
1045801,178.73502
1130730,7.54438
1027776,6.9724703
1105162,18.377806
1329324,3.0833411
1092290,1.9429687
1259549,4.0255327
1203926,28.138767
1372122,6.9179344
1308647,44.273037
1264619,34.745945
1052821,118.02223
1277025,50.463753
1032457,43.849144
1112600,16.355175
1367263,5.1560726
1120140,9.288961
1175824,8.876075
1338858,4.2550797
1326412,7.6656013
1314521,9.14712
1054392,21.02374
1298769,10.225614
1112782,4.307416
1117188,89.52091
1208136,11.320585
1005678,49.40693
1186973,25.263203
1053444,3.577514
1281360,27.267492
1305564,5.3047647
1007305,32.62502
1323458,6.428271
1016863,25.401766
1357269,8.06057
1100177,5.8142767
1436757,13.540688
1309101,21.534912
1274842,10.183057
1275531,6.729725
1020719,4.9347982
1331021,20.823833
1418509,6.18627
1267951,19.6796
1067863,12.084726
1078693,23.308022
1179833,13.971204
1086965,156.08292
1090231,5.8689175
1374174,11.586756
1213314,20.204624
1099434,4.5942063
1017179,2.807056
1182717,3.3949559
1209522,25.886738
1318879,6.079669
1444701,44.054413
1376670,41.021126
1214629,119.38953
1136595,36.03463
1433340,29.938242
1159242,17.11031
1188450,9.96437
1430446,10.257378
1357323,11.435654
1076224,5.372344
1121411,9.696703
1018460,17.472351
1045476,10.650568
1105006,9.383485
1103278,4.162469
1312430,104.19576
1223170,8.868936
1061152,29.241491
1307189,11.762701
1216741,2.9724565
1339700,18.854557
1205854,3.5944488
1072037,25.605885
1190749,7.886187
1394467,10.574301
1079529,8.6759
1385249,5.3550572
1257343,16.376455
1304994,16.09036
1403113,20.4155
1381707,6.9790087
1263898,7.9370728
1311499,21.671577
1329452,8.283224
1125933,14.009865
1349240,9.884181
1265685,30.915482
1178340,28.08341
1108563,274.02087
1276766,7.3185143
1131417,9.062289
1173886,13.975786
1082341,3.541655
1049598,3.5496688
1059565,4.848174
1240731,22.53391
1177641,6.2932167
1108603,35.641365
1310089,52.614586
1382570,81.972885
1033375,27.436441
1223721,33.921467
1275555,10.4263935
1054089,3.2089221
1146344,4.815245
1184043,15.200252
1432382,2.3070602
1409923,1.163649
1206408,2.8482215
1114543,2.7273955
1371795,2.8486907
1163903,0.8914769
1212373,23.163074
1424195,1.3064886
1206352,3.0662665
1375876,0.7714032
1239684,4.869457
1265556,1.5205269
1255709,2.490271
1076094,2.3978276
1414559,1.4406855
1298133,3.0838912
1438269,1.9569523
1163839,3.1500912
1429091,2.3155093
1447678,2.977199
1396697,4.081561
1432946,4.523304
1030080,5.1507845
1205703,7.4475203
1381801,15.13105
1424382,12.741806
1339994,123.00011
1346227,9.336554
1303767,2.5370755
1271499,7.2508936
1303276,1.0840582
1028068,1.2082489
1239631,1.0069176
1222651,7.9370394
1195567,2.362356
1255822,11.429904
1066694,13.488416
1061942,27.779743
1059152,20.856308
1210663,18.843554
1054507,6.5538635
1159928,2.6301005
1281573,1.5572629
1293853,2.5649943
1396817,2.0013509
1371158,0.9493214
1051675,31.404938
1401988,1.9431835
1347046,6.0461197
1217320,1.0886409
1438284,3.0717945
1420259,0.664043
1092739,3.127852
1396489,1.0069077
1194725,2.1570084
1361611,0.83783865
1113711,1.0920027
1403440,0.88266724
1028074,0.6690005
1117403,0.46107215
1095203,0.23496184
1319178,0.7777204
1303176,4.6683736
1100708,1.5833784
1201573,2.6487632
1114914,1.9913822
1240764,9.571008
1270312,7.8705864
1418017,88.98687
1464123,8.712217
1303609,14.6685
1391215,5.1049585
1008035,4.4261017
1369436,6.2844787
1444468,48.57429
1127874,10.284288
1461291,105.11485
1013561,46.847744
1326670,82.80149
1000092,39.92063
1315250,76.83931
1445788,21.107178
1018902,7.0952706
1173188,6.752607
1179723,9.415967
1071115,4.360981
1278181,7.957901
1083818,12.975523
1254630,14.286032
1448276,8.019865
1410149,6.4664817
1231919,92.53871
1188296,6.354645
1069812,40.6328
1433274,13.149353
1078675,2.806895
1366971,24.43011
1068449,5.0260954
1086571,24.275448
1211298,12.5831585
1314242,13.094923
1340254,8.661661
1269929,7.658713
1290194,22.769152
1362878,15.545601
1124440,21.933065
1468883,8.974411
1463682,10.054552
1188729,28.160534
1105741,22.92101
1310449,28.778393
1172191,23.814331
1412055,34.686195
1392493,25.876211
1124630,206.88272
1455225,5.769996
1346847,7.9057527
1432044,21.97807
1115174,3.5259266
1129898,2.2845554
1343123,4.643228
1245311,30.225397
1419547,7.689723
1304319,49.416748
1392002,40.183464
1177573,118.45742
1255721,53.740326
1163321,47.225983
1252470,20.15726
1070971,5.7483234
1330206,9.193082
1139090,7.393206
1335674,4.4703546
1083627,8.24298
1210978,9.932652
1108515,21.98022
1094112,11.452134
1362346,4.53858
1337551,88.01118
1227740,12.395817
1155126,49.865955
1356763,25.535294
1396555,3.7096133
1293641,27.873745
1433803,5.5748596
1196360,41.463577
1381092,8.592314
1306866,32.145256
1331264,10.504298
1382548,7.315177
1401602,25.742065
1100764,39.550564
1253072,20.335667
1429203,12.494774
1002090,4.985751
1192605,21.153502
1278299,13.5300045
1103733,20.810501
1067042,23.074299
1059918,23.918186
1125697,14.929102
1117417,192.8554
1310540,4.7233515
1143753,12.811567
1154658,19.52468
1265185,4.6622734
1040632,2.8039515
1196899,3.339415
1162299,26.57777
1204441,5.095837
1022872,32.99868
1345625,36.505287
1431074,107.55434
1419285,32.30395
1312875,26.694223
1084304,16.881737
1129101,9.44474
1386055,7.987339
1280875,13.025274
1457949,5.3037558
1274289,9.05353
1308949,16.423342
1019034,10.396472
1173184,8.887426
1338697,3.8090558
1067499,96.01836
1194708,7.89623
1347277,26.38621
1439157,10.872206
1192850,2.6684244
1216027,17.038486
1462698,3.3651302
1417245,10.348224
1254374,22.49115
1425182,6.838089
1198122,9.06712
1070769,7.6166444
1078995,4.6205893
1002232,14.724521
1030940,15.344417
1179464,17.992722
1147345,6.4641075
1364659,7.4526405
1410848,19.96353
1213227,7.6142325
1160319,12.699768
1048288,9.381578
1389136,27.957922
1280782,25.404839
1071569,181.17323
1126728,7.908679
1266623,21.448261
1091961,27.264751
1431973,8.016476
1431070,7.996052
1231175,10.513887
1319618,50.95917
1087096,11.248831
1407930,65.47973
1190783,110.47909
1038823,190.32275
1455972,63.315807
1294364,72.69583
1232499,22.333826
1174813,6.742677
1265679,7.379892
1254606,30.8523
1392315,4.915897
1000007,2.5822482
1394749,6.028272
1278067,5.8116407
1195756,6.08058
1255926,1.8384631
1175030,48.932537
1347563,2.5867825
1246425,5.948144
1303669,1.5772558
1097683,5.9229836
1212899,9.631836
1000627,3.017321
1028498,4.739248
1090556,4.5916777
1344773,2.8273838
1043713,7.1620193
1462616,4.5622783
1349428,7.9717546
1189889,5.3980923
1051633,5.6595006
1115660,8.31171
1158012,8.504999
1221440,10.511566
1005282,14.300493
1352630,33.60675
1070200,27.867853
1282789,221.42471
1324945,17.556501
1427227,3.8311436
1027818,9.211342
1437667,1.6821188
1448229,1.8056198
1136681,1.5045254
1265944,11.4289
1387626,2.8260942
1375081,13.640398
1181828,17.128483
1350850,38.88578
1049366,29.980707
1120123,26.555206
1088130,8.111168
1345749,3.5904682
1361393,2.3095326
1101606,3.7514577
1315109,2.9164746
1059048,1.4232591
1217194,45.303562
1193189,2.7044632
1413194,8.427188
1078854,1.4900388
1441020,4.2211356
1248195,0.8453425
1466321,1.8307381
1147273,3.7356448
1338468,1.2929739
1330076,2.6350875
1061517,1.0010211
1437284,1.3610978
1366460,1.1571553
1180835,0.89115256
1416163,0.64747024
1264002,0.32003108
1458241,1.1552594
1009351,6.61926
1399539,2.1188672
1411877,4.0510635
1060812,2.9597516
1037979,12.758921
1268446,10.695194
1295981,103.793655
1023526,9.546424
1351165,13.8543
1340333,4.9539647
1281262,4.1654606
1396653,5.843751
1035810,48.47226
1101015,8.18814
1203932,80.874596
1102557,41.61563
1215165,76.96356
1248472,35.026608
1058671,68.071495
1435641,19.545383
1389146,6.654364
1027566,5.6364794
1291341,11.084718
1048400,4.2275667
1216196,7.4206314
1009458,11.985442
1258779,13.608072
1016077,7.509102
1431802,6.017887
1313291,86.187
1464436,5.6896563
1242741,37.009296
1366715,12.264448
1006912,2.6307511
1454691,22.2116
1021558,4.755727
1424648,9.287109
1395583,21.707376
1210675,10.911534
1387598,11.583757
1108745,7.5754876
1295040,6.560846
1078956,19.202505
1223683,13.253937
1094586,18.901653
1178621,8.240792
1356527,9.35385
1399439,26.55196
1440497,22.101698
1281669,26.159695
1291493,23.464422
1135214,30.98404
1209210,23.63927
1379657,136.72722
1167660,6.411007
1131014,8.047499
1142587,20.418749
1350501,3.4295585
1321707,2.151174
1098739,4.4210525
1071217,29.542536
1145206,5.6642227
1201422,34.40747
1289211,31.935589
1181919,100.99576
1460715,45.361652
1234597,39.13656
1345318,17.236776
1257709,5.460543
1068413,7.1463194
1099619,7.945798
1385702,4.2571497
1058582,7.335345
1393993,8.696333
1273690,20.111164
1452914,9.95225
1322824,3.9105644
1102226,79.74488
1395263,10.529716
1022831,43.764015
1417928,22.493387
1233918,3.2438762
1386549,24.03291
1284344,4.876392
1392277,10.637714
1085422,33.664787
1467030,6.9094377
1128860,26.188984
1229789,8.671272
1098171,5.9632373
1149974,20.151281
1253974,32.701744
1238702,16.60817
1171266,10.182112
1040561,4.5690017
1385143,18.90424
1342330,11.839859
1056263,17.534595
1349036,20.598991
1186326,20.464529
1206069,12.332528
1348687,115.859985
1028396,4.930454
1060394,12.773198
1188882,19.178654
1454472,4.7218957
1119724,2.815534
1265641,3.3769157
1268000,25.512295
1106088,4.8805833
1335255,30.304834
1229879,34.741997
1406990,104.372215
1129949,30.183636
1398175,24.880642
1367246,14.930705
1008705,9.291984
1214253,9.607409
1261772,15.76311
1310637,5.532684
1185093,8.182854
1351545,15.056722
1291549,9.555182
1273322,8.073174
1068913,3.5805995
1328834,92.63613
1320773,7.3412757
1458990,25.30988
1082357,10.294756
1338595,2.5078266
1314357,16.446548
1187462,3.0857573
1168853,8.371509
1247576,18.47855
1120387,5.44333
1409137,7.085125
1020580,6.046821
1064482,3.8302948
1251671,7.9252396
1183376,8.053762
1104691,9.287417
1093532,3.5000324
1364891,7.215341
1279562,18.92547
1320967,7.28915
1137834,12.086248
1454324,9.167801
1139458,26.327625
1421443,24.026175
1354382,213.24802
1129115,9.904231
1318255,22.341957
1297174,28.001171
1232316,8.46201
1316074,8.247271
1416679,11.143515
1016549,51.724823
1367074,10.953592
1320129,60.211742
1115703,104.19945
1259198,181.44131
1355563,58.749733
1197296,68.79373
1184194,20.267097
1316857,6.6654954
1238325,9.976432
1187074,36.1673
1315800,5.0220213
1106824,2.412519
1115287,5.761466
1024157,5.569358
1187033,5.775079
1097800,1.8127
1228015,49.4105
1287983,2.5074944
1446434,5.889205
1387622,1.5195315
1321131,4.8307962
1203011,7.774067
1333318,2.3318295
1212895,3.7416077
1148929,3.6186771
1413356,2.2890685
1058127,3.653077
1140570,2.2506137
1411843,3.8698158
1421175,2.9395206
1441401,5.8716173
1338868,8.5995655
1213969,9.254837
1191427,10.443644
1263172,15.811236
1390415,32.42782
1284812,26.990412
1268658,236.7424
1202395,21.887774
1239443,3.2140472
1402706,8.031406
1109830,1.4220359
1440010,1.6310596
1428736,1.3257158
1017772,9.947223
1446534,2.3071182
1396603,12.156398
1254793,15.061389
1238884,35.987293
1212061,27.086369
1449343,23.78016
1016740,6.8986344
1266628,3.3012352
1127381,2.067371
1291743,3.4038181
1126841,2.6624017
1256588,1.2899544
1035215,41.575867
1092048,2.4745367
1413670,7.9569564
1455929,1.3691686
1163194,3.9166176
1045864,0.7778772
1160941,1.1496875
1226692,3.2251391
1274541,1.0837612
1273399,2.237765
1137780,0.8162039
1376882,1.1613578
1296967,0.6759062
1090455,0.501947
1139513,0.34639806
1402365,0.18422122
1411206,1.0441065
1124471,6.0250616
1129510,1.9815981
1205831,3.6809545
1222599,2.7405796
1146822,12.217793
1267837,10.1705
1018119,99.18879
1235631,9.723772
1298004,13.69131
1270512,5.0899734
1213833,4.1765976
1221564,5.857723
1266719,46.026043
1318363,7.880568
1281102,74.595436
1302920,39.62236
1222736,74.63004
1029480,32.813526
1420894,63.789753
1262475,17.775928
1101988,6.669219
1288758,6.404374
1358440,13.634628
1251684,4.383466
1106209,6.739025
1078791,11.09033
1206292,12.7130375
1067111,6.8516364
1228079,5.662956
1320243,84.533394
1242450,5.2787104
1285772,36.606873
1392501,11.884258
1096594,2.5183144
1180460,21.93705
1163811,4.4871283
1172736,7.370055
1113162,18.381786
1195284,9.187479
1309212,9.41258
1370645,6.2528434
1323935,5.739828
1229754,10.735259
1375962,7.189012
1015512,9.946561
1012842,4.596355
1456425,9.097238
1064824,25.128977
1081289,22.994043
1251368,25.144444
1194367,24.611944
1034019,29.760357
1330121,22.619074
1209595,155.86539
1073872,8.164788
1379759,7.701545
1289942,18.386805
1147363,3.1958892
1333818,2.0280588
1459030,4.0636544
1340595,26.41132
1112499,5.123857
1031201,30.02658
1399860,28.939295
1380222,96.30507
1274035,40.803364
1291333,34.980125
1383540,14.707438
1404753,5.007575
1216333,7.763283
1422126,9.308935
1254170,4.1095195
1284681,6.329011
1371522,7.6234207
1357792,17.964333
1039911,8.667802
1124723,3.579963
1246462,75.43022
1447367,9.474958
1401956,42.472485
1397994,21.376083
1074101,3.0366213
1464805,23.235035
1197146,4.480573
1462030,7.9032297
1331117,27.239588
1254956,5.308364
1047092,20.836447
1090704,6.6648164
1372545,4.880849
1187603,10.677139
1091551,16.963194
1279262,8.174851
1032363,5.310529
1274314,4.265013
1123391,17.269455
1013814,12.089319
1194587,16.128355
1251152,21.207985
1287687,18.90162
1306069,11.448886
1121938,122.906006
1258524,5.9781785
1317564,14.18394
1075490,22.243948
1403132,5.082999
1159812,3.051003
1204393,3.5511005
1155124,27.889547
1028039,6.6124167
1066325,35.703705
1328219,41.48977
1403254,110.38523
1202661,33.91571
1397723,28.64498
1167388,19.606205
1060608,10.338289
1438413,9.532617
1081444,12.681371
1353169,6.2186494
1347526,9.062427
1305664,16.278837
1336927,10.428408
1459978,8.732924
1132493,3.9197974
1456222,95.57322
1413920,7.917338
1165486,26.442669
1004291,10.680136
1442865,2.6183844
1314603,17.055103
1344205,3.214264
1292848,9.230072
1466819,19.358465
1345193,5.702429
1093329,7.4168305
1337285,6.3844023
1164972,4.0250287
1000875,8.337244
1196058,8.3965025
1426857,9.606122
1120554,3.6601796
1015238,7.9658036
1187137,20.711546
1226139,7.9839034
1014505,13.089595
1385264,10.043721
1027988,28.056698
1058517,25.766132
1464924,201.41891
1274328,8.065701
1288580,25.71847
1436647,35.267128
1264360,9.47822
1148394,9.476942
1007275,12.511721
1000652,58.114723
1245925,14.882345
1432996,68.98859
1248610,124.08726
1139049,188.38461
1270681,65.13892
1273288,77.50383
1192520,26.843067
1118681,7.962168
1363623,9.529612
1174698,27.997028
1314281,6.295238
1350528,2.807448
1129299,6.405575
1043471,6.2806196
1371467,6.3106875
1077648,2.0296168
1456586,50.195988
1445186,2.7529902
1010700,6.187503
1356663,1.6526483
1088770,4.8889937
1258888,8.129011
1204129,2.4709105
1276987,3.9535873
1059173,3.8386154
1085832,2.4644618
1286564,3.8320363
1159992,2.3680506
1147335,3.9537435
1460747,3.07421
1024195,6.325424
1110499,9.298173
1007486,4.5847187
1375206,11.393885
1145834,7.9942207
1086624,34.74529
1184443,29.20129
1095345,232.56064
1271256,17.484926
1450736,3.9467347
1418579,9.815702
1060997,1.5931126
1225897,1.9111221
1287025,1.452957
1107604,10.846415
1156823,2.668852
1353675,12.47674
1015255,16.811274
1267482,37.71453
1048831,28.47147
1130294,25.164768
1217943,7.9974
1031580,3.5159354
1463713,2.1791008
1443689,3.4917233
1052811,2.7503834
1053874,1.373112
1443107,42.805183
1435039,2.593806
1372639,8.268458
1250180,1.3401086
1202669,3.9278617
1227783,0.8029081
1281828,1.4428823
1193683,3.434803
1393107,1.1204599
1023490,2.4475582
1115300,0.8223734
1098965,1.2620894
1032695,0.7356802
1023149,0.5262554
1340316,0.36844134
1242100,0.19462582
1379231,1.0510616
1230393,6.3196373
1126587,1.9972618
1456051,3.7244174
1352556,2.7202592
1141411,12.365278
1101090,10.282695
1370328,104.6158
1020870,10.574788
1411504,15.357763
1012089,5.2391567
1390807,4.266453
1379133,5.9975195
1217831,49.865612
1256717,10.664626
1021946,84.907104
1341314,47.18301
1426303,79.30916
1074449,36.619324
1216404,71.13884
1148625,22.746983
1396397,7.0143824
1254814,6.158022
1204665,11.117645
1299487,4.88458
1455672,7.4020166
1017009,12.108551
1420461,13.85523
1115472,7.4146376
1441140,6.1565156
1114409,86.51808
1212681,5.6904736
1178275,37.588055
1315967,12.158412
1376529,2.5817153
1131406,22.293633
1182443,4.624925
1136815,8.291037
1293765,19.119722
1231744,9.577931
1050125,9.902805
1009771,6.593526
1145511,5.982568
1357503,11.186522
1201265,7.546815
1084427,10.242922
1190703,4.861109
1058475,9.852362
1182416,27.427359
1351009,11.057573
1425913,27.287424
1121019,11.763901
1093296,31.553204
1191080,24.176231
1182698,146.3011
1042186,6.6847405
1207282,8.221732
1390069,21.207756
1427017,3.3691514
1025957,2.1295943
1159061,4.189316
1347342,29.02687
1317419,6.9549265
1245482,35.895466
1059147,35.632088
1010656,102.67086
1048481,46.903572
1067731,40.25006
1328369,19.359964
1218717,5.4869437
1234206,7.741014
1279466,7.548398
1180853,4.563944
1367822,7.179096
1213006,8.460749
1426224,19.946917
1435755,9.490413
1443955,3.9374855
1102472,79.04892
1237761,10.405917
1164711,43.781494
1296608,22.114788
1266922,3.126208
1359671,23.82855
1308816,4.6613016
1274508,8.821875
1418910,28.42483
1398178,5.68547
1152561,22.13262
1115240,7.121199
1433892,5.1537642
1016406,11.275526
1301046,17.968555
1451496,8.544235
1267673,5.6292214
1047651,4.7122355
1101468,19.295673
1214375,5.7310667
1244020,17.69052
1062383,10.1150875
1107108,20.627388
1380741,12.273486
1376025,116.30847
1107223,4.855705
1193255,15.872473
1407619,24.394583
1277160,5.824479
1354254,3.4037063
1224121,4.0471745
1101841,31.272976
1045458,7.142476
1095168,38.68499
1025833,44.314674
1152219,115.51949
1041234,36.26054
1341869,30.471115
1324670,20.156471
1442908,11.159201
1177664,10.03595
1308569,16.21197
1391826,6.6654854
1436216,9.284024
1322424,16.871653
1257953,10.720552
1281446,9.084326
1022335,4.030052
1007220,99.12399
1067300,8.168692
1159760,27.044605
1271725,10.993919
1348281,2.7322705
1032705,17.64857
1083085,3.3678596
1417173,11.83729
1390980,20.161032
1412349,5.981518
1350307,7.7283125
1302638,6.7038317
1360583,4.2141314
1424903,8.677144
1443509,8.769231
1253100,10.006924
1143017,3.7925353
1102980,8.518565
1118631,55.138634
1105309,23.734732
1110824,13.786888
1195821,26.901087
1061398,28.895123
1421993,26.72763
1120916,249.45435
1270313,10.099657
1066309,27.609793
1223457,36.42533
1395079,10.396098
1463253,9.990053
1117522,13.619888
1100963,64.39794
1185377,15.729513
1192656,73.53618
1074604,130.7718
1099716,202.25136
1433432,71.41068
1422306,82.18007
1044019,27.7819
1042848,8.304117
1283375,10.867456
1282248,41.114887
1050923,6.4686394
1259784,2.7333643
1106096,6.358693
1291750,6.181686
1083226,6.2687106
1033658,1.9751225
1050184,50.293694
1022550,2.737326
1179364,6.068183
1050733,1.6107969
1404966,6.512606
1341080,8.274054
1053615,2.5143762
1459254,3.924765
1265146,3.9191086
1259727,2.4779813
1102525,3.8332565
1460484,2.3714848
1068545,3.949192
1418963,3.0371747
1196210,6.481082
1466363,23.576992
1419831,12.62519
1421516,11.748897
1299332,20.998974
1205220,34.8528
1356083,29.646381
1252911,287.867
1059841,24.547234
1273485,4.3185663
1057210,10.745586
1333863,1.7888546
1002410,2.1291814
1139096,1.661405
1037982,12.199298
1468975,3.7024167
1314937,14.693718
1102501,21.185762
1315851,43.47817
1202606,32.790276
1018823,29.489676
1336940,9.71347
1356906,3.9828522
1433493,2.5014303
1273300,4.074715
1442885,3.1971498
1244521,1.5433801
1446716,47.825214
1081419,2.9663653
1313017,9.672883
1413370,1.6875585
1352570,4.8603096
1181714,1.0032495
1221900,1.9085678
1378871,3.8101277
1100612,1.26292
1244483,2.6963646
1230905,0.96290797
1430764,1.4392431
1150902,0.7815493
1332759,0.547572
1385765,0.37568015
1409916,0.1953119
1218806,1.2376388
1180906,18.782686
1172124,7.06355
1092500,4.237934
1118346,8.703494
1194453,14.712674
1417674,12.728086
1448696,122.576645
1417761,10.956255
1222015,15.256459
1120369,5.675263
1059210,4.655326
1298510,6.7484655
1242033,53.805542
1062698,10.930019
1349951,90.86976
1258720,48.921474
1441720,83.169876
1084626,38.911198
1366189,74.33189
1330115,21.983147
1244435,6.9459276
1349115,5.833622
1266539,12.403891
1109154,4.851958
1406158,7.5713325
1454938,12.50581
1448435,14.028587
1086984,7.6418433
1131339,6.3239274
1123946,90.266655
1262095,5.8527765
1199180,38.422874
1178993,12.690672
1184831,2.7033277
1208964,23.15685
1238251,4.8159986
1314459,9.933252
1298060,19.951704
1217397,9.979132
1434796,10.335541
1271798,6.883714
1320242,6.2197156
1202878,11.59023
1161113,7.764777
1336986,10.561038
1265359,4.9852123
1138403,10.486922
1013259,70.23677
1357278,31.623089
1447967,28.37939
1207986,33.259605
1223508,32.236866
1136032,25.038538
1316111,177.14035
1115938,7.273723
1045004,9.056482
1162003,22.287487
1380160,3.7830117
1012474,2.3715613
1130883,4.762951
1144988,31.484507
1036202,7.3999557
1035600,37.744255
1163493,37.17977
1154490,107.76613
1320296,48.372173
1030905,41.793526
1087422,19.377384
1043132,5.7789087
1230640,7.706416
1067287,9.311455
1300431,4.8122625
1086483,7.3395844
1268693,8.712463
1034309,20.293354
1288359,9.778342
1356157,4.0427303
1036985,82.61926
1360968,10.61711
1403134,45.720978
1320584,23.433464
1396027,3.3281848
1002846,25.15211
1423794,4.908164
1323413,10.819951
1074316,30.154043
1085279,5.9748125
1460008,23.249348
1305055,7.533507
1093961,5.472566
1405326,11.796422
1206473,18.694304
1287210,8.890333
1316308,5.881225
1138646,5.056012
1240159,49.63623
1012050,17.059963
1432445,18.33443
1205520,29.201385
1019394,21.237541
1361765,12.904839
1185593,138.69928
1301424,5.950779
1365893,21.299261
1049191,30.408396
1374468,7.2650805
1086439,4.169499
1366448,5.0273666
1274248,39.641853
1166148,10.132212
1098933,53.130974
1355113,55.519093
1211827,130.20914
1227663,44.62783
1241013,39.052402
1245879,29.223639
1217006,13.65212
1460020,10.463263
1124173,15.834822
1107455,7.3973565
1447321,11.403757
1010685,20.444994
1037322,12.985388
1229428,10.991099
1213558,4.7619314
1038773,109.868
1377361,9.622263
1451056,28.749554
1389336,11.634825
1289669,2.8268955
1011242,18.735935
1140811,3.5502343
1242043,17.64312
1384947,20.955585
1137400,6.2265644
1075244,8.082491
1174810,6.924315
1174601,4.4000134
1315867,9.704097
1151222,9.814408
1063638,11.3042555
1216560,4.1897025
1203482,9.793467
1157481,67.454
1204405,28.904352
1151585,17.66283
1371951,33.312458
1414341,31.83381
1435686,29.401936
1259928,289.57742
1055260,9.754325
1009599,36.184822
1431398,44.94612
1236300,12.559799
1375469,12.230671
1007700,16.824505
1155609,79.0658
1058945,21.83675
1134435,98.40159
1150402,162.34749
1387845,224.55904
1092242,86.80768
1131252,101.35611
1079688,38.43653
1190586,9.893096
1086846,10.246963
1045436,35.679176
1067150,7.5780706
1354184,3.484202
1380791,7.798892
1305298,7.4746885
1420283,7.4186945
1143122,2.3423648
1308889,56.733074
1129941,3.2726715
1429729,6.7096877
1001659,1.7649152
1170459,9.884714
1465058,8.693899
1023980,2.6339242
1221886,4.0861144
1433749,4.055935
1317373,2.5861783
1308912,4.3294244
1132766,2.743048
1392048,4.5769424
1413139,3.3275871
1312154,7.3237085
1020997,28.527653
1131656,14.9924135
1393381,14.336418
1154008,25.521505
1241548,38.807476
1048551,32.659466
1355386,324.5274
1320711,20.846802
1460452,5.6568995
1039315,13.359919
1450082,2.175738
1066529,2.3087955
1077008,1.963624
1227255,13.980293
1317952,4.575055
1077921,16.528494
1065616,22.691486
1205806,42.2992
1398707,33.013237
1037726,29.091711
1193862,11.831782
1106414,3.9163232
1284809,2.5076802
1093175,3.9450898
1136732,3.1827903
1413517,1.4921724
1383120,44.860863
1263572,2.8728538
1000483,8.815488
1134269,1.5609648
1051096,4.344849
1409608,0.9426454
1124751,2.6544428
1105740,3.7600288
1232632,1.281544
1388013,2.547294
1028159,0.95374525
1238171,1.3161533
1414113,0.80579805
1013935,0.5854756
1209968,0.39463487
1259729,0.20382884
1201496,1.251785
1391628,19.993496
1047656,7.413434
1091307,4.236991
1397119,9.274742
1083817,13.611981
1448584,11.186361
1265463,155.40248
1194753,15.944547
1076539,20.944544
1218906,7.472242
1068664,5.8121595
1276496,8.836311
1335997,71.53823
1238221,16.489431
1101843,126.254166
1323893,64.486176
1134313,96.00008
1224946,49.926525
1336573,95.86973
1002889,33.34037
1304753,9.005246
1080668,6.379054
1436471,13.118172
1291771,6.2195644
1096864,9.560007
1193376,15.559767
1206814,17.038708
1160493,9.41973
1254614,7.482834
1199463,100.835045
1312873,7.067907
1436703,40.64251
1432910,13.368698
1277333,2.819437
1274870,24.663877
1292090,5.095546
1032065,15.222565
1212350,20.570728
1446793,10.358417
1046101,10.696939
1075890,7.0716386
1369528,6.4491286
1277014,12.973282
1280454,8.9464245
1093357,12.379904
1330790,5.5773973
1456418,11.966284
1109511,87.31964
1105422,38.950005
1168846,35.314796
1386780,41.95292
1195426,35.535824
1463912,27.843796
1390562,218.9854
1040687,7.5733867
1056825,12.660242
1321832,29.757809
1131110,4.950353
1284108,2.9856954
1140755,6.241446
1329443,41.991905
1015408,11.225923
1217870,54.56653
1181405,49.9895
1460077,123.81875
1276542,61.446754
1016099,55.57727
1361021,30.129889
1060675,7.6041336
1349486,8.61099
1396175,9.637817
1178313,5.7543707
1135545,9.166464
1426475,10.968084
1328557,24.663692
1456488,12.026435
1140146,4.7627306
1209046,93.43022
1281575,12.657321
1037681,48.12034
1116962,24.670725
1369736,3.485674
1346054,26.83609
1338690,5.260159
1425000,16.526642
1403572,31.367224
1420983,6.3470526
1090753,24.276983
1065100,7.842164
1311613,5.7702327
1264560,13.306931
1399236,21.12215
1254129,10.4484215
1286505,6.617813
1069036,5.857369
1398612,62.245037
1000896,21.244268
1066556,23.71844
1469081,36.555046
1466109,23.789577
1120952,14.575206
1125899,176.36801
1041328,6.1314754
1097419,22.472694
1288903,32.495426
1161886,8.236315
1275212,4.8430686
1463673,5.9551897
1427898,40.96125
1029948,12.445675
1419760,63.888123
1439313,57.521862
1167350,142.32661
1025607,49.809265
1112780,44.131218
1259944,29.917536
1422204,15.911314
1245759,12.443051
1125908,15.647433
1095839,8.640194
1018522,13.028676
1144968,22.697327
1099902,13.885244
1466265,12.241766
1385537,5.514995
1419559,119.02278
1283602,10.771616
1106135,31.30042
1051110,12.810343
1110061,3.0407348
1180260,20.542187
1029362,3.9495862
1316664,19.326246
1162325,22.058962
1277206,6.685187
1342181,8.724084
1375522,7.312934
1068248,4.667362
1293746,10.103892
1373290,10.11209
1266736,12.094713
1277429,4.3208113
1033865,10.722303
1253166,68.97127
1370513,28.27612
1099334,19.338665
1422124,34.68508
1161560,35.42864
1391941,31.907711
1218454,335.62888
1074160,9.951202
1207549,18.819027
1072114,23.542793
1091616,6.5187263
1400253,6.486436
1251465,9.232986
1077781,39.83198
1220184,12.967268
1255372,55.705677
1359319,84.910995
1148879,121.71433
1115606,44.76339
1164588,55.20041
1200479,19.874887
1145881,5.366318
1142187,5.9162583
1399781,17.844152
1277278,4.1348815
1219399,1.8192413
1370332,4.155206
1394409,4.0065203
1145607,4.044339
1406571,1.3090143
1357389,32.407684
1107765,1.8281091
1199311,3.8913236
1355915,1.0189192
1172043,3.8844852
1025049,5.066496
1127901,1.5654017
1388521,2.5199902
1246173,2.4668264
1242688,1.543957
1364090,2.2484722
1410483,1.4028167
1259075,2.2762978
1334816,1.7729528
1118034,4.1179
1064771,16.860703
1150634,8.502937
1259637,7.3975334
1007230,15.339566
1390327,21.280664
1187136,17.619444
1332342,189.8571
1262777,11.22957
1320046,4.81572
1129303,11.327708
1468761,1.8713219
1122377,1.9532413
1325795,1.7164214
1309397,12.620659
1223781,4.8591475
1289725,18.044374
1207222,20.9348
1075536,39.07083
1124942,31.223484
1294912,28.461813
1203154,10.702303
1234658,3.6531272
1175274,2.3069954
1094356,3.6251824
1405727,2.92869
1304038,1.4134248
1419531,41.3419
1103394,2.7903259
1014424,7.9645348
1122471,1.3997821
1037028,3.7963562
1144038,0.8679794
1465178,2.3651497
1291823,3.3264565
1252626,1.137729
1193831,2.3687158
1416401,0.8903018
1299775,1.2202017
1270785,0.72000897
1058400,0.527423
1457781,0.360301
1013386,0.18383853
1319414,1.0969044
1402946,18.572498
1013359,6.4426527
1307610,3.6804054
1317018,8.228692
1131786,12.531122
1037975,10.05187
1201658,135.7356
1035113,16.962233
1151122,23.205772
1259412,8.7993145
1365058,7.1652956
1026294,10.786009
1204232,75.8684
1278124,20.626486
1104232,150.7786
1043247,67.85295
1312255,106.94407
1033218,56.06173
1450325,109.502174
1361435,35.0792
1078040,10.988153
1106828,8.944736
1323096,13.612765
1458964,7.480292
1341327,11.070329
1331785,17.430794
1208368,18.44617
1114953,10.597206
1026892,8.720555
1283419,108.892624
1060519,7.9104624
1437762,43.74293
1005436,14.331067
1184854,2.9234748
1139237,26.901966
1011540,5.59062
1118170,17.296932
1212659,21.165195
1045257,10.945421
1116757,11.312385
1290438,7.341915
1307892,6.76024
1237261,13.108606
1005876,8.989256
1457222,12.838254
1037213,5.5833445
1467953,13.305354
1184279,90.92005
1063327,38.900764
1214991,38.741737
1416667,44.587475
1219600,40.279152
1341152,30.448639
1207953,248.46138
1429162,8.321608
1065838,14.791524
1021393,35.123352
1048817,6.2201433
1005755,3.8896775
1276186,8.160953
1211454,48.05749
1055984,15.270411
1261529,72.03929
1043740,58.87572
1395017,146.27408
1183769,75.07158
1050017,69.24999
1309709,34.223156
1377995,9.697216
1254182,11.696551
1338630,10.689102
1154426,7.4424753
1298213,11.285481
1415874,13.273831
1246359,28.317602
1076106,14.612079
1392258,5.9152646
1085448,105.64402
1012735,15.150624
1069157,53.6439
1465260,27.37824
1403806,3.771511
1146037,30.164255
1186960,6.020812
1343913,20.563498
1390420,34.316
1343327,7.1653275
1205886,27.630573
1065880,8.647089
1337736,6.3256607
1124330,14.890417
1249193,23.165546
1040427,12.0457115
1212327,7.3135223
1316128,6.8561172
1284225,69.17085
1315614,22.426596
1311901,28.12008
1226053,41.64646
1450211,27.979391
1109390,16.948263
1065367,220.94046
1045341,6.9336066
1436302,16.46455
1364711,26.32284
1144427,7.2280793
1335344,4.5372267
1359796,5.500671
1296283,31.344183
1144871,12.891582
1425788,120.72778
1029845,67.04162
1128323,143.78986
1289983,52.52816
1199808,46.299038
1001036,34.14845
1237858,14.524838
1141916,10.490096
1177927,13.731204
1196865,7.344387
1044755,12.412123
1225226,21.871006
1363609,13.800087
1429183,11.989962
1014160,5.216655
1096424,116.29274
1010837,10.5726385
1056763,30.443445
1018226,12.813684
1058713,3.1424587
1001657,19.895647
1070666,3.9675384
1010756,24.182468
1266212,22.699427
1317651,6.9920692
1283645,9.41102
1191681,7.600376
1380851,4.854928
1176280,11.369577
1122457,11.512153
1422246,13.910013
1164370,4.953269
1301834,10.0387
1170734,65.64583
1044534,26.651844
1087396,19.042334
1442280,31.199001
1410562,35.643276
1270490,31.681988
1365007,312.0028
1132221,8.6455965
1019179,11.31987
1175775,15.919128
1090948,4.845571
1421536,4.9275475
1057203,6.860101
1289059,24.090307
1406122,11.573557
1031913,82.40232
1104671,77.08064
1130263,95.16236
1262467,35.381668
1344770,43.636993
1399724,18.462753
1386804,4.245837
1024409,4.4293046
1102333,16.170536
1237125,3.0236015
1328704,1.3421831
1422040,3.1542282
1013119,3.103625
1314837,3.1248372
1250710,1.0089374
1256432,23.330597
1385119,1.3872538
1123789,2.9332418
1214264,0.82417315
1010519,3.9644012
1430078,3.9948208
1466860,1.2445096
1183616,2.0932934
1357495,2.0417914
1109540,1.2322606
1324842,2.0155666
1443306,1.2970719
1375732,2.1658337
1176031,1.5633256
1289415,3.0221896
1434198,13.173157
1391900,6.61344
1407920,5.5604935
1396200,11.045722
1079616,16.605757
1413546,13.787369
1338779,151.67522
1465862,9.88249
1363693,4.589492
1417818,11.911504
1301332,2.1675267
1119372,2.3019567
1088656,1.970443
1191894,11.655105
1036952,6.796668
1086302,38.393997
1216337,27.442434
1131165,40.062485
1247900,33.76673
1181563,31.498861
1298479,14.423582
1250135,3.842514
1093557,2.4318707
1306546,3.686882
1159850,3.0222566
1361457,1.5112656
1423436,39.658123
1103502,2.8464339
1069810,7.5237336
1036996,1.4699913
1462738,3.7292798
1262450,0.94698966
1063001,3.3486686
1332709,3.643786
1009092,1.2337904
1174424,2.5846837
1068993,0.98036873
1364616,1.3109486
1370843,0.81763875
1238728,0.6463979
1243693,0.43608475
1335580,0.22215226
1111231,1.1336809
1346150,18.516127
1340999,6.5234437
1105404,3.7874336
1177179,8.063175
1399577,13.205333
1366783,10.852682
1280390,140.46582
1157787,13.215408
1140945,20.088547
1368940,8.278143
1454366,7.273913
1204711,10.700394
1093821,63.04439
1268097,22.293756
1085144,288.50485
1113373,80.77574
1001780,111.75069
1347999,61.27343
1131195,118.34389
1207983,42.634388
1382099,10.555243
1179802,7.4171386
1129913,12.425388
1204080,6.625943
1083233,11.119471
1029393,17.667202
1314380,19.279032
1073539,11.130109
1024516,8.620901
1441872,109.09131
1101805,8.214348
1324397,43.03465
1360536,14.749422
1131791,3.1476598
1174202,26.521128
1202299,5.904476
1430012,22.740084
1043400,22.553152
1231589,11.617182
1304869,12.241258
1068324,7.9049273
1362496,7.1071777
1127808,15.867192
1134938,11.117953
1033050,15.921008
1365540,6.657654
1216274,12.910856
1408005,88.87953
1454152,37.616768
1351542,38.61228
1415554,41.61028
1423084,41.3073
1286644,31.186813
1018318,239.7719
1247547,7.522176
1264616,11.431364
1202860,29.597906
1412024,5.838268
1330518,3.8703086
1039199,8.022357
1054198,39.26421
1111763,16.947582
1042919,150.30893
1076090,71.92229
1413635,160.18484
1175546,84.2404
1117276,77.87471
1298775,41.52863
1421736,9.374128
1144110,10.163619
1325667,9.7575245
1233693,6.7149644
1052803,11.812628
1204789,14.160391
1155571,30.436554
1263994,15.806122
1467316,6.134203
1461574,111.35521
1275961,16.102793
1243026,54.543255
1464117,28.91982
1064605,4.0862985
1367559,31.442684
1062004,6.371047
1044366,26.41033
1184909,37.31331
1275182,8.003494
1155288,29.755625
1438955,9.363534
1309939,6.9312644
1405241,18.152264
1218483,27.837687
1280363,14.846225
1285178,8.842671
1409002,6.9921865
1318204,69.508255
1206558,22.461594
1323914,30.104435
1283879,40.06109
1143672,30.296762
1033899,18.493093
1299726,217.1641
1302213,6.28176
1138020,14.577451
1021547,23.139856
1451825,6.717458
1366867,3.9575093
1256189,4.5538216
1413055,27.41682
1339516,9.86449
1434310,85.024994
1359865,59.103508
1071594,124.38998
1131327,44.79116
1122050,38.05954
1390801,31.236395
1320068,13.412137
1176055,9.282612
1288556,14.230868
1319825,7.0209885
1417623,11.02022
1012060,19.484552
1187859,12.6626425
1435728,10.965902
1323252,4.6990557
1074536,101.43611
1453839,9.631243
1398925,28.44337
1261109,11.685524
1182579,2.9329896
1312198,18.407007
1153151,4.2236676
1241498,30.125172
1424572,24.849249
1187790,7.9999146
1088505,10.685891
1169026,8.593575
1172434,5.217536
1168329,20.566414
1382169,20.98435
1095640,25.02511
1034639,8.398118
1067169,8.884687
1177034,21.28666
1462452,9.529701
1262285,15.969058
1211628,10.484545
1278322,31.090527
1281428,29.472326
1089618,299.4786
1265245,8.644885
1399506,28.126877
1210300,38.758907
1127375,12.513522
1249469,12.395129
1338836,16.09737
1262462,61.54197
1388343,22.204227
1296709,163.81686
1057838,181.35078
1436810,228.59282
1065446,94.427025
1061077,107.779884
1135345,44.651485
1431732,10.749672
1181203,8.854255
1119639,32.220184
1140175,7.757805
1146411,3.7083657
1296662,8.244181
1243236,8.046324
1167460,8.174211
1104118,2.572449
1425070,56.100006
1190553,3.5599537
1111873,7.113978
1374515,2.1328807
1454391,16.363058
1400282,11.071468
1365753,3.6890202
1351380,5.709132
1212645,5.4193273
1171182,3.2667565
1468538,10.110724
1076085,6.5193696
1008691,11.6375265
1295738,6.7063117
1038733,7.2248087
1162381,10.224188
1361791,5.6858263
1333506,13.936625
1139031,9.376757
1456785,40.179455
1009812,34.767853
1165677,386.0061
1433703,18.814579
1072609,4.246616
1220567,10.955759
1017997,2.1943092
1097752,2.489056
1172541,2.097774
1180913,12.999334
1111186,4.708131
1376178,28.492233
1273837,27.903376
1276916,47.590107
1461202,39.46546
1066654,34.88293
1026316,14.095851
1061828,4.2552357
1327614,2.764078
1445250,4.520512
1362422,3.588639
1010874,1.6210238
1142825,50.13669
1291291,3.192342
1417646,9.80601
1039293,1.6282688
1355292,4.869994
1234252,1.032091
1254212,5.120232
1348427,4.4970636
1262003,1.547314
1449969,3.1050632
1293046,1.0914172
1115571,1.523009
1401304,1.4166238
1037973,1.0842847
1119694,0.81096333
1258012,0.3553254
1084501,1.2821131
1133148,7.112704
1304661,2.5748463
1468056,4.626143
1304058,3.296687
1179834,15.694445
1126955,12.813261
1020283,190.51883
1152517,11.350077
1195226,17.049112
1075420,6.9092927
1321084,5.4497266
1197537,7.786523
1323318,50.397316
1386814,15.451307
1106688,189.84105
1403768,66.09587
1324293,92.07556
1226831,48.699913
1450421,90.58455
1245996,35.104893
1148330,9.022045
1327435,5.964866
1465008,12.312076
1396350,5.899768
1261009,9.208829
1320518,14.737749
1030751,16.6834
1284048,9.426943
1078876,7.321097
1428982,93.9272
1066863,7.0429277
1386321,40.396282
1070365,13.979533
1212156,3.1193345
1025677,24.822102
1137679,6.435032
1360236,25.920132
1409304,25.78634
1064705,13.232328
1124514,14.65119
1305450,9.313032
1300560,7.6753807
1114901,26.527445
1331581,18.316448
1270270,26.60584
1099323,11.444582
1280890,10.918566
1045760,28.096659
1404942,13.102071
1441150,32.112564
1452789,13.371791
1112554,35.61618
1017073,28.648666
1223578,218.99532
1043583,7.047211
1006720,9.129962
1253695,23.312489
1075625,4.754907
1463384,2.9386442
1370844,5.77802
1455061,29.40267
1285221,10.606974
1423937,85.58371
1329716,51.686913
1117130,119.60332
1422504,60.976543
1445132,53.572155
1405348,30.794882
1160922,7.46716
1027992,7.997907
1158384,8.665547
1198691,5.512908
1384128,9.110614
1102115,10.713781
1197851,24.336037
1324687,12.210109
1240896,4.780815
1082138,87.27546
1376821,12.823514
1301340,46.778572
1022474,24.820992
1282498,3.8021598
1465479,26.254421
1184473,6.570249
1132845,27.72494
1419976,37.84434
1361486,8.641268
1409669,31.24533
1018450,10.617094
1189180,7.1925993
1299690,26.83851
1401468,42.508102
1434632,22.93622
1454316,13.450119
1118548,5.438548
1267929,19.918007
1463112,7.0939827
1172438,21.750736
1296174,11.739415
1029320,23.939075
1092768,15.125284
1375844,179.02988
1200410,5.398096
1445795,18.330929
1019701,26.596188
1237889,7.90541
1170128,4.7660832
1075487,5.523351
1458441,33.549664
1319839,14.292376
1458884,121.36001
1036720,74.42832
1088227,143.39566
1438272,54.566914
1357131,48.288143
1414927,42.266777
1279846,13.288823
1210602,8.786518
1361051,11.6995735
1174614,7.023886
1204449,11.939829
1463389,21.525517
1082411,13.614037
1380201,12.020634
1021192,5.071559
1092468,105.11389
1274502,10.746531
1288968,29.582453
1229312,12.867678
1412736,3.069387
1296730,19.437365
1351208,5.069915
1161822,48.992584
1135236,25.475471
1207748,7.997103
1426898,10.675369
1185921,8.708719
1211571,5.373105
1200087,18.15378
1313252,18.537012
1016909,22.28254
1328489,7.530819
1162889,8.864352
1004102,21.906876
1200281,9.160439
1212912,16.664288
1125694,10.408282
1096247,33.496494
1093395,30.876902
1236808,355.73724
1316445,6.951419
1294645,35.006016
1336397,44.708363
1024357,14.522247
1335055,14.759265
1452568,19.477196
1391207,74.56136
1325736,30.651993
1422235,220.6041
1261997,218.4657
1410613,263.33524
1377444,112.876076
1429280,137.37434
1118762,60.929157
1224588,10.674715
1330287,8.364415
1239636,25.81512
1308612,7.566817
1387967,3.9807525
1305500,8.963537
1020931,8.483808
1445977,8.5584955
1094707,2.6591585
1262630,55.450733
1072474,3.759451
1417337,7.5373354
1356419,2.4441743
1417193,22.781544
1084872,10.598426
1030006,3.3762486
1124197,5.365594
1143760,5.14399
1316945,3.1041148
1429553,7.859651
1163115,4.9641886
1285818,9.068456
1062621,5.550631
1339284,7.106015
1181642,10.684239
1366196,5.384508
1302730,14.2875395
1419077,9.403363
1191597,42.025547
1437334,35.926582
1049116,408.46362
1075152,14.863529
1026262,6.6777487
1429000,15.49563
1124913,2.8581953
1125337,3.2051234
1253303,2.691184
1457556,17.022142
1135583,8.635262
1085173,45.975018
1238287,39.639137
1265356,57.41989
1264887,48.635586
1419763,43.56005
1004212,24.19537
1450289,4.773312
1027170,3.184529
1034552,4.9783373
1240929,4.1534
1462637,1.7704022
1061511,53.63279
1458080,3.5418224
1121094,11.1961155
1412785,2.0151858
1124510,5.3961906
1223356,1.1753931
1150472,8.865547
1297209,5.0871286
1228631,1.7447376
1372709,3.5183015
1083443,1.3168485
1157534,1.7367179
1300938,1.5298579
1077468,1.1616066
1317810,0.87086236
1025906,0.39356047
1226180,1.3775588
1179545,8.127737
1218038,2.825102
1345836,5.046616
1381060,3.6423116
1203599,17.21632
1315953,14.878294
1446607,231.72946
1458166,12.951889
1215292,17.578798
1339985,7.534789
1016803,6.4528017
1388585,9.23136
1289892,61.301888
1167440,22.40019
1326471,268.9108
1024914,87.22835
1350657,111.32625
1340635,62.35858
1094537,119.27327
1047542,46.173927
1087777,8.170327
1229588,4.8310657
1306300,9.140808
1295687,5.5119286
1172551,10.269636
1289694,16.77676
1411342,18.193731
1220879,10.460614
1258260,7.9974794
1018047,100.06329
1451703,7.9968987
1264393,41.80167
1187600,15.386228
1440227,3.3150508
1178425,26.122004
1300803,7.4481516
1189318,42.445934
1240207,26.36613
1385063,13.156611
1337637,14.739345
1268550,9.288803
1281665,7.7944994
1047511,23.846794
1270429,16.512575
1276968,24.331255
1324279,10.529329
1104058,11.095019
1053236,29.706295
1066779,12.862536
1229889,33.753777
1289806,13.645767
1069669,38.541714
1356174,30.961157
1213304,268.39005
1282327,5.1369414
1385836,10.378937
1051034,24.335787
1415865,5.1087384
1108809,3.3246377
1343516,6.4575477
1158991,34.17807
1391974,14.997437
1260563,119.11403
1217492,65.367714
1137840,131.36232
1248073,70.54949
1396594,64.03971
1077298,40.76041
1369849,6.9998894
1061589,6.8476486
1196050,7.233556
1194668,5.217742
1069337,9.379113
1094583,11.324937
1033322,24.942745
1008045,12.655403
1134545,4.85665
1027600,87.19607
1012568,13.464673
1190314,47.677593
1075116,26.81197
1335385,4.162979
1439732,26.91719
1075289,7.747617
1124141,45.142334
1277672,39.256557
1088975,8.711866
1289886,31.425735
1321457,10.801588
1091481,7.3385606
1309919,23.977314
1427703,38.26696
1309667,20.565163
1375631,12.111383
1015328,5.087434
1236631,19.355717
1455339,6.5860367
1389087,21.404697
1280459,11.067915
1299447,24.853428
1056433,15.431163
1442801,215.12955
1029274,4.3775034
1135325,17.780575
1230044,25.88728
1230363,7.3619523
1220990,4.5796747
1073674,5.0658913
1138995,33.677338
1202923,12.828341
1015601,107.79146
1181856,70.83214
1302300,145.03668
1363265,56.1391
1330094,49.640144
1390824,39.472507
1359562,13.1380825
1350748,7.990097
1331442,10.5377445
1310814,6.719589
1177291,12.407139
1160070,22.270502
1402342,14.248263
1446405,12.538664
1463015,5.148259
1311615,108.84599
1281825,10.6667595
1111750,30.970057
1012420,13.69209
1044625,3.1804204
1255974,20.284092
1354491,5.5351496
1300245,46.89502
1409984,23.098507
1056643,7.277735
1176714,9.391513
1290310,7.84398
1340642,4.82726
1145564,14.42793
1012896,14.972011
1463034,17.779625
1095535,5.927062
1013468,8.572059
1170650,22.202835
1047905,9.15826
1334054,16.78372
1308813,10.47122
1083948,34.14138
1128785,32.016396
1183428,348.5681
1294032,6.4592323
1028447,30.487951
1290323,38.454445
1415712,11.999486
1287522,12.448716
1424855,16.113022
1183238,69.18391
1306973,25.990765
1260929,188.63759
1250753,203.41696
1120512,249.70195
1075191,108.381935
1123025,127.28341
1461820,53.734722
1168630,8.205499
1332232,6.9298196
1164254,20.839968
1331919,6.2653685
1118991,3.70961
1044000,8.2575035
1187158,8.041463
1048641,8.114728
1378660,2.3739834
1318331,55.894794
1252269,3.4469845
1163763,7.527852
1433477,2.3275535
1290922,22.317722
1284676,9.448653
1421332,2.952203
1319965,4.5421147
1433610,4.462827
1005379,2.7549367
1027401,6.141028
1006112,3.958776
1227442,7.1343904
1220820,4.3381624
1357895,6.256919
1059500,9.46764
1187494,4.7638206
1221387,12.8665905
1386259,8.529737
1377103,40.02137
1346493,34.63162
1016219,386.4802
1154889,12.273279
1466221,5.7619166
1044874,13.995732
1309546,2.573207
1146182,2.701696
1049819,2.2852597
1097836,15.80459
1044993,6.5313935
1156065,37.87501
1416636,33.831474
1300017,50.2304
1358568,44.456406
1330610,40.315308
1049941,20.113153
1259434,4.353961
1355055,2.932563
1073721,4.7537966
1430550,4.0020657
1038345,1.630867
1137645,52.20628
1359961,3.3524594
1431538,10.366607
1119812,1.8313277
1179134,5.038804
1063867,1.1425581
1108920,8.693639
1465219,4.5262156
1060300,1.6005405
1393683,3.0674405
1014658,1.1792266
1410679,1.5033767
1036499,1.1455815
1000166,0.94453526
1177084,0.6933371
1137188,0.31176066
1300974,1.1971766
1176194,7.3511324
1279360,2.4383416
1098424,4.63766
1319549,3.257258
1083576,15.949915
1146119,13.639956
1249693,217.06735
1069470,12.674028
1107458,17.474379
1431216,7.3299437
1150399,6.240467
1249360,8.607303
1189961,59.76595
1122162,20.297653
1273131,241.13448
1229010,79.15021
1270504,108.26953
1277873,61.035286
1017348,116.23185
1385236,43.661263
1413164,8.598003
1011399,4.713521
1448392,8.424444
1126745,5.56619
1062488,10.263487
1083210,16.54002
1292182,18.293161
1146483,10.557332
1367204,7.7400985
1410386,101.34231
1375984,7.578299
1103826,42.46233
1120299,16.264256
1057078,3.4720714
1437036,26.66488
1268672,7.997499
1448927,39.11039
1300541,23.49386
1248246,11.9645815
1070312,12.708811
1233340,8.269371
1076449,6.9963655
1392978,18.75746
1319071,13.188705
1450580,19.133293
1234295,8.203306
1070977,10.17911
1082377,28.630732
1270437,12.339052
1005644,32.47821
1061615,12.954893
1301809,38.039684
1336383,30.883865
1145554,254.69955
1412604,4.8995748
1442486,9.963432
1275914,23.669743
1467626,4.7478056
1165057,3.0964007
1194750,5.9316263
1268678,33.526917
1288932,13.20405
1125452,105.39175
1103522,60.46102
1059676,132.5599
1295922,72.099266
1192847,65.5324
1406730,37.490692
1318019,6.915123
1225777,6.513837
1051596,6.3997602
1221434,5.0305014
1171000,9.598951
1260105,11.445237
1454526,25.776493
1078323,13.071434
1234524,4.8804526
1322005,90.982864
1401313,13.343358
1429597,49.17321
1422090,28.138393
1334824,4.3291473
1300664,27.76383
1282954,8.350144
1193789,41.12337
1416758,34.225697
1289818,7.5965643
1010309,27.444489
1468109,9.314287
1163503,6.457887
1165602,18.355776
1007683,30.032001
1371355,15.784729
1261802,9.305014
1016304,4.8891616
1327656,19.4826
1406897,6.478696
1455601,21.576717
1363941,11.063698
1357240,25.263315
1442748,15.983679
1134534,202.15633
1112340,4.0183325
1081934,17.16687
1040609,25.858387
1449454,6.619481
1195316,4.2300406
1445046,4.6710396
1191005,35.260414
1468995,16.934946
1290870,138.4532
1214226,88.97879
1235428,160.48224
1253211,66.04973
1353792,60.42919
1446756,48.240242
1321980,9.710965
1393002,4.7621446
1383299,5.818753
1118610,5.1441708
1428323,14.115376
1389748,23.343878
1077115,14.783399
1272283,13.328539
1343135,5.462374
1166356,116.51247
1123329,12.256608
1318725,38.754993
1338392,21.374893
1231601,5.494134
1255873,25.796917
1259662,8.93946
1306367,80.56993
1439978,27.615765
1026320,9.064791
1127507,11.663467
1220658,9.394125
1391006,6.10905
1042620,15.878131
1203403,17.60903
1434436,20.60284
1410379,7.3478265
1359119,7.301664
1372370,19.510403
1415351,7.6397133
1316431,14.853422
1086934,9.127754
1088164,35.43139
1262583,34.417862
1410589,370.6885
1061631,3.3685658
1045170,5.6305146
1354339,7.924909
1250117,2.4798229
1075467,2.575015
1087210,3.4604268
1461840,14.934113
1192334,9.669222
1293944,63.889393
1199693,70.9399
1430566,80.430504
1420539,32.474884
1351932,38.630974
1435789,18.32014
1421257,1.4145733
1443442,1.0045903
1180064,2.595511
1103965,1.1523578
1421235,0.9891651
1275711,2.3546386
1463708,2.1814218
1446840,2.435022
1300900,0.7201851
1313516,18.938627
1003540,1.0769513
1151418,2.9135365
1060656,0.97358274
1315302,6.4457855
1348846,3.8013349
1046490,1.1614838
1432717,1.9295994
1204291,1.775006
1178092,1.0596573
1240248,2.0258527
1226024,1.3153392
1402755,2.4317486
1146530,1.5607786
1191976,1.9466534
1333362,2.5321922
1314076,1.2046943
1368706,3.6757553
1144522,2.345426
1190206,12.971898
1324185,10.35773
1154516,125.010635
1020927,1.522829
1018661,3.8316872
1238800,9.018453
1012056,1.6543515
1382047,1.646457
1173080,1.4241278
1167766,11.385799
1244639,6.885845
1220192,38.923588
1216582,35.15779
1395425,48.211006
1307642,42.19901
1418635,38.41562
1164973,20.32069
1336045,3.5678093
1292176,2.3768535
1034465,3.7431304
1119109,3.2136035
1467484,1.3871768
1241839,44.66796
1434273,2.8834996
1233647,10.414891
1131955,2.01765
1268584,4.9951468
1175595,1.334842
1202038,9.98646
1172292,4.621825
1106867,1.675869
1217278,3.1855745
1350045,1.2741582
1221809,1.5857232
1153465,1.0466915
1280475,0.89807636
1336580,0.67719734
1450777,0.31152874
1174735,0.9788081
1122679,5.698756
1328366,1.744058
1033300,3.906594
1283519,2.4543855
1407264,14.34139
1092513,11.816573
1132223,167.37474
1254769,11.13002
1283816,16.542809
1102182,6.2529106
1131039,5.5275464
1188586,7.6085196
1269995,59.837456
1325711,25.549465
1000274,303.37418
1244924,99.87579
1274325,116.98977
1427656,70.626564
1457962,136.26001
1343469,51.457287
1176933,5.963214
1154407,2.5839267
1456870,4.6660943
1012085,3.9299092
1231159,11.330802
1339694,17.254444
1048742,18.819445
1414928,11.12148
1137755,8.172357
1367817,104.06531
1111859,8.67911
1427187,51.3242
1125618,24.137012
1249109,5.7198052
1347003,32.86976
1443824,12.603243
1256955,66.36867
1083906,27.66567
1235948,14.378746
1447752,15.056467
1008354,9.7973
1401011,8.548769
1228570,20.1539
1342328,15.132535
1133950,21.343664
1185241,9.337751
1426282,8.913538
1334662,24.64571
1181839,10.141104
1238521,28.531002
1386582,11.259006
1347961,38.90495
1368687,32.936646
1416855,273.43677
1334474,2.5487826
1340683,12.03034
1133468,28.92992
1237176,5.339371
1415485,3.5803528
1178740,6.7752175
1290541,41.89156
1430655,19.924473
1069776,154.68599
1399814,88.90035
1237851,163.9176
1377150,97.09471
1126612,92.118416
1207572,54.016182
1109981,6.227562
1342402,5.046515
1024006,4.8651695
1393724,4.645507
1373608,12.940532
1321996,14.518423
1188713,31.348164
1116215,16.406973
1050334,6.1509657
1445787,107.5334
1005261,17.788162
1222383,65.19277
1346371,49.080635
1231629,8.5846615
1074655,39.22432
1285970,15.866305
1176705,88.92549
1334955,47.16441
1339346,10.965327
1177118,36.969776
1375193,12.965344
1221215,9.33666
1025236,24.4863
1331762,41.83719
1112178,21.291601
1295404,13.354642
1211608,5.103813
1040614,19.75357
1381050,6.488256
1055577,22.057894
1374064,11.304558
1237751,30.026682
1410970,20.070421
1400434,247.5363
1360698,2.9014595
1432391,13.896975
1443183,20.078938
1354720,5.5600066
1290066,3.4355748
1408108,3.8390071
1383235,28.585535
1145412,14.67995
1104355,129.93942
1179724,73.48479
1406133,149.60464
1443316,58.93918
1082618,53.91839
1029430,40.437016
1027886,10.602848
1190675,3.8082345
1274583,5.501914
1061103,4.435213
1374319,13.847628
1058864,23.175632
1246033,14.475146
1111702,12.739238
1291519,5.2155147
1175518,122.8817
1456029,11.111306
1224544,36.919437
1188563,18.37063
1066692,4.354407
1434650,24.514502
1354028,6.892264
1317945,57.672253
1188186,26.011942
1147671,8.268414
1026258,10.342427
1126339,8.701265
1221202,5.5217886
1201273,14.493334
1410418,16.285564
1254926,18.906227
1095622,6.542249
1381469,8.111527
1387484,20.751444
1166395,8.516367
1114701,15.720386
1210837,9.898958
1450601,35.80361
1259876,34.785862
1082447,365.70587
1290876,3.2356153
1337089,8.08976
1217199,10.256866
1097676,3.3321252
1123164,3.5698628
1245120,4.728109
1073576,22.17877
1112983,12.927005
1056085,96.58076
1135421,100.59989
1219825,125.90023
1124537,48.525444
1324170,59.135216
1433254,24.43388
1207697,2.604945
1048489,1.4277318
1405937,4.5424438
1100801,1.6137819
1415545,1.6992794
1169517,4.0120416
1295361,3.8075294
1095317,4.0774894
1347899,1.1492991
1196296,33.524494
1007884,1.6948925
1107422,4.588712
1213462,1.2832308
1217323,7.989732
1078431,6.088398
1091503,1.8243353
1299968,2.8505826
1226535,2.8148353
1191107,1.6739423
1000839,2.795374
1378533,1.9360889
1076545,3.615605
1038212,2.331336
1361381,3.2015007
1164176,4.2208014
1309161,2.2449634
1130375,6.2167563
1192223,4.0288687
1246325,22.636328
1240828,18.336178
1045258,202.6605
1199627,2.5818772
1306770,3.979358
1465522,9.061525
1076973,1.7272856
1445904,1.7402439
1001129,1.4874985
1238743,13.236567
1074050,7.414894
1272382,44.541084
1241204,35.569
1156329,53.795513
1418598,47.978256
1355730,43.58896
1233120,19.780867
1238518,4.473679
1355449,3.0163362
1333793,4.868754
1404943,4.211503
1046463,1.7264986
1460329,58.459633
1244081,3.4493165
1215179,12.33257
1232219,2.410403
1392144,6.0638494
1081017,1.3958529
1104731,9.965144
1120702,5.4992394
1142771,1.9489949
1045627,3.4593358
1379822,1.4327857
1290864,1.7876434
1093636,1.1706942
1216570,1.0334542
1438330,0.8248911
1312001,0.35116392
1174442,1.2115864
1109037,7.1846924
1355735,2.2660956
1243373,4.7297015
1218217,3.093171
1179968,17.822903
1025536,15.201021
1226014,209.85892
1369317,9.732416
1264722,13.157141
1414697,5.382049
1308577,4.6635137
1117331,6.3964343
1288930,52.459972
1067491,21.78938
1290716,277.14178
1108304,80.43071
1155579,107.33464
1255720,61.74697
1426514,122.30554
1050232,40.904762
1065576,6.5582986
1440976,2.2177548
1201530,4.649219
1054846,3.5484939
1379907,11.018535
1056711,16.9547
1119041,18.594742
1250820,10.52552
1017270,7.99712
1369276,111.56223
1338389,8.009816
1257289,50.045906
1396430,21.353945
1211395,4.44004
1271465,31.14419
1193950,9.573647
1192182,46.279945
1426122,26.414074
1347358,13.738469
1109664,14.004953
1198061,9.312786
1465286,8.147849
1096952,18.707169
1411223,14.331815
1081982,20.547558
1046725,9.106372
1254800,9.8526325
1316199,26.693665
1009929,11.493826
1450377,30.67507
1407465,12.269195
1023285,39.586864
1441270,32.819515
1141496,253.34238
1312789,2.5497446
1195458,9.154846
1099296,21.452854
1265393,4.270833
1118885,2.841855
1398905,5.3728685
1099740,33.764763
1101112,17.745657
1067472,142.79797
1376891,72.65965
1367043,148.39664
1302736,85.50575
1392348,80.42815
1131264,43.552216
1350048,6.683614
1319968,3.8282294
1120328,4.425416
1241500,3.831346
1359348,12.003981
1010715,13.239443
1153784,29.519821
1096448,14.699585
1005946,5.5967255
1130331,110.98031
1324252,15.654262
1208767,61.51026
1379203,41.286163
1327156,6.2756243
1315139,35.44819
1355227,11.342373
1456510,58.889008
1417828,41.43311
1056398,9.300921
1151120,32.824635
1102717,11.218035
1203588,8.042267
1263940,21.087925
1260509,36.90026
1080944,19.489151
1054833,11.551761
1159481,5.2351985
1173320,20.314856
1339263,6.5945883
1272578,22.252659
1392022,11.56284
1016408,28.496378
1227260,18.691292
1411898,232.8873
1437072,2.6782842
1276413,14.294243
1412020,20.73753
1184353,5.376928
1371292,3.577357
1046127,3.9140306
1418275,29.752676
1385044,22.346224
1302039,173.37639
1248229,100.86129
1238556,194.00418
1141977,76.96803
1321655,70.53119
1164446,64.962814
1174571,9.219279
1258445,3.316167
1420452,2.7380874
1455385,3.922669
1134464,16.043936
1287184,26.040857
1394750,16.816906
1100176,15.30351
1325084,6.107809
1250683,127.90867
1335142,14.1901455
1270783,61.19444
1459318,41.678856
1078314,17.358032
1132662,42.4129
1148123,18.413784
1360887,93.49385
1243766,53.33081
1196592,18.261402
1369950,23.81416
1341657,18.882746
1019667,12.2842865
1218546,26.251156
1425474,32.063595
1446834,37.01111
1044829,14.868774
1033542,7.849927
1374776,21.062267
1225950,8.274989
1212113,15.446256
1008429,9.420284
1431454,44.758526
1267870,43.042374
1024716,285.43506
1343978,1.6350805
1140836,1.9504588
1243936,2.7445312
1433240,0.81549835
1291183,0.88360894
1401131,1.1442953
1305575,6.0130305
1074629,7.2720156
1094915,44.306396
1364314,42.72323
1313393,49.09424
1296986,19.05368
1426100,22.564396
1022380,10.935987
1416838,0.63141966
1127412,0.4927915
1037829,0.53121316
1341821,0.42640632
1363680,0.60763603
1235016,1.4636853
1213345,1.3485253
1451882,1.5202713
1127894,0.45077166
1207625,10.995321
1375265,0.710235
1087636,1.6548383
1289599,0.7003964
1133361,3.109563
1192842,3.15838
1033262,1.0164099
1437443,1.608131
1337288,1.5312426
1258971,0.92275035
1191589,1.4288318
1100322,1.1375266
1456361,1.9227012
1178962,1.3760303
1362027,1.1248147
1193907,1.526529
1108099,0.7625295
1256141,2.0442462
1099735,1.3308184
1244903,7.578063
1452208,5.851789
1031816,36.86608
1306642,0.34004962
1089243,2.701028
1335932,5.9801035
1304548,1.1192442
1424694,1.1380703
1156260,1.0187285
1121665,8.8682995
1096217,9.044394
1104720,42.878063
1082267,33.528996
1251712,42.62839
1429516,41.41574
1089550,37.093212
1085106,23.041195
1339902,3.1463866
1438176,2.2611797
1228171,3.445903
1180638,3.0962098
1170793,1.2234157
1109689,35.353954
1392123,2.7629101
1452398,9.438163
1265143,2.7843957
1246509,4.7336926
1208987,2.0964625
1007148,10.403169
1433124,6.4916215
1180221,2.4252307
1094953,4.692292
1211935,1.9298398
1322063,2.132471
1289124,1.42538
1254617,1.5529568
1163937,1.1397511
1268838,0.5731489
1068720,0.79069304
1154943,4.6189585
1098700,1.3703048
1280329,2.826595
1119127,1.8781713
1099319,12.021147
1374282,9.8003435
1324623,97.24873
1097446,10.433319
1022326,14.947688
1344012,5.5895967
1446370,5.2444196
1058999,7.065301
1466884,56.55015
1133212,38.67725
1281620,427.20428
1462059,127.309875
1382934,154.26047
1091625,89.90877
1073651,179.46106
1149653,77.30321
1406120,6.3485975
1243687,2.3888795
1396910,2.5791378
1235949,3.3204932
1060247,13.391792
1434596,20.321438
1190349,22.618746
1425685,13.769865
1277764,9.712554
1080234,119.67853
1392342,10.79027
1005999,86.51473
1097771,49.114067
1171728,16.941334
1118264,58.227936
1113005,27.060078
1064554,96.43078
1400049,54.680492
1286716,29.301477
1370116,31.094112
1175215,19.774292
1399823,17.610306
1179964,33.892033
1345161,28.209778
1235468,39.31125
1373011,19.084854
1253381,9.748066
1309059,26.948914
1163190,10.901594
1327516,30.215958
1315369,11.611287
1424769,51.064342
1008245,42.48392
1464818,251.91965
1061493,1.4846604
1218850,11.551409
1117620,27.990356
1093164,4.8781123
1237953,3.4647706
1425769,6.5621405
1282115,42.11485
1420962,34.782074
1003895,259.13324
1009062,132.67783
1169289,247.04114
1266533,142.26799
1211726,137.77579
1077999,93.42948
1111710,6.569658
1364490,3.9490151
1321525,2.7561386
1228802,3.8583007
1390472,17.112791
1434761,18.672459
1280010,41.846516
1425605,22.318127
1443454,7.9410677
1135153,138.34952
1449297,24.108713
1446760,125.64348
1251485,113.40135
1227871,30.081028
1407506,78.72768
1185051,38.367
1107316,150.70367
1239580,100.20056
1130573,24.670858
1205076,84.10463
1393109,28.421839
1062747,20.676907
1444860,44.6592
1130817,82.15086
1067830,43.22141
1334148,29.700878
1141751,6.018073
1461552,24.104153
1110977,7.6363053
1038222,26.26466
1219690,12.960457
1150739,44.93032
1009133,30.27864
1227433,282.66803
1325722,1.6700114
1437018,10.212172
1416044,14.48862
1289115,4.4705796
1077359,2.9587128
1321969,3.216205
1087641,22.695377
1178252,13.606178
1445445,87.19273
1240359,50.13457
1190488,170.96663
1050641,65.72035
1161479,58.600975
1025651,32.672325
1259027,7.9692316
1414003,3.3480306
1463900,2.918137
1014059,3.3518894
1075483,12.931447
1083650,21.563772
1241802,14.19415
1323450,12.757977
1325979,5.4591208
1161525,113.496994
1218799,12.099797
1278600,46.83556
1201885,30.09375
1237190,11.307256
1421392,32.818703
1410087,13.036072
1280434,97.32771
1398265,37.287876
1078231,12.520075
1199824,16.2244
1107251,13.11231
1204803,8.572858
1100289,17.618141
1101323,20.875338
1468865,23.896788
1208162,9.808382
1006346,7.629564
1430592,20.173985
1129253,8.009993
1019344,15.046005
1421415,8.971993
1189457,39.573067
1186755,36.656013
1436274,273.20447
1083400,1.7102764
1126954,1.6074753
1424287,2.2250304
1319175,0.7227012
1121345,0.7618108
1014990,0.972612
1412102,5.02991
1306264,3.3937714
1148487,19.397205
1099918,19.157146
1225441,42.19493
1454118,15.209651
1028113,17.661243
1178406,5.0316606
1259362,0.5987972
1013996,0.49906182
1025647,0.61439955
1182246,0.4107391
1461031,0.5015696
1183749,1.20761
1203516,1.1303425
1437286,1.2196076
1211201,0.38007295
1137891,9.599629
1098902,0.59224457
1010156,1.4243015
1330118,0.5471284
1047980,3.5079694
1278004,2.3071048
1187783,0.7195468
1182520,1.1436018
1437472,1.1370742
1305644,0.68205494
1284032,1.028823
1255540,0.78349173
1108248,1.2671461
1367493,0.9189769
1328107,0.99358016
1280888,1.3691945
1260143,0.74343634
1079507,1.8793312
1454590,1.2090902
1336933,6.7291503
1001845,5.2417674
1262008,33.365547
1464132,0.3730767
1358354,2.0973382
1046771,4.672522
1006971,0.94439137
1396495,0.9822637
1396500,0.8211131
1023769,7.216939
1072913,4.7208514
1188800,22.581028
1177155,17.632534
1431989,40.316254
1408271,35.781948
1352013,32.82879
1140512,11.129397
1298872,2.8232841
1391363,2.0043192
1333051,3.142339
1252005,2.8082027
1045776,1.1596956
1051568,35.958904
1179089,2.589227
1315607,7.9861135
1265914,2.166287
1398411,4.1600184
1350875,1.5616524
1371825,10.585575
1230261,4.8090253
1137943,1.7686573
1287781,3.2842898
1294861,1.4353878
1106196,1.5669339
1401229,1.0648634
1446785,1.0656621
1037563,0.74520993
1301806,0.3847525
1414787,0.7760129
1233161,4.7884865
1227860,1.4673879
1433468,2.8971996
1133216,1.9081837
1168962,11.621173
1027032,9.468391
1337111,91.49733
1003769,8.624963
1180339,11.545855
1146489,5.220978
1172041,4.710688
1432052,6.321307
1282261,46.672066
1233162,23.918911
1010191,228.96616
1018100,67.03726
1237440,142.17233
1005766,81.28951
1133175,157.84921
1217331,41.423714
1036792,6.2014112
1389147,2.4375694
1161129,2.996819
1264504,3.2043653
1038491,11.476347
1164628,17.677116
1320958,20.230984
1114673,11.818837
1144034,9.041377
1243452,111.2408
1033689,9.574244
1115322,67.912384
1100699,37.25445
1073031,12.366285
1093232,46.146748
1039172,20.840118
1213019,104.025894
1390107,40.524994
1229850,21.075636
1174705,22.448956
1187412,14.635239
1440917,12.984265
1158364,24.203516
1065277,19.82166
1265733,26.79443
1255332,13.256357
1270125,9.823744
1435759,27.487925
1025407,11.3940525
1423284,30.66723
1225431,11.81162
1083178,47.433617
1142986,38.667778
1101205,263.6018
1468114,1.6919606
1045323,8.593035
1378412,20.104359
1204303,4.253446
1275011,2.9194698
1047681,5.49508
1299083,31.858257
1374642,19.05595
1080753,118.16422
1047400,60.211494
1128857,215.06702
1259900,120.02805
1239564,112.48248
1008763,43.893177
1110656,6.0031996
1303967,4.0392747
1062965,2.957835
1160089,3.535548
1399012,13.8691225
1298692,15.72228
1143501,35.591606
1011260,18.613173
1442727,7.231841
1360867,123.601944
1211552,20.705841
1350435,95.47889
1193386,82.18989
1126009,19.161789
1445821,60.38849
1237328,27.753546
1224713,139.62971
1010614,70.079346
1238849,16.657543
1005223,56.370598
1389798,19.720135
1149964,14.339048
1441441,30.151602
1161442,53.131336
1119822,27.54836
1465804,19.219711
1225437,6.0326653
1398693,23.85059
1198469,7.6125555
1240097,26.491806
1107690,12.962135
1385301,39.820793
1448093,26.292816
1190770,263.4162
1168459,1.7481686
1062372,4.796888
1418950,7.707881
1450524,2.1541514
1422171,1.4712379
1190379,1.5030692
1046433,12.574779
1412380,5.327136
1290816,33.541435
1157141,26.178461
1402873,95.80681
1180505,33.142365
1055109,25.946178
1437820,15.206217
1347631,3.3662872
1321949,2.0048087
1252356,1.7784618
1185664,1.5066195
1215755,7.692851
1025429,13.290194
1398253,8.573606
1083569,7.8385377
1150961,3.2945335
1365825,75.1136
1324963,7.231711
1006344,32.29357
1207952,17.580246
1015677,11.465937
1058513,19.231974
1094909,9.2483015
1134883,44.51159
1098236,74.690414
1316211,25.342999
1221816,31.654516
1046339,24.815388
1001245,16.576862
1185258,51.074165
1345702,66.29381
1239089,67.7343
1162175,29.43597
1148334,4.525447
1065294,12.121479
1156961,4.944783
1173160,9.53373
1435546,5.5006113
1275970,25.955801
1456697,22.87917
1427532,225.04733
1079404,1.0368296
1103435,1.6036279
1468921,2.333458
1124096,0.776014
1207197,0.84646404
1431296,1.0694687
1438949,5.6617537
1289315,2.8245418
1142361,16.959875
1301473,21.044247
1333091,46.212513
1332879,18.256117
1308729,19.753876
1195964,5.4302077
1126963,0.48239622
1384277,0.558874
1308205,0.86300784
1388049,0.39529693
1147855,0.55542034
1287507,1.4189657
1365164,1.3854887
1194409,1.5196599
1218803,0.43722662
1261918,11.7131405
1342473,0.68858343
1230809,1.9869039
1174083,0.9775113
1172424,3.0100272
1174822,9.652952
1163501,3.1680799
1015746,4.7909713
1159671,4.629815
1198983,2.8408616
1070216,6.590211
1427519,5.664596
1073026,8.74822
1469291,6.3873224
1102877,1.1712891
1031528,1.5557503
1233714,0.8326052
1080551,2.1745424
1062605,1.4614319
1155320,8.396417
1274390,6.788263
1312774,61.763844
1203071,0.50789773
1278065,1.324819
1057733,3.0638473
1385990,0.6236497
1034602,0.7105111
1164849,0.58305275
1410027,5.41385
1142748,2.3389285
1139751,11.25182
1254110,11.710251
1424245,30.811615
1405113,27.93693
1149142,23.26576
1135543,7.184806
1400268,2.0318875
1000886,1.5023165
1341305,2.486688
1112838,2.0123484
1117857,0.86848724
1386102,25.484097
1202827,1.9106312
1197617,7.012306
1257873,1.5559108
1369102,3.2881055
1340118,1.3840859
1359287,5.8658957
1028647,11.035795
1411449,4.4216685
1361346,8.125417
1316775,3.246114
1134942,3.7998943
1138974,3.8023765
1113446,4.155379
1405323,2.7481627
1052079,1.4841213
1274427,0.6235606
1387876,3.2433026
1148596,1.0458851
1260288,2.2373786
1282951,1.460775
1152940,9.3239155
1132686,7.4714518
1401901,90.699135
1009467,4.1077566
1275038,6.3143835
1224188,2.593523
1351787,2.495013
1295287,3.0065894
1190325,26.603079
1303058,10.076708
1247521,87.40517
1147660,34.376568
1140522,78.84759
1441976,42.51264
1223094,74.605576
1450814,20.076252
1225774,2.6261494
1180098,1.559963
1020920,1.9222683
1081353,1.4275372
1250488,7.1480637
1219834,10.828211
1270500,12.445942
1193464,7.709385
1451097,5.572694
1345613,71.44343
1437714,5.954062
1316141,48.507416
1427560,23.35574
1378419,12.162152
1108509,27.610992
1283643,15.380445
1295945,50.941105
1313716,81.489426
1215531,42.846992
1376060,42.26626
1386717,27.670456
1178064,25.422066
1325015,70.98027
1332740,59.451466
1120400,73.69789
1332597,37.0314
1158898,6.018766
1194498,16.093868
1243244,6.690942
1131415,19.293575
1011624,7.159684
1125708,30.683834
1331813,23.639166
1209894,201.14883
1340482,1.0725001
1385524,4.030239
1063998,10.350555
1163034,2.0214264
1408949,1.4394519
1041914,2.3720648
1389042,17.475887
1456767,7.7118864
1433047,44.02413
1273778,29.497808
1283694,114.66576
1157143,58.37332
1384632,48.53226
1440175,19.444263
1133748,2.3911462
1275420,2.4986346
1295051,1.8916976
1168074,1.4453319
1255449,8.051596
1427335,8.934511
1093615,20.107574
1257980,11.058966
1150968,4.178067
1262402,73.12144
1297816,11.661397
1120851,60.867043
1465176,43.888695
1461521,17.488108
1443597,31.784647
1404366,18.151678
1114972,68.003685
1447591,120.88828
1463084,29.027649
1231352,96.43828
1203802,32.83381
1377273,23.925282
1339473,75.22925
1233742,147.90112
1030395,65.79683
1447850,50.0442
1230067,3.362917
1000783,13.421951
1053480,4.306574
1213582,15.421437
1372334,7.395961
1093435,21.97352
1225766,14.247269
1365839,183.77335
1162872,1.122572
1300760,0.0
1131915,0.0
1217169,0.0
1437922,0.0
1253281,0.0
1113957,0.0
1322051,0.0
1182068,0.0
1276173,0.0
1088966,0.0
1425131,0.0
1239299,0.0
1469445,0.0
1252037,0.0
1193436,0.0
1401237,0.0
1050505,0.0
1082292,0.0
1237469,0.0
1416344,0.0
1042218,0.0
1442859,0.0
1080535,0.0
1149324,0.0
1407470,0.0
1094822,0.0
1090426,0.0
1141372,0.0
1441603,0.0
1126274,0.0
1251775,0.0
1420689,0.0
1033369,0.0
1309024,0.0
1422391,0.0
1213045,0.0
1408980,0.0
1000530,0.0
1156759,0.0
1178005,0.0
1084249,0.0
1100888,0.0
1060108,0.0
1023396,0.0
1454964,0.0
1378089,0.0
1270354,0.0
1356215,0.0
1334774,0.0
1321102,0.0
1219366,0.0
1109036,0.0
1284298,0.0
1418900,0.0
1265509,0.0
1218561,0.0
1398500,0.0
1306413,0.0
1198952,0.0
1304094,0.0
1076943,0.0
1288632,0.0
1243931,0.0
1406869,0.0
1061417,0.0
1374221,0.0
1066382,0.0
1088891,0.0
1412998,0.0
1011737,0.0
1048393,0.0
1019140,0.0
1403110,0.0
1074819,0.0
1298273,0.0
1458029,0.0
1063926,0.0
1312564,0.0
1166357,0.0
1362441,0.0
1081412,0.0
1065930,0.0
1102316,0.0
1412923,0.0
1235740,0.0
1047896,0.0
1048046,0.0
1068489,0.0
1142301,0.0
1256334,0.0
1274103,0.0
1281804,0.0
1096010,0.0
1230307,0.0
1187510,0.0
1249818,0.0
1140437,0.0
1167737,0.0
1397883,0.0
1378606,0.0
1222373,0.0
1185059,0.0
1054399,0.0
1380943,0.0
1305613,0.0
1122719,0.0
1179674,0.0
1026164,0.0
1371990,0.0
1268159,0.0
1115955,0.0
1319862,0.0
1372557,0.0
1002328,0.0
1339481,0.0
1418433,0.0
1330299,0.0
1265708,0.0
1093454,0.0
1049179,0.0
1014343,0.0
1433318,0.0
1070719,0.0
1452970,0.0
1354185,0.0
1002311,0.0
1319740,0.0
1198503,0.0
1062794,0.0
1111749,0.0
1136166,0.0
1139087,0.0
1311031,0.0
1096899,0.0
1305084,0.0
1057048,0.0
1400639,0.0
1097684,0.0
1265526,0.0
1172853,0.0
1191001,0.0
1328944,0.0
1055147,0.0
1255408,0.0
1114150,0.0
1459117,0.0
1251637,0.0
1355002,0.0
1328124,0.0
1367341,0.0
1168243,0.0
1103983,0.0
1156521,0.0
1455489,0.0
1338867,0.0
1104312,0.0
1112474,0.0
1057611,0.0
1137848,0.0
1264542,0.0
1167970,0.0
1379169,0.0
1424401,0.0
1261724,0.0
1445055,0.0
1212767,0.0
1230856,0.0
1382123,0.0
1044030,0.0
1456521,0.0
1147815,0.0
1194518,0.0
1187942,0.0
1329017,0.0
1301643,0.0
1043885,0.0
1104771,0.0
1167133,0.0
1011018,0.0
1073011,0.0
1141479,0.0
1108596,0.0
1350603,0.0
1163655,0.0
1357432,0.0
1071782,0.0
1445127,0.0
1234316,0.0
1230096,0.0
1422396,0.0
1028761,0.0
1044974,0.0
1205764,0.0
1202363,0.0
1368201,0.0
1307862,0.0
1442706,0.0
1281127,0.0
1031987,0.0
1450288,0.0
1333612,0.0
1212936,0.0
1213770,0.0
1346979,0.0
1215668,0.0
1464150,0.0
1237533,0.0
1090445,0.0
1021761,0.0
1257814,0.0
1399593,0.0
1412521,0.0
1469044,0.0
1009233,0.0
1466710,0.0
1389641,0.0
1055602,0.0
1022542,0.0
1388684,0.0
1350202,0.7960719
1399626,1.2917259
1398041,0.30798012
1125921,0.22596662
1382753,0.23421443
1061564,3.223605
1045437,1.0368656
1274612,12.026087
1353307,9.4444275
1051360,54.663574
1143476,14.629511
1191073,11.671156
1006624,3.3312373
1043452,0.44690186
1121023,0.26724917
1056108,2.4056582
1221604,4.290565
1272692,2.7523715
1466861,2.3639464
1288804,1.0517689
1151831,28.738354
1328742,2.26133
1023234,7.5668283
1283864,3.195623
1067224,0.92363226
1226689,4.6813574
1386101,0.880233
1146309,1.2196729
1018623,7.3560586
1106777,2.3293145
1252030,2.9602928
1119367,2.3114505
1053011,1.5628312
1263533,2.735197
1073279,2.7252464
1324471,3.2485206
1441617,1.2407358
1304076,2.0348935
1267862,5.5405746
1286979,2.275266
1116805,4.106191
1338905,2.5288024
1396365,9.9248905
1302072,8.545458
1132966,25.262774
1395643,0.29774126
1352715,0.4537604
1231359,0.11239387
1256527,0.13904813
1465646,0.19078867
1435739,1.5537157
1285404,0.84289867
1171987,8.195974
1122691,9.472654
1357945,30.315533
1428682,9.185068
1218701,9.921804
1147854,1.5467516
1253113,0.059089858
1333445,0.076396376
1171289,0.2294456
1252611,0.5379845
1148490,0.52352476
1231256,0.52349037
1311058,0.16798075
1287831,5.0365705
1239659,0.2550411
1179273,0.60410684
1392824,0.13675705
1191642,0.14044508
1252333,1.2970556
1396322,0.38118756
1098989,0.62347406
1301177,0.5766591
1048825,0.37612733
1145451,0.46569458
1297085,0.31269637
1338813,0.51877594
1460039,0.41032472
1408030,0.6110884
1451975,0.8204355
1043215,0.47375545
1333274,1.1557863
1374720,0.8221124
1077164,3.8621147
1306582,3.2952454
1321108,8.181419
1101486,0.33917314
1307408,0.8219129
1235002,0.1387741
1379398,0.16634354
1131595,0.14413038
1057068,1.7727398
1147958,0.85480845
1289885,5.4264555
1320692,5.160277
1294238,18.420418
1427984,13.630788
1334176,11.84499
1023670,2.2224085
1078806,0.8102272
1038476,0.5925217
1297230,1.0065095
1252337,0.7802416
1277741,0.35267296
1345779,11.922485
1168181,0.7194943
1258776,2.2547956
1190501,0.45389676
1004061,1.1360762
1282925,0.20448747
1244583,0.3085532
1382658,1.497488
1268903,0.5415473
1292189,1.0397933
1225689,0.40917635
1354629,0.54788435
1071680,0.2971604
1064815,0.24616809
1348871,0.18050846
1370161,0.09290688
1256157,0.3624377
1431341,1.8540375
1335182,0.6092285
1263042,1.2207936
1236151,0.8671036
1395706,4.271888
1406808,3.6251354
1228366,14.668531
1320823,0.6411104
1206654,1.0433494
1269369,0.3746758
1342834,0.39275232
1190343,0.48759288
1000442,7.101236
1136417,1.714263
1384017,29.079325
1252842,10.602481
1151844,38.18899
1106447,15.79572
1327956,30.375586
1418156,3.7409768
1391213,0.3368474
1257173,0.25056285
1023298,1.9080257
1448663,3.0876927
1326083,3.6787286
1360695,1.9902709
1031066,1.6585156
1221426,26.550919
1111662,1.651058
1455292,10.668147
1455296,3.507707
1048816,0.8153327
1334196,6.1124253
1188350,1.2268329
1050514,1.129781
1370726,6.9141703
1364023,3.6600304
1117903,3.5369668
1255262,2.2325482
1067443,2.2250056
1228994,3.5999901
1334406,2.3628519
1076506,3.3092792
1041485,1.4830186
1405132,2.8419926
1204841,7.5640383
1106121,3.1716657
1017834,8.620254
1148501,3.3923614
1291145,10.802107
1262226,8.022404
1194772,20.014622
1325231,0.4875532
1433284,1.396077
1358385,0.2203641
1158325,0.16386747
1381093,0.29342216
1279858,3.65131
1096589,1.084908
1144670,11.763936
1069559,7.677503
1322266,47.2417
1461579,18.945393
1314292,15.903868
1426942,2.961583
1247266,0.23460169
1006279,0.19674866
1453559,1.7441123
1006698,2.0819287
1038813,5.0774717
1391043,2.4175072
1432295,1.0045207
1292125,22.480892
1019769,2.7555735
1430444,11.4738035
1405172,5.741754
1181792,0.9606506
1429853,5.8994484
1458026,1.1617161
1195909,1.4590797
1343851,9.463434
1076628,1.9688537
1404920,7.194355
1459989,2.2084804
1438085,1.6852901
1083408,3.4533253
1135692,5.2802706
1180313,2.5652862
1454901,1.6937069
1093322,1.29433
1251123,5.102708
1075723,1.5984619
1417984,5.3719597
1159537,2.7971826
1266886,6.3884697
1247007,3.8638692
1426587,15.859256
1054568,0.7919755
1130790,1.2637628
1463609,0.32253832
1426654,0.24164383
1441771,0.25436848
1333767,3.1587768
1024261,0.9639038
1370910,11.48605
1449506,8.735803
1181100,49.286724
1424022,13.881514
1293669,11.3370495
1304328,3.3579812
1382974,0.5010985
1038634,0.291746
1217559,2.199967
1378879,4.0405517
1106150,2.6489158
1389329,2.257942
1332683,0.927612
1312145,26.557575
1403837,2.0656292
1466506,6.8860617
1456286,2.9939792
1238592,0.8668828
1098270,4.4572277
1299707,0.88771075
1111264,1.1815295
1208147,7.0134797
1215727,2.213181
1086303,2.7339442
1140137,2.1628044
1217687,1.5019491
1463363,2.4919283
1463601,2.5579712
1256805,2.986726
1351597,1.199202
1355099,1.8238577
1184901,4.923726
1085665,2.0843945
1158168,3.7692826
1020740,2.3305583
1006878,9.140858
1088376,8.181938
1305100,17.09361
1241253,0.26002392
1032982,0.369885
1330064,0.101532854
1450302,0.12805253
1379898,0.1754682
1053270,1.3056632
1080416,0.6706285
1278812,6.2492633
1041980,7.2237716
1098193,22.483414
1232823,7.0555754
1134251,7.839392
1100493,1.2571738
1022256,0.055513304
1453859,0.06791313
1399416,0.17856282
1398167,0.438085
1155483,0.4366396
1011078,0.4355851
1078104,0.12899297
1469527,3.7564666
1379773,0.19264475
1036825,0.49349928
1351026,0.11702967
1399419,0.11896926
1252484,0.95807534
1279726,0.28837532
1162463,0.4475789
1279404,0.42773288
1313062,0.2769563
1375269,0.34695187
1257979,0.2387865
1413239,0.3957464
1174350,0.31117052
1228632,0.42590284
1384210,0.5998114
1374477,0.35574326
1267604,0.8460902
1113859,0.59696
1012950,2.9770722
1205443,2.5114222
1167747,4.7462707
1459495,0.36198968
1056946,0.8319
1037461,0.14628668
1241157,0.17082134
1345776,0.16038413
1001364,1.8494009
1149954,0.81825125
1287943,5.075204
1268807,4.863558
1246428,17.215677
1251513,13.432722
1350185,11.467829
1109677,2.1524534
1431789,0.7628276
1418732,0.6074781
1017076,1.0245535
1060623,0.81004536
1339311,0.33895892
1395493,12.496715
1300104,0.7060923
1443725,2.1903853
1089892,0.4467904
1419761,1.153266
1232081,0.20831528
1337619,0.3401463
1038843,1.4922745
1428666,0.5376766
1044668,1.015625
1078787,0.40048617
1327015,0.51649857
1439655,0.29318947
1245600,0.2643476
1294747,0.1975657
1087586,0.09954275
1292629,0.338494
1033231,1.7315018
1417184,0.5576481
1369044,1.166486
1023550,0.8242439
1005434,4.1825395
1096546,3.7268271
1043060,11.1507015
1425244,0.60310674
1152846,0.9380003
1321241,0.34458122
1170331,0.37141892
1189909,0.46738315
1228837,6.277344
1297453,1.6655045
1449639,28.477398
1214183,10.1237755
1291052,35.254463
1137710,14.887308
1453074,29.213892
1324697,3.7268472
1276196,0.35492152
1450321,0.25865117
1005387,1.7347794
1401033,2.9319787
1075921,3.4669201
1361161,1.8687271
1056570,1.4731462
1260126,24.815798
1296657,1.5381148
1357446,9.559858
1227269,3.3766708
1312078,0.83974427
1027855,5.809205
1217705,1.2642854
1069433,1.2556245
1295823,6.7477517
1349150,3.5617912
1358234,3.4596314
1054352,2.1134963
1214930,2.1503284
1274914,3.2844167
1074682,2.1767054
1214551,3.0500574
1097231,1.4593912
1161245,2.5110226
1132622,6.6452208
1113708,2.8619456
1043523,7.864338
1417053,3.0473232
1447718,10.195796
1446059,7.858925
1137151,15.480139
1189035,0.50225246
1443822,1.4319832
1136559,0.23234761
1447755,0.17901535
1245840,0.32592493
1276995,3.6789136
1336183,1.090303
1394952,12.013535
1204540,7.8242903
1426173,46.57067
1403475,19.841213
1006596,16.94646
1283911,3.1334913
1339503,0.2741045
1306967,0.22434883
1402563,1.7627752
1446913,2.145645
1001502,5.205037
1170467,2.4352772
1109512,0.97899663
1389681,23.082539
1405155,2.7899275
1148291,11.520146
1188889,5.849703
1009640,1.021924
1099978,6.2458105
1458602,1.2550235
1008438,1.609705
1349666,9.541537
1084583,2.0483277
1008645,7.4414887
1278906,2.2575867
1292594,1.7470446
1344973,3.3755054
1063076,5.148253
1352900,2.5538745
1211418,1.7189567
1408249,1.3240738
1153479,5.107682
1373908,1.6510556
1267689,5.3446975
1429089,2.8174171
1328909,6.7261224
1302125,4.2690907
1360331,12.607641
1116524,0.9999987
1169663,1.6438795
1233163,0.39162177
1212983,0.29381922
1317069,0.31229836
1360483,3.951598
1164978,1.2916195
1060341,15.077268
1131581,11.137716
1244400,64.805275
1403895,17.005444
1020181,14.625554
1099530,4.498897
1166502,0.55040336
1373399,0.32663432
1242672,3.4112995
1458393,5.9605813
1424220,3.8307014
1446368,3.3563359
1460727,1.4944013
1423918,39.191418
1045024,3.122972
1351877,11.318628
1196235,5.0543623
1286111,1.6854982
1112975,7.305403
1106403,1.5492498
1413794,1.849542
1402472,11.676054
1293224,3.5673485
1018615,4.4073133
1453663,3.5287151
1110268,2.4581244
1318740,3.9294746
1056779,4.180427
1116629,4.7665997
1147305,1.951479
1161424,2.8593988
1468740,7.90036
1016852,3.2646499
1043941,5.9514527
1300499,3.726667
1060458,14.642482
1319058,12.364012
1362050,34.07977
1263206,0.35340425
1152553,0.5500175
1122450,0.14486992
1218375,0.17626241
1125702,0.2477772
1409871,1.8326248
1405632,0.991028
1385676,8.637072
1415104,9.60803
1271503,29.32185
1005155,8.711294
1010896,10.269104
1226424,1.7797705
1288419,0.07172893
1387637,0.09116008
1367193,0.31261688
1311257,0.6843837
1113529,0.68220586
1432023,0.67325747
1457868,0.20927933
1404633,5.773923
1354249,0.31157786
1240850,0.8229044
1290606,0.23880343
1060166,0.21591878
1171120,1.7465559
1300945,0.4912551
1326058,0.77659094
1021888,0.76931393
1365158,0.48972392
1323710,0.57764673
1453130,0.4155086
1047638,0.6512068
1294545,0.5506208
1002737,0.69820464
1173138,0.99449635
1404958,0.6269625
1108439,1.4472742
1399632,1.0084097
1075256,5.1040945
1103173,4.149724
1338283,10.108919
1306599,0.39833406
1254666,0.9323948
1400376,0.16086975
1296066,0.18901348
1260425,0.1797038
1040668,1.9872487
1000294,1.090343
1055388,6.1158905
1465857,5.6743245
1093428,19.974028
1058683,14.382373
1169775,12.886441
1379824,2.7456155
1424804,1.0322053
1142239,0.7434836
1366367,1.2662826
1010992,1.0497326
1158153,0.45171928
1315093,15.091283
1109822,0.89870423
1236399,3.0843904
1026790,0.700332
1055234,1.6335808
1136433,0.32753307
1095880,0.47734228
1455315,2.0219622
1172249,0.732485
1129557,1.3817141
1418340,0.55979484
1446435,0.6903654
1138051,0.3483306
1365925,0.33674973
1206943,0.26043552
1361505,0.12946557
1271902,0.43969378
1369686,2.347881
1332531,0.7661268
1028936,1.6387419
1001159,1.1361223
1278194,5.6028185
1114897,4.664571
1416604,18.30656
1189981,0.7766744
1286561,1.2336751
1319608,0.44087324
1425337,0.48085934
1323855,0.5943779
1399817,7.9490547
1183307,2.114864
1249600,36.34556
1201024,12.37825
1000373,45.162937
1429392,17.754066
1025520,37.064693
1187755,4.7396727
1056729,0.39942807
1011952,0.3030457
1118238,2.618346
1410350,4.0746546
1346262,4.8518515
1371324,2.6909478
1208636,2.2701213
1262259,34.71017
1288087,2.2081993
1184515,15.215036
1015731,5.432846
1011112,1.4713854
1354301,9.087209
1399426,2.0741508
1382166,2.0962596
1140065,10.405028
1264629,5.3655987
1273776,5.2715383
1326288,3.2657623
1269922,3.297945
1465051,4.935254
1109797,3.3352768
1214672,4.602403
1030512,2.2484162
1009637,3.7870064
1025183,10.138575
1092304,4.321283
1191123,11.917731
1297228,4.6637883
1368177,15.520558
1327839,11.171239
1153350,30.79533
1118393,0.6336548
1029886,1.8172405
1149551,0.2922155
1327444,0.22501245
1425559,0.40396747
1206920,4.582503
1444314,1.3910459
1050410,15.163615
1400942,9.633825
1386807,59.70223
1077196,23.439693
1410433,20.65775
1271032,3.9163785
1209648,0.31493276
1287404,0.2513306
1188364,2.5987387
1125055,2.8827271
1285199,7.2040863
1174011,3.432914
1090644,1.4830501
1180482,32.458755
1003948,3.9779499
1168328,18.075092
1005790,9.277639
1254173,1.8168942
1059652,9.533244
1440593,2.0353699
1425324,2.384766
1039886,14.593323
1396503,3.054777
1071102,11.200438
1228426,3.469442
1172971,2.70301
1463570,4.9659176
1315150,7.651904
1240745,3.7684264
1247653,2.5679133
1250638,1.9315367
1278941,7.515558
1077503,2.3444304
1335171,7.803935
1073296,4.1696053
1106849,9.840514
1315238,5.897703
1048522,24.249485
1361078,1.3800639
1218211,2.1518033
1355606,0.5140547
1261258,0.36578092
1255940,0.39781743
1086886,5.163576
1137948,1.7334942
1389354,20.889267
1044737,14.068993
1417444,77.80225
1227655,20.965082
1258097,17.44062
1102163,5.2718725
1117124,0.6640044
1227346,0.42992488
1400124,4.3299093
1190324,7.6095953
1211450,4.9223185
1248841,4.2448664
1145641,1.9207728
1033856,49.101315
1457553,4.141085
1437446,13.798854
1461340,6.123751
1390905,1.8983877
1446555,8.836418
1036597,1.8062751
1309374,3.8332093
1076556,13.975812
1157724,4.3581266
1323538,5.6296606
1145174,4.4992433
1090418,3.0490804
1080565,5.562459
1165778,5.7400393
1369242,6.392239
1085386,2.6704035
1298436,3.929818
1344143,10.311116
1405546,4.254849
1235017,7.482199
1033868,4.7183895
1120926,17.961163
1174949,15.117956
1461326,42.19555
1331226,0.28763947
1237768,0.41549763
1373607,0.10979618
1377659,0.12860303
1283054,0.1739612
1206569,1.3519757
1270803,0.7912009
1040483,6.9708467
1135765,7.460508
1172404,21.591984
1447452,6.4387503
1020840,7.3921385
1337622,1.3280457
1100568,0.05506147
1445088,0.06706273
1419025,0.23168549
1385425,0.5164725
1123399,0.500981
1266244,0.521879
1121447,0.16883375
1039290,4.25731
1383022,0.24459681
1093924,0.56373584
1057018,0.14779656
1320960,0.15378277
1064059,1.2270088
1027442,0.3590682
1370001,0.58271617
1403077,0.5488485
1181030,0.35069007
1214276,0.46682233
1267583,0.3079461
1049143,0.48447895
1141600,0.4034965
1029339,0.5941909
1125159,0.7918156
1373005,0.47150332
1093904,1.0504533
1309562,0.7764153
1241096,3.565229
1109314,2.8847966
1140686,6.9066467
1083813,0.4208232
1141484,0.92271554
1298439,0.15896204
1108826,0.18478616
1097757,0.16846342
1245284,1.9891869
1258552,1.1736832
1422733,7.102848
1440152,6.021965
1052566,20.657633
1163720,15.310521
1282355,13.107327
1032267,2.6384008
1215262,1.1150542
1040957,0.79197973
1290560,1.3127575
1176790,1.1021358
1033553,0.50872844
1269758,15.769964
1343249,1.0346894
1033851,3.0186734
1454029,0.6451322
1439138,1.5738583
1066187,0.308518
1453792,0.5976332
1190752,2.1401057
1107003,0.75482196
1116507,1.5138973
1289677,0.602063
1445268,0.74376976
1416860,0.43221846
1316534,0.3685568
1406032,0.2803325
1288871,0.14219281
1191979,0.52248687
1225334,2.6551006
1165041,0.87442714
1076949,1.6550839
1135188,1.2109983
1069824,5.794195
1072002,4.7583513
1204993,19.644268
1069275,0.9525172
1173350,1.4751065
1449545,0.52611744
1375305,0.5521755
1087169,0.6794844
1045279,9.253821
1283841,2.8585734
1234106,48.305454
1052653,14.978111
1298922,51.92402
1318606,21.456713
1140329,42.658455
1188700,5.46741
1089584,0.45003527
1137709,0.3506308
1021884,3.0485072
1296069,4.786834
1388917,5.614741
1378636,3.1311862
1459395,2.6604102
1401590,39.01037
1127362,2.6756244
1205510,17.04496
1298282,5.978502
1156477,1.5657742
1239872,10.2269335
1297735,2.225551
1008500,4.2169104
1403818,11.83893
1383378,6.1277723
1340182,6.228326
1193339,3.880019
1452853,3.776651
1197452,6.3532476
1081269,4.33987
1349994,5.7917213
1210735,2.8415325
1193197,4.5759764
1334715,11.99525
1379214,5.0885334
1176673,13.3935375
1237971,5.338215
1462006,17.618885
1033109,12.311651
1155880,39.015312
1398003,0.79685205
1280941,2.1453505
1369940,0.33496737
1460669,0.24937916
1208101,0.45264015
1035775,5.419201
1128861,1.9187492
1226082,20.680407
1390514,11.578065
1234583,71.33741
1177962,28.311665
1056154,24.793753
1469584,4.7136636
1435930,0.3365258
1169952,0.29212385
1120357,3.109052
1129916,3.5541599
1181425,8.576151
1280654,4.2007055
1300943,1.8080654
1230377,37.956116
1268017,4.9950404
1205364,20.662237
1364226,10.816507
1179240,2.085265
1170985,11.1146
1101961,2.309156
1114015,5.308697
1276776,17.523266
1004289,3.67619
1291348,13.71123
1343785,4.2666216
1119277,3.2671227
1338239,6.672498
1058809,10.171717
1383747,4.8975077
1071930,3.4583364
1148455,2.3450305
1193363,9.143925
1132103,2.9352546
1197124,9.320391
1196783,5.0277257
1064280,11.709492
1382464,6.933759
1308574,31.356216
1318861,0.4503407
1098511,0.8088087
1153839,0.1658554
1275724,0.11886831
1170014,0.12674811
1280278,1.6484032
1354416,0.84799147
1214728,10.644322
1461993,6.701764
1329433,30.153357
1189837,8.792394
1128049,7.3767557
1263686,2.5629938
1430597,0.16337149
1048618,0.122081175
1338173,1.5580267
1068065,2.6282363
1422119,1.7089164
1359142,1.4866438
1212678,0.6871863
1205812,16.799498
1294714,1.453858
1416475,5.1544333
1152303,2.3387675
1364272,0.7369851
1150322,3.10508
1297793,0.7135612
1461698,6.040769
1427765,1.81268
1155256,2.4435177
1289595,1.7626562
1227198,1.2535868
1161598,2.3649254
1356547,2.343699
1378906,2.4685884
1445094,1.0266072
1151047,1.5444272
1147208,4.266716
1202014,1.8367914
1237723,2.9276497
1318035,1.9296135
1108232,6.5590224
1153487,5.5853333
1084529,11.131146
1241662,0.063199416
1327108,0.11494682
1330679,0.02400077
1364581,0.027258992
1317242,0.03704753
1074107,0.3073379
1128248,0.20196167
1143675,1.8499578
1196970,1.948185
1202611,5.0494924
1409595,1.5707947
1367404,1.7479379
1444008,0.37322196
1204203,0.009422155
1405601,0.013578676
1205395,0.053448062
1316696,0.11562367
1116723,0.11522889
1384206,0.11234703
1430880,0.03809191
1200891,1.0180062
1056174,0.05451858
1225827,0.120728455
1456596,0.03709702
1064396,0.33329344
1346400,0.091919705
1239332,0.17073692
1342879,0.14286241
1190647,0.09373251
1276481,0.12736616
1076141,0.081344575
1058740,0.1316321
1101756,0.0998996
1354162,0.14537024
1135670,0.22140923
1156164,0.13661942
1214686,0.2797063
1155667,0.20935254
1141576,0.8246169
1434831,0.6792421
1280700,1.0177615
1378948,0.10087894
1066083,0.28801537
1108734,0.038664885
1305367,0.042508386
1448249,0.03909654
1287740,0.48493844
1012099,0.36054084
1293922,2.2363172
1144335,1.8786939
1114626,5.365482
1187242,4.193896
1409918,3.5945182
1366471,0.8761649
1427662,0.2798765
1233476,0.20816179
1069323,0.3329988
1102540,0.27723682
1128079,0.1267102
1334402,4.023118
1276894,0.2564374
1387820,0.88546246
1274074,0.2003401
1179682,0.4029015
1443129,0.101116106
1377994,0.7195861
1156950,0.24276848
1376567,0.5003184
1467201,0.18237782
1081529,0.23642978
1126741,0.1393641
1007294,0.11373441
1232449,0.087468825
1136938,0.041158624
1443407,0.13676849
1008111,0.7605961
1142444,0.24897876
1040301,0.46164566
1427169,0.33463588
1117930,1.4812882
1464546,1.2680137
1408019,3.976911
1002799,0.30640018
1165042,0.560017
1389733,0.16472109
1252246,0.1659056
1018992,0.21672401
1419629,3.010861
1355433,1.2874542
1428306,22.641499
1401823,6.9201164
1317806,19.901241
1212713,8.780214
1309079,16.829071
1199591,2.447185
1459103,0.11056815
1413593,0.1051812
1149803,1.0312386
1406050,1.6970524
1333396,1.9427019
1124254,1.0865757
1463641,0.96646106
1390642,13.658061
1001403,0.9540491
1112272,6.239162
1326948,2.226521
1320609,0.5678745
1298003,3.6364377
1051771,0.8246745
1128777,4.9524813
1206651,2.4561963
1173546,2.6597786
1396635,1.4522185
1323014,1.4874635
1136841,2.5142543
1151786,1.6400859
1155767,2.2273736
1345948,1.0296603
1248496,1.8632278
1363644,5.0517583
1315465,2.1484802
1211716,5.207318
1287525,2.240422
1051506,6.292953
1448212,4.5502114
1217920,10.063411
1400884,0.266105
1296129,0.83565605
1387597,0.11028459
1302995,0.08137177
1058149,0.15020724
1459863,1.8054936
1125150,0.96365196
1231580,11.169388
1057345,6.0345993
1337604,30.117771
1450373,12.712988
1144325,11.066577
1210102,2.3623376
1296922,0.084383205
1121503,0.08537273
1418157,1.1628253
1220913,1.3499867
1177885,3.1511092
1010370,1.5421313
1197400,0.70784795
1016222,14.143466
1378151,1.8766263
1469497,8.554869
1457804,4.5131273
1123958,0.85755587
1372331,4.236783
1145474,0.9355534
1101877,7.598493
1118368,1.566641
1053240,6.2157183
1065445,1.6981735
1290190,1.3824049
1303688,2.6627638
1415330,3.8732305
1165941,1.9491955
1334376,1.2857059
1365153,1.0403458
1229394,4.2814317
1389708,1.3818209
1141305,4.0061316
1025163,2.2653515
1465468,4.6296406
1397079,2.7358913
1357438,9.144735
1228565,1.5956937
1351885,2.5326252
1451355,0.6681312
1348552,0.50136197
1260644,0.5037398
1394240,6.3074007
1235732,1.7692099
1293186,20.904652
1268315,16.554047
1064835,80.115
1354908,21.435436
1382629,17.62782
1358267,5.931562
1417501,1.0347145
1419888,0.60116017
1329380,4.723034
1165835,8.428156
1070716,5.3813396
1057586,4.6100993
1001613,2.087928
1144497,56.11508
1320229,4.321948
1342720,16.619812
1098619,6.711119
1288609,1.7497618
1422983,10.644499
1136692,1.9734777
1133962,14.190023
1207114,4.2480917
1052998,5.4194436
1007228,4.494623
1266103,2.9176385
1069893,5.953107
1406652,5.8073673
1052385,6.3407216
1444006,2.626117
1147720,4.2325153
1104659,11.884094
1229198,4.912998
1184889,8.440054
1465941,5.358689
1400800,18.810501
1338562,17.158928
1121135,26.933487
1064260,0.6306716
1108919,0.92672205
1231916,0.26163194
1315753,0.3355278
1049602,0.43114176
1276002,3.210973
1374705,1.9364322
1043694,16.839012
1299804,19.512192
1288013,51.64408
1274521,15.437696
1024126,18.637518
1008775,3.1509252
1040379,0.14971498
1357952,0.14192985
1374961,0.5279113
1399575,1.2342705
1053570,1.2159077
1144929,1.3804255
1209925,0.43047047
1132817,11.719461
1359290,0.58991235
1382972,1.7050616
1223629,0.3959642
1079716,3.0617726
1124378,0.87170285
1446039,1.3587375
1199093,1.2614461
1434257,0.80774784
1241475,1.1875069
1368109,0.74077636
1308962,1.0871824
1293430,0.9909045
1350601,1.5195343
1257400,2.1492865
1328056,1.1188914
1464556,2.7126896
1019558,2.0627859
1464992,9.013314
1307229,7.5822167
1200863,10.766246
1452136,0.59318185
1061198,1.4122121
1061782,0.23987165
1296086,0.30041248
1374243,0.24587063
1025340,3.1300192
1225478,1.2589881
1108173,8.871275
1210292,8.633757
1166461,27.066452
1273517,20.592304
1116333,17.118025
1251101,3.4466484
1180021,1.68419
1308873,1.1471967
1356528,1.8529508
1309744,1.5291805
1374811,0.72790396
1042886,26.173697
1026035,1.3994064
1428322,5.3160734
1054195,0.89452875
1076568,2.6115947
1419136,0.4245208
1141835,2.8925278
1055692,0.9428503
1278179,1.8683674
1020495,0.68773025
1011519,0.97123253
1159500,0.5883207
1074725,0.45139542
1110617,0.31665668
1407460,0.16303201
1267021,0.7289263
1426292,4.290554
1236940,1.3336022
1053859,2.5446026
1143589,1.8494962
1275250,8.507893
1111347,7.2483125
1182245,14.705287
1420090,1.0645231
1335346,1.7053283
1292779,0.66751164
1300472,0.7419988
1409526,0.8366996
1153451,11.449656
1258917,2.5157905
1449251,45.456207
1390707,16.713856
1184161,51.607506
1296319,20.814083
1354551,41.611668
1031614,6.1759367
1388842,0.6586208
1276415,0.46743664
1327918,3.3132606
1356851,5.2827253
1376404,6.345869
1325471,3.449744
1359374,2.9351165
1138753,45.579826
1183188,2.7976508
1016833,20.88793
1015694,6.7176332
1463319,1.4777591
1261381,12.444232
1240215,2.5304763
1228323,12.808698
1312408,6.5065603
1264895,6.386777
1365165,4.186282
1120877,3.9470596
1266427,7.575034
1342065,4.8806024
1056335,6.142083
1026146,3.0457664
1103060,4.973052
1157754,14.125438
1406517,6.1829143
1327246,15.878859
1002087,6.212256
1453495,18.85297
1027247,14.120417
1412383,19.47686
1005605,0.81627524
1365389,2.1940095
1041136,0.38053122
1096136,0.29986888
1316263,0.51142585
1386305,5.828013
1156428,1.5751555
1406465,17.218441
1000759,11.238429
1432713,62.284904
1093897,24.231607
1291572,21.015465
1169066,4.537675
1411237,0.44647327
1412478,0.36426687
1269244,2.9756427
1193875,3.3611093
1154085,8.37525
1197540,4.0874715
1055346,1.7674265
1316395,37.271633
1411322,4.6349654
1026981,21.637934
1440407,10.740126
1345176,1.6275536
1164394,11.790584
1295464,2.3166115
1006020,16.741285
1438111,3.3453255
1399811,12.426722
1185615,3.936334
1379691,2.9246945
1250961,6.754386
1313779,9.986692
1122946,4.477201
1452630,3.2046132
1454728,2.231257
1435407,9.341239
1402598,2.9967895
1225744,9.733278
1047177,5.196204
1397477,10.645086
1130160,6.4703536
1256519,16.880222
1346810,1.8710142
1425490,2.9980686
1422424,0.80220795
1349399,0.5943741
1313176,0.5993562
1170631,7.415736
1310004,2.039407
1267679,23.683968
1132209,18.81559
1449946,88.15041
1366183,24.00511
1036231,19.394024
1108617,6.8172393
1164118,1.154544
1155541,0.6854721
1273640,5.297078
1261565,9.541765
1276690,6.139611
1384205,5.13061
1294821,2.2539837
1430726,62.555054
1250422,4.68587
1181777,19.10175
1295587,8.089675
1449437,2.0271568
1125768,12.459471
1130420,2.3115008
1246536,15.5100355
1117114,4.668237
1029104,5.976917
1070127,5.171402
1023534,3.2263799
1334532,6.704043
1181350,6.664405
1423912,7.2261415
1084431,2.953074
1433457,4.6556306
1119054,12.511989
1114269,5.448783
1236132,9.161639
1214010,5.8075104
1405654,20.921139
1279163,19.335827
1198875,50.159935
1390317,2.0768266
1230588,2.959259
1398024,0.86825496
1399478,1.0757679
1381797,1.3838629
1270339,10.626673
1365548,4.8020897
1454147,44.851074
1319585,57.15275
1210940,147.00291
1271482,44.689034
1437574,49.979855
1188765,8.965136
1401064,0.43145666
1103448,0.4601025
1032333,1.424619
1186570,3.5060143
1175233,3.5282993
1208063,3.7575333
1065193,1.0601965
1231267,33.05043
1134032,1.5487325
1356962,4.4072948
1180675,1.0356667
1387408,7.3092012
1396266,2.1320171
1275358,3.3343277
1328535,3.2798
1356360,2.0547996
1351415,3.1465173
1228407,1.9530344
1356572,2.998803
1280682,2.5961826
1252796,3.6364837
1152233,5.252961
1250327,3.0728636
1271849,7.3915267
1094017,4.856866
1155821,25.847189
1191548,21.953878
1066538,49.615246
1021886,0.78437996
1364928,1.8316835
1444920,0.34339243
1395685,0.4223732
1120170,0.3368131
1194070,3.9179096
1436264,1.7994375
1109404,11.027967
1321553,10.943959
1416794,33.279392
1328030,25.038612
1464273,20.909367
1338528,4.628446
1465251,2.0406623
1389086,1.3621275
1070001,2.2663515
1173407,1.8374965
1138912,0.83246195
1099900,29.754202
1372848,1.5947201
1190507,5.921069
1446025,1.0841761
1207555,3.0095928
1046975,0.5043457
1190549,3.5051644
1390555,1.1757187
1431485,2.3388762
1384303,0.88475245
1162297,1.2335545
1329739,0.77324045
1439997,0.59228677
1142839,0.43687472
1193771,0.22425345
1396112,0.8952818
1061223,5.015184
1025810,1.6373434
1272227,3.1846404
1431133,2.3435338
1116947,10.105974
1311187,9.031042
1098490,30.351044
1381578,1.1522615
1182621,1.8639915
1235796,0.73663485
1458299,0.81986266
1000880,0.9704875
1057862,13.03834
1117628,2.931958
1357766,48.903202
1041821,18.662134
1029642,55.72483
1464092,22.662415
1302166,45.012592
1048509,6.850444
1256607,0.6679509
1104414,0.49486476
1019776,3.6035194
1006973,5.929244
1001652,7.162361
1043474,3.7777333
1336303,3.076345
1308327,49.960426
1324001,2.924731
1100730,23.663195
1427495,7.9264197
1113117,1.6171356
1128524,14.323779
1400302,2.780908
1336748,13.619118
1205361,6.9531937
1461866,6.867856
1072151,4.6068125
1184313,4.297119
1248599,8.025385
1370874,5.206081
1450928,6.801081
1179561,3.2947052
1212336,5.4894743
1171766,15.14992
1085872,7.022518
1271070,17.49912
1390391,6.880834
1284891,20.869259
1157147,15.753736
1452573,40.244125
1391651,0.9226775
1036469,2.5288544
1062231,0.44696683
1453983,0.34443283
1037778,0.6034301
1098251,6.8126273
1131662,1.8862664
1011974,19.542425
1191773,13.061302
1289126,69.078125
1371360,27.162556
1232211,23.208801
1170497,5.2854776
1390750,0.47161466
1122830,0.3927558
1050746,3.290383
1437137,3.8790984
1190164,9.529655
1260338,4.5470815
1071667,1.9177774
1403684,41.075928
1368213,5.0306845
1059053,25.622675
1074948,13.220779
1336300,1.9552141
1449186,14.150953
1423630,2.668878
1319629,18.692621
1056176,3.7857964
1442166,14.12055
1437764,4.6183844
1294820,3.3892884
1385606,7.5708857
1253461,11.398108
1221023,5.1191096
1467805,3.639751
1146960,2.551229
1314072,10.286866
1434759,3.4763775
1320485,10.9816675
1269836,5.8856897
1227098,12.113551
1409966,7.3763275
1432007,31.714914
1130171,2.0571122
1076891,3.2515721
1415110,0.861985
1417964,0.64058524
1078208,0.6395749
1281405,8.244067
1023988,2.1106632
1026965,24.407185
1057940,19.662428
1160105,91.317276
1179415,25.16981
1457972,20.751434
1284127,7.252951
1392673,1.237086
1260803,0.7358719
1399892,5.686547
1250390,10.515562
1341007,6.848592
1174569,5.639973
1059949,2.500893
1416642,66.37951
1243310,5.227095
1294471,20.208036
1404447,8.490481
1459373,2.1233404
1289689,13.416422
1408784,2.5115614
1428403,15.968188
1311493,4.7783527
1121518,6.0976667
1092821,5.2983623
1263535,3.310553
1244464,6.8283286
1421660,6.724561
1207935,7.368692
1410917,2.9902024
1195614,5.0142255
1373964,13.405424
1367111,5.722052
1462468,9.661874
1165849,6.184879
1057877,21.97311
1186323,20.333612
1143862,60.004143
1274462,2.067313
1063186,3.0729756
1373443,0.859965
1218986,1.0825197
1428162,1.3742208
1239832,10.873121
1301970,4.989506
1323515,45.416664
1452063,58.935387
1000268,148.3333
1125009,45.898773
1278101,51.89922
1010358,9.13595
1018609,0.43679038
1181506,0.46106163
1173897,1.5134009
1299001,3.5945306
1400878,3.6742408
1097075,3.753674
1137938,1.1324308
1138972,32.5405
1215560,1.6397682
1157842,4.5398407
1094429,1.0933194
1124854,6.9502
1396220,2.0469918
1235771,3.17826
1439930,3.1882963
1241915,1.9765422
1142074,3.012503
1249231,1.8588743
1054421,2.8239865
1234443,2.4606197
1170551,3.7216592
1403801,5.4095244
1125353,3.0998769
1360047,7.4373717
1090811,5.0247736
1225360,26.3783
1426369,22.29053
1231938,60.470528
1006164,0.7079092
1412424,1.585192
1271363,0.2890985
1329583,0.3754751
1315677,0.284622
1195023,3.5459352
1345319,1.4653181
1313965,9.067396
1344299,10.143709
1462712,30.676987
1399589,23.225163
1084877,19.419416
1070908,4.1650467
1370679,1.9281886
1175169,1.3027703
1395461,2.235932
1049442,1.7265171
1167576,0.81838286
1305754,27.743595
1136242,1.6053841
1386084,5.607431
1201415,0.9659895
1313547,2.8778732
1432429,0.48354927
1424087,3.0116677
1216020,0.97784024
1432087,1.9508159
1161833,0.730446
1336660,1.0473053
1042566,0.60311633
1064175,0.43768826
1268774,0.30739862
1399294,0.16261795
1096827,0.85514385
1316351,4.8277187
1254291,1.7200626
1013736,2.911357
1369043,2.277745
1438161,9.573753
1216443,8.550897
1022186,29.428095
1187678,1.2414795
1110266,1.9984947
1110507,0.79216987
1220970,0.8849123
1064258,1.0268253
1167174,14.282883
1337020,2.9868374
1064393,50.37996
1130667,19.51086
1162530,57.054382
1067625,23.479633
1094562,47.103844
1090516,7.308931
1441336,0.75787723
1442781,0.5455759
1230004,3.879294
1079246,6.4865675
1015642,7.8346167
1036443,4.082293
1288129,3.4292285
1233042,51.99511
1312389,3.2831967
1454536,24.93684
1169119,8.318173
1100000,1.81805
1032520,15.248942
1356320,3.1350553
1449870,14.067859
1228367,7.1448965
1316005,7.103469
1291818,4.8172927
1146333,4.37897
1005586,8.143345
1012092,5.2395163
1328206,6.880336
1334082,3.3151298
1231218,5.7680817
1241983,15.863554
1241182,7.260705
1109896,18.064892
1068487,7.185563
1177987,21.667662
1304122,16.45854
1014765,44.441696
1057535,0.97708833
1341552,2.6465142
1395254,0.46487102
1210530,0.3665218
1114927,0.6271186
1261880,7.3161497
1242258,1.8950732
1364412,19.79436
1134575,13.607921
1165630,70.776726
1048821,28.381659
1071642,24.327116
1045267,5.5870886
1244628,0.5101664
1144417,0.42125097
1252197,3.527916
1362319,4.247424
1000923,10.515677
1131977,4.9540815
1055721,2.1012778
1257923,43.774323
1011023,5.598592
1336865,26.782497
1358373,13.79942
1221826,2.1056437
1368910,14.963793
1288891,2.9143689
1226570,19.360811
1458632,3.905007
1260758,14.550497
1063292,4.8134637
1014423,3.4649243
1136471,7.6862946
1318404,11.497614
1304858,5.180976
1468988,3.6890652
1166156,2.6564536
1344853,10.841997
1325100,3.6493487
1386758,11.445917
1081232,6.1870904
1261492,12.846518
1032945,7.8177805
1431053,34.585518
1353011,2.3876915
1366612,3.7029984
1208471,0.9866091
1031492,0.7456155
1434928,0.74997157
1330893,9.32877
1122482,2.206944
1323801,25.574875
1368763,20.074005
1007743,95.62621
1136860,26.092749
1049605,20.88206
1393990,7.6060133
1296687,1.4557043
1308812,0.8500932
1021947,6.2142134
1201574,11.367834
1035361,7.409701
1407211,6.232656
1055684,2.7342422
1437794,71.31097
1393989,5.65675
1157070,22.4248
1044137,9.2383375
1196857,2.2797065
1208982,14.790762
1213179,2.7559237
1206565,17.75266
1454535,5.315837
1323092,6.7322907
1378332,5.831974
1402332,3.6636925
1427730,7.701224
1278928,7.680823
1245721,8.533833
1196056,3.414
1364778,5.23108
1266013,14.040144
1328862,6.0215693
1150883,10.202399
1027284,6.506463
1001518,23.796726
1281074,21.624104
1339780,58.12083
1245124,2.3639085
1177669,3.1408358
1157961,0.93668044
1359931,1.2144986
1467213,1.4984037
1014140,11.91126
1139140,4.913545
1002861,44.56656
1339277,56.158337
1444138,143.03079
1000174,44.306293
1213539,50.180347
1283884,8.849278
1430528,0.43553147
1275513,0.43598408
1046568,1.4935672
1219321,3.6925163
1186357,3.7856297
1233440,3.9513187
1188252,1.178663
1267608,32.470688
1044096,1.6759379
1149937,4.8029075
1449775,1.1544734
1395245,7.0753775
1443631,2.0724277
1033150,3.1179657
1375138,3.207997
1220432,2.0292065
1353949,3.0425458
1320267,1.8938644
1225700,2.8935
1012357,2.5130553
1167053,3.7429187
1281449,5.1453195
1076306,3.0209217
1430364,7.0514464
1202153,4.896207
1039538,26.071793
1392171,22.04152
1062419,52.93412
1009125,0.64987844
1221277,1.422049
1163456,0.25536716
1411733,0.35740864
1434210,0.25844947
1297812,3.2469342
1109869,1.3235042
1178933,8.145927
1310504,8.864568
1306328,28.259058
1243281,21.02066
1462465,16.993137
1364020,3.794436
1343198,1.6497406
1027324,1.1568696
1428803,1.9785309
1051338,1.5374373
1187681,0.7254198
1008263,24.5626
1440066,1.4219635
1330929,5.145584
1233766,0.9063486
1391350,2.733238
1061043,0.46762794
1361167,2.962304
1180143,0.94143915
1335086,1.8428152
1405426,0.71386313
1414144,0.99816275
1025109,0.57244754
1362939,0.42296368
1190047,0.3073352
1382390,0.15448448
1130560,0.75297606
1104194,4.154895
1248950,1.4844631
1043759,2.4540627
1085609,1.8970757
1088201,8.605953
1372604,7.4734335
1243985,22.900803
1198539,1.4048599
1241937,2.1384053
1379359,0.86467046
1420368,0.9904769
1020592,1.1425015
1169627,15.728876
1411639,3.2257156
1266524,54.795494
1435450,20.150763
1448069,61.47744
1026170,25.03096
1111235,49.14628
1340043,7.6700606
1393501,0.8129587
1239352,0.5781214
1128681,4.1673775
1356930,6.813698
1429974,8.270958
1312245,4.4019957
1319289,3.6694133
1033162,54.352722
1298695,3.4247406
1221839,27.157125
1370276,8.977147
1154341,1.851298
1299927,16.567936
1211736,3.2973409
1291396,15.576999
1181362,7.959485
1226573,7.6605635
1207982,5.2663603
1093383,4.8531003
1371004,9.054198
1178524,5.919295
1233327,7.8007035
1228402,3.7366517
1225527,6.126715
1468503,16.811453
1030502,7.722454
1455793,19.133694
1427174,7.6365128
1132778,23.65119
1370974,17.50078
1169045,41.25071
1206042,1.148889
1184582,2.9813256
1024919,0.53268766
1023077,0.42428368
1384170,0.7233747
1205274,8.278196
1355549,2.0920143
1217909,21.864283
1061312,14.312162
1172192,77.065796
1433494,30.387585
1221713,25.53973
1006737,6.0012007
1467101,0.5812219
1051190,0.4775354
1092741,3.8552063
1303750,4.5400534
1243991,11.331907
1179173,5.4696035
1023728,2.3009334
1106825,45.628883
1079742,6.049779
1059347,29.98795
1451953,15.2817335
1147817,2.2512767
1134083,16.681015
1274869,3.2306316
1318945,21.797049
1159122,4.414181
1078959,16.228477
1387487,5.3757944
1006415,3.8769042
1154508,8.811904
1298262,13.267572
1092181,6.0566034
1056366,4.272561
1435349,2.8196952
1317505,11.636608
1136372,3.8953965
1369570,12.215361
1354574,6.5903273
1183624,14.176015
1313697,8.382716
1297215,33.937206
1253825,2.500872
1339695,3.9563935
1248612,1.0893291
1292146,0.7912252
1439580,0.793352
1232371,10.074514
1074716,2.5267959
1309986,29.917765
1119398,22.591362
1014138,105.5132
1163787,29.216892
1194979,24.077854
1392428,8.235369
1080695,1.6845859
1205365,0.9537938
1369792,6.704114
1374100,12.097443
1182523,7.7957916
1426126,6.539354
1200411,2.872266
1404354,78.03796
1362790,6.0025263
1204128,23.93923
1062682,10.007428
1070934,2.4467692
1159019,15.845944
1075693,2.9714873
1368869,18.57892
1120903,5.546121
1265048,7.1659913
1144525,6.1434417
1380229,3.867923
1338172,8.002195
1277161,8.046329
1266426,8.787511
1162332,3.5071576
1423288,5.6287413
1102298,14.85063
1430979,6.3614817
1097469,10.701372
1180049,6.9452705
1191035,25.407154
1028180,23.473278
1116744,89.4503
1229618,2.8789973
1256117,3.9109528
1377492,1.2238383
1164076,1.517732
1219107,1.8315548
1417514,14.894333
1363127,6.454394
1085888,58.697136
1114755,70.527306
1169372,181.27962
1423157,56.161915
1450481,64.00525
1068558,10.732695
1280185,0.6713709
1274406,0.62327754
1006349,1.8817345
1254907,4.396776
1388074,4.3709583
1393727,4.5340385
1378685,1.3935852
1298400,39.155186
1442358,1.963946
1220878,5.4647818
1215392,1.4133492
1343148,7.7428427
1170000,2.299746
1163646,3.5975578
1141747,3.6057687
1021148,2.28356
1014817,3.4021614
1059231,2.1393268
1026445,3.3585906
1060455,2.7885094
1339854,4.1894016
1308028,6.0400915
1049818,3.4335697
1080780,8.386906
1395059,5.580311
1271758,31.57719
1364937,26.07584
1256282,93.69024
1455495,0.86229515
1405279,1.9757601
1406389,0.36242652
1239835,0.47321463
1202539,0.36305448
1038162,4.4709153
1260607,1.7564657
1038516,11.442658
1078497,11.403963
1149970,35.050117
1205634,26.56955
1409166,22.614872
1280449,4.6205287
1281924,2.2938385
1449574,1.542972
1444826,2.5465665
1044323,1.9471718
1297512,0.945331
1447706,32.472313
1129291,1.878924
1136529,7.0985765
1065097,1.2072314
1216466,3.5597408
1051448,0.6179827
1303036,3.2547417
1205908,1.1160786
1045948,2.2847018
1344863,0.8352995
1468419,1.1964483
1428471,0.6961731
1201502,0.50727475
1391637,0.35874063
1074673,0.19538298
1107017,0.9577753
1071111,5.210474
1013460,1.7900136
1337571,3.1341789
1350233,2.4491909
1018153,11.273753
1179419,9.669612
1032698,46.713127
1008576,1.5514885
1426882,2.4530425
1287598,0.97915936
1340801,1.0348946
1337510,1.2400881
1325941,17.033295
1204515,3.4886174
1273152,60.92866
1252031,21.727425
1368276,64.49675
1065680,26.297024
1340564,52.792442
1354882,8.128112
1190064,0.9742218
1240615,0.6800555
1023649,4.496505
1089814,7.313175
1190807,8.666307
1433488,4.614891
1444188,3.8697648
1147935,59.48089
1443040,3.6976826
1304128,28.993061
1255648,9.63731
1431557,2.11251
1195629,17.749544
1066400,3.599585
1013339,16.291162
1394496,8.314156
1439607,8.403993
1300230,5.6049376
1081749,5.114714
1323249,9.480658
1358737,6.2028093
1462399,8.152538
1247800,3.9930751
1279682,6.409539
1103762,17.273426
1147859,7.89861
1314780,19.754595
1213793,7.92835
1003373,24.759312
1299952,18.891302
1436294,59.404858
1269138,1.2237412
1173975,3.324653
1374382,0.599313
1007061,0.4598592
1378408,0.795254
1448433,9.006497
1195787,2.271878
1013453,23.987217
1345911,15.451483
1153872,81.93406
1187460,32.666805
1397504,27.848928
1371705,6.3348074
1202706,0.7093953
1344414,0.5539446
1164498,4.1740923
1344879,4.9285383
1187826,11.994933
1078649,5.7346473
1313997,2.4176118
1439839,51.3737
1419204,6.4843674
1115111,32.464542
1111100,16.646473
1137877,2.461166
1175531,18.13092
1040492,3.440969
1198544,23.232073
1288407,4.67855
1402793,17.774937
1397327,5.858018
1321107,4.2284985
1099567,9.370814
1355994,14.139577
1020908,6.3831425
1383546,4.5011687
1237836,3.0387676
1406113,12.026044
1373456,4.0309906
1441904,12.644872
1288868,6.9105024
1213673,15.1800995
1234700,9.172586
1450775,49.369926
1121230,3.1571443
1131641,4.837443
1307598,1.3831766
1076976,0.9826447
1453447,1.0179884
1056305,12.537927
1096396,2.6628551
1234064,34.639366
1256036,23.55408
1298750,110.86641
1213871,30.215778
1300898,24.96255
1296993,8.544516
1005093,2.0826812
1030218,1.1509783
1380913,7.8024035
1022055,14.2290325
1194467,9.03702
1030982,7.721532
1447292,3.3243737
1159648,94.530945
1059059,7.116948
1166469,26.92921
1090926,11.242192
1236110,2.8235207
1266598,17.348179
1005346,3.339578
1329155,21.157717
1001951,6.193297
1044246,8.057484
1349970,6.819074
1111706,4.3884077
1380378,9.089811
1189009,9.303854
1447228,10.077772
1182518,4.0803657
1311782,6.383065
1012883,17.078026
1130271,7.0628815
1358970,12.295543
1183196,7.7619944
1155443,29.22457
1303630,26.791637
1210710,54.854073
1014895,1.5894117
1179936,2.1831784
1138930,0.67165554
1018181,0.8322563
1332855,1.0946636
1113778,8.055058
1276761,3.2775307
1181751,31.512157
1156809,34.12118
1061337,88.48265
1026446,26.63081
1439965,30.53739
1419822,5.2407885
1279785,0.34001118
1111955,0.35357264
1130725,0.96822107
1267383,2.377439
1178972,2.3642938
1030656,2.4325948
1452781,0.7434718
1155987,21.928268
1195714,1.0652025
1467543,2.8810563
1155033,0.70223457
1409853,4.231229
1415922,1.2443775
1174568,1.9784191
1338563,1.9581153
1365835,1.2670405
1340387,1.8251522
1416685,1.1810099
1160045,1.8427515
1391219,1.5730569
1342816,2.4398425
1066245,3.256673
1083586,1.8318386
1359688,4.5448737
1106261,3.134132
1249241,15.790324
1032293,13.395124
1423054,22.16061
1320273,1.883901
1328012,4.139243
1321951,0.822289
1227190,0.98119116
1001308,0.826272
1026102,9.866186
1279841,3.5676522
1308334,23.452114
1360794,21.206074
1076936,63.875835
1094656,49.23818
1366531,40.481594
1368689,8.505125
1149792,4.4343195
1455215,3.094038
1003753,5.087527
1240871,4.3195395
1116791,1.9167411
1063342,67.30074
1149398,3.666449
1341138,13.134775
1221668,2.562259
1177158,6.8199944
1435801,1.2610185
1077741,7.0354204
1258799,2.4306521
1264090,4.6039243
1261849,1.9994131
1055061,2.3306704
1349099,1.4630995
1210096,1.2355084
1344823,0.84842044
1160716,0.4604493
1247558,1.6801908
1421732,9.905009
1000618,3.1471007
1168930,6.41596
1120218,4.330031
1267056,22.76521
1150054,19.33395
1327447,48.49551
1086938,2.0575843
1057546,3.1426933
1215776,1.3332781
1037282,1.3755693
1109439,1.6773239
1380087,21.686026
1337885,4.075745
1387110,76.13649
1037595,24.796827
1400540,73.46778
1007125,30.204458
1156584,61.06425
1257187,8.952444
1038602,1.2877414
1130416,0.8891505
1166522,5.4323053
1340350,8.749803
1406139,10.284445
1131734,5.625024
1384969,4.647953
1432211,73.69493
1216679,4.516846
1325531,33.552315
1139371,11.092949
1265089,2.5381863
1432069,19.972975
1099061,4.2801104
1059942,19.12294
1200837,9.674081
1061305,9.986859
1400227,6.4099517
1154368,5.908828
1427959,11.364622
1458240,7.5144067
1333216,9.861583
1057777,4.933757
1299967,7.364825
1410775,20.076338
1392750,8.8026905
1284475,23.086233
1019806,8.904839
1455568,29.177908
1057927,22.222195
1461210,45.112698
1326137,1.6790683
1048660,4.4720607
1212272,0.8394682
1424922,0.62528646
1303877,1.1031094
1142179,12.049667
1438371,2.7429628
1015582,32.833447
1357702,19.078243
1359303,99.23512
1066523,39.953583
1108959,34.75138
1377497,7.4108367
1045397,0.96101207
1206584,0.73161906
1099320,5.3488097
1027950,6.1527944
1330564,15.073947
1031560,7.337278
1208984,2.9937801
1469198,67.47052
1028818,8.330354
1362637,39.066246
1208948,20.238363
1194770,3.1125183
1040915,21.10941
1442234,4.3168
1450491,28.531841
1367281,5.6861253
1153550,21.947208
1114910,6.947993
1245617,5.142398
1291401,11.671797
1450268,18.048645
1036685,8.082983
1256772,5.722356
1214727,3.5847652
1014891,14.724482
1139490,4.7563143
1386200,15.521872
1377760,8.081488
1093784,19.032946
1163548,11.388819
1452540,40.42486
1452809,3.3538601
1088237,5.081645
1034409,1.4533788
1083883,1.0497532
1403746,1.0239048
1143977,13.179243
1152528,2.9739137
1131564,36.944775
1130100,24.939096
1428865,120.31162
1456464,32.798363
1242460,27.213724
1411778,9.228167
1109222,2.3887274
1211087,1.2537568
1281658,7.9759994
1191781,14.422424
1072052,9.168303
1458467,7.8105516
1182715,3.3761647
1336256,94.36272
1459300,7.1094513
1360664,28.174402
1328483,11.542243
1152242,2.933765
1172076,17.905798
1435684,3.5074258
1384892,21.238993
1396094,6.3158264
1433780,8.199709
1144693,7.042015
1175584,4.424977
1284095,9.319269
1017307,9.540239
1314731,10.33106
1018664,4.090225
1133648,6.417128
1015259,17.028498
1123241,7.086522
1045875,12.220629
1330319,7.7674437
1236133,28.959574
1216261,27.124023
1165506,66.74596
1462925,1.4348425
1439738,1.9288343
1420335,0.62412983
1012143,0.7654317
1111062,0.94773257
1356012,7.1568327
1348856,2.9138858
1018385,25.478195
1386488,28.442316
1023187,73.051155
1035114,22.62704
1266314,26.492298
1186532,4.4089665
1143997,0.32980657
1325801,0.33671016
1286728,0.78854567
1213720,1.9054615
1345668,1.883495
1312074,1.889816
1242245,0.5961435
1303529,16.813633
1061382,0.82916576
1081855,2.3149583
1269507,0.59667754
1434090,3.447565
1140588,1.0190449
1384195,1.631128
1192836,1.6409624
1429550,1.0103703
1180315,1.467818
1382388,0.98707044
1327694,1.5233778
1197678,1.290642
1377080,1.9106125
1159655,2.589476
1448348,1.5100602
1321620,3.6553872
1037301,2.4949589
1413607,12.625296
1426946,10.735441
1063755,20.500177
1267969,2.178407
1069626,4.8228674
1457414,0.976398
1147751,1.1326613
1273910,0.8991618
1208751,11.230248
1136846,4.087031
1365671,26.141392
1181571,24.10648
1335840,71.5216
1299409,55.57353
1199632,46.117043
1236018,9.802257
1153402,4.966298
1167547,3.4659836
1084684,5.6096396
1318268,4.787534
1037490,2.1255386
1427516,72.94902
1013755,3.9799988
1404162,15.052513
1279869,2.929937
1437385,7.6529036
1001299,1.4147177
1141002,7.589235
1175884,2.6329644
1083854,5.108305
1256657,2.202203
1146319,2.5380456
1352156,1.5528519
1223396,1.3313847
1128185,0.87645835
1452318,0.4972717
1253155,1.7251084
1368171,10.617979
1371102,3.394298
1164486,6.8065577
1108393,4.506461
1055667,25.045649
1372575,21.410315
1000493,53.86385
1441920,2.2108138
1241151,3.3883796
1038840,1.3845384
1149842,1.4015392
1151330,1.6966002
1429229,22.848446
1339632,4.452054
1078041,81.55136
1336649,26.502514
1416199,78.486084
1001850,32.06206
1295584,63.757774
1247108,9.727651
1449524,1.4838687
1285435,1.0000838
1271083,5.6116834
1442149,9.116426
1007722,10.646788
1387054,5.785197
1464384,4.8522873
1129617,75.302086
1299322,4.6118
1332248,35.8084
1003645,11.683863
1057248,2.7294326
1423103,21.307728
1129813,4.5784073
1289485,19.174252
1199250,9.783861
1372304,10.281262
1056060,6.698916
1229253,5.993195
1102190,11.45899
1453506,7.571036
1317295,9.919899
1382277,4.9654093
1249950,7.56102
1061463,20.761642
1322990,9.196281
1358218,23.625772
1413822,9.157112
1442202,29.584164
1198170,23.178059
1273630,51.346844
1468898,1.8545698
1080012,4.9487786
1408553,0.9219513
1320644,0.69928485
1133622,1.1823769
1123703,13.345085
1371953,3.3216577
1276184,38.2669
1259044,22.441208
1161673,117.1543
1048826,47.60012
1184054,40.60149
1459960,8.729488
1306629,1.1489003
1196316,0.83136225
1112865,5.9415865
1304144,6.7935233
1043596,16.797905
1299923,8.052496
1325780,3.3237672
1448017,75.01372
1210509,9.012129
1308689,44.86767
1255723,22.64571
1282124,3.4849906
1274108,23.946651
1127391,4.856696
1051794,30.266321
1366623,6.1731744
1359985,24.132915
1276571,7.810439
1076901,5.5969377
1371322,12.708306
1149698,19.708838
1087955,8.889783
1457165,6.1240573
1363258,3.9636047
1033810,16.21677
1463212,5.276426
1394981,16.954643
1222892,8.8824215
1424692,20.797894
1132492,12.644826
1105089,48.359077
1290179,2.8774793
1087531,4.3221946
1013763,1.302905
1248649,0.8937985
1011126,0.91007996
1161026,11.04693
1135600,2.307388
1348117,26.799997
1007672,20.594093
1154800,96.16971
1410220,26.84845
1252381,21.8112
1141465,7.9705772
1086511,2.0702171
1365471,1.0910197
1208857,6.398687
1222550,12.056096
1414152,7.7425423
1411098,6.447708
1107451,2.7092738
1239797,78.9182
1065025,5.792529
1045183,24.6548
1439301,10.390663
1443286,2.8556979
1219315,15.902536
1300914,3.1537204
1135732,36.046703
1440008,11.158488
1442602,13.959616
1351838,12.036517
1111534,7.5129905
1060934,31.211248
1437190,32.373222
1298920,32.522957
1418620,13.16111
1325525,5.4957576
1432222,14.1697445
1431862,6.1594276
1259454,10.271791
1287985,6.5739174
1162603,24.288864
1466597,22.795015
1051935,76.66044
1373343,3.348708
1247858,4.5655093
1147900,1.5329486
1410025,1.8080412
1462865,2.2845168
1411337,17.322233
1170590,5.7121835
1321992,53.729504
1246011,65.23948
1288752,172.16037
1019956,52.99592
1171641,58.80962
1028998,10.66835
1333775,0.87431145
1335488,0.80497825
1305730,1.7468799
1126703,4.4114666
1310994,4.344218
1248140,4.5474176
1391061,1.3288647
1159389,40.777317
1359786,1.9340842
1288759,5.6862173
1158520,1.4870826
1169678,15.038564
1075552,4.5736675
1128877,6.8676033
1084737,7.0737443
1092597,4.3244042
1088136,12.567047
1116594,8.249619
1155287,13.913144
1070477,9.960097
1133801,4.1921315
1171900,5.75634
1068975,3.2880065
1046305,8.301236
1249518,5.3104296
1388612,30.569647
1266323,25.979315
1018551,80.74329
1054644,2.3092203
1189190,5.091597
1191591,1.161413
1105014,1.260534
1098062,1.0668395
1146716,12.696891
1039788,3.8407454
1069284,24.60368
1068165,25.436087
1120091,78.39696
1294336,59.368675
1030065,47.9578
1349995,10.577588
1365687,5.138393
1071041,3.7446163
1441089,6.117936
1168222,5.2389183
1023711,2.237949
1217937,82.84246
1350139,4.317824
1220028,17.503529
1272250,3.4616485
1253830,9.082553
1164340,1.6166899
1359494,17.627653
1165414,6.371888
1283149,10.748246
1445124,5.12952
1335709,5.2653694
1204893,7.244127
1116241,6.930388
1177859,4.594323
1386273,2.3247821
1266947,1.9481671
1033535,11.427371
1244453,3.7454178
1123040,7.6045256
1227139,4.9326982
1213482,27.077215
1310892,23.718927
1312904,88.21194
1384099,1.9688288
1110608,2.9580793
1453996,1.2832186
1255386,1.2710916
1104675,1.5992658
1429863,20.519842
1076992,3.4191093
1134602,57.80758
1342239,21.335102
1119965,62.927544
1186037,26.051432
1431189,50.991257
1370117,8.141533
1331748,1.274081
1231066,0.8688666
1315158,4.613739
1312302,7.874968
1107086,9.383826
1383449,4.9038305
1368766,3.974065
1415361,65.56456
1331101,3.8432307
1081201,32.422626
1285960,10.902893
1062904,2.6022222
1244888,19.543823
1059730,4.1385145
1301610,30.613989
1185801,15.336805
1433228,16.444317
1441458,10.578447
1050490,8.962698
1397809,32.54589
1404326,22.060266
1017751,29.639227
1165130,14.881342
1176076,6.662946
1044995,17.692226
1432278,8.083001
1434439,20.10403
1334000,8.0536785
1001901,25.179428
1096958,19.752647
1427932,59.449013
1265581,1.738238
1128085,4.53629
1114641,0.9070026
1158675,0.65036887
1372064,1.1354074
1021290,12.309998
1289076,2.489987
1413126,26.018427
1006987,17.395123
1186406,88.44768
1337092,36.60914
1193638,30.567886
1213058,7.163115
1132997,1.0547507
1457193,0.75843096
1098200,4.927089
1154847,5.916972
1319284,14.595523
1105643,6.84087
1283959,2.7534344
1350730,63.592857
1269337,7.6070213
1144305,40.480907
1000697,20.88833
1392932,3.448417
1424909,21.853975
1004435,4.418485
1432863,49.07014
1131101,10.878004
1039982,38.21711
1347619,13.379425
1393337,9.306203
1445728,38.573353
1056430,60.47929
1466375,28.025799
1271613,19.035746
1131276,3.4210782
1020440,13.639366
1247594,4.501114
1004029,14.218793
1334866,7.670005
1045144,17.26381
1031935,10.646709
1467777,54.437176
1124175,2.8380866
1344622,4.2481027
1113044,1.3131452
1072642,0.8981632
1160420,0.8950609
1440362,10.598407
1123084,2.3215163
1196686,26.486454
1185877,20.371042
1427446,94.39337
1400948,26.185184
1191896,21.388306
1427420,7.9231806
1176627,2.0317526
1067339,1.0606409
1256682,6.3905077
1175927,11.692213
1090862,7.607067
1035722,6.387707
1001643,2.6790595
1167101,76.179794
1328754,5.683369
1437923,23.429987
1404325,10.264579
1051985,2.7903543
1283824,15.22388
1104583,3.107452
1223311,35.780872
1183746,11.6509
1364557,14.310831
1403106,12.2110195
1280215,7.4913254
1447072,31.615967
1089030,32.41616
1265777,33.832184
1426599,13.267779
1204862,5.2537355
1171635,13.5582
1236401,6.031099
1391311,9.951179
1410668,6.289603
1068340,23.818638
1272722,22.18061
1060863,76.517654
1037280,3.332351
1058240,4.475848
1062704,1.514426
1158441,1.8084011
1069627,2.266936
1420564,16.720148
1177838,5.7524853
1267261,53.567757
1362272,65.65313
1274168,170.99939
1151887,52.4972
1340837,59.02476
1132220,10.645661
1243196,0.8523337
1169601,0.7897784
1287826,1.7722279
1383753,4.405736
1416677,4.420399
1270280,4.605314
1189735,1.322856
1011981,41.790092
1451332,1.9429182
1148818,5.8048844
1244094,1.4980137
1300889,14.928264
1389443,4.7667723
1252139,7.113954
1429219,7.0982194
1038543,4.4165416
1288140,12.918739
1456088,8.65491
1442059,14.856415
1219991,10.293658
1282741,4.0850153
1396258,5.5681715
1381125,3.2979882
1010109,8.120031
1385070,5.2478285
1342694,30.61582
1247868,26.323767
1435255,71.95877
1423382,2.3881745
1251141,5.234514
1416963,1.2073433
1271106,1.2803997
1290709,1.1208998
1290476,12.802984
1254670,4.0251365
1064595,25.397863
1211869,26.050842
1338493,79.36375
1341615,59.861076
1105800,49.54264
1130298,10.889433
1078503,5.3648577
1296360,3.9003792
1318676,6.4037094
1225321,5.500649
1018486,2.3086257
1163773,84.830734
1013658,4.438339
1222031,17.620815
1101635,3.5920556
1247043,9.130193
1053601,1.655262
1402122,17.99712
1142696,6.780481
1348534,11.247193
1134756,5.2915998
1254644,5.469125
1451248,7.53469
1209426,6.964933
1239354,4.7159815
1434331,2.3637152
1344766,1.9976784
1158025,11.29494
1281638,3.8618119
1019067,7.835389
1399523,5.0477114
1134842,27.859196
1216965,24.191029
1017532,83.91889
1347328,2.0187163
1098790,2.9947524
1119691,1.323838
1376513,1.2940944
1228221,1.632056
1150612,20.42648
1070543,3.4665298
1365404,58.92669
1073035,21.459965
1323430,63.710846
1302872,26.30434
1438808,51.28327
1182766,8.332131
1413951,1.2831647
1026834,0.8764943
1252593,4.767244
1256138,7.9036226
1315770,9.459722
1348712,5.017309
1412244,4.016781
1436356,65.24783
1411949,3.896707
1067230,31.25852
1393967,10.847165
1276566,2.5976646
1454556,18.896027
1446511,4.0992994
1364972,31.073603
1222295,16.169117
1270470,17.052795
1461365,10.829956
1040814,9.123648
1235379,33.668938
1114667,22.488415
1316727,31.521952
1197702,15.62305
1438445,6.5892434
1158466,17.533545
1015154,8.090973
1008843,20.01103
1110646,7.9680796
1434179,25.053818
1376251,19.454203
1309188,61.339806
1390264,1.7580963
1246490,4.528815
1433055,0.9280297
1163294,0.6547769
1351050,1.137089
1115488,12.057929
1009130,2.4743962
1001272,25.890106
1172730,17.007626
1134069,86.92404
1041452,35.609276
1211276,30.09962
1056316,7.1608887
1414612,1.0547452
1007586,0.7510016
1215617,4.9704494
1391681,5.793137
1373601,14.269951
1170317,6.757909
1278195,2.7096343
1429810,62.331306
1458169,7.433838
1436935,38.20551
1404096,20.136345
1295925,3.4018836
1431218,20.648754
1230687,4.283721
1130894,48.147255
1130062,11.221542
1055152,38.319508
1302545,13.42481
1286871,9.238005
1339230,39.12362
1275154,61.294453
1240340,29.680584
1237285,19.539701
1288061,3.3410888
1143334,13.186829
1109849,4.479754
1219212,13.880895
1305706,7.393195
1015536,16.788296
1227517,10.243931
1386322,55.384644
1348584,2.9158154
1161657,4.4665403
1294136,1.3195884
1079506,0.93031156
1314512,0.92308617
1189361,11.472494
1015401,2.0663686
1254396,25.732508
1020996,20.529387
1395613,97.35399
1139160,26.569769
1112862,21.914785
1286169,7.748596
1197140,2.162478
1297933,1.1123751
1432095,6.981282
1179077,12.681631
1413707,8.269096
1362176,6.9343348
1298617,2.994812
1267480,82.524185
1265750,6.311783
1291324,24.458935
1449455,9.822371
1295998,2.505825
1431488,15.417757
1125811,3.028384
1359241,18.000723
1170581,5.37348
1087231,6.9132056
1291287,5.8984857
1465871,3.760149
1184256,7.926448
1453484,7.980497
1397858,8.653362
1009545,3.4570174
1401384,5.5344744
1085014,14.734146
1056465,6.2113004
1144277,10.759526
1257033,6.814151
1284555,24.950714
1393239,22.994835
1320483,63.155342
1187032,2.970261
1255690,4.2705107
1171559,1.3332723
1465654,1.6581703
1279628,2.087935
1008603,16.127659
1347416,5.524493
1398306,52.040943
1468586,64.56777
1452908,170.37885
1323211,51.70815
1037558,58.787476
1167376,10.489926
1045043,0.75146294
1383057,0.6992372
1393125,1.8582398
1115628,4.4952135
1445285,4.5710893
1388513,4.733198
1469576,1.371833
1258325,42.043266
1404179,1.9942175
1272647,5.4864664
1338840,1.403074
1048183,8.100393
1094209,2.3662226
1360162,3.7069454
1162352,3.7466385
1435551,2.3710186
1223630,3.616333
1166815,2.3051593
1324717,3.6332512
1000083,3.0257306
1088514,4.116641
1430891,5.8518767
1003032,3.3684707
1461357,8.512844
1293585,5.4667273
1240082,30.849491
1290611,26.275534
1006816,65.6885
1241945,2.3481069
1349129,5.277386
1322779,1.1426167
1427045,1.2885307
1345886,1.0666258
1421180,13.027431
1462732,3.8753533
1014501,25.744308
1329763,26.288685
1261369,80.21411
1136983,60.429554
1404296,49.926025
1248670,10.61916
1195973,5.726481
1303720,4.025846
1012526,6.5145745
1147791,5.630954
1026079,2.5203257
1357576,86.11879
1267734,4.714455
1013679,17.305695
1215162,3.2887256
1152039,8.73002
1117244,1.5899498
1345496,8.583174
1218202,3.0313935
1267904,5.647468
1293590,2.5056896
1049878,2.7999375
1406864,1.8974504
1093317,1.5382408
1244519,1.106296
1438395,0.5775658
1099438,1.9776077
1145536,11.930414
1236726,3.7730892
1203107,7.87329
1218072,5.1219378
1233567,27.691853
1153947,23.907604
1308976,75.49505
1322147,2.0343413
1168979,3.103146
1261516,1.3247687
1026507,1.3210688
1281305,1.6085885
1183167,21.23511
1025692,3.474392
1254369,63.114635
1255381,23.069859
1005345,68.67849
1406627,28.291986
1275762,56.118305
1278844,8.4644375
1412418,1.3983314
1183366,0.9326887
1117686,5.190708
1203447,8.46214
1095039,10.178583
1327993,5.382037
1458485,4.475033
1417981,69.285904
1325419,4.24927
1157919,32.688232
1196489,10.604279
1127474,2.415807
1448512,19.099703
1299935,4.1418157
1134906,17.060095
1132352,8.716095
1281459,9.022975
1066399,5.8598466
1312180,5.3287473
1133766,10.113983
1220552,6.6950593
1345518,8.798355
1042563,4.406868
1209142,6.7718706
1199191,18.664272
1197051,8.315287
1130308,21.297613
1061450,8.379038
1465703,26.427197
1283558,20.379477
1290426,49.573154
1281402,1.6268826
1325460,4.3593507
1452053,0.8515374
1184783,0.62726414
1026450,1.0694857
1417435,11.7232
1113478,2.3428216
1306215,26.38946
1167714,17.545828
1225678,92.080376
1205294,37.480244
1199226,31.84762
1455721,6.9785247
1004541,1.0414684
1236372,0.73623306
1193158,5.1271844
1255736,5.886639
1181057,14.832754
1058837,6.9990883
1120028,2.8845353
1028623,63.306786
1350914,7.837274
1254517,38.464718
1238620,19.21026
1458057,2.9199746
1293515,20.097904
1057686,4.110134
1123471,24.92596
1118455,5.0896325
1261320,19.833288
1449226,6.314151
1415076,4.5927424
1035984,10.3853855
1070964,16.070496
1355336,7.2484217
1070351,5.0555334
1111732,3.292873
1158588,13.53405
1065085,4.386083
1119084,14.23895
1196160,7.5547705
1268207,17.321705
1131390,10.310356
1239548,43.06151
