id,next_ret
35130,0.2580531953097535
35131,-1.397093846126418
35132,0.9049635413519829
35133,1.2309041381989603
35134,1.9508314985634492
35135,-0.7470404320237838
35136,0.753330040477669
35137,0.8337192735132994
35138,0.5570794524468872
35139,-0.79226845439078
35140,1.4658911511193018
35141,-0.430036557774738
35142,-0.7411063821190842
35143,-0.5591595633823766
35144,0.06584794229244664
35145,-0.4761116759207223
35146,2.6538742496315337
35147,0.31892244194271946
35148,-0.9575659274793208
35149,0.3012230374866679
35150,-0.6933529617423244
35151,0.8471441161440805
35152,0.21190928131070594
35153,0.989104571851716
35154,0.17407176123152202
35155,-0.8014272415376829
35156,0.3610925303297813
35157,-0.3924426364318217
35158,1.096307745921535
35159,-1.5862253573240181
35160,-0.6966954865341727
35161,-1.4490861560441581
35162,-0.6753617698071624
35163,1.0487349456625352
35164,0.2147809524174275
35165,0.25228862780800165
35166,0.8628511893427626
35167,0.39990038897059776
35168,-1.297405188702338
35169,-0.9971580488651803
35170,-0.07832604806448804
35171,-1.4530225842911006
35172,-0.7819391538294062
35173,-1.567397517587516
35174,-0.7927663370781014
35175,0.722463385821972
35176,-0.0029741007693889626
35177,0.8466506471984754
35178,0.6706463462477197
35179,0.29916072461307347
35180,-0.20208770179374697
35181,0.22284801491530012
35182,1.2170583173287128
35183,-0.32135602959984927
35184,-1.7869922072653646
35185,-1.1874393705927837
35186,0.02304978570077868
35187,-1.103765720845752
35188,-0.16485847321278627
35189,-1.3598296704027386
35190,0.15351286632675154
35191,-0.4143834364505276
35192,-0.6182973176722869
35193,-1.2234695555343544
35194,0.894235244407346
35195,1.6341289408636297
35196,0.5375555699664708
35197,0.21819325017346064
35198,0.3878806321605254
35199,-0.6840637891246907
35200,0.7800484963255763
35201,0.7765315098388073
35202,-0.2528176881204913
35203,-0.26430869007686625
35204,-0.6125999487661894
35205,-1.4989933476785293
35206,-1.0124721856869208
35207,-0.014924841210783737
35208,-0.5045978123878907
35209,-0.06951682648309106
35210,-0.8540726153887891
35211,-0.2673736315955172
35212,0.022026179222012207
35213,1.1217837326008133
35214,0.9423486272506504
35215,-1.247404818368449
35216,2.7526972945679287
35217,0.14088898135820307
35218,-0.9111712716702454
35219,-0.9022225731686382
35220,-0.8641167273333757
35221,-0.1651123573516085
35222,-0.4923669513862758
35223,-0.33062614211348285
35224,-1.1938636895123387
35225,-0.5684079233164534
35226,0.5423297265508435
35227,-0.401785232875819
35228,0.07656747580213079
35229,-2.363551520483768
35230,-1.957282495969911
35231,0.18555176175257948
35232,-0.06387278030584584
35233,-1.493856565046878
35234,0.6569635372027434
35235,0.8386786752553055
35236,-0.7972002580881916
35237,-0.41738509716192573
35238,-0.5457488349336049
35239,-1.5638997444866913
35240,-1.7236567338666489
35241,-0.7191334031955194
35242,1.3808181216036952
35243,1.1020769953376715
35244,1.42697055238001
35245,-0.6990738062757383
35246,0.8921617400379837
35247,0.5599636679414015
35248,2.6397533029127596
35249,0.3609795629625527
35250,0.19057359567472132
35251,-1.2744404289381182
35252,-0.9257239452802091
35253,-0.6610849205412727
35254,-0.3763779230156476
35255,-0.4944126534566087
35256,-0.8982731287033583
35257,0.6614007079049289
35258,-1.6428485054466062
35259,-1.3051547088782205
35260,-0.5782802603434258
35261,-0.25482808364484844
35262,-1.7269580929645314
35263,-0.30468646023847556
35264,-0.6070770127031514
35265,0.27134048767689906
35266,0.137581062393679
35267,-1.1014866456156498
35268,0.14235270341222353
35269,-0.7135185610779939
35270,-1.2553822407107602
35271,0.07593317658132384
35272,-0.3671702137493694
35273,0.4109990611807349
35274,-0.12251275643545684
35275,-0.3750022723326121
35276,0.6692413524730634
35277,0.7417324041468205
35278,1.6002225030541106
35279,-0.8004703777492039
35280,-0.6909362413733596
35281,-2.2604383548117855
35282,-1.409851083914954
35283,-0.42518814667826993
35284,-0.69629539276577
35285,-0.08286348246127632
35286,-0.50794236251767
35287,0.45721182597375903
35288,1.1343380766222837
35289,1.6351892957299272
35290,-0.21455194730102706
35291,-0.3895217953406985
35292,0.07852043644249272
35293,-1.5384665330928557
35294,0.0029645418979682868
35295,1.439329221255591
35296,0.9666797885489903
35297,-1.1485420944865024
35298,0.8492446324592093
35299,-1.9720873838915471
35300,-0.20531863222360022
35301,-1.3040178251490966
35302,-0.994999128731593
35303,0.27162126165604517
35304,-0.3383201316666223
35305,0.2643215998937288
35306,0.45082132509182393
35307,-0.8277137790882547
35308,-1.2335741243837186
35309,0.07822676485722597
35310,-1.2300149583327278
35311,-0.29050970255724795
35312,-0.7679253658808457
35313,-1.6910502031923085
35314,0.5446766592801981
35315,-0.01001022338058254
35316,0.46700289812397466
35317,-0.3469933271886989
35318,3.044144888197049
35319,-0.26454827745792847
35320,1.0699271537959982
35321,-1.6326703554388733
35322,0.4210199439221697
35323,0.36505116600942206
35324,-0.8111782786786286
35325,-0.7139810394406017
35326,-0.01837977864447005
35327,-0.3123771247544545
35328,-1.095603631406175
35329,0.0334834281650286
35330,0.2745979792105489
35331,-1.079096193633354
35332,-0.9236294101267606
35333,1.242478491266541
35334,-0.1099473176273185
35335,0.3823183611368344
35336,-0.28691038793799206
35337,-2.4401326382062676
35338,-1.3961346311239806
35339,0.6179774522758144
35340,0.24563340062280548
35341,-1.4911339363794285
35342,0.5110406601912953
35343,-1.6201728410719047
35344,-1.8108088083955582
35345,-0.3739703912449022
35346,-0.36311571793267333
35347,0.004109124038016571
35348,0.7548775075271318
35349,1.0891452036139482
35350,0.9423432097601463
35351,-0.25036394779557697
35352,0.8737131769936759
35353,0.4914937249017395
35354,0.2219796545630109
35355,1.0112153137872881
35356,-0.845682122269467
35357,0.43428662184464717
35358,1.3184208433943014
35359,-1.1733978368108695
35360,0.901756365184882
35361,1.2563224221003266
35362,0.6484681227667456
35363,0.7117296795363749
35364,-0.26799970060059775
35365,-0.7536663669414485
35366,0.4395322805588025
35367,-1.1326884416051088
35368,-1.0091213424899779
35369,-2.1294347898811514
35370,-0.48870201766782617
35371,0.0572078372894851
35372,-0.9500269026005245
35373,-0.1868398364946901
35374,-1.3495942373015417
35375,-1.1271488869322217
35376,0.8617906925098396
35377,0.4594951852386457
35378,0.5987158037749821
35379,1.035233797503365
35380,0.8376447331873491
35381,1.3690720195003323
35382,1.7851914629997299
35383,-0.40183171173467735
35384,0.37103432571373907
35385,0.6045154233181668
35386,-0.19439065251407117
35387,0.9533770596173436
35388,-0.9360092317694283
35389,0.987961612833132
35390,-0.04876128812614053
35391,-1.4299237696648024
35392,0.7694009272864963
35393,1.1001529448665395
35394,-1.569907050457774
35395,-1.0888783189382982
35396,-0.2707273450038653
35397,-0.5289353451214204
35398,0.5547056984878809
35399,-1.6686938655364905
35400,0.06737906648546074
35401,-0.19404203870380007
35402,-1.29507898881663
35403,0.856993291786464
35404,-0.0876827243846508
35405,-0.4830855435290259
35406,-0.028160746135591122
35407,0.05198298851541033
35408,-0.8669354956244237
35409,-0.2743510418518774
35410,-1.5495361540955919
35411,-0.08472749112011753
35412,-0.34993564456358256
35413,-0.8176445984897687
35414,-1.1771157672269186
35415,1.334138160646374
35416,0.6193398209328048
35417,-0.053611332804024775
35418,-1.0555331506609387
35419,-0.4361252024138163
35420,-0.18291854186837525
35421,0.18960501262205592
35422,-1.5408040150773048
35423,1.8171324069321966
35424,-0.8852487185277155
35425,-1.0156616836470092
35426,0.46928206836912667
35427,-0.21076233780263387
35428,1.6403149564434278
35429,-1.2763820953474012
35430,0.1295532607208267
35431,-0.2506424947745228
35432,-0.0049028804403643406
35433,-0.34982155927934433
35434,0.8718911881549487
35435,1.075852008187443
35436,0.6471713174802233
35437,1.4427319648893167
35438,0.3165151212422168
35439,-0.06492424520181012
35440,0.7825436354189854
35441,-1.0010060635871492
35442,0.7336870377257745
35443,-0.30929226990537
35444,0.4821889345320176
35445,-0.729876056841888
35446,0.43558224289756076
35447,-0.38492985031322785
35448,1.001082645043941
35449,-1.6421348548052928
35450,-0.678085032866377
35451,-1.6149066110502819
35452,0.6207443750854251
35453,1.3217988532451732
35454,0.08499156840956633
35455,1.3127960334962459
35456,0.3392465550076937
35457,-0.13338715028947656
35458,1.0225535976430782
35459,-0.5466255486821677
35460,0.8028929093509596
35461,-0.9860435553228251
35462,-1.5112027525861078
35463,0.957500011539353
35464,1.3559963264073367
35465,-0.532308421954718
35466,1.7763637637112892
35467,-0.8790634042436786
35468,0.9484762911501822
35469,0.6257155477226078
35470,-0.1737368864372805
35471,-2.506388849026085
35472,0.4034839949082151
35473,1.045878861584921
35474,-1.4323531871497353
35475,-0.7325893527033571
35476,0.3678425177389664
35477,-0.28558182130596377
35478,-0.9761745452547582
35479,-1.3331967109449414
35480,-0.08486303203282153
35481,-0.3693574653263972
35482,-0.16031489545350672
35483,1.2794853990690036
35484,-1.2548251159334234
35485,0.018783136272840097
35486,-0.19277125570452702
35487,-0.7342704346508687
35488,1.1292535848833447
35489,-0.9462055933330134
35490,1.1765790984891502
35491,-1.5027510017846448
35492,-0.7703524105984526
35493,0.6822974339457349
35494,0.7327603767348908
35495,0.21841491650943884
35496,-0.1411668750557728
35497,-0.7953000529425936
35498,0.9612286517666089
35499,0.006782524213868865
35500,0.5702643101955795
35501,-1.1676392515320326
35502,1.5686295316467385
35503,-0.32542677695757
35504,-1.9160636269092846
35505,0.00436170129092377
35506,-1.0360092935093537
35507,0.23249876356058385
35508,-0.45791830140859124
35509,-0.6036753342362688
35510,0.2656226602785684
35511,0.22277279039239467
35512,0.4134622607076424
35513,-0.9956589369696208
35514,-1.0642459222849114
35515,-1.0483017174942755
35516,0.7180416056351427
35517,-0.32815494968438824
35518,0.7421364205859605
35519,-0.2782779518773987
35520,-0.5628186907270072
35521,-1.6836823781301702
35522,-1.0835220198057818
35523,0.6419048644552559
35524,0.48651707554540263
35525,-0.46916866907029614
35526,1.4633553429326098
35527,-1.4914132154365236
35528,1.3793542258454679
35529,0.8844630319975142
35530,1.3250056225006739
35531,-0.021995809146838352
35532,1.2540617672406837
35533,0.7402440782066662
35534,0.8100638931026451
35535,-0.6756002959369342
35536,0.22940734174506217
35537,-0.673537670681862
35538,0.8579863736392039
35539,0.49489683290428
35540,0.6081189867539134
35541,-0.046100355315371266
35542,0.4691143186643144
35543,0.16481300588964812
35544,1.0654648020652968
35545,-0.44763295851877233
35546,0.4631652913686088
35547,-0.35976121981978054
35548,-0.18490539857803764
35549,-1.5647722537419662
35550,1.1652507308480795
35551,-0.3012680310379363
35552,-0.9464085963934277
35553,-0.3297050748524246
35554,1.4958081012452484
35555,0.3863528087556904
35556,-1.3590616589229363
35557,-0.6933867213156986
35558,-0.25309267275083913
35559,-1.690043324970017
35560,-0.03269610965296309
35561,-2.3268374920534165
35562,0.92901449452394
35563,-1.2012466395869108
35564,0.6177086833538209
35565,0.8554752542034002
35566,-0.9992195128762388
35567,0.2346528415152873
35568,0.4195813154884433
35569,-0.21012138602519537
35570,-2.164302686290874
35571,-0.5741747336136659
35572,-0.4370193438454703
35573,-0.07194775516057746
35574,-1.4742539166572295
35575,-1.2456337901381018
35576,0.7351634983359828
35577,-0.4586836916889453
35578,0.6468839559959935
35579,-1.3893829039261048
35580,-1.0455341708947536
35581,-0.9724597210999693
35582,-0.9235046156514193
35583,1.7874870710439765
35584,-0.12926671205094803
35585,-0.13074145410736757
35586,1.9594367513963684
35587,-0.7961510698313592
35588,0.9533688052746508
35589,-0.5578368861381753
35590,0.407647810527645
35591,1.121189831761653
35592,0.6407708353708513
35593,-1.042129290070862
35594,-0.3808323428921108
35595,-0.08386228745146684
35596,-0.7234028897048195
35597,-0.07337014382628237
35598,-0.6848441212640991
35599,0.14010585304553985
35600,0.6426334040668349
35601,0.5005566998979197
35602,-0.23599769254316813
35603,0.5296378234841057
35604,0.39081959923595067
35605,0.3674885582419911
35606,-1.4533821034831287
35607,-1.1071041385088334
35608,-0.29334703979041976
35609,-1.4411057858744445
35610,-0.7141904409508613
35611,0.40264023096412566
35612,-0.9215160263956745
35613,0.8399007299862022
35614,-0.310131822907659
35615,-0.9082018713713341
35616,-0.48249776608952955
35617,1.536651703717967
35618,-0.05498775899472778
35619,0.09077761253221377
35620,-0.25786167436596585
35621,0.195965722173804
35622,0.06012549281128974
35623,-1.4057834687254638
35624,1.3928365336163635
35625,0.6798609568062819
35626,-0.21494110927255847
35627,1.2075235445323136
35628,1.3162636183292604
35629,0.9745691955408728
35630,0.635247361083721
35631,0.47410659597295657
35632,1.9923339141859637
35633,1.794689238753661
35634,-0.401967542819367
35635,0.15262470199043784
35636,0.7107872207643127
35637,-0.9940934093923528
35638,-0.6789508967289027
35639,0.13008107789796428
35640,-0.665719236728265
35641,-0.1278907102781201
35642,-1.3496225958184274
35643,0.13029662550805696
35644,0.7162472255007805
35645,-0.32339403017398516
35646,-0.787206182454345
35647,-0.6554830232549738
35648,0.6500087250624288
35649,0.35640070538606194
35650,1.3675430620550895
35651,0.2680626504995511
35652,-1.131583655406519
35653,-0.6690847787330002
35654,0.45965859790912816
35655,1.0113960762505898
35656,0.7254730898170817
35657,-0.6137075409568127
35658,0.13571293863594597
35659,-1.1339829804929331
35660,1.3120080641713336
35661,-0.0243285846467603
35662,0.18533138130149057
35663,1.2065517718847083
35664,-0.09791727146618298
35665,-1.401185795905271
35666,-0.4484467098649547
35667,0.021277402768163173
35668,0.39286502759608677
35669,-0.5923563375603073
35670,0.668345547362855
35671,0.7910893710642891
35672,0.9064851516232806
35673,0.49997591682589815
35674,0.09582752641970414
35675,1.341385319017546
35676,0.1695745545182157
35677,0.7442064588028323
35678,-0.25530958547219
35679,-1.2524034338075596
35680,-0.43020378057199676
35681,-0.9521265439475693
35682,-1.8145303903971235
35683,-1.2199523722341754
35684,-0.47952809494421106
35685,1.1607355164992186
35686,-0.5479526698682367
35687,-0.09269011876056926
35688,-1.407206031817641
35689,-0.3295780348048209
35690,0.9791886338011567
35691,0.30935477556339197
35692,-0.5036134614894311
35693,1.737144570620662
35694,0.7634108923854562
35695,0.46590258822678376
35696,0.21752347448209242
35697,0.5944168377956486
35698,0.955507831481909
35699,1.201912270605339
35700,-0.9429263132759164
35701,0.45289105829655174
35702,-0.7213452778566597
35703,-1.5208246991659153
35704,-0.3794680052065775
35705,-1.1951545477924126
35706,-0.29811684308858444
35707,0.5908523650430173
35708,-0.10920778710675874
35709,-0.7553575905406202
35710,0.45666342313130115
35711,-1.4167656029432343
35712,-0.5602407206906046
35713,-1.2663624125385828
35714,-0.01066194087411302
35715,-0.048864726231938556
35716,0.2446299103127139
35717,-0.44940727826990556
35718,-0.5925742378683536
35719,-1.1060173190648293
35720,-1.092882035473957
35721,0.21650278200336398
35722,0.09902656449103639
35723,-0.8048378501852742
35724,0.08745216396129588
35725,-1.3525425703166807
35726,0.8473690930689007
35727,-0.952074971152311
35728,-1.3897244409794514
35729,0.145180910317474
35730,0.36888649658555306
35731,-1.1585468497522873
35732,0.3620470754451955
35733,0.15425832391997651
35734,0.7928875010373173
35735,-1.0644673714642923
35736,1.5151372647439878
35737,-0.16216108857930067
35738,0.554480331123618
35739,0.5438025349769928
35740,-0.471403891294613
35741,0.19842689674562425
35742,0.7199650330492777
35743,-0.2817966156524346
35744,0.31910728860564264
35745,-0.8133015237099049
35746,0.993855677652342
35747,0.5402955358786381
35748,-0.016419767964991172
35749,-1.3144910485650827
35750,-0.8208016951068252
35751,0.0699312207166683
35752,-0.1539664050801045
35753,0.8317230129465977
35754,0.7563166675074972
35755,-0.8795495145067539
35756,1.9084257119670722
35757,-0.5655352600499758
35758,-0.3784231243672683
35759,-0.6133757972344285
35760,-1.3012885263885223
35761,-0.01919576554365028
35762,-1.7044741676818158
35763,-1.8528973821418544
35764,0.3354474374078072
35765,0.3575985688269696
35766,0.48002117718053555
35767,0.6700410868322243
35768,-0.10424412416095138
35769,0.8101002726204309
35770,-0.08689988659435834
35771,2.2566452471844634
35772,0.8239527302642569
35773,0.775088218136444
35774,0.6561168963181072
35775,0.45039923786992425
35776,0.17145016517933595
35777,0.13014175064646288
35778,0.4346782990526461
35779,0.2797867733470368
35780,-0.4838856254669722
35781,0.741824811390418
35782,0.8304426255623397
35783,-0.3952254684949671
35784,-1.51305006169696
35785,-0.9407378151947866
35786,1.6270749293068096
35787,-1.9794919629436714
35788,-0.9529627635116114
35789,-0.8737732515019883
35790,-0.6817956086378447
35791,-0.9227145524149758
35792,-1.087272518348845
35793,-0.2012236183136707
35794,-0.14647664266047544
35795,1.3526279023662544
35796,0.00426185221228231
35797,0.26482556598607054
35798,0.5592857099417399
35799,0.1941944981755068
35800,1.0399614362605605
35801,0.9457569389160558
35802,0.7191121821399045
35803,0.689270157390554
35804,-0.06792600704394143
35805,-0.3627766957102103
35806,0.13196624247644914
35807,-0.6069109031485913
35808,0.7458455551785902
35809,-0.369018796254493
35810,0.29459098969588743
35811,-1.108128407410328
35812,1.3414174335518698
35813,0.15599002583282484
35814,-0.022778546375192665
35815,0.9277673284519861
35816,0.5136211599285316
35817,0.018793759876856504
35818,0.7981453613895132
35819,0.00022992923192590668
35820,-1.4647939155932475
35821,-1.8208010406274857
35822,-0.35119917784388494
35823,-0.38668408568559576
35824,-0.8993527313083467
35825,-1.495299031091897
35826,-0.3179291255360766
35827,0.4104971737311091
35828,1.1853698598076159
35829,2.0603597942916654
35830,2.0153353425498985
35831,-0.6769831160166884
35832,1.9745001885570368
35833,0.39912372412440766
35834,-0.8578396262965202
35835,-0.7474290269662215
35836,-0.9590482262539092
35837,0.857759591551144
35838,0.364674120593349
35839,0.12242304437420679
35840,0.8122300364785727
35841,-0.3665596743944147
35842,-0.04664479123453364
35843,0.2143290225468702
35844,-1.6166153865352297
35845,-0.9160854301502955
35846,-0.5278401603566254
35847,-2.5886655657459805
35848,-1.4824566765484424
35849,-2.559213183612017
35850,0.2291519596870621
35851,0.34375563254929853
35852,-1.8618953978621233
35853,0.2709915539677683
35854,-1.1054689454585191
35855,-0.9968571524529022
35856,0.5529083241617706
35857,-0.832827189039628
35858,-0.04890354571878386
35859,-0.04648126041592668
35860,-0.5299565560406851
35861,-1.2051398683766004
35862,-0.29581920576795406
35863,0.5783118160226586
35864,0.3007701534143046
35865,0.5131223244351674
35866,-0.27530528593376774
35867,0.5424639787006527
35868,0.8229766712581321
35869,-0.08060308500889837
35870,-0.9399349319771373
35871,-1.2230420057170672
35872,1.9308323671347514
35873,1.6746630017604525
35874,-0.08848485170493518
35875,0.05745304063400612
35876,-0.04512890521862085
35877,0.34682040132301045
35878,-0.5904588812079065
35879,-0.5824619271773577
35880,0.2000162524922487
35881,0.46836746521458295
35882,-1.866879999509088
35883,1.891601060807269
35884,-0.7230578831979819
35885,-0.22538454515389636
35886,1.651970945282596
35887,-0.34072794388923383
35888,2.1205499698421746
35889,0.14365808011301356
35890,0.8504474119054573
35891,0.8095482185944622
35892,1.9625385499685843
35893,-0.5476143313688332
35894,-0.9614756356553902
35895,-0.4589087327114102
35896,0.7241275015430869
35897,-0.8704455596013236
35898,-1.062342771792837
35899,-0.1967962277526131
35900,0.9692329592120845
35901,-0.48359252423640126
35902,1.76013175674056
35903,0.07696842686436467
35904,1.159053471464479
35905,-0.33539017831328477
35906,0.2345935298352832
35907,-0.9618394219688323
35908,-1.0348170060037605
35909,-1.247282722409133
35910,0.3053206828692278
35911,-0.821786033600986
35912,-0.8854020070489909
35913,-0.6707511084031097
35914,0.5041367165834703
35915,-1.4750449675364599
35916,-1.0513676128825038
35917,0.3287834692719455
35918,1.3545110430625378
35919,0.9793217512396556
35920,0.3098180344618556
35921,1.1867098639646942
35922,1.3534464042050305
35923,0.9044953963293653
35924,-0.12055315642758994
35925,0.6757705805601806
35926,0.37294368021537805
35927,0.9516246578309594
35928,0.999431237869311
35929,-1.080993853398288
35930,-0.34417657016119524
35931,-0.3129586114017478
35932,-0.36375303468905573
35933,0.9657602648949707
35934,-2.7806850459541548
35935,-1.4747038791268463
35936,1.414793695676682
35937,-0.9724210224100822
35938,-0.5883525280536621
35939,-0.9920334521541139
35940,0.971899643975857
35941,0.34440432004238
35942,0.6869971573972282
35943,-2.090083831731118
35944,0.32268751995673645
35945,0.39877037822922046
35946,1.0484889266981599
35947,0.8584776416156203
35948,0.9894216227300747
35949,-0.9439221464132264
35950,0.5626438246532327
35951,-0.9572388331445124
35952,-0.5549891030368307
35953,0.18966605504761197
35954,-0.41173873854271
35955,0.5070769520670806
35956,0.5798422859529049
35957,0.0450406925566013
35958,-1.021107498109221
35959,0.2187277726491739
35960,0.4156673700702235
35961,-0.8555852912899136
35962,1.3232442239659974
35963,1.0959490595874954
35964,-2.1062962905629967
35965,-0.5945829014515156
35966,-0.42497574776640495
35967,-0.7930264703888517
35968,-0.699181534548984
35969,-1.2255734624070078
35970,-0.904877702440366
35971,-2.542688742046489
35972,0.7029300798128362
35973,-0.27226324519183814
35974,0.7930761931132786
35975,-1.5703846005810536
35976,1.1677957566918384
35977,0.406961025388192
35978,-0.31765849094480586
35979,1.3109979726080643
35980,-0.4898918326340542
35981,-0.0645902689840535
35982,0.8819866757211765
35983,0.1577504943882099
35984,-1.3867668699231455
35985,2.761756465282249
35986,-1.3388815872414683
35987,0.837455887420929
35988,0.7384081346157628
35989,0.21912459556163655
35990,0.8598879787095652
35991,-0.6258780003099412
35992,-0.0603990922154051
35993,-0.08014856952313351
35994,-0.3526166498367746
35995,-0.16025648466199713
35996,1.0483122063010102
35997,-1.3900404814253005
35998,-1.1510512881812969
35999,-0.5524395390296987
36000,-2.1189751550966602
36001,-1.1350134762059565
36002,-0.6109343763741228
36003,-1.0197363186921509
36004,-0.3220469450669458
36005,0.28496767349847013
36006,-0.18792496144555504
36007,1.5130661251090107
36008,0.7387118041611145
36009,1.652252368912288
36010,0.2705045336752851
36011,-0.41579323018873116
36012,-0.5614222143766248
36013,0.5810751188506923
36014,0.5364129678767173
36015,-0.578654389953952
36016,0.19038394108657059
36017,1.2492308518313806
36018,-1.00215746157672
36019,-0.9177902535623191
36020,-0.7663058676009981
36021,-1.2533886833895227
36022,0.026124271169140185
36023,0.17750753621903873
36024,-0.8972103663496035
36025,-1.5433987127449795
36026,1.6492912086239655
36027,-1.5662820155732695
36028,-1.7303868906654207
36029,-1.8935265921692883
36030,-0.4795446102644829
36031,-0.5097749966019679
36032,-0.9263877431659535
36033,-0.12462620079150633
36034,1.9189659165010235
36035,-0.006675423068378539
36036,0.6138080056202198
36037,-0.8310850347864941
36038,-0.8259940818061504
36039,0.7084377014339968
36040,0.9294791863384716
36041,-0.9644228149608849
36042,-1.099194467710474
36043,0.8322731116423759
36044,0.3282395152904223
36045,1.295021094926322
36046,1.3169932324799576
36047,1.7203320233158954
36048,0.5841599875310188
36049,-0.2383637238259712
36050,1.3175767586335925
36051,0.1507616835304973
36052,-0.3493392048228393
36053,0.7029917224115426
36054,-0.053452976142902765
36055,0.09090023151516202
36056,-0.9748680424650759
36057,-0.2635468674038946
36058,-0.86744317257321
36059,-1.9219604643406891
36060,-0.23164152157037493
36061,0.6280972307940373
36062,-0.8238853757551137
36063,0.3772629988245735
36064,0.019568233045225245
36065,0.029819349557152916
36066,1.996223287455013
36067,-0.7562896570446594
36068,0.575415135705861
36069,-0.9936692205762454
36070,-0.12650801431926192
36071,-1.242839674965115
36072,0.7631353442316582
36073,1.11338015523998
36074,0.2317302317620917
36075,-1.035706705618646
36076,-1.3991406860238171
36077,1.3455730049903152
36078,-1.5398503281281863
36079,-0.41544074766587913
36080,-0.5677719045491765
36081,-0.4143418880319731
36082,1.2124646710809392
36083,0.3895837346804746
36084,-1.052179315279073
36085,-0.6286808303168245
36086,1.3874554172046167
36087,-0.42714230136862047
36088,0.3083931117910152
36089,0.26803388654109384
36090,1.4224262969891521
36091,-0.8099912321757418
36092,-1.612549619443004
36093,0.5865514426186459
36094,1.1258615517162263
36095,-0.16444193147589634
36096,1.4155851074667412
36097,1.46802333214722
36098,1.0137643152072715
36099,-0.02838827881707366
36100,0.15253783138135826
36101,-1.1625748317584823
36102,0.18256107088632378
36103,0.2884106130514115
36104,1.0996991488672625
36105,0.20606069369800978
36106,0.6349168408175466
36107,0.8886032468689063
36108,-1.1443791323131898
36109,-0.21615404864938578
36110,-0.8178283819004395
36111,0.014855205472939583
36112,-0.6284022390078609
36113,2.4642435506289115
36114,1.1273476943763459
36115,-0.5428755886068143
36116,0.372666964874092
36117,-0.3465763000476509
36118,0.008139280550612488
36119,-0.11857778101844953
36120,0.4018072571386949
36121,-0.15956000118514346
36122,-1.6184274461188086
36123,0.2501275716936533
36124,-0.6511961078163085
36125,-2.5519038883900698
36126,0.5791019964538944
36127,0.35686861469458664
36128,1.2510985417914595
36129,0.8783613324493897
36130,1.490101881941995
36131,0.6211043398809091
36132,2.0202523347310364
36133,1.8063455261757615
36134,-0.4445261499166515
36135,1.2913851915907937
36136,-0.2717283919743615
36137,1.299895896250481
36138,-0.13954373322850036
36139,0.2541254300824355
36140,0.11161933578469006
36141,-0.67292558427034
36142,0.511944653481438
36143,-0.6389265806014711
36144,0.12923984585562032
36145,-0.6384379965909385
36146,-1.4227780074153416
36147,-0.0445622516002436
36148,-0.7538426649887292
36149,-0.4865939233882175
36150,-0.7905176855233615
36151,-0.9676735063342354
36152,-0.6651641375974143
36153,0.901255035477609
36154,0.09469502442622395
36155,-0.5662682836872901
36156,-0.29969483925388124
36157,-0.057090545262329075
36158,-0.4357529791509222
36159,-0.03469912946923343
36160,-0.9859148109060876
36161,1.9802275259573332
36162,-1.2152987055816438
36163,0.48001336662223343
36164,-2.8574297187787483
36165,0.0022137123524602624
36166,0.11731209690623068
36167,-0.05055413800557822
36168,1.0684563913934497
36169,-0.3430477245362226
36170,-0.03088289218560303
36171,0.07376241571549248
36172,1.462704545763243
36173,0.47378261055818294
36174,0.4289342350968079
36175,-0.9924873933247833
36176,1.6300120781142031
36177,-1.690910045170927
36178,-1.4027303080897011
36179,-0.8967619447681485
36180,0.1109185960598184
36181,0.25439961750852347
36182,-1.9022730672841455
36183,-0.7874193734845064
36184,1.3146628270582235
36185,1.4918148929889279
36186,0.3409795808638834
36187,0.8959433406329514
36188,0.8141909376606519
36189,-0.5044991349464313
36190,0.4639635055019038
36191,0.31097182170631954
36192,0.45300097601274913
36193,0.742503914497032
36194,0.5740633695356632
36195,1.2303632699868732
36196,1.3287594960417322
36197,1.4680475980641736
36198,1.195069526926566
36199,0.12383502501395133
36200,0.7079963699948117
36201,-0.07875954445330038
36202,-0.8276200141124879
36203,-0.18150576171954091
36204,-0.40557011482733785
36205,-0.031217436686470038
36206,1.1262915344616093
36207,-1.1488469528893808
36208,-0.2143230766642999
36209,-1.3187187648945864
36210,-1.5106789161330163
36211,-0.48238690347418894
36212,-0.4052104469244619
36213,0.6029651690280068
36214,0.7902765176510086
36215,-1.0446075512967639
36216,0.8168454401272623
36217,-0.9065019246725264
36218,1.17885015184429
36219,0.720152806650196
36220,1.6754572323755372
36221,-0.4110418214201865
36222,0.8712545856593332
36223,0.09559822430638334
36224,-1.4781882182152946
36225,0.34423884397833054
36226,0.17614954400396265
36227,1.22959296855131
36228,0.4870747272111537
36229,0.036681503251228154
36230,-0.6027263810835289
36231,0.20183241047706912
36232,0.32281429620854807
36233,-0.40354552669233595
36234,0.2976404984245725
36235,0.4849614177781687
36236,1.2055612709263042
36237,-1.863809516018665
36238,-1.5211336319347797
36239,-1.0613884178809727
36240,-0.8585121983282177
36241,-0.8546978057293299
36242,-1.6500260885992575
36243,0.356764424363494
36244,1.5791386266127925
36245,0.43736685239463235
36246,-0.22600447465893164
36247,0.5604983661818541
36248,0.39975685457564114
36249,-0.37786165320550896
36250,-0.4716243823211602
36251,-0.5390204815317094
36252,-0.7947378418439038
36253,-0.16047130666687084
36254,-1.6599127419711193
36255,0.007657586927138971
36256,0.004654944048758601
36257,-0.35681896810240155
36258,0.38293851289770275
36259,0.02708647920628418
36260,0.32996560258610186
36261,-1.1602246982577888
36262,-1.025658777369578
36263,0.4277664343636155
36264,0.3330029714141743
36265,-0.6565576085209844
36266,0.24617017079721748
36267,-0.2949568385365591
36268,1.1021314194323772
36269,0.7752478959002954
36270,1.7387672990345133
36271,0.6808349625720738
36272,-1.061561406853036
36273,-0.6885076768074015
36274,0.9189170220191043
36275,0.1087278958269571
36276,1.715354697159735
36277,0.6626868931108044
36278,-1.0872441742145336
36279,-0.7261190485739638
36280,-0.9135084766294652
36281,-0.802558017990701
36282,0.08852903032592706
36283,-0.09186118634048984
36284,1.1916887438669976
36285,0.24307119906059288
36286,1.273663669036554
36287,1.0008604569310806
36288,0.44186686760974087
36289,0.4277798079354116
36290,-0.5041096657977523
36291,-0.703942205757457
36292,0.2377371649323495
36293,0.47025378469047135
36294,-0.5287339803812586
36295,0.5631362246398746
36296,-0.2535508588955105
36297,-0.18323206624207758
36298,-0.07676679545890955
36299,-2.426831188097465
36300,-2.1983349734102653
36301,-0.9770880352386043
36302,-0.7120326518024291
36303,-0.4676216721891368
36304,-2.724795833617129
36305,-1.127514031526444
36306,0.6836879394960801
36307,-0.8255201663510722
36308,0.4785247244518986
36309,-0.15565783417814483
36310,-1.1512217020797917
36311,-1.564664866486321
36312,0.3511752040325891
36313,0.04574549971921902
36314,-1.765281822100972
36315,-0.8844555531879029
36316,-0.4920896083075608
36317,0.8865308369066628
36318,-0.5322015218689444
36319,-0.4630875760172555
36320,-0.37507218392745073
36321,-0.8821814104902764
36322,0.3011287347266527
36323,-0.6743340767781267
36324,-1.326381181915379
36325,-1.3979044729878025
36326,0.4988505508076344
36327,-1.8684930808195725
36328,-2.4660260896427286
36329,-0.2734820433313614
36330,-0.30987134032232244
36331,-1.9126634323217158
36332,-0.9061321360774182
36333,-1.71550505275652
36334,2.164593972198407
36335,0.23708277090605964
36336,-0.8394890726197126
36337,-1.6675032588779493
36338,2.1005445149529463
36339,0.2775406895214049
36340,1.1427735244041468
36341,-0.1672615863646815
36342,0.11749684473108638
36343,0.9795684616531444
36344,-0.4686531591693617
36345,-1.0492758216020606
36346,-0.19834903398251869
36347,0.24721432672906019
36348,0.47688135459425474
36349,-0.32072142746756827
36350,-0.17303507613190602
36351,0.14718284597860282
36352,-0.33532370549653107
36353,-0.5674735988756392
36354,-0.8224579325562814
36355,-0.4238414705406942
36356,-2.1778192627883177
36357,-1.2314449124257363
36358,-0.5982372103232508
36359,-1.0809547883046593
36360,-0.9468691636911175
36361,0.7391605501527037
36362,0.2027000626521384
36363,0.9722750428897147
36364,1.2793844441939297
36365,-0.7141521975070912
36366,1.8572163253141247
36367,0.623647590296261
36368,1.2481922261462899
36369,-4.135843662101435
36370,-0.02598421984026661
36371,-1.8766092118238116
36372,-0.42147118894452146
36373,-1.899226477277315
36374,0.4467610201877595
36375,-1.5903454475424577
36376,-0.49845350369531427
36377,-0.39186013764366806
36378,-1.769795799854863
36379,-0.31691649589630405
36380,-1.5071182187975403
36381,-0.11063980943548962
36382,-0.3826686040222669
36383,0.5205083712137853
36384,0.04264735788173028
36385,0.34535017171732557
36386,0.20414411914664649
36387,0.5755858764451773
36388,0.804529987741676
36389,0.7297917141868983
36390,-2.0275478024508806
36391,-0.836764567472239
36392,0.09087600213095261
36393,1.1720286376323694
36394,-0.04967371920860215
36395,-0.31226910662072327
36396,-0.18309472787005315
36397,-0.41177559401077485
36398,0.5065679952791922
36399,0.8998176081956428
36400,0.8962677244192131
36401,0.32140174962458434
36402,0.979980074536818
36403,-1.28592103134157
36404,-0.3383973014775585
36405,0.2651400653879661
36406,-0.3816356925552475
36407,0.4632876403046953
36408,-0.1861786746173345
36409,-1.193300760510616
36410,1.1289763203091334
36411,-0.636899725120546
36412,0.4625965500775428
36413,0.4947642227764436
36414,-0.4651969182243828
36415,-0.5674519456773561
36416,-0.34511392952130776
36417,-1.3967638049599262
36418,-0.20571215891751057
36419,-0.9277649079828866
36420,-1.6105973754062055
36421,0.21891515298583228
36422,-2.3477398982155373
36423,-0.922396736537858
36424,-0.6665096151560052
36425,-0.9085257875537366
36426,-0.5040049159817491
36427,-1.5143032601324835
36428,0.9310207086415444
36429,2.0610691430842625
36430,-0.14855098579933723
36431,-0.5817854091344244
36432,-1.111078877433794
36433,-0.2634579668901937
36434,0.5610332087187617
36435,-1.0972174671143988
36436,-0.9085367975021447
36437,1.3682900507795694
36438,-0.06319007770536408
36439,0.27310082894115895
36440,-0.5061930254109195
36441,-0.18739885536846543
36442,-1.0246289532975879
36443,0.4972942456423427
36444,0.000659036575435987
36445,-0.7970968806927409
36446,-0.523897754492896
36447,-1.3159639372958485
36448,-1.3068040928041962
36449,-0.016902289839862795
36450,2.2499295961021426
36451,0.280016053813579
36452,0.7886098218948265
36453,1.2642330676299833
36454,1.4579987380602
36455,1.6889258196697818
36456,0.42456040181882704
36457,1.4866701870380505
36458,0.1803763941195064
36459,-0.41532736573258644
36460,0.29162161741119014
36461,-0.33777451713577794
36462,-1.5893513248038658
36463,-2.393256328226803
36464,-1.7679924960792002
36465,-0.30201835315910297
36466,1.7049614692113673
36467,0.43904939127128045
36468,-2.506823467388722
36469,-1.2762455023354644
36470,-1.1367499513654225
36471,-0.413685610206467
36472,-0.5799853177070642
36473,2.171017582939842
36474,-1.1156855162702473
36475,-0.6378322714833193
36476,-0.1251169577358034
36477,1.2102922909058371
36478,-1.5321772298250125
36479,0.757333258019833
36480,-0.38544297556828305
36481,-0.9758773888544942
36482,1.2181110712545802
36483,-0.8915017902723947
36484,0.368340119558609
36485,-1.4614178042264405
36486,0.713224985369144
36487,-0.5145709342337179
36488,0.5900483493535261
36489,-0.3350493307541425
36490,0.04181251969393381
36491,-0.1963183357067407
36492,-0.7075510627754351
36493,-0.2626579642955698
36494,-0.9380257071218085
36495,0.7161533256227518
36496,1.0375457909429546
36497,-0.8059543623963006
36498,-1.636559425984919
36499,-0.20798100959140164
36500,0.601577773661848
36501,-1.3397863183099432
36502,0.9660430041057301
36503,0.8179565074417893
36504,0.26356868641459413
36505,-0.904313271478522
36506,0.08760842692127802
36507,-2.430709638153688
36508,-0.6182775289807425
36509,-0.38998509443456497
36510,-0.03042823892799836
36511,-0.5238365200097419
36512,-0.620393424270322
36513,0.36859517114197266
36514,-0.9923176973360108
36515,0.794710597963237
36516,0.36290105206372325
36517,1.2186476273711804
36518,-0.7373494072313845
36519,-0.08362103921743576
36520,0.6736989203186282
36521,-2.014977064463644
36522,-0.2676310728203261
36523,-1.3733164643908218
36524,1.0179847847336996
36525,1.3826649688037411
36526,0.39809457414269306
36527,1.2061511002934688
36528,-0.2837872759240337
36529,-1.5462766980765075
36530,-1.3280418370406741
36531,-1.0262803828007345
36532,0.17852320523434884
36533,2.1614129448515063
36534,-2.6645878940571803
36535,-1.253894038022774
36536,0.9722021312733439
36537,1.5261382232637088
36538,-0.3889052112137037
36539,-0.512143836758287
36540,-1.6356662461228932
36541,-1.5394538224495038
36542,-2.245494523834517
36543,-0.03137414669455607
36544,-0.32907169785509643
36545,-1.6069151825211807
36546,0.3668806347207071
36547,-0.9747875164404496
36548,0.021204295364475847
36549,0.8956921518023658
36550,1.1215071307890176
36551,0.38934693667936654
36552,0.7550750614110352
36553,-0.795623958990523
36554,1.2726322559135688
36555,0.6766661231087133
36556,-0.1149462003310753
36557,0.10589840883300693
36558,0.661508842579816
36559,-1.1645170911898344
36560,0.9665400298674677
36561,-0.4477958230151581
36562,-0.5700009735104153
36563,-1.0987754208081677
36564,-0.3901677793776715
36565,-0.7803925094147426
36566,1.0222203740031595
36567,-1.8540147310465371
36568,1.1159961746799698
36569,-2.0721160621137282
36570,1.394161374236018
36571,-0.23899125858839243
36572,-1.7976345451850326
36573,0.37865423985436947
36574,2.0527755908721423
36575,0.611071635750895
36576,0.2634023142825264
36577,-0.3064207984946474
36578,0.8085303356224192
36579,0.5117925786513099
36580,0.5728000397784951
36581,1.0152126620882058
36582,0.19665434173116803
36583,-1.3505542448806667
36584,-0.6751383155490237
36585,1.491858514996395
36586,0.1809073647374147
36587,-0.08350110126607085
36588,0.3951301074522206
36589,0.7155729887886133
36590,-0.8241904720165524
36591,-0.43548565434357595
36592,0.3096577894427573
36593,1.9616849301111494
36594,-0.1888602084876099
36595,-0.33241557504469843
36596,0.28580992716604897
36597,-0.3729366894839486
36598,0.5883660752641512
36599,-0.5339567222294556
36600,-0.10486608744412507
36601,-1.2988875966518814
36602,-0.862041682454871
36603,-1.0042325164868584
36604,-1.969012556765032
36605,-0.955033259335315
36606,0.7281371672657934
36607,0.46258660258013673
36608,-0.444203783692766
36609,0.9051979188226571
36610,-0.4150181327336418
36611,0.5342364715530289
36612,-0.6642223008232304
36613,-1.2884268600489517
36614,1.189089690821868
36615,0.31954867057569747
36616,-1.5445964823219733
36617,-1.2512475505412148
36618,-0.5588445699679258
36619,-1.2067009112577205
36620,-0.43941497729897827
36621,-1.2918039874257934
36622,0.8978456087821519
36623,-1.2128250747034952
36624,-0.025185973351849397
36625,-1.6026123218999244
36626,0.4994687594115147
36627,-2.0886566430043954
36628,-0.2708920093865295
36629,-1.1183099168371013
36630,-1.348884382517367
36631,-0.9228892826151203
36632,-0.6906394242610906
36633,0.17318091278666314
36634,0.3424276970600671
36635,-1.8839866860056025
36636,0.6694698355269908
36637,0.6047104152178644
36638,0.3052488619585671
36639,1.3502682028579231
36640,1.8494356262991607
36641,0.024516692532984066
36642,1.2604897064339577
36643,-0.21434332684883542
36644,-0.02455129432053747
36645,0.4484647310461401
36646,0.1397980773630323
36647,0.34014865070120215
36648,0.644537524822604
36649,0.4058557227178617
36650,-0.9633790011064974
36651,-0.005526482232744859
36652,0.8906685194727506
36653,-0.44830163193734507
36654,0.3863421206018719
36655,-0.9242164475997907
36656,0.9400901821405013
36657,-0.6625796765558157
36658,1.301666649184037
36659,-0.0773009622995952
36660,-0.642134435093354
36661,-0.7343842382657273
36662,-1.8459606118028202
36663,-1.2658880322864141
36664,-0.07992297680772349
36665,-1.530460035388196
36666,-0.6812305080495227
36667,-0.3835983826455583
36668,3.9480032305285078
36669,1.0678063086433887
36670,1.090704850126346
36671,0.9323758392988019
36672,1.3275890313461405
36673,0.3382662791403832
36674,-1.216288868323076
36675,-0.34649961096081716
36676,-0.27671610602634455
36677,-1.4979471074370756
36678,1.841414322397902
36679,-0.048544331075543706
36680,-0.3900967644311164
36681,0.04574468418990751
36682,0.0772409540499465
36683,0.20892909649522548
36684,0.6757320834891898
36685,-1.6189199389369644
36686,0.10438899148666801
36687,-1.1892022358198604
36688,-1.4409141316555987
36689,-1.1631857669193568
36690,0.044280099739551666
36691,-1.1588315256745125
36692,-0.6559601048267323
36693,1.1840404728297291
36694,0.2596969393418207
36695,-0.35770087612370444
36696,1.7159008324382248
36697,0.05302845185913864
36698,-0.4728957266950344
36699,0.3480953762783373
36700,0.14552823555232475
36701,-0.36690699055228215
36702,0.01176207931844011
36703,-0.7908814242837425
36704,1.0264176099165208
36705,0.7872221619437286
36706,0.7322463931525638
36707,-1.1859751953095432
36708,1.498738053621096
36709,0.5530762560886278
36710,-0.391187451134323
36711,0.5568159322746031
36712,0.27331179301254827
36713,1.3244986149322306
36714,1.510686985043016
36715,-0.6250890330662243
36716,1.678280211911243
36717,0.8367607684473328
36718,0.7075309132357875
36719,-0.181322160292694
36720,0.26314554804714607
36721,-1.1609335876326792
36722,-0.4583850226656932
36723,0.6441905051074858
36724,0.464278677588821
36725,0.3665674866774783
36726,-0.4644420981107813
36727,0.07494939070069312
36728,0.625282817456915
36729,-0.6711776489841674
36730,-0.09718798438937232
36731,0.5015425610684036
36732,-1.013929936438836
36733,-0.30197096336283114
36734,-0.03669473399122639
36735,1.0700506959758866
36736,0.18718721980840353
36737,1.3649332052416483
36738,1.4101768951765523
36739,1.142783749966028
36740,-0.33309052865029193
36741,0.5446466698077422
36742,1.323689620292851
36743,0.6800090730205223
36744,0.2255598559097349
36745,-0.3313747533663987
36746,0.8868179213113923
36747,0.03332465178298762
36748,-0.5009624013410627
36749,-0.45825729966989726
36750,-1.2916533649149284
36751,-0.34785097559831496
36752,0.5491539780757141
36753,-0.7458105034938567
36754,-0.13262714259726738
36755,-0.2040291762132557
36756,-0.1796418412054659
36757,0.37635504615021514
36758,0.027858686231822884
36759,0.6668402962470361
36760,-0.5405025004571362
36761,-1.6731766250151483
36762,0.20723480685927476
36763,-0.22499204533481076
36764,-0.1588733166947358
36765,0.7692922239275853
36766,-0.38526037263820323
36767,1.41805358062968
36768,-0.017695285995599497
36769,-1.5275679713115458
36770,0.09344459356831199
36771,0.31424391264350615
36772,0.0913643164933274
36773,1.0088405063232266
36774,-1.2338861479337464
36775,0.03446244207273244
36776,0.6194647259386441
36777,0.06899159272553293
36778,0.7699492238823558
36779,-2.2020403511829367
36780,0.7732831224489704
36781,0.12284251945008257
36782,0.3004355033925836
36783,-0.05046682865568557
36784,0.24940288878910216
36785,0.04868043388775409
36786,-0.5430970702926076
36787,1.1709832952188226
36788,-0.054688613167327
36789,0.8069783449053957
36790,0.6857116550577077
36791,-0.9474163780737844
36792,-0.586094214466226
36793,-0.7860556930668158
36794,-1.7238275303314428
36795,0.9406570306536699
36796,-0.158961179939234
36797,-0.12229749448912869
36798,0.801157029896792
36799,-0.21931733389101338
36800,0.29393875944625114
36801,-0.1254857323013713
36802,0.6088047564316718
36803,0.7135126600400372
36804,0.3182246438758089
36805,0.10509043297190161
36806,0.8634901414727563
36807,-0.7852386521932562
36808,-1.62363862116799
36809,-2.4168845479179124
36810,0.470707952197118
36811,0.4566080132099392
36812,-0.9143593968639674
36813,-0.2057546978242688
36814,0.8307749350867237
36815,-0.761580288215401
36816,0.5839914812268191
36817,-0.8606522699840901
36818,-0.2887422425205136
36819,-0.18601360404106604
36820,-0.26523618187579523
36821,-0.29873254662821813
36822,0.6167472023065939
36823,-0.08819045067437016
36824,-0.5974260887901731
36825,-0.5738661750388927
36826,0.9449496656516473
36827,1.336233600758052
36828,0.41103706175409116
36829,-0.266242512034576
36830,1.0538283952430765
36831,-0.23052451122665574
36832,1.2344701633760606
36833,0.4117817751861323
36834,0.40966845912678773
36835,-1.2088515079660307
36836,-0.34449023910601095
36837,0.2931579704382137
36838,0.06717216977156723
36839,-0.9336425451738223
36840,-1.2458496947986144
36841,-0.8219848312137367
36842,-1.141212905620257
36843,-1.1707841544269573
36844,1.2262867018528476
36845,0.9677085013999668
36846,-0.1888512439209277
36847,0.7117355600808426
36848,-0.5956850723629517
36849,-0.7310813165489005
36850,0.983865183644029
36851,-0.13722874842115906
36852,-0.39132462811958313
36853,0.3763739417701024
36854,0.9622920608510519
36855,1.4901953471449056
36856,-0.024949597507285547
36857,0.8593440416095474
36858,-0.8910694658833389
36859,-0.983930370640956
36860,0.11128583032461294
36861,-0.8879134987851942
36862,1.224004515020832
36863,-0.46457645135816944
36864,-0.6646289792882303
36865,-0.4432431171279102
36866,1.0489874506647625
36867,-0.24160195264185144
36868,0.1287498705300894
36869,-0.4990286448365558
36870,-0.16242922376453442
36871,-0.6298996206516779
36872,-0.7250383965949604
36873,-0.9267985007848065
36874,1.8184990573855344
36875,-1.134554281818578
36876,-0.7158995509598249
36877,0.15456287375269784
36878,0.3688836328304414
36879,1.347695786549521
36880,0.5589738885016438
36881,-0.7304956146505259
36882,-0.14409269513605324
36883,-1.3604142004433195
36884,2.341941767852791
36885,-0.1751693301526909
36886,-0.40387366047639467
36887,0.814791119205372
36888,1.302586912070594
36889,0.6299423295956759
36890,0.4728710285615603
36891,-1.7885468214482094
36892,0.33637288343986155
36893,-0.7638678438787884
36894,-2.034659336832918
36895,-0.7058394887868166
36896,1.1595898701126557
36897,-1.5709514504154454
36898,1.0503049763436711
36899,-1.7182867760779033
36900,-1.963407091638592
36901,-2.558781115087697
36902,-1.9812357766223618
36903,-0.1668696286112999
36904,0.11210471109961559
36905,-0.8295124815221707
36906,0.5780544776848934
36907,0.35957240476209346
36908,1.1842864524098
36909,0.6013316612717166
36910,1.6453705082779262
36911,-0.8879530393891767
36912,-0.7946422802635706
36913,0.7790548724745326
36914,-1.5862874996819012
36915,-0.24000772324175793
36916,0.2975675826546573
36917,1.0924161391590927
36918,-0.22156020874645938
36919,-1.035413013843996
36920,-1.1381142070995025
36921,-0.45347565132962103
36922,-1.5316307091626862
36923,1.3331605851990285
36924,-0.012030790880823901
36925,-0.5715717415452466
36926,0.4769806529570312
36927,-0.5695366170469937
36928,-1.0887605911511236
36929,-0.25677127213053497
36930,-0.27794937852850227
36931,0.5426446322243196
36932,-0.6731500000111041
36933,-1.6142972368392323
36934,-0.9532658655024744
36935,-1.035395781657693
36936,0.4594192733636584
36937,0.33735759088747613
36938,0.976119153900171
36939,1.3570472028418012
36940,0.10951483593713851
36941,0.7623715201179676
36942,-1.0903732914709512
36943,1.0147603413288342
36944,0.11281464950542984
36945,1.0820169881713397
36946,0.8047342396514454
36947,1.263038135284137
36948,0.8420873845227942
36949,0.8431344399116862
36950,0.979116484616589
36951,-1.3036599637470405
36952,0.6995097815657431
36953,1.364316081778799
36954,0.3080492149046603
36955,-0.5680266700654616
36956,-0.8726346846091941
36957,-0.8610074665382466
36958,-0.4475111377420234
36959,-0.9338321087855446
36960,0.01875087606219432
36961,-1.5403824432964452
36962,-1.022211436058816
36963,-0.8030630267531078
36964,-1.7054377950215729
36965,0.6966047896945687
36966,2.0759421388877874
36967,-0.3591037103463482
36968,0.6716807523886364
36969,-0.2125400220614313
36970,-0.2035641828435789
36971,-1.4707373101810215
36972,0.14751989513114516
36973,-0.9854926997334799
36974,-0.05891432541046959
36975,-0.21675263058281544
36976,-1.6000184008970193
36977,-0.4612474299835093
36978,1.9130994732366626
36979,-1.5339967856724697
36980,0.21061103712504786
36981,0.35705548727374037
36982,-0.7501667133589164
36983,0.2930879588244841
36984,-0.8039862158931539
36985,-0.7969273191332156
36986,-0.594551929863596
36987,-1.111836742469161
36988,0.377110098840011
36989,0.3786608681447963
36990,-0.2805541538008257
36991,-1.0227886220858855
36992,-0.6921753042283959
36993,0.19224225592848737
36994,0.32987947882225327
36995,-1.7960800392343514
36996,-2.1679803078370528
36997,0.07872642423049891
36998,0.3295830488041648
36999,-0.1505329255910954
37000,-0.3748429234247566
37001,-0.05792883745616555
37002,-0.4457514278966536
37003,0.19800094582452682
37004,2.0065562368855727
37005,0.5100153906268997
37006,-0.23580541799128946
37007,1.5626366778254561
37008,0.5382864004249265
37009,-0.5089874963550016
37010,0.43211724211185204
37011,0.1396823169185616
37012,1.101823223725824
37013,-0.316898806511564
37014,-1.269618894385456
37015,-1.3883262396561713
37016,0.40530696675042144
37017,-1.1970202404905446
37018,-0.8308524401605871
37019,1.2979572568103437
37020,-0.40772203162696913
37021,-0.9722904428994669
37022,-0.009913998747870034
37023,-0.2911752706976143
37024,0.19354116158723642
37025,0.21997758811912632
37026,1.1776397923151791
37027,0.7597888137630787
37028,0.9102834077365347
37029,0.8853047767145148
37030,-0.6149831811663705
37031,-2.2602752293983985
37032,0.5321698057224835
37033,-2.3901894437756748
37034,-0.7657825526282971
37035,-0.7035237714922025
37036,1.3755353787390565
37037,0.3139988397890139
37038,0.282650818757365
37039,-1.425460804135412
37040,-0.07732905132562068
37041,0.3252652288605841
37042,0.8646559442396644
37043,0.17720111991206733
37044,0.44640533564959683
37045,-0.15270052126012906
37046,1.2351614642124034
37047,-0.20191023830125449
37048,0.32145413225376335
37049,-0.5501739738855552
37050,0.35561004099954063
37051,-0.5144020527686524
37052,0.4285301637540477
37053,0.09994898304236294
37054,1.7725907549053597
37055,0.12153672065820924
37056,0.2642863401048765
37057,-0.02401607966055517
37058,0.3253783467941534
37059,-0.7557241596664711
37060,-0.43743294669824123
37061,0.6556035175295432
37062,-0.8512338822590633
37063,0.14821361590837548
37064,0.9711073386083308
37065,0.8834502985521678
37066,-0.14234745551658112
37067,0.30975731062788375
37068,-0.9160006026311753
37069,0.44897246176372746
37070,0.30649509039981554
37071,1.326216878952406
37072,0.5071178567105097
37073,-0.022769690506854574
37074,0.30400533314243605
37075,-0.291940954303502
37076,1.6492092808906884
37077,-0.6293986406973382
37078,-0.3579548157216385
37079,-0.4308774404826215
37080,0.6117276273951499
37081,0.4867672296268116
37082,-0.8417825243898839
37083,0.22194213327667311
37084,0.6141142918175635
37085,0.09232757116038924
37086,0.943496445503393
37087,1.5378659650979503
37088,-0.5123959617602641
37089,-0.9302834166677182
37090,-1.097148469261813
37091,-0.4166617487992456
37092,-0.8370026939458057
37093,-0.9510703510989669
37094,0.5468749755639166
37095,-0.2092097798541324
37096,0.23650261035614417
37097,1.7894557853271917
37098,0.36253357340037856
37099,-2.1657274390825982
37100,-0.004542303586118101
37101,-1.9573179558165428
37102,1.6682740438916555
37103,0.4760602634445343
37104,-0.3149813889885477
37105,0.12579228250342364
37106,-2.077905002480293
37107,0.15303965005951156
37108,-0.043796484691119776
37109,0.5216252054738407
37110,-0.746875798053417
37111,0.5572022573940963
37112,-0.9108858011579378
37113,0.33005470780632484
37114,0.021461596086853215
37115,-0.21939193169206128
37116,-0.1746661158384706
37117,-0.6859008149871678
37118,-1.1612987957918177
37119,0.1089618864138754
37120,-1.27063576449932
37121,-0.11580519860096303
37122,0.5480266265267477
37123,-0.8789696047548029
37124,0.39215398865121887
37125,1.1319956073831352
37126,0.24811157428283753
37127,0.1570013355773046
37128,-0.5224880381000796
37129,-0.3429965805027889
37130,-0.6463687915353555
37131,-0.2212177063573398
37132,0.2585847457299908
37133,0.41769234231758845
37134,0.3187710898412627
37135,-1.2696745306307144
37136,1.4306991388087922
37137,-0.05955109834537706
37138,-0.09171101499842935
37139,0.15115489462594747
37140,0.07821033363333688
37141,-0.15964665588875135
37142,0.2548576736605152
37143,0.3124603135683645
37144,0.31030860168351926
37145,1.0050025592652498
37146,-0.09871085463491802
37147,-0.31137332462160583
37148,-0.14076456086203973
37149,-1.142673792732261
37150,1.0651948323161167
37151,-1.22605100863541
37152,0.052466848380527537
37153,0.5919965825798251
37154,-1.2028890612518643
37155,-0.23695477608593182
37156,-0.8400164732792189
37157,0.8964419656864109
37158,-0.27475995943840575
37159,-1.6730415595816104
37160,-0.15266017717843655
37161,0.4054651580173777
37162,0.7600858643051721
37163,-0.10622062618375308
37164,1.2337738061957932
37165,-0.17982345761195634
37166,-0.6255081170118616
37167,-0.984756134373594
37168,0.904197004905243
37169,-0.523651023794594
37170,-0.34370696176015986
37171,-0.9456604169217675
37172,-0.8137697565458478
37173,-0.03804998270819903
37174,1.3668244998615726
37175,-0.5814180823378315
37176,-0.027518875668946417
37177,0.05523665361580053
37178,0.6067498879072553
37179,-0.9964999129226554
37180,0.05535337255383486
37181,-1.5384579291467224
37182,-0.11567028031646613
37183,-0.5275666447257856
37184,0.7051692586012274
37185,0.14008807652347186
37186,-0.11428660766004958
37187,0.22958962567637156
37188,0.17226803861000275
37189,-1.2654984288850855
37190,0.5313522149034657
37191,0.43416785112036804
37192,0.8290322087707711
37193,0.6088885756210585
37194,-0.26809799431712195
37195,-1.1755844709555179
37196,-0.4422804943543805
37197,-1.011404920965473
37198,1.1971897510840117
37199,-0.16396274830788757
37200,0.34480845336562327
37201,-0.26548806669858943
37202,-0.3780026885269898
37203,-0.17931036556168534
37204,1.1588362133071488
37205,-0.8065577141545014
37206,1.2737220780013931
37207,-0.46127305191628976
37208,-1.0668317754395233
37209,-0.49061391585690706
37210,0.7260782268802608
37211,-1.1465873907416277
37212,-0.3151797737302844
37213,-1.9094235864197668
37214,-1.4372663147093865
37215,-0.46991338455100223
37216,-0.21909793373379927
37217,0.3224232789653475
37218,-2.1599155497585194
37219,-0.6103604336482211
37220,-0.04741329424929697
37221,-0.2260747726856335
37222,0.9173839173745506
37223,-0.18004329601642569
37224,-1.7862051488332518
37225,-0.06589477340472591
37226,-0.5202104380095556
37227,0.1635170527383625
37228,0.17290819855434092
37229,1.240056596653579
37230,-0.24270114057696152
37231,0.30088678974307165
37232,-0.7335468657084909
37233,-0.34601184315028966
37234,0.2429842371218185
37235,-1.3051223001543384
37236,1.3095124700564948
37237,-0.1395775865051152
37238,0.7869715833590464
37239,-0.5362501734272839
37240,0.15636278579869126
37241,-0.5058057321699362
37242,-0.1500628264126503
37243,-1.3910570175431392
37244,-0.48779872570313576
37245,1.1474676993240243
37246,-1.3397610765828303
37247,0.20018753561471644
37248,-0.2224192130060831
37249,0.2990563163479102
37250,1.6654551703602365
37251,-0.9277287718075472
37252,-1.0900244491556108
37253,0.9091965727749046
37254,-0.20176793331182538
37255,-0.25005234877231064
37256,-0.30839033349801925
37257,-0.7395338359166841
37258,-0.3358662967901277
37259,0.25489601143549945
37260,-0.5789560953958107
37261,0.39254166959144954
37262,-2.1123210335223486
37263,-0.9079033974478785
37264,-0.4368324376460915
37265,-0.691693005416851
37266,-0.6789213051213245
37267,0.12405269127649012
37268,1.1869073558511325
37269,0.09328608619176924
37270,0.6789900269630158
37271,0.42374010121255823
37272,1.7382901675655331
37273,0.22019110382915683
37274,0.7631742464472365
37275,-0.29172496076358617
37276,-0.04743489081282388
37277,1.2942380688502826
37278,0.7332880407901702
37279,-0.036586853124295424
37280,0.7830518612807846
37281,0.720140818308192
37282,0.23239213277259863
37283,-0.499908251553953
37284,0.4007470606409449
37285,-0.8762618699722471
37286,-0.02883708669914057
37287,-0.6381210022622583
37288,-0.19918187588420636
37289,-2.3252305783772846
37290,1.3571995070981435
37291,-0.1416821090853311
37292,-0.14524536940815597
37293,1.228776236678874
37294,-0.6781722976329069
37295,-0.8149205168326913
37296,0.28158471647702693
37297,1.732080881439571
37298,0.8990527689907877
37299,0.5477015193607725
37300,0.8222444766035605
37301,-0.9814670785568496
37302,-0.011293087191338265
37303,0.4009680897526254
37304,0.22127584070706915
37305,0.7007297944435619
37306,1.097775208292248
37307,1.2233314093519274
37308,0.9320579011064661
37309,-1.6188523738969594
37310,0.4261538055173063
37311,-0.4297046261410929
37312,1.2329942462933785
37313,0.46237067047930236
37314,-0.49353109984026244
37315,0.11662428793773874
37316,0.3516413353571245
37317,-1.1314499088788648
37318,-0.2930991196538719
37319,0.8388966502202609
37320,-0.2590746018341919
37321,0.31158712132561145
37322,-0.6137949000853147
37323,-0.6343852727343054
37324,0.15188562509492914
37325,0.49118935861698837
37326,-0.06057528365697477
37327,-0.09763802932472622
37328,0.03377782187586831
37329,1.1105861246890125
37330,-0.6057500472389421
37331,-0.6094531055077879
37332,-0.6565338053387212
37333,0.16342503937376493
37334,-1.0401147863209859
37335,1.3205143468779619
37336,0.5425980280778249
37337,0.4868330542952304
37338,1.3952093435406656
37339,-1.6623923218380023
37340,-0.947868704070273
37341,0.2218684684263325
37342,1.5075674341890446
37343,0.6101025785119506
37344,-0.8827557278407856
37345,-0.02105285574770594
37346,-0.6061816787514317
37347,-1.4523658546284266
37348,-0.5115244989134384
37349,-1.2985581663834738
37350,-0.4403322591626784
37351,-1.4722826273634002
37352,-0.9417491297513649
37353,-1.159743629089051
37354,1.1145369011919701
37355,1.0305260933525244
37356,0.07578523378401035
37357,0.13655522069940187
37358,0.013105983424133707
37359,-1.90236165977528
37360,0.0336883516647772
37361,1.0306818023768078
37362,0.914385264046228
37363,-0.18171933887467812
37364,-0.7147666917288243
37365,1.0914769830272157
37366,-0.6792275818090799
37367,-0.24698961648377527
37368,-0.2016870309335541
37369,-0.25703805559814097
37370,-1.1394167403272157
37371,-0.2627223645198229
37372,0.04812524980806642
37373,-1.2777981151079008
37374,-0.10530780820426325
37375,-0.5045594681445649
37376,0.45524852772050106
37377,-0.6246096581149496
37378,-0.2802637039863624
37379,-1.7119583697929661
37380,-0.07020581526232152
37381,0.2663383635263315
37382,-0.5275386092922943
37383,-0.4376506429577957
37384,1.334466194707792
37385,-1.2836283669734043
37386,-0.6199096134040173
37387,0.8931521651337385
37388,0.704450110857983
37389,-0.30401882041144634
37390,0.42588224668356905
37391,-0.9160219444659465
37392,-0.3822360338521931
37393,-1.3531863228328034
37394,-0.9087817911511711
37395,0.7027721202571485
37396,-0.5361312034527866
37397,1.0273938239466593
37398,-1.5687404405670429
37399,-1.427853590258847
37400,1.5000744197561826
37401,0.20800016924079642
37402,1.7639727551892206
37403,0.6991138592273443
37404,-1.2739815369442147
37405,-0.297140455493929
37406,0.26318121013862955
37407,-1.4835325126439272
37408,-1.271475322324238
37409,-0.04644388903168768
37410,-1.54406447488377
37411,-0.3848786607520669
37412,0.31308049783974007
37413,-0.07163550795738219
37414,-1.2626360215081505
37415,0.2637130607437418
37416,1.7912050840207618
37417,1.0595860923938634
37418,-1.2945969896236962
37419,-0.3038111315231524
37420,-0.3640070594846382
37421,-0.7291534090801313
37422,-0.5392556021306486
37423,-0.3412317922227418
37424,0.5237195660731089
37425,0.7218020945778958
37426,-0.8684978053402631
37427,0.8334581929973375
37428,-0.03788033780123504
37429,0.27404655115824156
37430,0.3822180630784601
37431,-0.7354107861256441
37432,1.1719679609629743
37433,1.0173540218147135
37434,-0.9095761004415637
37435,0.39947273621243184
37436,-0.334174512190325
37437,0.4050962129518088
37438,0.2693670900531019
37439,-2.0264949387241655
37440,0.1927656263825359
37441,-1.8178874635745919
37442,-0.3133348861170451
37443,0.36911029771478215
37444,-0.27145079912344217
37445,-0.24342099352695307
37446,1.2016126447519828
37447,-0.4826781384840616
37448,-0.3531137155216871
37449,0.6003238052217093
37450,1.47675987188495
37451,-0.5359430099347545
37452,0.19381188905204402
37453,-0.09881750658616267
37454,-0.6072901822720843
37455,0.3256972881679317
37456,-1.485668683252868
37457,-0.20067770766774012
37458,1.7983517262482058
37459,-0.09169883762362133
37460,-1.5485639730187402
37461,-0.6719972174834921
37462,-0.6060280057518419
37463,-0.13278599839246746
37464,0.18145423258744764
37465,-0.214303230832639
37466,-0.34277155948755234
37467,-0.32704831007327706
37468,0.4937259862140411
37469,-1.2690722005336332
37470,1.305920214960225
37471,0.4048077383258668
37472,-0.9744130890859861
37473,1.455506176122755
37474,0.45526456822794
37475,0.2481515574225989
37476,0.36005641750085415
37477,0.5201619736211602
37478,0.27936296766197705
37479,1.0796937241421185
37480,-0.6886188910041735
37481,1.127973619363357
37482,0.1367723589685919
37483,-1.6601411864619422
37484,2.0179085525483176
37485,-0.33174380341463233
37486,0.2076436692209482
37487,0.5540030284824812
37488,-0.835577357315324
37489,-0.09814718424389082
37490,-1.4553390456154354
37491,-0.7190050744386669
37492,1.0991661737880365
37493,0.6470140836359385
37494,-1.498894616555604
37495,-0.9674467830291937
37496,1.5157794356567371
37497,-0.42442768138692627
37498,0.3616735364500565
37499,0.44575710465506696
37500,-1.5942300137666863
37501,-1.380107198739932
37502,-1.4819092754049252
37503,-1.1245668306446814
37504,-0.16728297502449602
37505,-0.3956348879394799
37506,0.6720080681650601
37507,0.3350058234317241
37508,0.2934413669357274
37509,-0.37334862189627327
37510,0.28140530634777006
37511,-1.203146842208604
37512,0.31763707776625427
37513,-1.2849164313416888
37514,-1.018751161821016
37515,0.07142544784400781
37516,-1.2334244415493534
37517,-0.37458058322108617
37518,-0.6725605597400235
37519,-0.03811838057127513
37520,0.7353553353203846
37521,0.34395969669556586
37522,0.4706358181235061
37523,1.0434842317013946
37524,1.0267102108861046
37525,-1.1045875939605752
37526,-0.3890406776386077
37527,-0.0722368098280144
37528,-1.93970105034832
37529,-1.3201390013921468
37530,0.4966498774367523
37531,-0.4592562585766255
37532,-0.4823785772853431
37533,0.3757349043981397
37534,1.1811422734652814
37535,0.7964938706994169
37536,-0.7403526440243158
37537,1.2973844878166718
37538,0.6126834145641067
37539,-0.32718669050114396
37540,1.1688322129442312
37541,0.2342138522579993
37542,0.0021491798708141966
37543,1.0044414586500958
37544,-1.1655425541215028
37545,1.452227342314648
37546,0.44150094429631015
37547,0.2822305205168796
37548,-0.3354857519310664
37549,-0.05716833597307895
37550,0.7060520754619568
37551,1.5225094246727602
37552,0.03499778272321284
37553,0.9706584799276061
37554,1.141321282668579
37555,-0.1565310012415708
37556,1.1764166318345715
37557,-0.5996701296405114
37558,1.0936395878582708
37559,-1.0598489148666612
37560,1.0128312686732384
37561,0.06512956963701447
37562,-0.08714731596568173
37563,-0.17749926712588054
37564,-1.2682002579352059
37565,0.4231380282640693
37566,0.229935858706612
37567,1.3129811666158178
37568,-0.9069460603865492
37569,-1.4509962779873466
37570,-0.10378579491264031
37571,-0.12392947739751155
37572,1.0028566943706063
37573,0.5289493012300501
37574,1.2744374823063909
37575,0.7692669530218563
37576,-0.2600358518648351
37577,0.2078335595352265
37578,-0.8136652709848741
37579,-1.1276464015763445
37580,-0.6391221343126003
37581,-1.7705754619164993
37582,0.6247033037505225
37583,1.6837358480171485
37584,-0.5308171387609607
37585,-0.6321180810983967
37586,0.4254512788024682
37587,-0.06118417330061463
37588,0.5815526598232469
37589,-1.9657384586664346
37590,-0.16929667256140102
37591,-0.6327231161269924
37592,-0.5979791326355441
37593,-0.9836237481846778
37594,-0.1437836533577063
37595,0.7952364968848976
37596,0.013625675456693229
37597,-0.004273870534282477
37598,-0.4200122269550663
37599,0.2524773277909559
37600,0.6751735496988923
37601,-0.4860325457463641
37602,-0.06494259300199354
37603,0.5554545130891535
37604,1.2059614809317785
37605,-1.458543302528369
37606,-0.0747195169880224
37607,-0.9199812164723822
37608,1.6278402168623476
37609,-0.9361794989604104
37610,-0.3943172981565442
37611,-0.35696821249901906
37612,0.17194749320113756
37613,0.7869527231810238
37614,-0.43584368179925026
37615,0.6672819804841953
37616,-0.5750257444810511
37617,0.220071155494963
37618,0.27029899676796604
37619,0.20903579427665847
37620,1.6853637082365447
37621,-0.7401152850087181
37622,0.19144179753592427
37623,1.8941610290405748
37624,-0.6913174243986336
37625,0.49985963839410325
37626,-0.21242200106351355
37627,0.10705210053550615
37628,-1.3421329461326295
37629,-0.059388470702789214
37630,-0.9426606492057369
37631,-2.1048615416472813
37632,0.35667291750002855
37633,0.048536915837559896
37634,0.5117765517788628
37635,-0.8522548790445955
37636,0.6586030491474855
37637,-1.0039769291880496
37638,0.3209247628126357
37639,-1.6129765427397644
37640,0.7260493409969773
37641,-0.25748061878827727
37642,1.8114986615624387
37643,-0.6518409987342945
37644,0.9282019888601182
37645,1.2502974847481776
37646,0.8085440874093387
37647,-0.2404203219212643
37648,1.8146191463028367
37649,-0.3280996841365575
37650,-0.7874707515294691
37651,-1.9236389974918426
37652,-0.8120218706156086
37653,-0.5582854897274301
37654,0.5961422366469523
37655,-0.4705769400780804
37656,-2.2783225204903905
37657,-0.13117835981781692
37658,-0.7147718564537933
37659,-1.1914398186814046
37660,0.28782644233628657
37661,0.22432043792163062
37662,0.342776488443932
37663,-1.6140833621245143
37664,-1.800253421754802
37665,-1.6919064054653707
37666,0.27811918349776316
37667,1.3530820268037136
37668,-0.7107649941836947
37669,-0.5971462405694298
37670,-0.0014779106639348834
37671,0.0724173879801442
37672,-0.45362089756661955
37673,0.1450871017722072
37674,-0.45430372754162635
37675,-1.0904004848607347
37676,1.9106347751046138
37677,-0.4998712304965921
37678,-0.4758910389830966
37679,-2.341387819971987
37680,-0.6424278215008405
37681,-0.10548353328045079
37682,-1.6321068217281565
37683,0.6198161895419128
37684,-1.4176803431949179
37685,-0.6580375209981462
37686,-0.03461593247583074
37687,-0.7546109680866491
37688,1.0904702350317648
37689,-0.08068991734103328
37690,0.28136331048147234
37691,0.29566147506625257
37692,1.380413487320292
37693,-0.5155908639008057
37694,-0.7395248008801127
37695,0.5010595038838387
37696,-0.034318137934092295
37697,-0.5975732750226673
37698,0.4900508702120138
37699,0.03356582316122407
37700,-0.5318295824041867
37701,-0.9432837818987887
37702,-0.948988265983767
37703,1.112886844518887
37704,0.5768381299655482
37705,-1.3398329086436622
37706,0.3139056351806401
37707,-1.6218107294791761
37708,-0.6334365134581325
37709,-0.8123808816116734
37710,-0.5376201755274057
37711,-0.9427174079407328
37712,-2.291371002904342
37713,-1.5416137588516023
37714,2.877708711716402
37715,-0.5517317798314321
37716,1.096419636914989
37717,0.6771885094755694
37718,0.9102551406360876
37719,-0.6810180650481042
37720,0.39351045377864013
37721,-1.0315029557855429
37722,0.6839475946020214
37723,-0.024579471100171574
37724,0.3665922796416351
37725,1.5523804485290693
37726,-0.09811876191829397
37727,0.0009006016454520538
37728,0.7464871451919072
37729,0.057148482353977556
37730,-0.5074460177163865
37731,-0.7131412416582419
37732,-0.5010778124728282
37733,1.9212709383783828
37734,-0.3411032621471136
37735,-1.3222080972086596
37736,0.7245206933324408
37737,-0.16624200623063481
37738,-1.0135104639752393
37739,0.28458078374259926
37740,0.27864954927471586
37741,-0.9134266937468575
37742,0.039659706010093346
37743,-0.7416980226354526
37744,0.38975120082290354
37745,0.7484717507395657
37746,0.6690410255767407
37747,-0.30320078574148046
37748,1.686521873796934
37749,0.6163460484003814
37750,1.9149362696431096
37751,1.0710791552832872
37752,1.0418100921108253
37753,0.22439578490241308
37754,-0.8874017834544581
37755,0.32888464556249825
37756,1.4994995750741644
37757,0.5007724285246573
37758,-0.9607468022719347
37759,-1.9771336705835305
37760,-0.34552395946573283
37761,0.6785246263229106
37762,0.7412620087836869
37763,0.9449221222056007
37764,-0.2838954625426052
37765,-0.46215000894607383
37766,-0.36406307970958474
37767,-1.5762345802135145
37768,-0.13036886854258314
37769,-2.2907804109908216
37770,-1.2787656045082239
37771,-0.10198624982942803
37772,-1.1434142839543489
37773,0.13076521336093844
37774,-0.6585904434550218
37775,-0.8979035885163535
37776,1.6243842254714145
37777,-0.9352385903637364
37778,-0.2740862074316829
37779,0.49488350194210184
37780,0.3557084595698212
37781,0.4309867477160184
37782,0.18154886075737026
37783,0.6713421619346219
37784,-0.2775836132546703
37785,0.32503184211138214
37786,-0.35789297911910534
37787,0.3165282735373015
37788,-0.8187144459435355
37789,-0.4741028184612528
37790,-0.8903111797938734
37791,-0.6303982221523746
37792,0.3494743139900552
37793,0.7337839566165232
37794,-1.451429069150191
37795,-0.788360492040521
37796,-1.1678840477577155
37797,-0.18567660707854144
37798,0.1660891241245043
37799,0.6198758607685856
37800,-0.24540828769944595
37801,-1.2298364014405767
37802,-1.2405142415431427
37803,-0.694090393790719
37804,1.186998033792826
37805,-1.558882554843814
37806,-0.4099723126349692
37807,-0.20826681148600348
37808,0.11446246641876089
37809,0.2913497293221581
37810,-0.8363180074807832
37811,-0.01844560896987398
37812,0.36317834880148436
37813,-0.7441828678671982
37814,0.1293823177674328
37815,1.0749369156887225
37816,-1.3838392716477081
37817,0.2486234317749347
37818,-0.32085279342403067
37819,-0.638692302354948
37820,-0.12019120408836631
37821,0.7216843603243358
37822,0.4613756890252098
37823,-0.003315120851861652
37824,-0.5354019819535075
37825,0.716673974866603
37826,-0.9055137791876848
37827,-0.31757711869061106
37828,0.6578476624978639
37829,-0.3435160657564519
37830,-0.1269715145909747
37831,-0.541946278869466
37832,-0.02045709959872455
37833,-1.3406373279563673
37834,-0.17362332675757336
37835,-1.1911910967369252
37836,0.9897540472553193
37837,-0.6052079235579728
37838,0.9303333793487543
37839,-0.4352405892247596
37840,0.0895470449284736
37841,-1.3027542626286526
37842,0.018360920102192972
37843,-0.28460187498638784
37844,-1.1049123104410068
37845,-1.0814398967505046
37846,0.5939266210369882
37847,2.206703963869195
37848,1.522413942811286
37849,0.21345008602095725
37850,-0.7196365156882676
37851,-0.17304990258796052
37852,-1.5253326952239148
37853,1.1432671522557714
37854,-0.05440566708791554
37855,-0.6896224484113282
37856,-0.31366265089332684
37857,0.7470980519021887
37858,-0.7858495730471203
37859,0.9446716951345827
37860,-0.07436368389160021
37861,0.031682931200110426
37862,-0.5646422917221386
37863,0.16403425681933534
37864,0.4537855964912203
37865,-0.6444376363239844
37866,0.5874729926187144
37867,0.6261797865387241
37868,1.9394430929915187
37869,-1.7016866278453529
37870,-0.4451760721342749
37871,-0.48608014327052207
37872,-0.9634418081024023
37873,-0.14124895328794648
37874,-1.4244549870025545
37875,0.49851615612140954
37876,0.2293779371233894
37877,-0.2689302736324656
37878,-2.685135019576416
37879,0.03499217233614246
37880,0.301407209775698
37881,-0.13983521493209206
37882,-0.17152185969753453
37883,1.144915085613358
37884,0.1634151635550812
37885,-0.5315673812069001
37886,-1.4190575837648176
37887,0.6510192271292594
37888,-0.842606216302226
37889,-0.40181516668122236
37890,-1.009264528402066
37891,-1.4829093730562442
37892,-0.06972593390552081
37893,0.43125112374496694
37894,0.28893738427648696
37895,0.7298714899091615
37896,1.7617356210103305
37897,0.03759578413183746
37898,0.547830524977035
37899,-0.007528531183290877
37900,1.0449863240268618
37901,-0.17512283284221913
37902,-0.23177885029614256
37903,-2.134202950169361
37904,-0.12244263739421077
37905,0.8848180544732066
37906,1.0125901547725766
37907,-0.21246932268774238
37908,-0.06683904433479482
37909,-0.33657553915145566
37910,-1.3432611285136042
37911,0.9244865915714193
37912,0.17475945969233408
37913,1.0558009828804564
37914,-0.6299553670154427
37915,-0.6579885706103814
37916,-0.5738120684691466
37917,-0.4570910886187691
37918,-0.7612696477634736
37919,-1.5781580702536364
37920,-0.012608777442506467
37921,-1.2849366116298568
37922,-1.9258074698433085
37923,-1.05138083629084
37924,0.5791758697782441
37925,-1.9759914785609078
37926,-0.20028772835523043
37927,-0.18334728002001804
37928,0.9808268311493836
37929,-0.07793096849505031
37930,1.7425812063451267
37931,1.1133853696393112
37932,0.21435393070924288
37933,0.6657893511479579
37934,-1.6311210751124028
37935,0.31396386825959754
37936,-0.20913184254720016
37937,0.5336138945661112
37938,-1.630304279371999
37939,0.9860442547833016
37940,0.060464641243292455
37941,0.3381400973696448
37942,0.16717153463709053
37943,0.7849756927783154
37944,-1.0292982289019665
37945,-1.6990259133820986
37946,-1.8163311396789485
37947,0.04269942703839975
37948,-0.6663617387105661
37949,-1.391643922559823
37950,1.0128656619585148
37951,0.0017885229270994296
37952,-0.9638699048672836
37953,1.0626950745416304
37954,1.5907151974213258
37955,0.34070769170841797
37956,-0.580585375937817
37957,-0.6434956896406875
37958,1.812615471171506
37959,-0.8744189260097401
37960,-0.8319887605555261
37961,-1.7659199289617522
37962,-0.556022102482479
37963,-0.49084788435217436
37964,-0.13465637855024573
37965,-0.48207653044207904
37966,-0.114964060054487
37967,1.853121842765157
37968,-0.20670589545005275
37969,0.12306295534340017
37970,0.8473269782494957
37971,-0.7642504378351657
37972,-1.40662897417011
37973,0.4258486347561805
37974,-0.33712615666762463
37975,0.7445458070250848
37976,0.31627052830802055
37977,-1.1229314399983805
37978,0.8927548273637532
37979,1.0239558371029596
37980,-0.48500732689633846
37981,0.5815480375906349
37982,-1.0195057020653413
37983,0.7513021798576446
37984,-1.5307314414189566
37985,0.11219516795506693
37986,0.4090920819062966
37987,0.4592018774238285
37988,-0.41592037815344296
37989,-0.32056730185442117
37990,-0.5439575850451828
37991,1.332797027368933
37992,0.5643131797161974
37993,0.34133952370188325
37994,-0.9521694999648607
37995,0.864049744661944
37996,0.5260849703219578
37997,-0.3711198422718943
37998,0.6079453524270899
37999,0.18826647022249043
38000,-0.10200911058741188
38001,0.08376091360465943
38002,0.8623099461576293
38003,0.7217447878388702
38004,-1.3146514085019756
38005,-1.1060236952108322
38006,0.5785615229043835
38007,0.4888022843613617
38008,-1.0081994881522847
38009,-2.0001785439869124
38010,-2.225590043464925
38011,-0.7309855313930598
38012,-1.2847121793186198
38013,-0.5861919743600084
38014,1.125995318399258
38015,-1.1373772241354294
38016,1.0939672567480712
38017,-0.5124243712044768
38018,-0.5863540098608143
38019,0.48981936247623775
38020,0.16962036806249858
38021,0.5739912910958979
38022,-0.8922046104215937
38023,0.1479676634963758
38024,0.2723540681497559
38025,0.05814782670345195
38026,0.5878320304292646
38027,0.007164508416986057
38028,-0.5350070442891127
38029,0.06173210596846703
38030,-0.7478055417569454
38031,-0.2926814206950693
38032,-0.3644655740315037
38033,1.0386098697504282
38034,-1.0821879814783784
38035,-0.6055007763350873
38036,0.7111796491066579
38037,0.5778186977327027
38038,-1.4741230942247805
38039,-0.8816656180699152
38040,0.029829631508876964
38041,-0.23916985546675656
38042,-0.9613096142258654
38043,-0.20622025882455466
38044,-0.19748991239406866
38045,-1.3178936957525795
38046,-0.7795256218666974
38047,-0.6850471458920254
38048,0.8360162598007408
38049,-1.180843811169055
38050,0.24988279183718048
38051,-1.735906164921447
38052,1.1932592367907522
38053,-0.3565497862258252
38054,1.1117649733162018
38055,-0.8544766042770943
38056,1.3675028531605589
38057,1.4401226447511708
38058,0.3354980670801642
38059,-1.5523132176257217
38060,0.5934838365857551
38061,0.24756295699659003
38062,-0.5775717560189677
38063,-0.46216966135384024
38064,0.7067170593955885
38065,-0.8879495994040422
38066,-1.442573672039971
38067,-0.4117739033219249
38068,0.2966207060116927
38069,-0.8072003006265904
38070,0.4252411562183134
38071,-0.9756296549711845
38072,-0.6716474143553871
38073,-0.9466695691610855
38074,0.22274429389284214
38075,0.47160064839680743
38076,0.4490245375196315
38077,0.1734755833930483
38078,0.1590618608318423
38079,0.7320273772762464
38080,0.9734206373726274
38081,0.4671564951174672
38082,-0.14609078772042036
38083,0.9085145161422625
38084,-0.4767192514894494
38085,0.5802171264385765
38086,0.16608052306563933
38087,0.12166462799789841
38088,-0.023384250255704474
38089,-0.6525943459952674
38090,-0.7655791841254895
38091,-0.1444489442091886
38092,0.2112900191268692
38093,1.0977963258541334
38094,0.0356497709080691
38095,-1.3764967130397472
38096,0.02505922029796865
38097,-0.3798896922772753
38098,-0.3486604397108094
38099,-2.7098940198661223
38100,0.7998062524946412
38101,-0.6065605437709933
38102,0.4873671736390623
38103,1.2365472103706272
38104,0.3288709259711227
38105,-0.3428312154525831
38106,-0.0273012505609452
38107,1.3352111132549227
38108,-0.02000553347127436
38109,-0.3997037027980539
38110,0.9662433022828555
38111,0.27478743545470397
38112,0.04712295531809338
38113,-0.9352179053139271
38114,-0.6988155150247087
38115,-0.5737993070614932
38116,-0.9195784446529284
38117,-1.3843437738182023
38118,-0.34573981726846853
38119,-0.39513625113783934
38120,-1.434602569047052
38121,0.009227628543729174
38122,0.30178892980597666
38123,0.0383385891124286
38124,0.11903123219137834
38125,-0.6501617122455561
38126,0.38134930587027177
38127,-0.35274951565753276
38128,-1.2078354528024824
38129,-0.6631389414405979
38130,-0.7292576986174262
38131,-1.1364654420842877
38132,-1.4055343573605037
38133,0.4605568758576364
38134,-1.4181929848276589
38135,0.16758052036630444
38136,-0.010155978403371634
38137,0.07287980318694218
38138,-0.009349403488891125
38139,0.16590948818667325
38140,1.2966794036255687
38141,-0.07660722919772703
38142,0.8304224136857348
38143,0.008048197661487021
38144,0.21818179540757476
38145,0.2621327872045884
38146,0.556681217630121
38147,0.8205704296432033
38148,1.415366430695624
38149,-0.06516546859918987
38150,-0.8475488252245011
38151,-1.0733532988900187
38152,0.49743922440085
38153,0.15831241800590665
38154,0.5218339161455745
38155,-1.8101082988837514
38156,-0.7279566578923036
38157,-1.129499033487915
38158,0.31512403612965434
38159,-0.6219628335094607
38160,-0.39119022821214244
38161,-0.40069536296354835
38162,-1.7524746286456598
38163,-0.3238681809897358
38164,0.7024532217166135
38165,-0.10636266042764433
38166,0.97518950355749
38167,-1.063988246438832
38168,0.27066755240759344
38169,1.1297933931401813
38170,0.12193962929549194
38171,-0.7974379969567104
38172,0.7863790999091628
38173,-0.5082480630423555
38174,0.2804910265133475
38175,-0.42292150830371533
38176,-0.506262258772711
38177,0.7685471265540879
38178,-1.4651108289783839
38179,-1.5921086657695809
38180,-0.9296820128393846
38181,-0.49240297644356223
38182,0.43017203775975726
38183,0.3810068898205653
38184,-1.5037307878729165
38185,0.8105821758716873
38186,-0.30858366787019526
38187,0.12033251650593377
38188,0.5999427227565368
38189,-1.6872713189788486
38190,1.2563469094730648
38191,0.10158175843925481
38192,-0.2902901753613361
38193,-0.7563602555700688
38194,0.9350406885986957
38195,1.6200397418917458
38196,1.2428235678111437
38197,-0.32549252859897354
38198,0.9357304399108072
38199,0.37853323863639476
38200,0.5849540100777991
38201,0.8499081483088606
38202,-0.21639114957466574
38203,0.5263759941156382
38204,-0.15125085057895069
38205,-0.1355421823744076
38206,0.7026434438272697
38207,-0.3885294806468165
38208,1.5034432496677126
38209,-0.5165621510730792
38210,-0.7630562150797597
38211,-0.021843599752406278
38212,0.39233422130032675
38213,0.6377130780686201
38214,0.1846767408565839
38215,0.17265860406452024
38216,1.7029222260863426
38217,-0.33636573589091273
38218,-1.4502897518669895
38219,-0.486834720495829
38220,-0.1369847083148455
38221,-0.6764759410139181
38222,-1.3522595579495387
38223,-1.2053233427481431
38224,-0.5592816814492432
38225,-2.6435791517716445
38226,1.3257042000702133
38227,-1.5039399251730643
38228,-0.13212510520564144
38229,1.3058308108392862
38230,0.5064050210456994
38231,-0.2509484683264735
38232,0.43646389044807293
38233,0.8601081040907452
38234,-1.3716216750837056
38235,-1.016311026995972
38236,-1.2189495950978864
38237,1.215711116876911
38238,1.0438268905712984
38239,-0.1166375430601899
38240,-0.09323774181165592
38241,0.784272913286737
38242,-0.5283653669264605
38243,-0.8558063187304286
38244,0.1871142647375665
38245,-0.42249786804961464
38246,-0.09285418980371175
38247,-0.5219042252396884
38248,-0.7575056124253249
38249,-0.5687756784663828
38250,-1.466631137135624
38251,0.4592328084144387
38252,-2.200106897604562
38253,-0.1703030686662187
38254,1.7193986317369234
38255,-0.36659324510399416
38256,0.06127906863864022
38257,-0.6485157967737052
38258,0.4368732234870178
38259,-0.020943181914180063
38260,0.12844758246307927
38261,-2.0772891564376854
38262,-1.3214224998264208
38263,-0.5139827287522797
38264,-1.5337794031334997
38265,0.22412601731905687
38266,-1.3617701623439133
38267,0.5999257957727764
38268,-2.1074911466432225
38269,-1.162517657329207
38270,-0.7875590751703239
38271,-0.9159238189932473
38272,0.3244599570170854
38273,0.23048536615179072
38274,0.4088483863296403
38275,-0.9694394017661013
38276,-1.0408576281053623
38277,1.1442186311942353
38278,-1.6672767976508012
38279,-0.32772898058998357
38280,1.211075451090154
38281,-1.2755051274405818
38282,-0.5907844093482774
38283,-1.4496129070112647
38284,1.4052674032943342
38285,1.7862248036334336
38286,0.7047654749995641
38287,0.22895082212741785
38288,-1.320498370657961
38289,-1.14503657915868
38290,-0.9942473319168927
38291,-2.116324133557695
38292,-0.3893682680086068
38293,0.7129738189697363
38294,-0.20808378013133025
38295,0.6307388510665994
38296,-0.08115993959695109
38297,0.19200403666343632
38298,-1.3354985519967122
38299,1.3043733284488617
38300,-0.17584769258580435
38301,0.0471812009553694
38302,2.0002095144824197
38303,1.3151681923851255
38304,-0.9074967368411316
38305,-1.7018692924969205
38306,1.1097191563247997
38307,-1.1983485611396223
38308,1.0263160460634002
38309,-0.5313559706764024
38310,0.1265086396603808
38311,-1.2466635920432831
38312,-0.01895031126537976
38313,-0.15364647645093102
38314,-1.3544388548173987
38315,0.17543184760761088
38316,-1.120944142453103
38317,-1.0421843321647324
38318,1.1019161128527024
38319,1.0700281718560416
38320,-0.44311028284746823
38321,0.14547543057908335
38322,1.3274160128409291
38323,2.657486609403873
38324,1.2974015032740764
38325,-1.0185029646600745
38326,0.7922716770089693
38327,2.1760686826842424
38328,-0.9441968334451961
38329,0.6754863143478838
38330,-0.5214076297204735
38331,0.013822190041007919
38332,-0.20681745028818907
38333,0.5859538063489029
38334,0.23783142383951156
38335,-0.3880932010051175
38336,-0.9562338897502456
38337,-2.345145991815265
38338,0.0264314014942017
38339,-2.3349887655271875
38340,1.2784014953767062
38341,-1.4384276586512916
38342,-0.8099376776063733
38343,0.3083923417484718
38344,1.6213458024619718
38345,-0.3149868341371924
38346,-0.14328914312736551
38347,-0.46368423726207236
38348,0.3135228541688484
38349,1.3898172286954193
38350,0.4333180893077704
38351,-1.8114630830080258
38352,-1.332686016099203
38353,0.649112309341983
38354,0.4754023953018401
38355,-0.5183316369652536
38356,-1.176414764208685
38357,0.8155212961627971
38358,1.9072729784783597
38359,-1.4097867516489142
38360,-0.3202706901623687
38361,-0.9783437812590248
38362,-1.1885217630972242
38363,1.4918457341269618
38364,0.05631620042102592
38365,-0.18202430632080144
38366,0.18791383277391918
38367,-0.06486265139024666
38368,0.3629935993432553
38369,-0.9666727892545495
38370,1.434304861756617
38371,0.026298469011291445
38372,0.43303639458063775
38373,-1.5385941543245638
38374,0.10876933430774169
38375,-0.34622778239251184
38376,0.2870860633734579
38377,-1.3435177979636612
38378,0.9940126623818394
38379,1.5899327681688105
38380,0.004527964967019276
38381,-1.4464152834259874
38382,-0.3463476808293222
38383,-0.5269436932102022
38384,0.365728193899213
38385,0.39416897868029854
38386,-1.0378898300448363
38387,0.3228914413295152
38388,-1.151520403212607
38389,0.6103017136562339
38390,-0.11741371891366623
38391,0.5631748175073467
38392,-0.1267272394765241
38393,0.9881685416293333
38394,0.1672712510433896
38395,1.182693102976146
38396,0.7633141011724817
38397,-1.523382625577093
38398,-1.4146650311131284
38399,-1.0111372318834457
38400,0.6778554966803109
38401,-0.4892279148638365
38402,-0.31555399821997016
38403,-0.33795109312099525
38404,-0.2904344115545669
38405,-0.18514817610560774
38406,0.02005778737344329
38407,0.9602227644941107
38408,0.7285171494011103
38409,0.6983267245200031
38410,-1.4377419655872545
38411,-1.924153880599581
38412,0.4073802955111751
38413,-0.9414962153306805
38414,0.5756638040793958
38415,1.1420203075812492
38416,-0.2883148967191174
38417,0.7201131533534878
38418,0.3356650120591403
38419,-0.45723124481819943
38420,0.4394801013369313
38421,0.09870946707335634
38422,-0.6777322248429307
38423,-0.09923488170766827
38424,-0.30311492078705243
38425,-1.1930568334532958
38426,0.289596503505879
38427,-0.8648726817791672
38428,-0.30190097814803457
38429,-1.2727357880743322
38430,0.6096949593356404
38431,-0.29832239176839664
38432,-0.8681972182527729
38433,0.9764331485350863
38434,1.183946085437696
38435,-0.5385825981823427
38436,1.2956205331753623
38437,1.9227033609076976
38438,1.236511370355348
38439,-0.2819805700835807
38440,1.053696685510336
38441,-0.4326911443775711
38442,-0.8172973547686166
38443,-0.09930107293189996
38444,-0.5014333595377192
38445,1.3092469690758262
38446,-0.28859112734297676
38447,2.6998290866220125
38448,0.5315023998759945
38449,-0.03845925014999622
38450,1.026842624020678
38451,-0.7359434472476671
38452,0.7808551252339113
38453,0.909911396617455
38454,0.14622793883547214
38455,-0.2251573001167341
38456,-0.2360226522985741
38457,-0.635427075999617
38458,-0.8807025243774532
38459,-0.8358221178958295
38460,-0.7142169405417079
38461,-0.4240083171164002
38462,-1.2522308158186328
38463,-0.9305303446331769
38464,-0.4949464321862572
38465,-0.006570127968685187
38466,0.15743330978577508
38467,0.4258819814079985
38468,-0.353490296320406
38469,0.9282331869990295
38470,-0.022884286102576097
38471,0.8184388382613678
38472,0.7381277105205291
38473,-0.1501540706547017
38474,-1.6370446064073256
38475,-0.33696218764926616
38476,-0.6054689625368237
38477,0.8234315201409146
38478,2.0625793842299114
38479,-0.7371013756740532
38480,0.2278879000791041
38481,-0.7302340236883034
38482,-1.1472064704853149
38483,0.6461940561258248
38484,-0.8768127306416568
38485,-1.746013026984195
38486,-1.326245196726583
38487,-1.6221966278136597
38488,-0.7503178324576436
38489,-1.297300957590716
38490,-2.275669224702561
38491,-1.6773199744631149
38492,-1.7535914126674337
38493,-1.752756081300858
38494,1.0918162795866153
38495,-0.7519693683194867
38496,0.4268185662040755
38497,-1.5052813986015126
38498,0.9548880437249674
38499,-0.18359672673576083
38500,1.3181203774992498
38501,0.778296850580646
38502,0.36439966741424434
38503,-0.06585021108141587
38504,-0.44189853159731085
38505,-0.6546395733499857
38506,-0.45421684755161545
38507,2.4520351923132315
38508,-1.0064078065192574
38509,-0.34347300814502135
38510,0.6688388753650597
38511,0.7397451712837937
38512,-1.1479135889275216
38513,-0.536178947117445
38514,-2.435443715076238
38515,-1.3587306150242628
38516,1.7032533859857204
38517,-2.0854443454049725
38518,-1.544165191932822
38519,-1.6167272353392232
38520,-0.3371574844216997
38521,-0.857116463058013
38522,-0.01254521801816249
38523,-1.2902704597266763
38524,-0.8864342404396446
38525,-1.193060642980021
38526,1.9351058295317676
38527,0.35865872562571177
38528,1.0570138577414436
38529,-0.8848314573453565
38530,-0.38584751261917566
38531,-0.574759224138912
38532,-0.9879729551517498
38533,-0.8906166660109541
38534,0.43157341500301033
38535,-0.16568498806145163
38536,0.7621863484866316
38537,-0.9521834882180898
38538,-0.01056501192582185
38539,1.597464734898607
38540,0.313282952160037
38541,-1.1624056011520232
38542,0.8893477628518509
38543,1.49433389979117
38544,-0.21053651231551204
38545,-0.1503217573495249
38546,-0.1930035834823809
38547,-0.11995100064520027
38548,0.7933782136451547
38549,-0.26567519428808734
38550,0.6035492297810502
38551,-0.6676911777316148
38552,-0.9388014612163712
38553,1.0306284316122796
38554,-0.4224562928494527
38555,0.37744049756113907
38556,1.48386583818161
38557,-0.0909539331819737
38558,-0.32565176192145434
38559,-3.103756438006268
38560,-0.30808305194439545
38561,-1.0312234753879215
38562,-0.8067015845234236
38563,-2.005088397224067
38564,-0.21223961843840755
38565,-0.34881250954409004
38566,-0.887618407816571
38567,-1.184667607452557
38568,-0.33674685951927574
38569,0.6425871717643405
38570,1.2978366493752236
38571,-0.4618494546470402
38572,-0.4270978109733463
38573,0.5847045602410421
38574,-1.164503471713452
38575,-1.3087861707483097
38576,0.2801765664774971
38577,-0.09006001754938893
38578,0.6142620841118875
38579,-1.4944104991691218
38580,-0.8653438007276342
38581,-0.9159388189696895
38582,-0.7060932191644143
38583,0.5066536672755899
38584,1.225077085600314
38585,-1.5615209128126597
38586,0.9844890123023238
38587,-0.05392772371850362
38588,0.9008048669777167
38589,0.8120157685794664
38590,0.5443488394085989
38591,0.7173063700366308
38592,-0.05332067434531374
38593,-1.3694201699451858
38594,-0.19023475660042563
38595,0.6861422855302093
38596,0.36565109335593193
38597,0.7860301153471159
38598,0.597693869969799
38599,-0.3729287057749523
38600,-0.8440300507865146
38601,0.3111004079020949
38602,1.3051825229060474
38603,0.7988484604996917
38604,1.1087558667575093
38605,-0.21104365790788157
38606,-0.23845363699415079
38607,0.2985027550036438
38608,0.6942588079002713
38609,-2.173955846098045
38610,-1.2057369935358544
38611,-0.343472023341266
38612,0.5675980509595693
38613,-1.9707361887861143
38614,0.21124613637496942
38615,-0.35600388409803496
38616,0.270857460623584
38617,0.22118315066448951
38618,-0.13664090034498044
38619,0.662765800100803
38620,0.9644739960306912
38621,-0.24169646279201518
38622,1.3521295397992852
38623,0.9110958502810912
38624,-0.09619477503824495
38625,1.4876792426152545
38626,1.2508314345963505
38627,0.4821670714700768
38628,0.1455954750026193
38629,-0.14911782388601466
38630,-0.08913064057040285
38631,0.04550889585235759
38632,0.711096716611065
38633,-0.7392041129631541
38634,0.7577521794846236
38635,0.13563692657888482
38636,0.09693480094976732
38637,-0.10017116786324529
38638,-0.6041171606121504
38639,-0.6300767770190874
38640,1.1528336582828922
38641,0.6317193154167936
38642,0.4797861655006033
38643,-0.7385364286813927
38644,1.23941076130931
38645,-0.24420466460650753
38646,0.7365957569274802
38647,1.1626268496134713
38648,0.29439411535573856
38649,0.48588149378800716
38650,0.64470512897456
38651,-1.2366398231468332
38652,-0.45111664129792445
38653,0.24065658643116944
38654,-0.3138152830342836
38655,0.3849316538901149
38656,-0.10173991910593592
38657,-0.08923137605301128
38658,-1.8274222866559326
38659,-0.8785940418543833
38660,-0.7516483811374145
38661,-1.1889084942753618
38662,-0.4134488483187238
38663,0.45915189601300643
38664,0.3807025629093492
38665,-0.2929074545351469
38666,0.7345736904735346
38667,-0.6237161329150107
38668,0.10435436646276477
38669,0.0004530938166977137
38670,0.9199036357810924
38671,-0.419724134733643
38672,-0.36274247529245196
38673,-0.4118678085461004
38674,-0.3305740997150943
38675,-1.1490193743451353
38676,-0.7215889876522255
38677,-1.462133182432989
38678,1.004297512117945
38679,0.4663268068207809
38680,1.183124282539353
38681,-0.9651618707357712
38682,0.7589305006906085
38683,-0.6749679252468622
38684,-2.4644689400315163
38685,-0.18147490045758258
38686,1.6861107159477093
38687,1.2979322866327518
38688,0.2641560772923083
38689,-1.3483585812603218
38690,0.6900778134773067
38691,-0.09915496928212114
38692,1.5068819684370134
38693,-0.60156637646101
38694,0.3750588330319939
38695,-0.88299546797827
38696,-0.38222237617412286
38697,-0.7714548239305878
38698,1.6058524445819318
38699,-1.6382861738567174
38700,-0.5366923576985295
38701,-1.339260419885124
38702,-1.8817790162765382
38703,-0.4540356130265863
38704,-0.5390735588280751
38705,0.07217131274180345
38706,0.19500283884613268
38707,-1.6295885470145448
38708,0.5772224096178065
38709,0.034177112980393096
38710,-0.2646707167938003
38711,0.09105092263505547
38712,-0.08637227091833577
38713,-1.4353739040908269
38714,-0.7426376819654377
38715,0.17350767887218843
38716,0.1323444810398413
38717,-0.368321332720154
38718,1.5971602899525152
38719,-2.198348136311462
38720,0.5830697204864133
38721,0.44420658568277416
38722,-0.7551121351005637
38723,0.25795780155399806
38724,-2.1553961342214385
38725,-1.2133392303580544
38726,-0.6905182356481631
38727,-1.2271396778660801
38728,-1.0913883776168571
38729,-0.797414246589395
38730,-1.343203024402476
38731,0.6133428256875102
38732,-0.9436676492973244
38733,0.41439287122808477
38734,-0.4486369951923128
38735,-1.304601707183438
38736,0.5411979849390125
38737,0.6112028386265422
38738,-1.3361482248590222
38739,0.9258358119056151
38740,0.7374200202372165
38741,-0.23523197778186133
38742,-0.4617937085731346
38743,0.4926050906604483
38744,0.08806668649163003
38745,-0.014052520406638203
38746,0.18656303326362525
38747,-0.24464735455424108
38748,0.7768302913485041
38749,-0.3268770740115683
38750,0.7304767781383836
38751,0.11254032419653932
38752,1.2045154813748322
38753,1.5506566814774227
38754,-0.593823345205661
38755,0.7151244531236611
38756,0.658275970813742
38757,0.018896996720323824
38758,1.0497770947699505
38759,-0.3630364024179901
38760,0.3747144133715309
38761,-1.0850070064362847
38762,0.4339662486113132
38763,0.05257438857019589
38764,-0.5426393496116967
38765,0.21364644763699256
38766,-0.42863458032985624
38767,-1.4020121595772235
38768,1.6420019618642676
38769,0.507861184119406
38770,0.8645426172186084
38771,0.06445554967365122
38772,0.6014040760650136
38773,0.3820999736669522
38774,-0.7083180930104409
38775,0.5162377633818162
38776,-0.10144616446637293
38777,0.9558206667508117
38778,-0.4821197302094177
38779,0.18084931065595714
38780,-1.2730948286960675
38781,0.7150561809113921
38782,-0.8895836356381774
38783,1.1466348605318497
38784,-1.350562556533784
38785,-1.049948228800306
38786,0.7473071688958812
38787,0.055335878919451534
38788,-2.4564741129196803
38789,-0.38938986527387043
38790,0.8826639404643104
38791,-1.276412645143774
38792,0.4658486097128132
38793,0.7781248148919201
38794,0.7171086179086034
38795,-0.557778353770441
38796,0.7504752160656196
38797,0.015417412390629732
38798,-0.48312042389784654
38799,0.3156505618024211
38800,-0.4056994616066213
38801,0.3592487363188193
38802,1.1361412105002597
38803,0.6148282422041396
38804,0.007015960283335227
38805,0.1699325444460764
38806,-0.12257347016036581
38807,1.6420850127927413
38808,1.4776013132347712
38809,1.6110116051946732
38810,1.7494320147208642
38811,-0.09259866143248661
38812,-0.592631472290902
38813,0.7213137650743175
38814,0.2727042955402143
38815,0.6128260505051789
38816,1.4963173963462313
38817,-0.5550300799566305
38818,-0.5626435023929168
38819,0.34698514922335955
38820,0.5903995812951047
38821,0.29736480424111345
38822,-0.01829895641089103
38823,0.5029595455004554
38824,-0.04564710934044102
38825,-0.6642784112680625
38826,0.9157232977004166
38827,1.75964499353188
38828,-0.3462507481595601
38829,0.910382676786666
38830,0.06600261114916525
38831,-0.010965699381544465
38832,-0.08701354324403042
38833,-0.5423782924996727
38834,0.21827851592159747
38835,0.3483711529429152
38836,-0.13529448678487563
38837,0.436694969775699
38838,0.9098414878521478
38839,0.24337403425825724
38840,0.4120853081487449
38841,1.435392446441529
38842,0.19342396650147095
38843,1.8515891857061793
38844,-0.004357431946571531
38845,0.7518466731112672
38846,0.543310472507009
38847,-1.0075253059026366
38848,-0.21005092977623532
38849,-0.25108799428980144
38850,-1.2375139411471887
38851,-1.5156003470388606
38852,0.2954244268895364
38853,-1.7769238549704744
38854,0.6976003212173677
38855,-0.06759581594036095
38856,0.4801610260567167
38857,-0.2778790139321898
38858,-1.7463009051583298
38859,1.0095583761460416
38860,-0.6332455321041063
38861,0.3686580440160587
38862,-1.3849450933806884
38863,-0.30756533095990335
38864,-0.7802188271816506
38865,-0.037861766066628805
38866,0.7608026801973461
38867,0.7441770599845337
38868,-1.0387764398066737
38869,-2.0170305980635117
38870,-1.0947328936727343
38871,0.11528066352119015
38872,0.1382689917483538
38873,-0.6789450226942101
38874,-0.71450469731777
38875,-0.008063693543593813
38876,0.2836535110043488
38877,0.28127674408028175
38878,1.1554227812385645
38879,-0.31524740968344006
38880,-0.2632265802901315
38881,-0.47110470395142945
38882,-1.2077039139223165
38883,-0.2580438528532211
38884,0.2991891018983315
38885,-0.17897718571432508
38886,1.5284002791126152
38887,-0.1371134254356294
38888,2.102216203648326
38889,-0.38567509906431263
38890,-1.5926424952519644
38891,-0.19006215782668243
38892,-1.46518519229419
38893,-0.1404288191500116
38894,0.49121838342332824
38895,1.057323131885326
38896,1.270132361841695
38897,0.8169306590177066
38898,-0.3478657641640928
38899,0.40289626942598644
38900,0.6478630701052923
38901,0.3160990354647517
38902,1.417671067753168
38903,1.3512319464986287
38904,0.33427501282304545
38905,1.2318044658276643
38906,1.2710873015630535
38907,-0.31834337647232436
38908,0.5514749789472397
38909,0.3982711596142205
38910,-0.9489922209367325
38911,0.04878368503429876
38912,-1.3569535283089627
38913,-0.7577962021685597
38914,-0.21499229255649707
38915,0.5993905855883762
38916,-0.5963436438504495
38917,-0.01603422961894379
38918,0.15400091314995953
38919,1.1265944259319007
38920,-0.5356805854310254
38921,-1.2531041077529717
38922,-0.8436309248600352
38923,0.5091777017551757
38924,-0.19458710088286982
38925,0.18267450463413223
38926,-0.6532599629614702
38927,-0.46445033760238363
38928,1.809218579603585
38929,0.26212635749373325
38930,1.1738253239102605
38931,-0.012994185681623707
38932,0.8572317703433047
38933,0.6414140731194913
38934,0.13432226026733485
38935,-1.3101678274407353
38936,1.3895382384126285
38937,-1.1583489753718668
38938,0.9063941299895794
38939,0.3590482122604022
38940,-0.16749302760241142
38941,-0.5864725308472778
38942,-0.9787381995411092
38943,-0.8392413151449235
38944,0.36955274492850015
38945,1.3492877912616814
38946,-1.076852709342328
38947,-0.7760019743342708
38948,-0.824480934309507
38949,0.903344065228208
38950,-0.4691469897246141
38951,-1.601406247626587
38952,-0.4146048196071838
38953,0.6452510072639688
38954,1.8813747947780823
38955,-0.6434810253669405
38956,0.47791338613469725
38957,0.6461615758312804
38958,-1.418372678343085
38959,0.36277205513221644
38960,0.2686038379290109
38961,0.8744742431379865
38962,0.046295601892376186
38963,-0.20281472380387006
38964,-1.3222211420606156
38965,0.3742145782077914
38966,0.9717477529477647
38967,-0.10342609717250131
38968,0.2923998331378947
38969,-1.8058256796869152
38970,-0.6984220825273187
38971,0.579102494008502
38972,-1.5139048355663103
38973,-0.4419528431670921
38974,1.171299878615008
38975,-0.16532873830445835
38976,-0.2876115411747506
38977,-0.08132758560182213
38978,-0.2915022435754623
38979,1.540425333405472
38980,1.288463759927484
38981,0.9587548314779962
38982,2.3181267184660093
38983,0.1195504136742819
38984,-0.8932966770268431
38985,-0.8589887468740917
38986,-0.45392447612694425
38987,0.18462131358876893
38988,-1.115129730210675
38989,0.5866361983852044
38990,-0.6000956452743041
38991,0.03709871948189525
38992,1.529004070978446
38993,0.7437086197768936
38994,-1.8930827124607388
38995,-1.644009587858522
38996,-1.7826383083826227
38997,-0.5435627288761418
38998,-0.3278334256966096
38999,-0.14313588283959988
39000,0.5129836004791463
39001,-0.8239761821213624
39002,-2.1333567113503333
39003,-0.7351957787986982
39004,-0.22588200246346213
39005,0.6039276155353783
39006,-0.05721211470141024
39007,0.5861035293496418
39008,-0.67645815409726
39009,1.0716814465371907
39010,-0.5044460741580288
39011,-0.6994602309940022
39012,-1.1129425125051322
39013,0.8749124660793869
39014,-0.4775660919903515
39015,-1.4719397576598001
39016,-1.2782593192595468
39017,1.4994477041382521
39018,-0.070459382972947
39019,-0.36002504413941716
39020,-0.5624329359011266
39021,-0.5586499845602135
39022,-0.14052211843188153
39023,0.37014996947068285
39024,-1.8898249062146184
39025,0.32241835433283533
39026,1.0390265710574604
39027,-0.6920448719665273
39028,-0.047085260053513156
39029,-2.271175392830076
39030,-0.3229167330533742
39031,-0.8307557010385554
39032,-0.8876325945743265
39033,-1.6109983175014702
39034,-0.9560230157934032
39035,-1.0648037954789842
39036,-1.2032965478550415
39037,-0.31930885658174013
39038,1.5022004658406287
39039,-0.5676807180388558
39040,-0.07017683792336935
39041,1.022595993129766
39042,0.8338273418663491
39043,-1.3702551607594105
39044,-0.7920489545785518
39045,0.05948455756510188
39046,-0.8949568092907115
39047,0.6678217126658089
39048,1.8589264491766837
39049,0.7642157531519796
39050,-0.6044811959162054
39051,-0.153835394855975
39052,0.7966950817743962
39053,-0.7678339499675604
39054,1.1066257778811048
39055,-1.228998048047166
39056,1.5082761507170068
39057,-1.4247791355013886
39058,-1.1541469119052046
39059,-1.5261445048997473
39060,0.2716315064698134
39061,-1.2768852662242747
39062,-0.23615767899737736
39063,-0.7388139289746174
39064,2.884574790732844
39065,-0.05262581521996766
39066,1.012565757041585
39067,-0.9962682819843536
39068,-0.2713002809051061
39069,-0.9097638352660431
39070,0.47163989093104264
39071,-1.475854942436536
39072,0.9847476373435053
39073,1.0385273259059733
39074,-0.3140860199573189
39075,0.7386559034227158
39076,-1.6768798252835715
39077,0.12459215153213875
39078,-1.270664284657266
39079,0.8647038708955378
39080,-1.6738634085148987
39081,-0.8250089609134599
39082,-0.19843714713932917
39083,-0.5506534689144686
39084,-0.4545470172648098
39085,0.07504625182767169
39086,-0.3095558831487263
39087,-0.8788883135192733
39088,-0.49227770734071896
39089,-2.0752857019636854
