id,bind_BRD4,bind_HSA,bind_sEH
114194,0.6722944588917783,0.8134026805361072,0.9211442288457692
138611,0.9986797359471894,0.5747949589917983,0.2719743948789758
115591,0.9113022604520904,0.22960592118423684,0.18275655131026203
138352,0.1320264052810562,0.7815163032606521,0.9364272854570914
135898,0.20156031206241248,0.7703140628125625,0.9805961192238448
125814,0.12514502900580116,0.461372274454891,0.5302660532106421
134280,0.6376075215043009,0.6292858571714343,0.7105421084216843
126134,0.6266853370674135,0.40284056811362273,0.389877975595119
101725,0.5691538307661532,0.9520704140828167,0.7913582716543309
123722,0.9677935587117423,0.6046809361872375,0.4962992598519704
111598,0.7291458291658331,0.5032606521304261,0.6453290658131626
120593,0.4068813762752551,0.15615123024604918,0.14466893378675735
124565,0.18263652730546107,0.7620324064812963,0.9767153430686137
134811,0.530626125225045,0.09917983596719343,0.4094018803760753
129637,0.9367873574714942,0.45433086617323465,0.22764552910582117
135369,0.12998599719943987,0.7525105021004201,0.980876175235047
101984,0.7488697739547909,0.7297859571914382,0.6315663132626524
107342,0.17879575915183032,0.17467493498699738,0.7076615323064612
119907,0.7464692938587717,0.24324864972994598,0.4249249849969994
108424,0.424244848969794,0.4624124824964993,0.39371874374874977
124694,0.8554510902180437,0.5854770954190838,0.47065413082616525
134826,0.7215443088617725,0.8757351470294058,0.04476895379075815
107487,0.05729145829165833,0.7393878775755152,0.6673334666933387
133975,0.9686737347469494,0.7823564712942589,0.7009801960392079
124433,0.2430886177235447,0.9084616923384677,0.03320664132826565
135087,0.4985397079415883,0.9344268853770754,0.7413882776555312
134253,0.12398479695939188,0.7198239647929585,0.44380876175235046
137060,0.45273054610922187,0.732626525305061,0.9303460692138428
134964,0.8752950590118023,0.6397279455891178,0.5754750950190037
111300,0.8202040408081617,0.3197439487897579,0.4707341468293659
144177,0.9641928385677135,0.7193038607721545,0.6991798359671935
147065,0.31954390878175637,0.20564112822564515,0.21844368873774758
128687,0.7941588317663533,0.36787357471494303,0.5097419483896779
141942,0.4414482896579316,0.047329465893178636,0.1451890378075615
128595,0.06853370674134826,0.8540908181636327,0.20972194438887776
141868,0.8155231046209243,0.08701740348069614,0.18767753550710142
103310,0.7723144628925785,0.6112822564512902,0.946109221844369
146573,0.9113022604520904,0.14070814162832565,0.1208241648329666
147864,0.5766353270654131,0.6179635927185437,0.8844168833766753
110867,0.10670134026805361,0.9240648129625926,0.0398879775955191
101379,0.7801560312062412,0.17627525505101022,0.3977195439087818
109092,0.19007801560312063,0.3293458691738348,0.8809361872374475
108128,0.6816963392678536,0.5717943588717743,0.7581916383276655
127677,0.6150430086017203,0.9869573914782956,0.9661532306461293
125767,0.6710142028405681,0.32654530906181234,0.30198039607921584
109585,0.8097219443888779,0.17179435887177433,0.13314662932586518
103236,0.9634326865373074,0.9272254450890178,0.20028005601120225
144767,0.3071414282856571,0.09773954790958192,0.04224844968993799
124317,0.5721944388877775,0.214002800560112,0.4916983396679336
130158,0.3981996399279856,0.06753350670134027,0.11486297259451891
132268,0.8486897379475895,0.677255451090218,0.5776755351070214
114486,0.5269453890778156,0.5541508301660332,0.6779355871174235
111100,0.23420684136827363,0.21860372074414883,0.4628125625125025
109529,0.5068213642728546,0.6725745149029806,0.7803560712142429
117887,0.7272654530906182,0.6989797959591918,0.8964592918583717
126392,0.354870974194839,0.7570314062812562,0.9401080216043208
130074,0.8812562512502501,0.2223644728945789,0.281496299259852
141020,0.45969193838767763,0.9465893178635727,0.09121824364872974
117745,0.22504500900180036,0.6398079615923185,0.7031406281256252
120792,0.9938387677535507,0.3874774954990998,0.18339667933586717
135318,0.7826365273054612,0.3069413882776555,0.6439687937587518
100521,0.7764752950590119,0.41532306461292257,0.3978395679135827
117542,0.02212442488497699,0.9133826765353071,0.10042008401680337
137582,0.21724344868973794,0.3607921584316863,0.4606921384276855
128457,0.1304260852170434,0.3429085817163433,0.6460092018403681
129096,0.6770154030806161,0.223124624924985,0.2956591318263653
137750,0.11082216443288659,0.9008201640328066,0.25241048209641925
130077,0.41128225645129024,0.4394478895779156,0.7252650530106022
133073,0.18239647929585917,0.3298259651930386,0.3802760552110422
147307,0.6520904180836168,0.9925585117023404,0.8133626725345069
109335,0.46289257851570315,0.12002400480096019,0.3416683336667333
130661,0.9025405081016203,0.7903580716143229,0.8652130426085218
148698,0.3345469093818764,0.5829565913182636,0.4976195239047809
146009,0.5496699339867974,0.16227245449089817,0.33766753350670137
146054,0.4720144028805761,0.9623924784956992,0.7996399279855971
129949,0.5612322464492899,0.23188637727545508,0.3775555111022204
134187,0.9105021004200841,0.4641328265653131,0.4668133626725345
131446,0.8894178835767154,0.04072814562912582,0.11606321264252852
118396,0.14118823764752947,0.7604720944188837,0.9885577115423085
140119,0.5991998399679936,0.19931986397279455,0.7973194638927785
144258,0.09489897979595918,0.8480496099219845,0.07049409881976396
112251,0.6464892978595719,0.7958391678335668,0.6967793558711742
100698,0.4310062012402481,0.25817163432686535,0.41368273654730947
143928,0.9793158631726345,0.3930786157231446,0.40176035207041405
146478,0.3858371674334867,0.6926185237047409,0.6370874174834967
132301,0.6025205041008201,0.08097619523904781,0.18551710342068414
117345,0.1501500300060012,0.3786757351470294,0.5382276455291057
113814,0.038807761552310464,0.049009801960392084,0.15635127025405082
112806,0.8720144028805761,0.9591518303660732,0.06477295459091818
134948,0.8492898579715943,0.19143828765753151,0.4426485297059412
123895,0.267253450690138,0.6255651130226045,0.708381676335267
137296,0.7566713342668533,0.021604320864172834,0.14166833366673334
146507,0.5737147429485897,0.5998399679935986,0.4995399079815963
127156,0.6515703140628126,0.5812362472494499,0.9521504300860173
127469,0.32414482896579316,0.5904780956191238,0.6487697539507902
114163,0.11946389277855571,0.06245249049809961,0.11094218843768755
112363,0.5473894778955791,0.6845769153830766,0.6105221044208842
127506,0.7190238047609522,0.263372674534907,0.596999399879976
114553,0.42772554510902183,0.1313862772554511,0.17319463892778558
100263,0.28697739547909584,0.8722544508901781,0.03448689737947589
108428,0.12714542908581716,0.8830566113222644,0.5932386477295459
117766,0.30238047609521906,0.0680136027205441,0.17095419083816762
111292,0.8666933386677336,0.9619123824764952,0.3438287657531506
109997,0.14086817363472695,0.918863772754551,0.5213042608521704
103813,0.5854370874174836,0.47525505101020205,0.8587317463492699
149708,0.30854170834166833,0.48953790758151633,0.8646929385877176
110404,0.28425685137027407,0.26017203440688136,0.837607521504301
101360,0.8066813362672534,0.9382676535307062,0.16139227845569115
139551,0.15451090218043606,0.5877175435087018,0.5451490298059611
134884,0.8505301060212043,0.7509101820364072,0.5874774954990998
138141,0.4710942188437688,0.14022804560912183,0.16943388677735546
145414,0.1019003800760152,0.8886177235447089,0.12130426085217044
124417,0.7133026605321064,0.27349469893978795,0.6031206241248249
127135,0.9380676135227044,0.23324664932986597,0.1625125025005001
128582,0.2643328665733147,0.47185437087417487,0.36559311862372473
136181,0.8511702340468094,0.3992398479695939,0.48217643528705745
143493,0.14662932586517302,0.7820364072814563,0.6048809761952391
119158,0.08497699539907982,0.4612922584516903,0.7782756551310261
123523,0.33834766953390677,0.12970594118823764,0.6264852970594119
108407,0.5824364872974594,0.34946989397879574,0.5235047009401881
102998,0.5061812362472495,0.3940788157631526,0.5048209641928386
131375,0.9107021404280857,0.343628725745149,0.2738947789557911
100537,0.028765753150630125,0.5923584716943389,0.9930786157231446
139105,0.390118023604721,0.18255651130226044,0.27761552310462095
106885,0.13126625325065014,0.8614522904580917,0.9797159431886378
128952,0.9314262852570514,0.6485297059411882,0.5094618923784757
113649,0.5668733746749349,0.7406681336267253,0.8886577315463093
117510,0.42376475295059013,0.8831766353270654,0.10286057211442286
105792,0.13198639727945588,0.6480496099219843,0.3416683336667333
112342,0.8465293058611723,0.5966793358671734,0.42208441688337667
145428,0.4844168833766753,0.6687737547509502,0.7349869973994799
138605,0.5903580716143229,0.6218043608721745,0.5425485097019405
107398,0.35827165433086616,0.1184236847369474,0.303380676135227
101651,0.7836367273454691,0.5262652530506101,0.5278655731146229
119410,0.7124224844968994,0.013882776555311064,0.07857571514302861
118404,0.919743948789758,0.6348469693938787,0.6540108021604321
122811,0.34586917383476695,0.9525105021004201,0.7282656531306262
111778,0.7035807161432286,0.6974594918983796,0.9597919583916783
137698,0.31366273254650934,0.385997199439888,0.4478495699139828
142043,0.08757751550310061,0.8203240648129626,0.9857971594318864
116227,0.151870374074815,0.6429285857171434,0.5525105021004201
129952,0.35943188637727547,0.1812362472494499,0.6752150430086017
117164,0.8350070014002801,0.5884376875375075,0.5580316063212643
119272,0.4165633126625325,0.23512702540508104,0.26101220244048806
147652,0.8892978595719143,0.6280456091218243,0.8540108021604322
136188,0.3069813962792558,0.9386677335467094,0.07793558711742346
111733,0.4850970194038808,0.3351070214042809,0.4034806961392278
130289,0.06509301860372074,0.8462492498499701,0.6843368673734748
143577,0.6799359871974395,0.20980196039207843,0.6364472894578916
104970,0.4911382276455291,0.9704340868173635,0.7761952390478095
130886,0.0077615523104620915,0.7773554710942188,0.9581116223244649
144107,0.7238247649529905,0.18095619123824766,0.45833166633326666
149609,0.33270654130826166,0.31046209241848377,0.6458491698339668
127235,0.9634326865373075,0.4032406481296259,0.8110022004400881
138727,0.09981996399279856,0.4475695139027806,0.7964792958591718
149468,0.6542508501700339,0.536747349469894,0.975875175035007
143535,0.759751950390078,0.9753950790158032,0.6240448089617924
108065,0.599759951990398,0.08025605121024204,0.20808161632326466
106037,0.33154630926185236,0.5025405081016203,0.35727145429085816
117767,0.5567113422684536,0.6625725145029006,0.5656331266253251
102166,0.9669133826765354,0.6805361072214442,0.46125225045009
103291,0.20008001600320066,0.45433086617323465,0.656611322264453
112151,0.47157431486297263,0.039287857571514304,0.790998199639928
139733,0.31670334066813366,0.2979395879175835,0.17215443088617724
133164,0.8060012002400481,0.16195239047809562,0.15899179835967192
106554,0.08677735547109423,0.8447689537907582,0.02096419283856771
117639,0.7783556711342268,0.11166233246649329,0.48349669933986794
139401,0.4334466893378676,0.0918983796759352,0.26193238647729544
129026,0.1340268053610722,0.2700140028005601,0.9244648929785958
149700,0.056491298259651934,0.6037207441488297,0.3836767353470694
123307,0.967753550710142,0.23020604120824167,0.8212842568513703
106217,0.40896179235847174,0.9208241648329667,0.06617323464692937
110175,0.8110422084416884,0.5087417483496699,0.5903980796159232
137344,0.5319463892778556,0.37239447889577915,0.2532106421284257
124739,0.6436487297459492,0.2418083616723345,0.29637927585517104
146199,0.542748549709942,0.2008001600320064,0.307621524304861
148657,0.19247849569913983,0.3212242448489698,0.5557111422284458
101441,0.4169233846769354,0.660612122424485,0.7661932386477295
132373,0.12650530106021204,0.6391678335667133,0.863252650530106
125703,0.24228845769153834,0.9531506301260252,0.0941388277655531
138914,0.10578115623124623,0.8934186837367474,0.9973194638927785
120250,0.8470494098819764,0.07881576315263053,0.04680936187237448
132554,0.1295459091818364,0.13114622924584918,0.4938987797559512
129088,0.9938387677535507,0.25729145829165834,0.2422884576915383
130203,0.779235847169434,0.6758951790358071,0.8815763152630526
123975,0.81624324864973,0.707261452290458,0.3817163432686537
144293,0.8474094818963793,0.7371074214842969,0.7377075415083016
130272,0.33830766153230646,0.020724144828965792,0.10758151630326065
138581,0.32194438887777554,0.39163832766553314,0.6742148429685937
119262,0.5379475895179036,0.41420284056811363,0.8772954590918183
109984,0.8884176835367074,0.6363672734546909,0.8446889377875575
109334,0.8747349469893979,0.30698139627925586,0.5701940388077615
109474,0.6454090818163633,0.7911582316463293,0.9764752950590119
126689,0.06893378675735146,0.5275055011002201,0.9665933186637327
142174,0.9937187437487498,0.029405881176235247,0.1441888377675535
107391,0.2862572514502901,0.2921784356871374,0.4384876975395079
143890,0.09157831566313263,0.6768553710742148,0.4614522904580917
149089,0.7399479895979195,0.28397679535907183,0.3234246849369874
104557,0.10974194838967793,0.15427085417083414,0.10758151630326065
122983,0.1854770954190838,0.7513102620524106,0.5671934386877375
136986,0.4523304660932187,0.6762952590518104,0.5445889177835567
140149,0.5731546309261852,0.6436087217443489,0.6137227445489098
112313,0.5463092618523705,0.5021804360872174,0.7181836367273455
118351,0.02748549709941988,0.9586717343468694,0.9867973594718944
108713,0.5223844768953791,0.12238447689537907,0.264492898579716
126561,0.38667733546709343,0.7115423084616924,0.5712742548509702
113557,0.15087017403480696,0.2506501300260052,0.10506101220244049
113139,0.7201040208041609,0.4083216643328666,0.6207241448289659
134731,0.020484096819363872,0.04540908181636327,0.7673534706941388
140031,0.5963192638527705,0.5070214042808563,0.8601320264052811
146588,0.6264052810562113,0.7763552710542108,0.8983796759351871
140853,0.33446689337867574,0.38595719143828766,0.8808161632326466
134717,0.15451090218043606,0.6436487297459491,0.7677135427085416
123575,0.9696339267853571,0.7500700140028005,0.7281456291258251
135248,0.7160232046409283,0.9956391278255652,0.9144228845769153
110445,0.9522304460892179,0.7588317663532707,0.9072214442888578
123862,0.243248649729946,0.376875375075015,0.7391078215643129
139271,0.9826765353070614,0.0906981396279256,0.18507701540308058
125415,0.07609521904380875,0.6834166833366673,0.34146829365873177
138758,0.6799759951990398,0.28669733946789355,0.5399479895979197
143693,0.05181036207241448,0.12922584516903382,0.09073814762952591
126950,0.8083216643328666,0.7941988397679536,0.6850570114022804
121002,0.7081016203240648,0.42752550510102016,0.34270854170834164
124296,0.4397279455891179,0.3204240848169634,0.6960192038407682
114808,0.34370874174834964,0.7559911982396479,0.9387077415483096
131331,0.7653130626125225,0.16735347069413883,0.19575915183036607
104031,0.04268853770754151,0.5799159831966394,0.3531906381276255
130587,0.9849169833966794,0.6054010802160432,0.5592318463692738
146584,0.24356871374274852,0.2599719943988798,0.3251450290058011
140632,0.29521904380876174,0.062012402480496095,0.1591118223644729
110612,0.826125225045009,0.10454090818163633,0.13926785357071414
114294,0.522744548909782,0.6252850570114024,0.640248049609922
132229,0.31438287657531505,0.42776555311062214,0.2662132426485297
145966,0.25449089817963594,0.8062012402480496,0.6395279055811163
130095,0.31414282856571313,0.1278255651130226,0.6024004800960192
115065,0.9085417083416684,0.8062012402480497,0.7649929985997199
122207,0.2632126425285057,0.5297859571914383,0.6620524104820964
130992,0.2564512902580516,0.9192238447689538,0.06461292258451688
105430,0.766633326665333,0.20732146429285855,0.7341068213642727
145371,0.7537907581516303,0.9635527105421084,0.11222244448889776
106914,0.8550510102020404,0.8416083216643329,0.8690938187637527
108648,0.7132226445289058,0.5114622924584917,0.4100820164032807
130989,0.8009601920384077,0.24836967393478693,0.34282856571314263
129418,0.42360472094418883,0.17451490298059613,0.36299259851970395
131359,0.2628525705141028,0.47625525105021005,0.842368473694739
109316,0.15931186237247447,0.6112022404480897,0.9583116623324665
145430,0.45329065813162633,0.21260252050410083,0.915623124624925
130193,0.5936787357471495,0.7207841568313663,0.7381876375275054
131654,0.3823164632926585,0.6063612722544508,0.48221644328865776
122466,0.8728145629125825,0.36879375875175036,0.4877375475095019
108284,0.6605721144228845,0.534746949389878,0.5454290858171634
145113,0.15495099019803962,0.4802160432086417,0.31574314862972597
136473,0.36567313462692536,0.40120024004800964,0.43608721744348866
137612,0.7159431886377275,0.6501300260052011,0.6155231046209242
140831,0.4379275855171034,0.6509301860372074,0.7305461092218443
104374,0.22740548109621922,0.6768953790758151,0.7881976395279056
149280,0.5405881176235247,0.04396879375875174,0.10726145229045808
117704,0.9463492698539708,0.9117823564712942,0.8043608721744349
105767,0.84748949789958,0.7043008601720344,0.3403080616123225
108542,0.7180636127225445,0.27453490698139627,0.5188637727545509
129845,0.35455091018203644,0.06797359471894379,0.4870974194838968
127262,0.7203440688137628,0.723384676935387,0.5867973594718944
118822,0.12486497299459891,0.8768153630726145,0.6008001600320064
134087,0.7214242848569714,0.799119823964793,0.9348669733946791
109781,0.7301460292058412,0.9013802760552111,0.7373074614922985
120361,0.6014402880576115,0.725625125025005,0.7583116623324664
136091,0.4242448489697939,0.9548309661932386,0.5545109021804361
138120,0.18519703940788157,0.6634126825365073,0.700380076015203
105324,0.4264852970594119,0.21656331266253248,0.1794758951790358
142000,0.5254250850170035,0.7151830366073214,0.9539507901580316
129145,0.09217843568713742,0.8400480096019204,0.034886977395479093
110945,0.6092418483696739,0.15031006201240246,0.23352670534106823
102491,0.2595719143828766,0.11378275655131026,0.27277455491098224
116847,0.46477295459091816,0.7423084616923384,0.7367473494698941
108687,0.072374474894979,0.09401880376075215,0.07845569113822765
141809,0.2891778355671134,0.8251650330066014,0.9893578715743149
119104,0.05093018603720744,0.12258451690338065,0.1501900380076015
120923,0.8395679135827167,0.7362272454490898,0.9673134626925385
121843,0.8733746749349871,0.33974794958991794,0.23268653730746147
141464,0.684616923384677,0.6486897379475894,0.6106821364272854
116940,0.7779155831166233,0.16503300660132025,0.2604520904180836
141818,0.7309061812362472,0.38075615123024603,0.3737147429485897
135955,0.9231046209241849,0.6527705541108221,0.8150830166033206
115373,0.5776355271054211,0.19691938387677535,0.8576515303060612
106286,0.7251450290058012,0.3219443888777755,0.6097219443888777
107636,0.14642928585717144,0.18427685537107422,0.42684536907381476
147665,0.36547309461892385,0.0618123624724945,0.35851170234046814
121531,0.7909581916383277,0.9607921584316863,0.0434886977395479
106399,0.11938387677535506,0.6942588517703541,0.953870774154831
110777,0.43064612922584516,0.05805161032206442,0.36479295859171834
106828,0.02640528105621124,0.9609521904380876,0.3256651330266053
120553,0.21248249649929984,0.5000200040008002,0.3118623724744949
111153,0.6011602320464092,0.5598719743948789,0.8731746349269853
127821,0.9460692138427685,0.9209841968393679,0.03824764952990598
134765,0.17603520704140826,0.08973794758951789,0.5332666533306661
127359,0.8717343468693738,0.12358471694338868,0.5169833966793358
122105,0.17775555111022207,0.10350070014002799,0.08481696339267852
123924,0.24260852170434088,0.6799359871974395,0.540268053610722
103278,0.5637127425485097,0.3168633726745349,0.6741748349669934
139798,0.4364472894578916,0.8669333866773354,0.6751750350070014
108395,0.14198839767953592,0.935747149429886,0.13230646129225845
134322,0.1148629725945189,0.4745349069813963,0.659131826365273
134379,0.2970594118823765,0.5185437087417484,0.8620524104820964
108801,0.18175635127025408,0.08081616323264651,0.14410882176435286
132262,0.5364672934586917,0.8072814562912582,0.886617323464693
100264,0.5594718943788758,0.36107221444288856,0.16535307061412285
134721,0.3726745349069814,0.09929985997199439,0.18055611122224444
120872,0.7303460692138428,0.9013802760552111,0.13326665333066612
111200,0.1934386877375475,0.7928385677135427,0.9364272854570914
116207,0.9694338867773554,0.6183636727345468,0.4519703940788158
107941,0.28705741148229647,0.7015403080616124,0.6395279055811162
123580,0.9699539907981597,0.7122224444888977,0.7413482696539307
131672,0.8101620324064812,0.08101620324064812,0.5495499099819965
103317,0.489497899579916,0.5411082216443288,0.9201040208041609
128612,0.023004600920184033,0.7653930786157231,0.974754950990198
102165,0.7711542308461693,0.3149429885977195,0.8316863372674534
136055,0.15307061412282458,0.11794358871774356,0.3272254450890178
123252,0.157751550310062,0.4567313462692538,0.7408681736347269
141058,0.8042408481696339,0.3252250450090018,0.3419883976795359
149682,0.8216043208641728,0.9540308061612323,0.7104220844168834
128841,0.7743148629725947,0.5089017803560713,0.6600520104020804
109858,0.8160032006401281,0.544508901780356,0.29221844368873773
122119,0.6792158431686337,0.8795359071814361,0.09909981996399278
104929,0.7841568313662732,0.41856371274254855,0.43640728145629126
100328,0.5173434686937387,0.07485497099419883,0.1325865173034607
105753,0.4357671534306861,0.2205641128225645,0.6136427285457091
144452,0.869133826765353,0.4900980196039208,0.8892978595719144
140452,0.435247049409882,0.16859371874374873,0.5251450290058012
121981,0.048889777955591115,0.6942188437687538,0.9949589917983597
110943,0.5646729345869174,0.6731346269253851,0.5832366473294659
100873,0.22192438487697538,0.3048609721944389,0.20880176035207043
131550,0.4180836167233447,0.05009001800360072,0.08821764352870574
129101,0.9332666533306662,0.5991198239647929,0.7026605321064212
147157,0.727745549109822,0.13126625325065014,0.1469893978795759
115885,0.02060412082416483,0.23376675335067013,0.9269053810762152
139276,0.28665733146629324,0.6553710742148431,0.5487097419483897
129977,0.22224444888977793,0.4754550910182036,0.6222844568913783
146179,0.6666533306661333,0.14794958991798357,0.12654530906181236
141887,0.39675935187037403,0.36607321464292863,0.852250450090018
130806,0.8692138427685537,0.06745349069813963,0.0885377075415083
115724,0.5629525905181036,0.22148429685937188,0.8412882576515304
141835,0.28189637927585515,0.4427685537107422,0.7733546709341869
120403,0.4104020804160832,0.30714142828565716,0.42848569713942786
126300,0.4075215043008602,0.3900780156031206,0.6172834566913383
148683,0.3333866773354671,0.4444088817763553,0.45593118623724743
124370,0.365753150630126,0.36843368673734744,0.5696339267853571
100538,0.8486497299459892,0.8971394278855772,0.012322464492898578
109396,0.09553910782156433,0.8594518903780757,0.05681136227245449
130170,0.7367073414682938,0.8249649929985997,0.9576715343068614
147583,0.7397879575915183,0.5639527905581116,0.40668133626725345
135515,0.946869373874775,0.8652930586117225,0.09125825165033005
102606,0.09385877175435085,0.8746949389877976,0.09217843568713742
134784,0.2872574514902981,0.28485697139427885,0.3949189837967593
111621,0.1930386077215443,0.20944188837767552,0.6329665933186637
121935,0.14794958991798357,0.5226645329065813,0.9794358871774353
132086,0.6557711542308461,0.546869373874775,0.9346269253850771
108955,0.945629125825165,0.8539707941588318,0.8050810162032407
148031,0.9523504700940189,0.08789757951590318,0.12382476495299059
105152,0.223244648929786,0.4266053210642128,0.5683536707341469
139732,0.8450890178035607,0.13566713342668532,0.19631926385277054
130525,0.459371874374875,0.29341868373674734,0.3433486697339468
115378,0.5232646529305861,0.16875375075015003,0.23716743348669736
102461,0.12406481296259252,0.8001600320064013,0.7895579115823164
115143,0.4021604320864173,0.11914382876575313,0.25757151430286057
139086,0.22952590518103622,0.5107821564312863,0.43764752950590113
116799,0.7559511902380476,0.542748549709942,0.4640928185637127
146188,0.15859171834366872,0.9133426685337067,0.1681136227245449
148335,0.43928785757151434,0.4124024804960992,0.3386677335467093
128341,0.04840968193638727,0.7509501900380076,0.9603120624124825
115650,0.5008201640328066,0.6843368673734747,0.5990398079615924
115906,0.04412882576515303,0.9176635327065413,0.7884376875375075
121668,0.7376675335067013,0.381996399279856,0.2891778355671134
126735,0.879135827165433,0.6860972194438888,0.14766953390678136
117879,0.7563112622524506,0.30898179635927187,0.37707541508301656
140281,0.5156631326265253,0.6683336667333468,0.4674534906981397
131292,0.17427485497099418,0.3901180236047209,0.3071014202840568
138109,0.4464892978595719,0.0013202640528105624,0.07625525105021005
135134,0.7816363272654531,0.9320264052810563,0.11362272454490897
106171,0.2463292658531706,0.316503300660132,0.3089017803560712
109298,0.467253450690138,0.30578115623124624,0.1996399279855971
105036,0.5496699339867973,0.9643928785757152,0.05893178635727145
138143,0.48141628325665137,0.3186637327465493,0.26105221044208843
100841,0.6777755551110222,0.5725945189037808,0.7793158631726345
140410,0.682376475295059,0.19971994398879778,0.25733146629325865
133810,0.8413282656531306,0.4266853370674135,0.5956791358271654
145551,0.13330666133226643,0.2800160032006402,0.18991798359671935
107557,0.6663332666533307,0.9141428285657132,0.7051810362072415
138074,0.7138627725545109,0.3605521104220844,0.46373274654930985
110159,0.2934186837367474,0.952110422084417,0.15595119023804763
115914,0.14922984596919384,0.4400480096019204,0.8214442888577717
105122,0.5456291258251651,0.09301860372074414,0.275375075015003
116692,0.7221844368873774,0.32518503700740153,0.8171634326865373
111985,0.1128225645129026,0.9563112622524504,0.09165833166633328
135375,0.4217243448689738,0.24420884176835367,0.39647929585917185
114804,0.6676935387077416,0.9406681336267253,0.2006801360272054
111347,0.6171634326865373,0.3015403080616123,0.5848369673934787
121248,0.565513102620524,0.4959391878375675,0.3340268053610722
130972,0.7015003000600121,0.1713942788557712,0.11870374074814963
101551,0.2045609121824365,0.34502900580116025,0.42208441688337667
138989,0.1934386877375475,0.9651130226045209,0.002680536107221444
121125,0.43536707341468295,0.5609521904380876,0.7707541508301661
148135,0.11242248449689937,0.18283656731346268,0.27625525105021
148266,0.8363272654530907,0.9490298059611922,0.079375875175035
138257,0.38219643928785757,0.3289857971594319,0.21884376875375075
139130,0.308621724344869,0.4212042408481696,0.7098219643928785
119254,0.655251050210042,0.7371074214842969,0.9210642128425686
123395,0.3240648129625925,0.27629525905181035,0.19831966393278655
146695,0.04076815363072614,0.48805761152230454,0.9039807961592318
146307,0.9637127425485097,0.24044808961792355,0.22484496899379874
109098,0.08145629125825166,0.5009001800360072,0.9224644928985798
146538,0.44676935387077416,0.5595919183836767,0.6718943788757752
124124,0.4744948989797959,0.5190238047609521,0.5073814762952591
111264,0.6921784356871374,0.6035207041408281,0.6902980596119224
114002,0.09917983596719344,0.5577915583116624,0.6728145629125826
138534,0.37611522304460887,0.6026405281056211,0.34010802160432085
109233,0.25069013802760554,0.20812162432486497,0.36703340668133627
128331,0.4117623524704941,0.5193038607721545,0.8827365473094619
144923,0.2379275855171034,0.4821364272854571,0.6092418483696739
101691,0.12218443688737748,0.21088217643528706,0.1635127025405081
117939,0.1953990798159632,0.4247249449889978,0.5055411082216443
122785,0.7746349269853972,0.01800360072014403,0.2588117623524705
141561,0.8357671534306862,0.7103420684136827,0.5569513902780556
117145,0.2832966593318664,0.18391678335667133,0.23696739347869575
127557,0.050250050010002,0.25945189037807564,0.8476895379075815
106167,0.7939187837567514,0.37735547109421885,0.5715943188637728
107923,0.6576915383076616,0.10634126825365073,0.16843368673734746
100467,0.05005001000200039,0.8466493298659732,0.0063212642528505695
148679,0.8971394278855771,0.7093018603720744,0.4654130826165233
143128,0.5130226045209041,0.8272054410882177,0.9399479895979196
142048,0.3662332466493299,0.2365673134626925,0.2683336667333467
101647,0.09917983596719343,0.47845569113822767,0.3930386077215443
124792,0.20208041608321664,0.7857971594318863,0.5613122624524904
121041,0.4873374674934987,0.035487097419483894,0.2261652330466093
121562,0.6806961392278454,0.8297259451890379,0.657611522304461
112898,0.17535507101420283,0.7599519903980796,0.9391078215643128
118724,0.14066813362672534,0.5568313662732546,0.8404080816163233
122612,0.9549509901980395,0.3044608921784357,0.4430486097219444
113988,0.4159631926385277,0.5829165833166633,0.9444688937787558
149995,0.38087617523504697,0.17527505501100218,0.6540108021604322
106334,0.7753950790158032,0.26657331466293255,0.6883376675335067
137322,0.25237047409481894,0.22288457691538305,0.2207641528305661
103104,0.8394078815763153,0.7571914382876576,0.9465093018603721
107135,0.6166033206641328,0.6209241848369673,0.7053810762152432
137253,0.49941988397679543,0.8705741148229645,0.7874374874974995
104445,0.56375275055011,0.16543308661732345,0.6242048409681936
113567,0.8028405681136228,0.09625925185037007,0.23744748949789957
135933,0.46193238647729545,0.42348469693938784,0.29617923584716943
116523,0.971754350870174,0.43512702540508097,0.6282856571314263
114363,0.18947789557911582,0.22356471294258853,0.38267653530706136
103517,0.6918183636727345,0.877375475095019,0.6566513302660533
114508,0.39371874374874977,0.15983196639327865,0.6698939787957592
142539,0.12710542108421682,0.7261452290458091,0.9193438687737547
106766,0.8816963392678535,0.4229645929185837,0.21468293658731746
131492,0.4646129225845169,0.5439087817563513,0.5492698539707941
140718,0.18315663132626525,0.16163232646529302,0.4171634326865373
141899,0.7171834366873374,0.08581716343268653,0.267373474694939
148668,0.24764952990598119,0.2761352270454091,0.5523904780956191
146820,0.3569113822764553,0.24056811362272457,0.29773954790958196
135690,0.14942988597719542,0.2016003200640128,0.27517503500700136
100591,0.9322264452890578,0.9981596319263852,0.6653730746149229
114260,0.25373074614922986,0.9280656131226246,0.46969393878775756
132495,0.8329265853170635,0.05641128225645128,0.11322264452890579
100989,0.1750750150030006,0.28645729145829163,0.7581116223244649
106876,0.10426085217043408,0.43708741748349667,0.8097619523904781
139514,0.32858571714342866,0.19555911182236446,0.18687737547509503
136799,0.9315463092618523,0.37143428685737145,0.8270854170834168
136688,0.6738947789557912,0.5361072214442888,0.7733546709341867
102833,0.4262852570514103,0.08009601920384077,0.5543108621724345
108264,0.31922384476895377,0.5987597519503901,0.7237847569513903
114069,0.16119223844768954,0.3033006601320264,0.549749949989998
124236,0.9232646529305861,0.8881376275255051,0.16951390278055609
101737,0.2885377075415083,0.2434886977395479,0.24636927385477095
107718,0.465133026605321,0.35363072614522906,0.46293258651730346
118772,0.5384676935387077,0.24856971394278854,0.39347869573914784
139887,0.4499699939987998,0.3993598719743948,0.4842968593718744
138286,0.10510102020404082,0.19439887977595516,0.5239847969593918
141119,0.25821164232846566,0.0923384676935387,0.12650530106021204
100731,0.7735947189437887,0.31078215643128626,0.21964392878575711
147503,0.7813562712542508,0.49921984396879376,0.4415683136627325
119388,0.2746549309861972,0.6078415683136628,0.9659931986397279
110675,0.004160832166433286,0.0704140828165633,0.8330466093218644
130606,0.3853170634126825,0.24704940988197638,0.26097219443888775
119871,0.14314862972594516,0.34838967793558706,0.5434286857371474
141548,0.5410282056411282,0.049529905981196234,0.12478495699139829
121604,0.45745149029805965,0.9221044208841769,0.6947789557911582
141772,0.3629125825165033,0.642248449689938,0.8366473294658933
134605,0.8563312662532507,0.5556711342268453,0.31042208441688335
125068,0.15343068613722743,0.9529505901180237,0.023284656931386274
130853,0.36839367873574713,0.0722144428885777,0.24660932186437284
118909,0.051490298059611916,0.4909381876375275,0.955631126225245
114926,0.12134426885377074,0.7060612122424486,0.9115823164632927
128957,0.40200040008001603,0.3983996799359871,0.9004200840168034
103267,0.5485497099419885,0.3345069013802761,0.41936387277455495
141875,0.33058611722344466,0.886377275455091,0.6959791958391678
102312,0.10294058811762351,0.852250450090018,0.11314262852570513
114643,0.42184436887377474,0.15679135827165433,0.1845969193838768
100215,0.16415283056611318,0.6902180436087217,0.9364672934586917
104059,0.11582316463292658,0.4140428085617124,0.19283856771354274
106450,0.6666533306661333,0.1421884376875375,0.546509301860372
146280,0.2188037607521504,0.9208241648329666,0.24120824164832966
107065,0.9606721344268854,0.5189437887577515,0.55999199839968
146141,0.2794158831766353,0.4921784356871375,0.509381876375275
128175,0.8914982996599319,0.9249849969994,0.008001600320064011
148518,0.3775155031006201,0.1364272854570914,0.5550310062012402
132336,0.08861772354470893,0.9023404680936188,0.06789357871574314
135358,0.5121824364872974,0.21196239247849571,0.3189437887577516
126106,0.6692938587717543,0.3547109421884377,0.8259651930386078
101723,0.07865573114622924,0.30582116423284655,0.7751950390078016
149647,0.5725545109021805,0.5786757351470294,0.8854570914182835
107690,0.3365473094618923,0.08521704340868173,0.1910382076415283
140109,0.45217043408681734,0.41460292058411685,0.8726145229045809
116257,0.9687937587517503,0.47717543508701743,0.8624924984997
137254,0.19943988797759551,0.3223844768953791,0.42188437687537506
119640,0.24288857771554312,0.6527305461092219,0.4973394678935787
111691,0.38295659131826365,0.3587117423484697,0.35211042208441684
131874,0.33254650930186036,0.16427285457091417,0.19391878375675137
105479,0.5183836767353471,0.5427885577115423,0.741748349669934
113009,0.629365873174635,0.8764952990598119,0.052090418083616724
113432,0.2679735947189438,0.15471094218843767,0.42224444888977797
140957,0.2907381476295259,0.924864972994599,0.03352670534106821
116408,0.44020804160832167,0.3185837167433487,0.39819963992798557
127049,0.9335867173434688,0.7540308061612322,0.8962192438487697
130828,0.17183436687337467,0.14014802960592115,0.12758551710342067
126684,0.304500900180036,0.3995999199839968,0.6185637127425485
118186,0.7412282456491298,0.699139827965593,0.9651130226045209
113671,0.9039807961592318,0.893618723744749,0.7155831166233246
106908,0.28405681136227245,0.2679735947189438,0.6110822164432886
102493,0.9395879175835167,0.4537307461492298,0.30938187637527503
136603,0.445249049809962,0.3353070614122825,0.42220444088817766
140801,0.9385877175435087,0.9529905981196239,0.2500500100020004
115620,0.07581516303260652,0.20592118423684735,0.2226045209041808
140059,0.09365873174634926,0.028685737147429485,0.08217643528705741
100268,0.9397879575915182,0.16223244648929785,0.3660732146429286
113555,0.8885377075415083,0.17655531106221245,0.28797759551910385
132529,0.7391478295659132,0.884376875375075,0.08661732346469293
109010,0.5790758151630326,0.32482496499299857,0.26053210642128427
110835,0.5853570714142828,0.5269453890778155,0.5940788157631527
105939,0.251370274054811,0.320504100820164,0.4608921784356871
102921,0.3913582716543309,0.35619123824764953,0.28505701140228046
108299,0.15399079815963193,0.45949189837967597,0.29445889177835566
104574,0.27765553110622126,0.13018603720744149,0.1459491898379676
133298,0.42520504100820167,0.1912382476495299,0.8314862972594519
104034,0.8618523704740948,0.49485897179435884,0.18087617523504698
149937,0.1259851970394079,0.4546909381876375,0.5487097419483896
104532,0.10906181236247249,0.5903180636127225,0.2538507701540308
144987,0.4286057211442288,0.27305461092218447,0.33882776555311067
137175,0.7995199039807962,0.9387077415483096,0.00668133626725345
110369,0.392118423684737,0.4816963392678536,0.46065213042608516
143930,0.1298659731946389,0.5125025005001,0.9023004600920184
130519,0.7199439887977596,0.8579315863172634,0.9997199439887978
116981,0.8784556911382276,0.17519503900780153,0.24120824164832969
126796,0.33530706141228245,0.12002400480096018,0.12358471694338868
139917,0.5803960792158431,0.7208241648329666,0.5564712942588518
104628,0.7881976395279056,0.1442288457691538,0.20280056011202238
141314,0.8816163232646529,0.8718143628725745,0.7596319263852771
117421,0.2862172434486897,0.43740748149629927,0.9787957591518304
103140,0.24832966593318662,0.634486897379476,0.28245649129825967
109899,0.7180636127225445,0.327625525105021,0.13450690138027604
123098,0.7283456691338268,0.09001800360072013,0.21632326465293056
122464,0.11578315663132625,0.4622924584916983,0.2283256651330266
149028,0.7996399279855971,0.7824364872974595,0.6742148429685937
100039,0.10938187637527505,0.6682136427285458,0.395999199839968
110375,0.13946789357871575,0.1401880376075215,0.43796759351870374
144766,0.8342868573714743,0.13866773354670933,0.20112022404480895
146540,0.3042608521704341,0.3615523104620924,0.9300260052010403
145157,0.22528505701140228,0.1951990398079616,0.760872174434887
114739,0.5105821164232847,0.4824564912982596,0.5051810362072414
111810,0.8667333466693339,0.45865173034606926,0.32302460492098417
143359,0.4548509701940388,0.6083216643328665,0.6143628725745149
104192,0.30198039607921584,0.2439287857571514,0.33954790958191633
102325,0.4080816163232646,0.723864772954591,0.6964992998599719
115028,0.3833966793358672,0.5181836367273455,0.5803960792158431
121425,0.754750950190038,0.5691138227645529,0.2406881376275255
121824,0.4106821364272855,0.5385477095419083,0.5471894378875775
104305,0.7859571914382877,0.8855771154230846,0.10250050010001997
137325,0.296499299859972,0.14946989397879576,0.2458891778355671
100102,0.7965593118623725,0.3395079015803161,0.6562912582516504
112044,0.4668933786757351,0.6596519303860773,0.5661932386477295
120910,0.5529105821164233,0.6768553710742148,0.9598719743948789
124971,0.8206041208241649,0.05161032206441288,0.15191038207641527
114748,0.10714142828565712,0.8512102420484097,0.13206641328265653
124192,0.9884776955391078,0.48389677935587116,0.462372474494899
139088,0.15451090218043606,0.5747149429885977,0.7835167033406681
105928,0.8567313462692538,0.9322664532906582,0.03800760152030406
116321,0.840888177635527,0.8314462892578515,0.6961792358471695
113583,0.5235847169433887,0.1684736947389478,0.3339867973594719
111676,0.25337067413482695,0.22920584116823364,0.1925985197039408
127990,0.42516503300660136,0.3473494698939788,0.36895379075815166
126356,0.6652130426085217,0.40308061612322466,0.5645529105821164
109493,0.4163232646529306,0.14882976595319064,0.2095219043808762
122888,0.14946989397879576,0.2254850970194039,0.25269053810762154
142513,0.6224844968993798,0.5198639727945589,0.4652930586117223
147122,0.29201840368073617,0.2952190438087618,0.20392078415683135
120177,0.9257451490298059,0.9855971194238848,0.04488897779555911
144847,0.03280656131226244,0.5748749749949991,0.9816763352670534
131074,0.40236047209441894,0.5361472294458891,0.8021604320864173
113506,0.0408881776355271,0.29949989997999604,0.16579315863172633
125520,0.5025405081016203,0.6486097219443888,0.5030206041208242
128564,0.6699339867973595,0.3501900380076015,0.28201640328065614
142137,0.9638327665533106,0.8727345469093819,0.8058411682336467
139810,0.033206641328265646,0.699139827965593,0.9983596719343868
134529,0.5353870774154831,0.391118223644729,0.6206041208241648
138510,0.860492098419684,0.021884376875375075,0.19631926385277057
149978,0.3909581916383277,0.6724144828965792,0.5820364072814563
140942,0.37719543908781755,0.29001800360072016,0.15119023804760953
130644,0.2548109621924385,0.9872774554910981,0.08349669933986797
148839,0.3787157431486297,0.5432686537307462,0.6832566513302659
104351,0.9807961592318464,0.948869773954791,0.32202440488097617
133104,0.3137027405481096,0.49261852370474096,0.6842168433686737
116038,0.47981596319263853,0.8436887377475495,0.7129825965193038
147417,0.9949989997999601,0.3911182236447289,0.3231046209241848
119817,0.8639327865573115,0.8194838967793558,0.75251050210042
137743,0.9375475095019004,0.5271454290858172,0.8153630726145229
132044,0.7676735347069413,0.3893578715743149,0.3735947189437887
133811,0.6528905781156231,0.9445489097819564,0.7957191438287657
144427,0.4644128825765153,0.7694738947789558,0.968873774754951
141149,0.43980796159231844,0.5238247649529906,0.8874574914982997
122776,0.6413682736547309,0.8387277455491099,0.9852370474094818
134929,0.16587317463492696,0.8636127225445089,0.6028405681136227
112599,0.8574914982996599,0.07785557111422284,0.25245049009801956
143168,0.9183036607321464,0.7718743748749749,0.6603720744148829
113495,0.8647329465893179,0.9736747349469894,0.7007001400280056
108815,0.8734946989397879,0.48957791558311664,0.6449289857971594
138992,0.04564912982596518,0.8362072414482897,0.03700740148029606
134447,0.23852770554110822,0.004400880176035207,0.0638127625525105
133056,0.6659731946389278,0.586117223444689,0.22144428885777157
139002,0.32462492498499695,0.8102820564112823,0.9041408281656331
138600,0.4255251050210042,0.0815763152630526,0.18951790358071613
126308,0.705381076215243,0.5561512302460493,0.229125825165033
143194,0.13442688537707542,0.8330866173234648,0.028485697139427883
127084,0.8079615923184638,0.4991398279655932,0.5611922384476895
117809,0.9125825165033006,0.21904380876175233,0.30874174834966994
118705,0.5100220044008802,0.35719143828765754,0.30714142828565716
124889,0.882616523304661,0.4784156831366273,0.4606521304260852
144595,0.23260652130426085,0.06461292258451688,0.054570914182836563
121858,0.6466493298659732,0.33722744548909783,0.378875775155031
111405,0.035927185437087415,0.19899979995999198,0.14390878175635127
120002,0.130626125225045,0.531746349269854,0.8733746749349869
130189,0.61500300060012,0.7720744148829766,0.7273454690938188
146442,0.8678935787157431,0.9319063812762552,0.6113222644528905
130947,0.4870974194838968,0.30214042808561714,0.6070414082816563
137614,0.0684136827365473,0.8434886977395479,0.5693538707741548
110973,0.324504900980196,0.15623124624924983,0.1843168633726745
105625,0.4134026805361073,0.19059811962392476,0.16295259051810362
115466,0.5325465093018603,0.07325465093018604,0.2940188037607522
145162,0.7632326465293058,0.9515103020604121,0.05861172234446889
131739,0.23892778555711142,0.4462092418483697,0.5755951190238048
142546,0.9991598319663932,0.16479295859171833,0.12506501300260053
116383,0.557751550310062,0.9111422284456892,0.8214842968593719
132815,0.5184636927385478,0.7513102620524105,0.6296859371874375
148463,0.7835167033406681,0.6125225045009002,0.9134226845369074
102073,0.3845169033806761,0.07057411482296459,0.09225845169033807
126574,0.7172234446889377,0.68625725145029,0.5761552310462092
119151,0.4157631526305261,0.46449289857971593,0.9098219643928785
109309,0.3625125025005001,0.13014602920584117,0.23440688137627524
124555,0.22964592918583715,0.10498099619923984,0.7819563912782557
124652,0.04416883376675335,0.5111022204440888,0.7803160632126425
147349,0.32694538907781556,0.5986397279455891,0.8438087617523505
131291,0.3671534306861372,0.4714142828565714,0.8517703540708141
129484,0.5192638527705541,0.34914982996599314,0.4640528105621125
100248,0.2730546109221844,0.6737347469493898,0.895739147829566
149361,0.08829765953190638,0.24892978595719145,0.31002200440088024
109205,0.26529305861172237,0.7624724944988998,0.5582716543308661
104133,0.5828765753150631,0.42300460092018405,0.41084216843368676
122760,0.1380276055211042,0.2640128025605121,0.8319263852770553
147803,0.28313662732546513,0.19467893578715745,0.14618923784756951
132684,0.8704140828165633,0.9230246049209843,0.7983196639327865
136282,0.7037807561512303,0.3454690938187638,0.5838367673534707
100441,0.719383876775355,0.2501700340068014,0.4523304660932187
129692,0.44224844968993804,0.11078215643128625,0.3479895979195839
147524,0.3449489897979596,0.3588317663532707,0.18047609521904381
149154,0.5914782956591318,0.0805761152230446,0.2558111622324465
148382,0.37651530306061215,0.5518303660732147,0.6188437687537507
110791,0.4441688337667533,0.3138227645529106,0.4616523304660932
127208,0.2939787957591518,0.3308661732346469,0.31710342068413677
146133,0.837367473494699,0.7603120624124824,0.6757351470294058
131100,0.3313862772554511,0.9353070614122824,0.17375475095019005
116866,0.17823564712942586,0.7762352470494099,0.976875375075015
125267,0.68249649929986,0.9103020604120824,0.10114022804560911
147332,0.3070614122824565,0.4358871774354871,0.15487097419483897
141076,0.031646329265853174,0.39615923184636925,0.2757351470294059
141102,0.302620524104821,0.8736547309461893,0.6245249049809962
119292,0.34386877375475094,0.8955791158231646,0.7986797359471894
144664,0.0376875375075015,0.8570514102820564,0.07217443488697739
110836,0.3672734546909382,0.9331866373274655,0.02484496899379876
134506,0.3737947589517903,0.6715343068613723,0.9513102620524105
111186,0.11258251650330064,0.7568313662732546,0.9616323264652931
122243,0.5885577115423084,0.2761752350470094,0.29161832366473295
144542,0.27269453890778156,0.38651730346069213,0.41940388077615526
132538,0.5677935587117423,0.6160432086417283,0.33474694938987803
113239,0.6225245049009802,0.8290058011602321,0.7050610122024406
147758,0.14462892578515701,0.17895579115823165,0.17683536707341468
146782,0.2224044808961792,0.5984796959391878,0.5667133426685338
117129,0.530506101220244,0.3132626525305061,0.4288857771554311
146224,0.25725145029005797,0.2618523704740948,0.289377875575115
136692,0.7521104220844168,0.4048009601920385,0.70750150030006
126637,0.624124824964993,0.10942188437687536,0.10926185237047409
145313,0.8371674334866974,0.9795959191838368,0.7955591118223645
104395,0.8966193238647729,0.4710142028405681,0.35295059011802365
114799,0.6443288657731547,0.6438487697539509,0.6045609121824365
128315,0.8852170434086818,0.8221644328865773,0.598119623924785
146855,0.16511302260452088,0.8526505301060212,0.016843368673734746
124277,0.11590318063612721,0.2720944188837768,0.8106021204240849
138607,0.28769753950790156,0.6630126025205041,0.4817763552710542
126175,0.4776555311062213,0.22316463292658534,0.4577315463092619
140676,0.14482896579315863,0.7387877575515103,0.9025805161032207
142617,0.14874974994998996,0.45353070614122826,0.9376675335067014
143932,0.8107221444288858,0.45345069013802763,0.35919183836767354
122579,0.014682936587317464,0.4045209041808362,0.4070414082816563
114077,0.3951590318063613,0.3035807161432286,0.5023004600920183
135868,0.06373274654930985,0.9857171434286858,0.10210042008401679
104004,0.5382276455291058,0.3826765353070614,0.4938187637527505
113483,0.23280656131226243,0.339627925585117,0.5219443888777756
102917,0.12094418883776756,0.7221844368873775,0.44032806561312265
108282,0.8122024404880976,0.35443088617723545,0.44932986597319463
108813,0.8035207041408281,0.12830566113222647,0.4135227045409082
138886,0.6512102420484097,0.7525505101020205,0.8744948989797959
100376,0.8784156831366274,0.4471694338867773,0.35743148629725946
123067,0.2691738347669534,0.4013602720544109,0.713382676535307
129562,0.7661932386477296,0.7898779755951191,0.7011402280456092
133345,0.8044408881776356,0.28689737947589516,0.295379075815163
149184,0.37103420684136823,0.2342868573714743,0.34234846969393873
125926,0.09953990798159633,0.664372874574915,0.7207841568313663
142648,0.23628725745149032,0.8077615523104622,0.5431086217243448
102770,0.07589517903580716,0.7679535907181436,0.5311462292458492
112372,0.5065813162632526,0.36015203040608124,0.6895379075815162
136406,0.7920784156831366,0.287377475495099,0.5985997199439889
108747,0.11830366073214643,0.3861572314462893,0.23860772154430887
142415,0.9643128625725145,0.7335867173434687,0.7359071814362872
149444,0.7166633326665334,0.5735147029405882,0.8730946189237847
101428,0.6449689937987597,0.11342268453690738,0.8033206641328265
115324,0.25473094618923786,0.04296859371874374,0.15231046209241847
115104,0.08937787557511502,0.15527105421084217,0.17535507101420283
128901,0.26129225845169035,0.4660132026405281,0.43856771354270857
115717,0.42512502500500104,0.742988597719544,0.6607321464292859
120536,0.37243448689737946,0.287377475495099,0.3752750550110022
143824,0.18539707941588315,0.27793558711742344,0.16003200640128024
133362,0.6734146829365872,0.933626725345069,0.17835567113422685
122578,0.6397679535907181,0.27145429085817163,0.2347269453890778
144134,0.8224044808961792,0.9313462692538508,0.7768353670734147
131999,0.8506101220244049,0.39315863172634524,0.8732546509301861
136780,0.18423684736947388,0.1444288857771554,0.7209841968393679
117125,0.3281456291258252,0.6356471294258852,0.4835367073414683
124477,0.8939787957591518,0.9615523104620924,0.10926185237047409
139731,0.4490098019603921,0.4490898179635927,0.7252250450090018
111467,0.6106421284256851,0.25073014602920585,0.24072814562912584
128659,0.5204240848169633,0.5909181836367273,0.9420684136827365
141169,0.5797159431886377,0.11038207641528304,0.22844568913782756
123153,0.9683536707341469,0.30954190838167633,0.32794558911782357
121142,0.2969793958791759,0.3505501100220044,0.4882576515303061
145542,0.20148029605921186,0.6566913382676536,0.9425885177035407
100529,0.6393678735747149,0.6123224644928985,0.6736947389477895
108293,0.32190438087617523,0.14014802960592118,0.15847169433886776
100797,0.5035807161432286,0.36739347869573913,0.45357071414282857
112184,0.33458691738347673,0.2700940188037607,0.622124424884977
139072,0.6193238647729545,0.43544708941788357,0.7273854770954191
121253,0.6820164032806562,0.5527105421084217,0.518623724744949
139545,0.06537307461492298,0.2540908181636327,0.15815163032606522
148545,0.48249649929986005,0.74874974994999,0.9632326465293057
108102,0.3463492698539708,0.37011402280456085,0.44360872174434884
122875,0.187877575515103,0.14226845369073815,0.15323064612922582
103167,0.30390078015603117,0.056691338267653525,0.5589917983596719
104788,0.15391078215643128,0.024764952990598117,0.046609321864372874
133462,0.1956791358271654,0.9726345269053811,0.12930586117223444
136712,0.11514302860572115,0.19711942388477693,0.15619123824764952
129035,0.01920384076815363,0.6951790358071613,0.4997799559911983
114990,0.8753750750150029,0.37875575115022997,0.09681936387277457
138339,0.9869573914782956,0.9403480696139228,0.39119823964792955
129116,0.6463292658531706,0.27549509901980396,0.725625125025005
127761,0.11042208441688336,0.08973794758951789,0.35059011802360474
138520,0.34174834966993395,0.018363672734546907,0.07361472294458891
146860,0.29985997199439884,0.4123624724944989,0.5068613722744549
133550,0.9127025405081016,0.5614722944588918,0.5658731746349269
132689,0.5409881976395279,0.18815763152630527,0.6903380676135227
111724,0.8428085617123424,0.8798159631926387,0.09041808361672335
144970,0.48289657931586316,0.20104020804160835,0.4186037207441488
139421,0.1269853970794159,0.5018603720744149,0.7963192638527705
124539,0.07545509101820363,0.6159231846369274,0.894738947789558
114380,0.9020604120824165,0.28829765953190634,0.3846769353870774
110111,0.8575315063012603,0.06669333866773355,0.16363272654530905
128954,0.9746349269853971,0.6512102420484096,0.569873974794959
137329,0.8003200640128025,0.7566713342668534,0.7526305261052211
131551,0.33994798959791955,0.2097619523904781,0.2060412082416483
122664,0.942628525705141,0.6552110422084417,0.5609121824364873
120852,0.08361672334466894,0.3217043408681736,0.9849569913982796
128284,0.5043808761752351,0.2685737147429486,0.2651330266053211
148651,0.1726745349069814,0.9765953190638128,0.7362672534506901
128919,0.48773754750950193,0.20476095219043808,0.27833566713342667
122463,0.4737747549509902,0.7762752550510102,0.6198039607921585
148735,0.8612922584516904,0.1607121424284857,0.29461892378475696
130292,0.7865173034606922,0.16155231046209242,0.09905981196239247
134356,0.24000800160032007,0.3603120624124825,0.45721144228845767
119240,0.10922184436887376,0.896739347869574,0.003480696139227845
133710,0.496499299859972,0.04096819363872774,0.13082616523304658
139337,0.7902780556111222,0.9056211242248449,0.7501500300060011
125175,0.5622724544908982,0.12942588517703538,0.13394678935787158
132816,0.5259451890378075,0.4125625125025004,0.7280256051210242
138268,0.6301260252050409,0.39127825565113017,0.2970994198839768
104186,0.5491898379675936,0.7315463092618524,0.9243448689737948
132769,0.34830966193238644,0.46913382676535303,0.7716343268653731
131925,0.23516703340668133,0.1298259651930386,0.22124424884976995
116020,0.13866773354670936,0.3230246049209842,0.5853570714142828
114833,0.9302260452090418,0.6679735947189438,0.8851770354070814
112578,0.27249449889977995,0.31422284456891375,0.196999399879976
149897,0.5533106621324265,0.3120224044808962,0.45477095419083813
131718,0.9619123824764952,0.6329265853170634,0.5023404680936187
110098,0.7524704940988197,0.978115623124625,0.004080816163232645
144447,0.8437287457491499,0.19103820764152832,0.21464292858571715
109820,0.8108421684336867,0.7148629725945189,0.765993198639728
137683,0.14674934986997398,0.5478295659131827,0.8849769953990798
133540,0.23316663332666535,0.11854370874174833,0.40676135227045407
137390,0.7613122624524904,0.4613322664532907,0.606001200240048
120687,0.5111822364472894,0.27413482696539304,0.2980596119223845
134640,0.7579115823164633,0.9840368073614724,0.2755751150230046
131425,0.29625925185037005,0.8241648329665934,0.9197039407881576
102142,0.3705541108221645,0.16575315063012602,0.8263652730546109
129373,0.4668133626725345,0.4670134026805361,0.784756951390278
136377,0.1408281656331266,0.41728345669133826,0.9673934786957391
112575,0.7391878375675136,0.5095419083816763,0.7071814362872574
137855,0.8407281456291258,0.548629725945189,0.45161032206441293
115415,0.41524304860972194,0.21632326465293059,0.2883376675335067
123979,0.6667333466693338,0.8680136027205441,0.061612322464492886
122955,0.22248449689937988,0.24292858571714343,0.35155031006201237
114687,0.7414282856571315,0.20236047209441888,0.21480296059211842
142635,0.7010202040408082,0.7340268053610721,0.9651530306061213
139079,0.37259451890378076,0.4967793558711742,0.3809161832366474
107862,0.2672934586917384,0.21112222444488896,0.24720944188837768
115239,0.4518503700740148,0.5753550710142028,0.5113422684536907
117423,0.2566113222644529,0.5028605721144229,0.3613922784556911
112997,0.3077015403080616,0.4688537707541508,0.3834366873374675
123058,0.7545509101820365,0.9849569913982796,0.13058611722344468
136344,0.3113022604520904,0.8617323464692939,0.7543908781756352
119249,0.06793358671734347,0.8943388677735546,0.9679135827165434
133368,0.6593718743748749,0.509501900380076,0.8864572914582917
118718,0.2335267053410682,0.36123224644928986,0.9542708541708342
112721,0.33038607721544305,0.24892978595719142,0.8452090418083616
123246,0.887377475495099,0.7480696139227845,0.49725945189037807
133140,0.7168233646729346,0.9605921184236847,0.04608921784356872
146189,0.34266853370674133,0.14474894978995798,0.15671134226845368
132032,0.847009401880376,0.9656731346269254,0.2608121624324865
108429,0.30098019603920784,0.22220444088817765,0.43652730546109225
120778,0.42480496099219844,0.3179835967193439,0.5630326065213043
122618,0.15347069413882777,0.3419083816763352,0.7825165033006601
130336,0.4918183636727345,0.6527305461092219,0.5999199839967994
103894,0.7743148629725944,0.3810362072414483,0.31490298059611926
142870,0.3065813162632526,0.6500900180036007,0.664132826565313
105262,0.42236447289457896,0.09545909181836366,0.18859771954390875
143174,0.8072814562912582,0.692378475695139,0.7677535507101421
135595,0.14250850170034005,0.7669533906781356,0.4848169633926785
147244,0.12834566913382675,0.7323464692938588,0.976115223044609
146795,0.42772554510902183,0.29561912382476496,0.3662732546509302
146805,0.17871574314862973,0.1142628525705141,0.15143028605721146
137502,0.8284856971394279,0.24028805761152228,0.39831966393278656
129261,0.12330466093218642,0.42444488897779553,0.5933586717343468
111387,0.5055811162232446,0.054290858171634336,0.16379275855171035
106970,0.802360472094419,0.798119623924785,0.6219243848769753
102418,0.43540708141628326,0.5151430286057211,0.40020004000800163
142728,0.8210842168433687,0.935867173434687,0.17279455891178236
115129,0.09945989197839568,0.7747949589917983,0.847129425885177
110896,0.8940988197639529,0.370874174834967,0.5603520704140829
144355,0.7930386077215443,0.07529505901180236,0.23476695339067813
101784,0.22476495299059812,0.6024804960992198,0.35655131026205245
142053,0.666133226645329,0.9288257651530306,0.33246649329865974
128048,0.3382676535307061,0.8230846169233846,0.6456891378275654
129304,0.08769753950790157,0.20960192038407682,0.5837167433486697
116812,0.18615723144628923,0.9464692938587717,0.8358471694338868
128572,0.7765153030606122,0.4389277855571114,0.2075215043008602
103227,0.09549909981996399,0.7720344068813763,0.9358271654330866
143500,0.7659531906381277,0.9651530306061211,0.01916383276655331
134609,0.9237847569513903,0.3803560712142428,0.27157431486297257
116016,0.9031406281256252,0.9805161032206442,0.7304260852170434
127151,0.7537107421484298,0.9251850370074015,0.03520704140828165
119851,0.7694738947789559,0.42692538507701544,0.19211842368473694
134505,0.9927585517103421,0.2815763152630526,0.2265253050610122
133422,0.6026405281056212,0.0729745949189838,0.39263852770554114
102861,0.9290258051610323,0.3751150230046009,0.28417683536707344
122353,0.129625925185037,0.7938387677535507,0.9392278455691139
139413,0.5851970394078816,0.6222844568913782,0.6752950590118023
110664,0.5095419083816763,0.32570514102820564,0.8019203840768154
102922,0.879855971194239,0.3984396879375875,0.4777755551110222
149536,0.21704340868173633,0.35623124624924984,0.307381476295259
120186,0.6124424884976996,0.355751150230046,0.46485297059411884
140744,0.057131426285257046,0.2624524904980996,0.8732946589317864
125248,0.4026405281056211,0.5731546309261852,0.5653130626125225
102864,0.030886177235447086,0.7556311262252451,0.9367873574714943
148312,0.46665333066613324,0.29701940388077613,0.4401680336067213
136484,0.2380876175235047,0.16739347869573915,0.2338867773554711
102661,0.47421484296859373,0.5912382476495298,0.7340668133626727
114237,0.9626725345069015,0.7781956391278255,0.5153430686137227
141701,0.27945589117823566,0.6756551310262052,0.4069613922784557
120415,0.5904380876175235,0.5995199039807961,0.8477695539107821
144183,0.4761752350470094,0.9998399679935988,0.6781356271254251
144565,0.5491498299659933,0.46561312262452487,0.46353270654130824
133838,0.7736747349469894,0.2542108421684337,0.22196439287857572
140353,0.874614922984597,0.5493498699739948,0.683376675335067
108655,0.6244848969793959,0.16167233446689339,0.17707541508301658
121936,0.43260652130426086,0.8308461692338468,0.8050010002000401
132207,0.7748349669933987,0.10742148429685937,0.11342268453690738
140432,0.22544508901780358,0.6582116423284656,0.42268453690738145
111061,0.3174234846969394,0.24216843368673735,0.7437887577515503
119133,0.20580116023204642,0.3503900780156031,0.24936987397479496
112854,0.43020604120824163,0.5837167433486697,0.6724544908981795
101134,0.38643728745749156,0.4188037607521504,0.37771554310862177
126209,0.44500900180036007,0.7019003800760153,0.6084816963392679
120583,0.8254450890178037,0.27201440288057616,0.2867373474694939
128618,0.9110622124424885,0.5216643328665733,0.45513102620524104
128606,0.19271854370874175,0.7042208441688338,0.5974394878975795
106665,0.35423084616923384,0.6019203840768153,0.28469693938787755
142566,0.11154230846169234,0.3556711342268454,0.3587917583516703
126223,0.055411082216443294,0.9309461892378476,0.3069413882776555
113711,0.7551910382076416,0.1328265653130626,0.4936987397479496
137437,0.2833366673334667,0.04452890578115624,0.7751950390078016
126032,0.32010402080416084,0.8261652330466094,0.8069213842768553
138765,0.24100820164032807,0.9438687737547509,0.7111822364472895
140371,0.8540508101620324,0.6043208641728345,0.9093418683736747
135804,0.09601920384076815,0.6365273054610922,0.8789757951590318
134177,0.3783556711342268,0.3033406681336267,0.30138027605521106
140932,0.514502900580116,0.6960192038407681,0.828365673134627
104272,0.6717743548709741,0.11670334066813362,0.8224444888977795
109036,0.12990598119623925,0.008681736347269453,0.1623124624924985
128723,0.12550510102020404,0.39815963192638526,0.3273854770954191
118525,0.6756551310262052,0.40292058411682335,0.47985597119423884
133649,0.9704340868173635,0.24060812162432488,0.2762152430486098
144954,0.8824564912982596,0.9859571914382876,0.37139427885577114
113462,0.4481696339267854,0.30002000400080014,0.18291658331666333
112593,0.2940188037607521,0.08865773154630927,0.10734146829365873
140813,0.8446889377875576,0.6247249449889978,0.28673734746949386
149688,0.33926785357071415,0.22488497699539906,0.19811962392478497
146472,0.9685137027405482,0.3787957591518304,0.3260252050410082
110759,0.2778155631126225,0.10142028405681136,0.3329465893178636
129206,0.041728345669133825,0.10206041208241647,0.7048209641928385
104206,0.5655131026205241,0.500260052010402,0.5797159431886378
108216,0.4047609521904381,0.5313462692538508,0.5224244848969795
132603,0.8275655131026205,0.7609121824364873,0.6583316663332666
149447,0.11642328465693136,0.6511702340468093,0.8147229445889178
138279,0.7421884376875376,0.5373474694938988,0.7008201640328066
127935,0.03976795359071814,0.7038207641528306,0.9975195039007801
141037,0.20244048809761953,0.5995599119823966,0.9092218443688738
119193,0.027405481096219243,0.19963992798559713,0.10222044408881778
142506,0.011802360472094417,0.18915783156631327,0.9179035807161432
127349,0.359871974394879,0.4558911782356471,0.6691738347669534
122797,0.42516503300660136,0.9472694538907782,0.7447889577915583
106880,0.20172034406881378,0.01808361672334467,0.2524504900980196
125187,0.7528705741148229,0.005601120224044809,0.13950790158031606
142116,0.6852170434086817,0.16155231046209245,0.14362872574514904
136649,0.5741148229645929,0.4906181236247249,0.16303260652130427
147164,0.7379475895179035,0.9581916383276656,0.2337267453490698
148790,0.5020604120824165,0.6362872574514903,0.9266653330666133
146116,0.17943588717743547,0.09489897979595921,0.21892378475695137
136042,0.632246449289858,0.5898379675935188,0.6408481696339268
126552,0.04144828965793157,0.4264852970594119,0.8993798759751951
146260,0.9057411482296458,0.6458491698339668,0.38727745549109827
113265,0.38691738347669535,0.24260852170434088,0.6713742748549709
146018,0.7597919583916783,0.2255651130226045,0.4195639127825565
147877,0.22456491298259657,0.3983996799359872,0.44208841768353674
113090,0.7599119823964793,0.7373474694938987,0.7789557911582317
110521,0.8333266653330667,0.9835567113422684,0.8276855371074214
118057,0.250250050010002,0.31266253250650133,0.11078215643128625
130384,0.4356071214242849,0.49049809961992397,0.406121224244849
146710,0.41044208841768354,0.7244248849769954,0.4148829765953191
141522,0.07845569113822765,0.6358071614322864,0.976755351070214
132819,0.8836967393478695,0.4901780356071215,0.5599119823964793
120794,0.4007601520304061,0.9035807161432287,0.781756351270254
115875,0.22404480896179235,0.30126025205041007,0.38223644728945794
111396,0.46889377875575117,0.5176635327065413,0.5741148229645929
131279,0.8210842168433686,0.7342668533706741,0.6600920184036807
108000,0.12614522904580916,0.7973194638927786,0.6767753550710143
109633,0.48037607521504305,0.7618323664732947,0.5766753350670134
134737,0.6952590518103621,0.29721944388877775,0.3861972394478896
139566,0.2949389877975595,0.743988797759552,0.8811362272454492
103144,0.885257051410282,0.9442688537707541,0.027165433086617324
111478,0.16127225445089016,0.7554310862172434,0.9370674134826966
103095,0.5901980396079216,0.9129825965193039,0.1940788157631526
114821,0.7899979995999201,0.7655931186237248,0.8246849369873974
149634,0.9583516703340668,0.7785957191438289,0.6118823764752951
110716,0.7017403480696138,0.6693338667733546,0.5751950390078016
103387,0.31138227645529104,0.3730746149229846,0.9461092218443689
111831,0.7904380876175237,0.4158831766353271,0.5759151830366074
107264,0.9996399279855972,0.16063212642528504,0.15147029405881174
134545,0.41828365673134627,0.9713942788557712,0.7633526705341068
141962,0.8314862972594519,0.8506101220244049,0.8598919783956791
114027,0.07533506701340267,0.7591118223644729,0.9699139827965593
128028,0.8228845769153832,0.3499899979995999,0.6278055611122224
131806,0.285377075415083,0.32030406081216245,0.2987797559511902
111469,0.909741948389678,0.3263452690538108,0.30838167633526703
110282,0.5648329665933187,0.16975395079015804,0.34806961392278457
120826,0.5719943988797759,0.9400280056011203,0.05869173834766953
133189,0.27541508301660333,0.2912182436487297,0.41852370474094824
110134,0.3602720544108822,0.2463292658531706,0.3777955591118224
113010,0.8726545309061812,0.38151630326065217,0.2780956191238248
146848,0.8500500100020003,0.7008201640328066,0.5940388077615524
148013,0.9636727345469094,0.5509501900380076,0.4837767553510703
118581,0.990878175635127,0.3468693738747749,0.2931386277255451
109315,0.8407281456291258,0.2084016803360672,0.29421884376875374
116748,0.8966993398679737,0.8903380676135227,0.8093618723744749
104098,0.8541308261652332,0.6593318663732747,0.4326465293058612
149441,0.0344868973794759,0.20724144828965793,0.9250650130026006
148849,0.03860772154430886,0.5087017403480696,0.37339467893578715
101956,0.05757151430286056,0.7835967193438688,0.9690738147629526
106490,0.8473694738947789,0.13154630926185237,0.43880776155231044
116007,0.9756751350270054,0.31086217243448694,0.26289257851570313
147883,0.7642328465693139,0.20020004000800162,0.3219843968793759
106975,0.39135827165433085,0.6561712342468493,0.5486297259451891
140896,0.7253050610122024,0.3821164232846569,0.5475095019003801
126205,0.2480496099219844,0.28685737147429485,0.8599719943988798
102437,0.8764152830566114,0.9756751350270054,0.4507301460292059
123507,0.37995599119823964,0.03204640928185637,0.12614522904580916
124300,0.39775955191038215,0.005921184236847369,0.06393278655731145
145812,0.23300660132026405,0.20072014402880575,0.8154830966193238
148948,0.7021404280856172,0.8589717943588718,0.08857771554310861
104079,0.8561712342468494,0.664492898579716,0.6258451690338067
109528,0.08029605921184237,0.8839767953590718,0.8220444088817764
126591,0.3665133026605321,0.08829765953190638,0.8107621524304861
102416,0.2994598919783956,0.5207041408281656,0.9119823964792958
122724,0.15267053410682135,0.23620724144828967,0.6488497699539907
131118,0.019923984796959393,0.7818363672734547,0.6686937387477495
132901,0.1421484296859372,0.8129625925185037,0.9292658531706341
144159,0.09065813162632526,0.7034606921384277,0.851130226045209
108382,0.06057211442288457,0.6532906581316263,0.9297859571914383
144251,0.41312262452490495,0.2976595319063813,0.2976595319063813
149413,0.1539107821564313,0.1755151030206041,0.1808361672334467
148268,0.625885177035407,0.33838767753550714,0.584876975395079
145825,0.26225245049009804,0.07789557911582316,0.13250650130026007
134800,0.2596119223844769,0.3289857971594319,0.7469893978795759
109465,0.7349869973994798,0.10122024404880975,0.20412082416483296
143784,0.6154030806161231,0.6502500500100019,0.5990398079615924
144476,0.7243048609721945,0.8960592118423685,0.07613522704540907
127673,0.4460492098419684,0.07153430686137227,0.6876575315063013
140089,0.3188637727545509,0.18007601520304062,0.21668333666733347
134699,0.5014202840568114,0.8687337467493499,0.7841168233646729
100101,0.09845969193838769,0.26509301860372075,0.6245649129825964
143225,0.2239247849569914,0.8368473694738948,0.910862172434487
116696,0.7630726145229045,0.27353470694138826,0.8958191638327665
124715,0.4002400480096019,0.46341268253650736,0.3921984396879376
142544,0.0767753550710142,0.5008601720344069,0.9099419883976795
132640,0.27269453890778156,0.4757751550310062,0.3243848769753951
101420,0.7721144228845769,0.6451290258051611,0.5945589117823565
114652,0.4235247049409882,0.6066813362672534,0.5609521904380876
108138,0.38195639127825565,0.17259451890378077,0.37163432686537307
136322,0.361752350470094,0.44664932986597317,0.25497099419883973
143082,0.19923984796959388,0.054690938187637525,0.24512902580516102
123465,0.21984396879375878,0.47225445089017803,0.6818963792758552
106851,0.6954990998199639,0.7025805161032206,0.905861172234447
105986,0.507261452290458,0.34682936587317464,0.31582316463292653
125645,0.9077015403080616,0.4670534106821364,0.665133026605321
142065,0.5623124624924986,0.35791158231646325,0.5651930386077215
134739,0.831886377275455,0.8647729545909182,0.917743548709742
138542,0.6646129225845169,0.5353870774154831,0.5036607321464293
131497,0.1837967593518704,0.8128425685137027,0.7368273654730946
128213,0.7374274854970995,0.1749549909981996,0.17795559111822362
119373,0.6302860572114422,0.984876975395079,0.24356871374274852
103271,0.22324464892978596,0.3204240848169634,0.5428285657131426
116456,0.8284056811362273,0.5155831166233247,0.9564712942588517
122689,0.036207241448289657,0.37503500700140024,0.25517103420684134
147015,0.8469293858771754,0.920384076815363,0.13374674934986996
135000,0.35491098219643924,0.09125825165033005,0.7049409881976395
124721,0.7383476695339068,0.8123224644928986,0.9329065813162631
116466,0.6741348269653931,0.8926985397079417,0.08193638727745547
106872,0.10306061212242448,0.6636927385477095,0.7583916783356671
142160,0.48673734746949393,0.07805561112222445,0.12582516503300661
145269,0.21168233646729345,0.6543708741748349,0.5159431886377276
145660,0.9525905181036207,0.6467293458691739,0.40872174434886976
148533,0.4641728345669134,0.6864172834566914,0.6321264252850569
141299,0.8788957791558312,0.2023604720944189,0.10382076415283056
145167,0.8818963792758552,0.8926585317063412,0.10986197239447888
118286,0.11274254850970195,0.9332666533306662,0.03184636927385477
149494,0.2625325065013002,0.09021804360872175,0.14406881376275255
138994,0.685497099419884,0.14874974994999,0.19835967193438686
121172,0.21660332066413282,0.4868973794758952,0.9270654130826166
142585,0.1089017803560712,0.47337467493498697,0.8508501700340068
136894,0.06689337867573514,0.9407081416283257,0.20424084816963392
105971,0.5923584716943389,0.288497699539908,0.8008801760352071
121700,0.46453290658131624,0.7714742948589718,0.5414282856571314
118342,0.5987197439487897,0.11182236447289458,0.4078415683136627
139112,0.6262052410482096,0.20672134426885375,0.8450090018003601
103308,0.22132426485297058,0.7507101420284057,0.8889377875575115
130856,0.7563512702540508,0.006681336267253451,0.16423284656931383
147390,0.6751350270054011,0.5993998799759952,0.7199039807961592
129278,0.03060612122424484,0.6486897379475896,0.974874974994999
132998,0.052890578115623116,0.19759951990398078,0.9069813962792559
116666,0.8066813362672535,0.6642928585717143,0.8694938987797559
147230,0.09721944388877773,0.7547909581916383,0.9847969593918784
137804,0.9440288057611522,0.840128025605121,0.9699539907981596
112779,0.17807561512302458,0.8322864572914582,0.018603720744148827
117573,0.3209041808361673,0.7803560712142429,0.7857971594318864
132435,0.03940788157631526,0.8378475695139028,0.07201440288057612
118061,0.7875975195039008,0.19559911982396477,0.6494098819763954
140254,0.899259851970394,0.14246849369873976,0.18455691138227645
135646,0.9799959991998399,0.987997599519904,0.07157431486297258
134389,0.7303860772154431,0.06153230646129225,0.17399479895979197
125727,0.1581116223244649,0.29549909981996403,0.15323064612922585
125948,0.5533906781356271,0.21268253650730148,0.27157431486297257
135780,0.7066213242648529,0.9291058211642328,0.48565713142628525
144811,0.7791958391678336,0.9861572314462892,0.10594118823764753
101202,0.35427085417083415,0.04976995399079815,0.07153430686137227
102557,0.7553110622124424,0.483496699339868,0.43184636927385484
131200,0.6343268653730746,0.711982396479296,0.9486697339467893
134655,0.5675535107021404,0.39151830366073215,0.7156631326265253
107127,0.4439687937587517,0.7041008201640329,0.9449889977995599
143955,0.2710142028405681,0.17263452690538106,0.5849569913982796
102808,0.03400680136027205,0.3140228045609122,0.9066613322664534
117445,0.9383076615323065,0.4925785157031406,0.838247649529906
105816,0.0454490898179636,0.3541508301660332,0.5772354470894179
102178,0.5909581916383277,0.7830366073214643,0.9221444288857772
121234,0.887377475495099,0.9472294458891779,0.41340268053610724
133006,0.5150230046009201,0.7228245649129825,0.8190838167633527
145515,0.5369073814762952,0.47773554710942195,0.3636327265453091
129333,0.8416483296659332,0.8120824164832967,0.723624724944989
118020,0.861372274454891,0.6721744348869774,0.3979595919183837
100653,0.15107021404280857,0.5729145829165833,0.9449489897979597
141372,0.6368473694738949,0.6269253850770153,0.6491698339667934
103401,0.5072214442888578,0.5889977995599119,0.5641128225645129
109604,0.836007201440288,0.25901180236047205,0.3287857571514303
120451,0.8396079215843169,0.4724944988997799,0.8835767153430686
122197,0.8448489697939587,0.1351870374074815,0.268253650730146
106206,0.8616123224644929,0.49841968393678737,0.2935787157431486
114975,0.3057011402280456,0.9324664932986597,0.13690738147629522
111214,0.6861772354470894,0.6295259051810362,0.4645729145829166
142457,0.3355871174234847,0.9696739347869574,0.1852770554110822
145427,0.8440888177635527,0.22124424884976993,0.6312462492498501
113965,0.707621524304861,0.5777155431086217,0.5954390878175636
129002,0.48565713142628525,0.17295459091818363,0.20268053610722142
135479,0.05049009801960393,0.23044608921784354,0.418123624724945
116797,0.6396879375875175,0.5693938787757551,0.37475495099019807
127717,0.47785557111422283,0.3793558711742348,0.6928985797159432
143480,0.3321864372874575,0.936867373474695,0.010562112422484497
115346,0.4320864172834567,0.17611522304460892,0.11218243648729746
113603,0.4019203840768154,0.03676735347069414,0.07629525905181035
106170,0.8294458891778356,0.599239847969594,0.4034006801360272
121378,0.04104820964192839,0.13762752550510102,0.3451890378075615
136733,0.9459091818363673,0.5560712142428486,0.4544108821764353
144910,0.3089817963592718,0.06381276255251049,0.1188637727545509
145592,0.32250450090018,0.5449089817963593,0.9365473094618924
117138,0.5889977995599119,0.5921184236847369,0.9252650530106021
112013,0.1360272054410882,0.9005801160232045,0.8118423684736947
143358,0.46477295459091816,0.5368273654730946,0.34882976595319065
145517,0.09081816363272655,0.6865373074614923,0.9729145829165833
110146,0.039487897579515895,0.8403280656131227,0.14986997399479896
149247,0.6557711542308462,0.7520704140828166,0.6600920184036807
140826,0.47477495499099814,0.49161832366473296,0.33730746149229845
115597,0.18455691138227642,0.5881976395279056,0.27865573114622927
127980,0.4919783956791358,0.08825765153030606,0.20432086417283457
148148,0.2791758351670334,0.11354270854170834,0.29425885177035405
120438,0.691378275655131,0.9390278055611123,0.7377875575115023
138826,0.5282256451290258,0.8046409281856371,0.6939787957591519
145686,0.8829365873174635,0.18223644728945787,0.27445489097819564
124534,0.978635727145429,0.5892778555711142,0.6563712742548509
106533,0.7373474694938988,0.47905581116223245,0.4899779955991198
119796,0.5779555911182236,0.4061612322464493,0.3715143028605721
118378,0.834246849369874,0.3183436687337467,0.14010802160432084
103961,0.3161432286457292,0.4288857771554311,0.5475095019003801
135727,0.37459491898379677,0.021804360872174435,0.09677935587117424
134587,0.8136027205441089,0.3873974794958992,0.6975795159031806
128123,0.18515703140628126,0.8758951790358073,0.15011002200440088
148037,0.5628325665133027,0.8039207841568313,0.5988397679535907
120292,0.013882776555311064,0.5079415883176636,0.7757951590318064
149654,0.6574514902980596,0.6669733946789358,0.912382476495299
104416,0.19887977595519105,0.11578315663132625,0.3177435487097419
147726,0.3620324064812963,0.21980396079215841,0.4872174434886978
100922,0.9232246449289858,0.5883576715343068,0.5405881176235247
145224,0.3271854370874175,0.9809561912382476,0.23728745749149827
116813,0.5264652930586117,0.46493298659731946,0.5235047009401881
139358,0.13486697339467893,0.9815963192638528,0.09089817963592718
139874,0.5977195439087817,0.5865973194638928,0.9755951190238047
129580,0.45637127425485097,0.19599919983996797,0.8578115623124625
146434,0.5230246049209842,0.45481096219243855,0.7108221644328865
129646,0.45173034606921386,0.5063812762552511,0.881136227245449
143993,0.1051010202040408,0.926625325065013,0.019803960792158428
119027,0.8808961792358472,0.8018403680736148,0.5121424284856971
134503,0.8568113622724546,0.20328065613122626,0.24848969793958794
130802,0.7552710542108422,0.316623324664933,0.37535507101420285
119107,0.4900180036007202,0.038327665533106625,0.14150830166033207
110596,0.3081416283256651,0.10302060412082416,0.4178035607121425
143242,0.40088017603520704,0.4149629925985197,0.324504900980196
138941,0.8138027605521104,0.15195039007801558,0.25909181836367273
131788,0.31470294058811765,0.03900780156031206,0.07681536307261454
145785,0.20648129625925185,0.06025205041008202,0.13362672534506903
104460,0.513862772554511,0.32374474894979,0.47609521904380875
108677,0.4569713942788558,0.3957991598319664,0.2797359471894379
125858,0.2376475295059012,0.6730146029205841,0.600760152030406
118723,0.009961992398479695,0.6183236647329466,0.9227045409081817
128307,0.8568913782756551,0.5037807561512302,0.5404280856171235
146283,0.32486497299459893,0.6630926185237047,0.3318263652730546
144946,0.18231646329265852,0.22504500900180038,0.16879375875175034
146687,0.19215843168633728,0.0939387877575515,0.10538107621524305
134989,0.4902980596119224,0.304620924184837,0.721504300860172
102646,0.45197039407881573,0.2341668333666733,0.34926985397079413
113062,0.7127425485097019,0.07353470694138828,0.12782556511302262
137431,0.3822364472894579,0.21832366473294662,0.662012402480496
112671,0.5046609321864373,0.21268253650730143,0.14846969393878776
142608,0.46757351470294056,0.6929385877175436,0.7957591518303662
114322,0.7308661732346469,0.18911782356471293,0.6869373874774954
110143,0.8412882576515304,0.3721544308861773,0.3615523104620924
130761,0.30122024404880976,0.11430286057211443,0.8662132426485296
111391,0.280376075215043,0.1981996399279856,0.24568913782756552
115207,0.21188237647529506,0.4942588517703541,0.23096619323864773
132432,0.8718943788757751,0.24692938587717544,0.4978595719143828
144363,0.14386877375475096,0.6723344668933787,0.5708741748349669
125906,0.1762752550510102,0.6302860572114423,0.8331266253250651
146878,0.5207841568313663,0.2279255851170234,0.8472094418883777
140098,0.8174434886977395,0.04000800160032006,0.18623724744948988
122788,0.1625125025005001,0.15259051810362073,0.719503900780156
149093,0.3413882776555311,0.5114222844568914,0.5197839567913582
115615,0.8627725545109022,0.4854170834166833,0.480376075215043
133643,0.3731546309261852,0.7675135027005402,0.6188037607521505
147100,0.30598119623924785,0.9157831566313263,0.08905781156231246
137722,0.7324264852970593,0.4102020404080816,0.704740948189638
143429,0.6854170834166833,0.607001400280056,0.7164232846569314
107628,0.5633126625325064,0.6824564912982596,0.9152230446089218
115971,0.3828365673134627,0.3744748949789958,0.4295259051810362
115600,0.29553910782156434,0.6646929385877175,0.8846169233846769
127637,0.7275855171034207,0.7089817963592718,0.35179035807161435
147761,0.7064612922584518,0.052890578115623116,0.15407081416283258
115549,0.390878175635127,0.47005401080216047,0.669373874774955
134851,0.8293258651730346,0.06905381076215242,0.10038007601520305
115363,0.7246649329865973,0.9099819963992799,0.2692138427685537
141116,0.8509301860372075,0.7358671734346869,0.6085617123424686
147929,0.5524304860972195,0.4484496899379876,0.905381076215243
116975,0.49741948389677937,0.05161032206441288,0.3124224844968994
124088,0.8509701940388077,0.49893978795759153,0.41916383276655333
130055,0.6648529705941189,0.5655531106221244,0.9619523904780956
148396,0.8537307461492298,0.29725945189037806,0.474254850970194
121337,0.13030606121224242,0.8190438087617523,0.9967993598719743
111499,0.15347069413882775,0.9422284456891379,0.45453090618123626
106972,0.6407681536307261,0.884136827365473,0.9941188237647529
108071,0.3888377675535107,0.3732746549309862,0.20732146429285855
118464,0.30626125225045003,0.8712142428485696,0.07521504300860171
140230,0.26261252250450084,0.19295859171834367,0.7157431486297259
103416,0.3551510302060412,0.47489497899579913,0.21240248049609922
119774,0.1475495099019804,0.047529505901180234,0.0901380276055211
116552,0.7542308461692339,0.1978395679135827,0.1589517903580716
127925,0.2578115623124625,0.6103220644128825,0.8041608321664333
145321,0.903380676135227,0.61500300060012,0.9455491098219644
137672,0.7395479095819163,0.9837567513502701,0.20032006401280256
109751,0.8599719943988798,0.23256651330266048,0.3348269653930786
139142,0.9281056211242248,0.8854170834166832,0.7548309661932386
110083,0.14294858971794358,0.0988997799559912,0.09401880376075215
126143,0.24596919383876775,0.22280456091218243,0.12454490898179636
139023,0.663492698539708,0.3492298459691938,0.2860972194438888
134361,0.5997999599919983,0.8069213842768553,0.7267053410682136
124537,0.1521504300860172,0.5698739747949589,0.45909181836367274
127685,0.5816763352670534,0.3763952790558112,0.4480896179235847
124598,0.4644528905781157,0.42744548909781954,0.7045809161832367
115086,0.5087417483496699,0.0598119623924785,0.20020004000800162
118673,0.28649729945989194,0.5341468293658732,0.37803560712142426
140028,0.09305861172234446,0.5473094618923785,0.6487297459491899
120779,0.33082616523304664,0.4208841768353671,0.8787357471494299
104152,0.26509301860372075,0.4850970194038808,0.7053410682136427
144096,0.6359671934386877,0.6341668333666735,0.957991598319664
134598,0.5661132226445289,0.9259851970394078,0.055131026205241046
148684,0.7412682536507301,0.19627925585117023,0.2618523704740948
142958,0.9616323264652931,0.4420884176835367,0.5353070614122825
109580,0.638247649529906,0.6806161232246449,0.4869373874774955
109829,0.6088417683536708,0.18775755151030207,0.4811762352470494
134271,0.63124624924985,0.07293458691738347,0.1683136627325465
116373,0.9607921584316864,0.9141828365673136,0.8102420484096818
113295,0.6220844168833766,0.21324264852970592,0.3385477095419084
133327,0.4788157631526306,0.26621324264852975,0.29445889177835566
107511,0.5770754150830166,0.17583516703340668,0.8189637927585517
120517,0.7345869173834767,0.7320664132826564,0.9489097819563912
114209,0.3962792558511703,0.08461692338467693,0.8058411682336467
106200,0.5676335267053411,0.5247449489897981,0.5763552710542108
137976,0.7381876375275055,0.24332866573314665,0.4046009201840368
101910,0.36503300660132026,0.3165833166633326,0.6374874974994998
114328,0.4163632726545309,0.6188437687537507,0.8065613122624525
123001,0.4655331066213243,0.29841968393678736,0.4871374274854971
145609,0.565993198639728,0.6320864172834567,0.6169633926785357
137403,0.6586517303460692,0.21256251250250047,0.8610922184436887
134727,0.4271654330866173,0.43820764152830566,0.6712142428485697
123830,0.36371274254850966,0.6934586917383477,0.6284056811362273
103678,0.45785157031406276,0.4090818163632727,0.5574314862972595
101655,0.31178235647129426,0.23796759351870372,0.6318063612722544
115801,0.33650730146029206,0.6802160432086417,0.5631926385277055
141352,0.3935987197439488,0.2806561312262453,0.38131626325265056
109383,0.7108621724344869,0.7584316863372674,0.7481896379275854
112031,0.44764952990598117,0.24892978595719142,0.5280656131226245
130594,0.8730546109221845,0.38067613522704546,0.4630526105221044
148584,0.05057011402280456,0.16675335067013403,0.8529305861172234
139474,0.33426685337067413,0.5442288457691539,0.597879575915183
134690,0.8368473694738948,0.2879375875175035,0.6837367473494699
121955,0.4097619523904781,0.4244048809761952,0.4323264652930586
118154,0.5433886777355471,0.2724144828965793,0.298499699939988
103231,0.3348269653930786,0.6552910582116422,0.32058411682336463
147724,0.5493498699739948,0.29421884376875374,0.406001200240048
143483,0.40504100820164035,0.35927185437087417,0.8289257851570314
143033,0.13394678935787158,0.5996399279855972,0.24524904980996198
130491,0.49249849969994,0.11078215643128624,0.4030806161232246
127474,0.5881976395279056,0.06305261052210442,0.20032006401280256
106364,0.5950390078015603,0.1996399279855971,0.34506901380276056
107863,0.5882376475295059,0.8904580916183237,0.05817163432686536
141072,0.30502100420084016,0.9585917183436687,0.07881576315263052
108145,0.24812962592518506,0.4388077615523105,0.9584716943388678
117162,0.9333866773354671,0.9599519903980797,0.13974794958991796
103984,0.9399879975995199,0.195999199839968,0.1641128225645129
133835,0.9773954790958191,0.7240648129625925,0.6642128425685138
117720,0.06053210642128426,0.49741948389677937,0.352750550110022
133927,0.19759951990398078,0.720624124824965,0.46489297859571915
124693,0.4155231046209242,0.30298059611922384,0.5300660132026406
148196,0.17279455891178236,0.7011802360472095,0.8950990198039608
126250,0.6469693938787758,0.5951590318063612,0.4821364272854571
128167,0.7583116623324665,0.6924584916983396,0.23332666533306662
104994,0.3743548709741948,0.29617923584716943,0.8626525305061012
107994,0.8890578115623126,0.874134826965393,0.6960992198439688
114482,0.6190438087617524,0.07293458691738346,0.13018603720744149
113479,0.2983396679335867,0.3769153830766153,0.4670534106821364
125745,0.9875975195039007,0.17699539907981596,0.17983596719343867
113972,0.5700340068013603,0.7494698939787957,0.6690138027605521
114511,0.059331866373274644,0.9126225245049009,0.12302460492098419
118620,0.7261052210442088,0.5782356471294259,0.5309461892378476
116489,0.22348469693938788,0.25533106621324264,0.5551510302060413
133856,0.4731746349269854,0.4441688337667533,0.6515303060612123
102266,0.2450890178035607,0.10994198839767955,0.14250850170034007
128806,0.8172034406881377,0.6041608321664332,0.547629525905181
130825,0.8068813762752551,0.3614322864572914,0.19995999199839964
105938,0.29397879575915187,0.669493898779756,0.8580516103220646
118510,0.32426485297059415,0.940508101620324,0.04976995399079816
124118,0.40204040808161634,0.08733746749349872,0.26985397079415885
102369,0.4900180036007201,0.9876775355071015,0.5661932386477295
141728,0.9693538707741549,0.9491898379675935,0.8069213842768554
149756,0.4338867773554711,0.536747349469894,0.8396079215843169
131585,0.6959391878375676,0.9302260452090418,0.23620724144828967
105729,0.008521704340868174,0.4446889377875576,0.30618123624724947
109998,0.5634726945389078,0.6270454090818164,0.39251850370074015
111470,0.7916383276655332,0.3622724544908982,0.4751750350070014
127867,0.4823364672934587,0.8643728745749151,0.8114422884576915
108416,0.868253650730146,0.669373874774955,0.7113822764552911
116882,0.007721544308861772,0.8154430886177235,0.006601320264052811
127963,0.8670534106821364,0.526385277055411,0.5594718943788758
144842,0.5245449089817964,0.14826965393078614,0.2940188037607522
135059,0.23676735347069416,0.2189237847569514,0.34858971794358873
143418,0.19859971994398878,0.2588517703540708,0.19819963992798556
134457,0.13198639727945588,0.8965393078615723,0.08053610722144428
141886,0.41064212842568515,0.30350070014002795,0.5304260852170435
126686,0.9895179035807162,0.5171034206841367,0.2896979395879176
100973,0.5967193438687738,0.3226645329065813,0.14286857371474296
115866,0.7611122224444888,0.4120824164832967,0.7585517103420685
142474,0.4564112822564513,0.2881376275255051,0.29521904380876174
100733,0.5826365273054611,0.6712142428485697,0.7494298859771954
104353,0.7051410282056411,0.8937787557511502,0.5269853970794158
102711,0.3715943188637727,0.0642128425685137,0.1692738547709542
120331,0.70374074814963,0.7937587517503502,0.9932786557311463
145107,0.18187637527505499,0.8369673934786956,0.5091818363672735
126578,0.5535107021404282,0.7619123824764953,0.6877375475095019
125863,0.5593918783756752,0.20016003200640123,0.3050210042008402
149828,0.15579115823164633,0.2712142428485697,0.10382076415283058
136627,0.18331666333266652,0.28029605921184236,0.879495899179836
106564,0.30378075615123024,0.5235447089417884,0.38587717543508704
111000,0.35559111822364475,0.6880176035207041,0.9593918783756751
120056,0.5821964392878576,0.18091618323664732,0.4910582116423285
131151,0.13890778155631126,0.3199839967993599,0.8047609521904382
140664,0.26233246649329867,0.7277055411082216,0.9937987597519504
145364,0.8660532106421284,0.8965793158631725,0.6914582916583317
116773,0.632006401280256,0.29989997999599916,0.21636327265453087
103589,0.28089617923584714,0.83124624924985,0.4400880176035207
129619,0.10890178035607119,0.9463892778555711,0.13254650930186038
125230,0.2947389477895579,0.5840368073614723,0.4560512102420484
143115,0.1585117023404681,0.3705941188237648,0.38491698339667935
142274,0.9945189037807561,0.4497299459891978,0.4024804960992199
115233,0.4264852970594119,0.7031406281256252,0.6890178035607121
127928,0.6114422884576916,0.9268653730746149,0.017363472694538907
139463,0.03792758551710342,0.7669533906781356,0.6523304660932187
140941,0.29825965193038606,0.6597719543908782,0.49701940388077614
115321,0.8650930186037208,0.9787157431486297,0.08501700340068014
139950,0.44684936987397483,0.9692338467693539,0.8025605121024205
115877,0.9403880776155231,0.5638327665533107,0.43612722544508903
122031,0.5017803560712142,0.4321664332866573,0.4867373474694938
112292,0.18923784756951392,0.4662932586517303,0.5075415083016603
124742,0.36015203040608124,0.2811362272454491,0.6121624324864973
122305,0.8874974994999001,0.9267853570714143,0.1264252850570114
108683,0.6240048009601921,0.3603120624124825,0.8444888977795559
123194,0.6148829765953191,0.7318263652730546,0.7776755351070215
127077,0.9902380476095218,0.9852770554110822,0.017963592718543708
115502,0.18983796759351868,0.9865573114622925,0.30578115623124624
118281,0.40988197639527907,0.31650330066013205,0.24736947389477895
124395,0.8630526105221045,0.2359271854370874,0.37247449489897977
131173,0.6212842568513702,0.6987397479495899,0.6107221444288857
116353,0.8902980596119224,0.6408081616323265,0.6398079615923185
134119,0.8503300660132027,0.13110622124424884,0.0827765553110622
129394,0.6308461692338467,0.11314262852570511,0.801120224044809
103107,0.010042008401680336,0.6523704740948191,0.9876775355071015
129916,0.2839767953590718,0.19855971194238847,0.17907581516303261
134724,0.7510302060412082,0.4564912982596519,0.42356471294258846
126622,0.391998399679936,0.4311662332466493,0.4796559311862373
118868,0.23508701740348073,0.3556711342268454,0.2862972594518904
120458,0.09657931586317263,0.2622124424884977,0.10150030006001201
105668,0.21840368073614724,0.7944788957791559,0.5027005401080216
137529,0.9704340868173634,0.6749749949989998,0.8612122424484897
110850,0.7837167433486697,0.7576715343068613,0.6844568913782756
124024,0.8022004400880177,0.7846769353870775,0.748109621924385
149663,0.0259251850370074,0.7795559111822365,0.9655531106221245
114693,0.7546709341868375,0.4225245049009802,0.3912782556511303
112326,0.4559711942388478,0.3726745349069814,0.34126825365073016
128654,0.3112222444488898,0.5614722944588917,0.7050210042008401
126864,0.21652330466093217,0.6323264652930586,0.8606921384276855
114932,0.9932386477295458,0.05749149829965993,0.096499299859972
122503,0.7473494698939789,0.9537907581516304,0.09361872374474894
137589,0.2257651530306061,0.41544308861772355,0.7313462692538507
130628,0.9069413882776556,0.6254050810162032,0.972234446889378
110307,0.7138227645529105,0.7270254050810162,0.8914182836567314
118798,0.29329865973194635,0.5667133426685337,0.600880176035207
149203,0.44444888977795566,0.10114022804560913,0.22768553710742148
126965,0.5122224444888978,0.3194238847769554,0.8301660332066414
136933,0.8238047609521905,0.6166433286657332,0.9070214042808561
101331,0.18711742348469693,0.24276855371074213,0.19343868773754752
121525,0.23608721744348868,0.9824364872974595,0.20448089617923584
101756,0.9593118623724745,0.5755151030206042,0.5267453490698141
140768,0.17083416683336666,0.49737947589517906,0.17887577515503103
148506,0.6754950990198039,0.494498899779956,0.46849369873974794
103214,0.1967993598719744,0.22760552110422083,0.8451690338067614
113337,0.176875375075015,0.08601720344068814,0.12462492498499701
139879,0.180876175235047,0.3301060212042408,0.6727345469093818
112024,0.1250650130026005,0.3035407081416283,0.2197639527905581
144813,0.5813562712542508,0.7286657331466293,0.9543108621724345
124992,0.3819563912782557,0.40048009601920387,0.38859771954390876
135661,0.6176835367073416,0.6083616723344668,0.40548109621924383
126404,0.7236647329465893,0.1844768953790758,0.2038007601520304
124918,0.14198839767953592,0.11766353270654131,0.2577315463092618
120781,0.5324664932986597,0.3339467893578716,0.6962192438487698
132438,0.7295059011802361,0.38163632726545305,0.5758351670334068
101973,0.7349869973994799,0.5365873174634926,0.9055411082216444
109433,0.15639127825565113,0.3213842768553711,0.6510902180436088
112606,0.8803360672134426,0.9124224844968994,0.6896179235847169
100926,0.4084016803360673,0.21164232846569314,0.39579915983196634
142193,0.10982196439287856,0.5285857171434287,0.8379675935187038
145882,0.5735947189437888,0.17539507901580317,0.38135627125425087
121583,0.29645929185837167,0.17999599919983997,0.20012002400480094
143107,0.6347669533906781,0.011482296459291856,0.04004800960192038
136868,0.6550110022004401,0.41436287257451493,0.3157831566313263
148130,0.8044408881776355,0.15171034206841366,0.27933586717343467
104231,0.6618123624724945,0.5035407081416283,0.4215643128625725
105696,0.4524904980996199,0.6708141628325666,0.6037207441488298
128281,0.05777155431086217,0.8856171234246849,0.026485297059411883
131730,0.24852970594118823,0.9113422684536907,0.8387277455491099
120164,0.8804560912182436,0.7811962392478495,0.8234446889377876
146290,0.41508301660332064,0.23020604120824162,0.07705541108221645
120855,0.9808361672334467,0.4005601120224045,0.7920384076815363
126791,0.2904180836167234,0.4204440888177636,0.8680536107221445
141064,0.6791758351670334,0.8802960592118424,0.7129825965193038
100200,0.7159831966393277,0.4960992198439688,0.7395079015803161
116586,0.6958991798359672,0.5670734146829366,0.5167033406681336
143877,0.3668333666733347,0.6106421284256851,0.9098219643928785
101825,0.5561512302460492,0.15467093418683736,0.29069813962792557
118995,0.5392278455691137,0.8203240648129626,0.9910782156431287
124610,0.3188237647529506,0.7541908381676337,0.9224644928985798
119161,0.21004200840168036,0.47069413882776556,0.9588717743548709
130527,0.12346469293858772,0.9237047409481897,0.35391078215643124
143751,0.6719343868773755,0.7542308461692339,0.5839167833566713
101897,0.9551910382076416,0.6849369873974794,0.764112822564513
134736,0.5279855971194238,0.6710942188437689,0.7433086617323464
106357,0.1579115823164633,0.3302660532106421,0.27809561912382474
107102,0.18339667933586717,0.36295259051810363,0.3747149429885977
139601,0.7805961192238448,0.9961992398479695,0.3761952390478095
104731,0.40988197639527907,0.5560712142428486,0.9371074214842968
124368,0.6528505701140228,0.3675535107021404,0.8304860972194439
139022,0.7252650530106021,0.6179635927185437,0.8235647129425886
142779,0.7919583916783356,0.9037807561512302,0.13230646129225843
120394,0.46761352270454093,0.6295659131826365,0.8815763152630527
106527,0.09817963592718544,0.7604320864172834,0.7689937987597519
115947,0.2686537307461493,0.5070614122824565,0.43640728145629126
140323,0.2448489697939588,0.06957391478295659,0.09841968393678736
142568,0.8231246249249851,0.9732346469293859,0.027565513102620523
104570,0.482376475295059,0.8564512902580517,0.8316463292658531
104947,0.8868973794758952,0.6404480896179237,0.6821764352870574
124424,0.1282256451290258,0.29525905181036205,0.31778355671134223
140903,0.33386677335467096,0.6296859371874375,0.5312662532506501
118917,0.35927185437087417,0.7860772154430886,0.493498699739948
114835,0.5489497899579916,0.6618523704740948,0.7305061012202441
134563,0.8819363872774555,0.5877575515103021,0.9025805161032207
139258,0.7545509101820363,0.05713142628525704,0.3078615723144629
139717,0.7578315663132627,0.2179635927185437,0.22580516103220644
136901,0.6830566113222645,0.6445289057811562,0.579755951190238
122962,0.4389677935587117,0.3256651330266053,0.6830166033206642
111695,0.3404280856171234,0.25949189837967596,0.3857171434286858
127362,0.14302860572114423,0.36019203840768155,0.44580916183236646
116035,0.2226845369073815,0.6049609921984396,0.48789757951590323
137221,0.06013202640528105,0.5897579515903182,0.505501100220044
109890,0.979115823164633,0.5541508301660332,0.8459691938387678
106489,0.410122024404881,0.14978995799159833,0.2098019603920784
145596,0.6450890178035606,0.8197239447889578,0.7237047409481896
127264,0.3435087017403481,0.21700340068013602,0.7621924384876975
112344,0.27733546709341866,0.5151430286057211,0.6146829365873174
100125,0.9192638527705541,0.9658731746349271,0.5159031806361272
147312,0.07653530706141229,0.7717943588717743,0.9828365673134627
129193,0.6572114422884577,0.8747749549909982,0.012202440488097618
121772,0.7142628525705141,0.3989597919583917,0.4008401680336067
119569,0.8392078415683136,0.9930386077215443,0.14974994998999797
119309,0.5587117423484698,0.43444688937787557,0.403000600120024
125982,0.516383276655331,0.9383876775355071,0.8207641528305661
128413,0.5379075815163032,0.15667133426685337,0.5770354070814163
104608,0.9343068613722745,0.8778955791158233,0.1369473894778956
133638,0.9863172634526904,0.5965993198639729,0.30674134826965394
136150,0.8922984596919384,0.9481896379275855,0.13554710942188436
144895,0.9048209641928386,0.5303860772154431,0.39015803160632123
115424,0.9048209641928386,0.5329865973194639,0.6488497699539908
141654,0.8668933786757351,0.8534506901380277,0.8078415683136627
122323,0.5907981596319264,0.6856971394278855,0.5297859571914383
117954,0.1370274054810962,0.32774554910982195,0.5733946789357872
122951,0.3635927185437088,0.568873774754951,0.8608921784356871
149981,0.7872374474894979,0.6163232646529305,0.38751750350070013
120717,0.373874774954991,0.31202240448089613,0.40672134426885376
116844,0.4430486097219444,0.046289257851570315,0.10734146829365873
127484,0.420124024804961,0.41632326465293057,0.6245649129825965
124670,0.6741748349669934,0.08437687537507502,0.19075815163032606
131449,0.628005601120224,0.5205441088217644,0.5536707341468294
146726,0.8074014802960593,0.43572714542908586,0.6600920184036807
117152,0.7817163432686538,0.19803960792158434,0.2275655131026205
136910,0.0717743548709742,0.9495499099819964,0.5752750550110022
122554,0.023524704940988198,0.42136427285457095,0.9142628525705141
128043,0.8243248649729946,0.8361272254450891,0.8139227845569115
145257,0.8446489297859572,0.8743348669733946,0.8232046409281857
140282,0.9692338467693539,0.7149029805961192,0.6667733546709342
128747,0.6520904180836168,0.3391878375675135,0.4226845369073815
147182,0.0807761552310462,0.3133026605321064,0.5416683336667334
109357,0.27189437887577517,0.18031606321264254,0.26613322664532907
105047,0.08445689137827564,0.8747749549909982,0.11462292458491698
148424,0.2721344268853771,0.3053010602120424,0.25625125025005
144614,0.7971594318863774,0.4406081216243249,0.5886377275455091
136198,0.869373874774955,0.408121624324865,0.48753750750150027
121911,0.8820564112822565,0.7781156231246249,0.734626925385077
126627,0.8221644328865773,0.38735747149429883,0.44652930586117223
111441,0.9075815163032608,0.30414082816563315,0.1795159031806361
117522,0.273374674934987,0.3471094218843769,0.25041008201640325
122480,0.6798159631926385,0.6041608321664333,0.8629725945189037
139691,0.92250450090018,0.9237847569513903,0.3485097019403881
100409,0.15931186237247447,0.873494698939788,0.09677935587117423
111887,0.9009401880376076,0.48913782756551305,0.2767753550710142
149526,0.7805961192238448,0.9829565913182636,0.6455691138227645
136647,0.6556111222244448,0.7790358071614323,0.86001200240048
114351,0.3069813962792559,0.3171034206841369,0.8930186037207442
125975,0.3624324864972995,0.43616723344668934,0.38875775155031006
115711,0.8080416083216644,0.13462692538507703,0.24788957791558314
108861,0.762872574514903,0.3598319663932787,0.377755551110222
121455,0.936747349469894,0.6044008801760352,0.5221444288857772
145574,0.26193238647729544,0.2505701140228046,0.21904380876175233
124685,0.4559711942388478,0.48853770754150827,0.4655331066213243
120372,0.9977995599119824,0.15799159831966392,0.11554310862172434
123368,0.2900580116023205,0.9677135427085417,0.13638727745549106
107827,0.649369873974795,0.36879375875175036,0.4264052810562112
118232,0.9059011802360472,0.6492898579715943,0.7409881976395278
100711,0.3378675735147029,0.566873374674935,0.4517703540708142
143244,0.7789157831566313,0.7736747349469894,0.7745549109821964
102554,0.9819963992798559,0.25633126625325064,0.2035607121424285
118388,0.8760952190438087,0.6710542108421684,0.3785957191438288
102200,0.9100620124024805,0.7140228045609123,0.4709741948389678
124091,0.03796759351870374,0.7690738147629527,0.9559111822364473
143492,0.6569313862772554,0.503620724144829,0.5783156631326265
113665,0.7931986397279456,0.9222644528905781,0.72250450090018
131260,0.6686937387477496,0.48377675535107023,0.7871174234846969
139293,0.506621324264853,0.4536507301460292,0.46397279455891177
132757,0.6551710342068413,0.12006401280256053,0.2661732346469294
103389,0.33538707741548307,0.6889377875575116,0.9673534706941389
132561,0.08929785957191437,0.583116623324665,0.9403480696139228
148604,0.15987197439487896,0.21444288857771557,0.8236047209441888
120031,0.4930586117223445,0.760112022404481,0.6322864572914583
121493,0.40500100020004,0.42872574514902984,0.29817963592718544
128835,0.09357871574314863,0.7388677735547109,0.7985997199439888
127130,0.16747349469893977,0.26473294658931784,0.34938987797559506
113564,0.5150630126025205,0.32302460492098417,0.392758551710342
100601,0.1361472294458892,0.09285857171434286,0.1278655731146229
106484,0.2933386677335467,0.7085417083416683,0.6949389877975596
133191,0.8958191638327666,0.854370874174835,0.7224644928985797
140296,0.8084016803360672,0.3338667733546709,0.5303860772154431
102956,0.504620924184837,0.3103420684136827,0.3149429885977195
118498,0.8964192838567714,0.9594318863772755,0.2755751150230046
143038,0.9520704140828165,0.5936387277455492,0.4327665533106621
134063,0.7827165433086618,0.46201240248049613,0.21544308861772354
120081,0.29277855571114225,0.544868973794759,0.46229245849169837
101280,0.7123424684936988,0.3253450690138028,0.6955791158231647
143908,0.8778955791158232,0.6625725145029007,0.4714542908581716
132897,0.9517903580716144,0.42188437687537506,0.430246049209842
136063,0.28585717143428685,0.6121224244848971,0.40456091218243645
101835,0.397999599919984,0.910382076415283,0.09113822764552909
124757,0.5173434686937387,0.2460892178435687,0.361992398479696
136376,0.32058411682336463,0.2269253850770154,0.5883176635327065
127797,0.23144628925785157,0.23280656131226246,0.8159231846369275
125527,0.16215243048609718,0.4424084816963393,0.9410282056411282
147924,0.3178635727145429,0.5807161432286457,0.8886577315463093
138682,0.43916783356671335,0.9000600120024005,0.040848169633926776
115671,0.5389477895579116,0.41676335267053416,0.5900780156031206
123275,0.6125625125025005,0.1369473894778956,0.09585917183436687
125888,0.6922984596919384,0.28117623524704943,0.5667533506701341
110206,0.2970994198839768,0.8572914582916583,0.7129825965193038
118971,0.948629725945189,0.6538907781556311,0.3861172234446889
101520,0.1326665333066613,0.3444288857771554,0.3227045409081816
114397,0.7944388877775554,0.6936187237447489,0.7399879975995199
129810,0.3178635727145429,0.31530306061212243,0.8207641528305661
139032,0.5409481896379276,0.2880176035207041,0.3319063812762552
113986,0.1727145429085817,0.16255251050210043,0.5369473894778956
146340,0.3690338067613522,0.6212842568513703,0.9108221644328867
137685,0.7358671734346869,0.45845169033806765,0.7111422284456891
147557,0.33874774954991,0.20348069613922787,0.26893378675735147
147671,0.5652730546109223,0.8559711942388478,0.7521504300860172
119406,0.35167033406681336,0.6138427685537108,0.42576515303060614
114702,0.8305661132226445,0.5327865573114622,0.6348869773954791
108964,0.01824364872974595,0.3514302860572114,0.826765353070614
121995,0.607761552310462,0.3999199839967994,0.3531906381276255
109027,0.27469493898779757,0.037167433486697335,0.227125425085017
102458,0.7454290858171635,0.6648529705941189,0.6078415683136627
107382,0.676495299059812,0.1114622924584917,0.21172234446889376
106541,0.5335867173434687,0.3343468693738748,0.5237047409481896
128171,0.44492898579715945,0.5031406281256252,0.43780756151230243
118686,0.2627325465093019,0.8798559711942389,0.20220044008801763
149959,0.28397679535907183,0.46013202640528106,0.34866973394678935
128774,0.5671534306861372,0.5029405881176235,0.40276055211042205
125998,0.5845969193838768,0.23324664932986597,0.5580716143228646
127436,0.2644928985797159,0.27441488297659533,0.1969593918783757
138902,0.1955991198239648,0.2566113222644529,0.18847769553910781
138446,0.4222844568913783,0.41548309661932387,0.16319263852770555
105904,0.3953190638127626,0.9857971594318864,0.5321464292858571
115996,0.9884776955391079,0.2787757551510302,0.19587917583516704
130122,0.9763552710542108,0.3241448289657931,0.2945389077815563
121522,0.20108021604320864,0.8498499699939989,0.9793958791758351
147324,0.8142028405681137,0.9641128225645128,0.09201840368073613
131231,0.2456091218243649,0.1910782156431286,0.1230246049209842
125920,0.21528305661132227,0.20632126425285058,0.18683736747349472
104096,0.7515503100620124,0.6688937787557513,0.6030006001200239
104851,0.9133826765353071,0.640128025605121,0.6564512902580516
105148,0.3416683336667333,0.5310662132426486,0.8333266653330667
115966,0.2324864972994599,0.4815363072614523,0.5584716943388678
134584,0.4711342268453691,0.0424884976995399,0.3720344068813763
142347,0.6257251450290058,0.32906581316263256,0.2815363072614523
123104,0.5429085817163433,0.5184236847369473,0.5621124224844969
119651,0.5583516703340669,0.6944188837767553,0.6512102420484097
104173,0.14942988597719545,0.299619923984797,0.4090818163632727
105365,0.7413482696539307,0.3891978395679136,0.5778755751150231
144993,0.4072414482896579,0.16259251850370077,0.345749149829966
133419,0.5119423884776956,0.4253250650130026,0.3373474694938988
104961,0.25013002600520107,0.6809761952390478,0.5527105421084217
139478,0.166873374674935,0.47901580316063214,0.25625125025005
121545,0.4681736347269454,0.10270054010802158,0.18831766353270654
128979,0.17279455891178236,0.7677135427085418,0.6054810962192438
118820,0.5003000600120024,0.1823164632926585,0.2652930586117223
149544,0.3178235647129426,0.4062412482496499,0.41128225645129024
135603,0.9698339667933586,0.6707341468293658,0.4502900580116023
124554,0.2710542108421684,0.4332066413282657,0.9530706141228246
121001,0.07689537907581515,0.6393678735747149,0.9814762952590519
109826,0.45281056211242254,0.09441888377675534,0.40776155231046207
105679,0.6215643128625725,0.07613522704540908,0.12666533306661332
125069,0.33606721344268853,0.6299659931986398,0.5198239647929586
124502,0.8121624324864973,0.8199639927985598,0.7804360872174435
117324,0.38867773554710944,0.4286457291458292,0.6406881376275255
113737,0.8843368673734747,0.5113022604520904,0.2548109621924385
148628,0.5497899579915984,0.3952790558111622,0.6337667533506701
125916,0.914622924584917,0.9689137827565513,0.09529905981196238
145369,0.8670934186837367,0.0789757951590318,0.20732146429285858
105902,0.23496699339867974,0.24036807361472295,0.33866773354670937
147594,0.7541908381676335,0.41992398479695936,0.81624324864973
130705,0.21008201640328067,0.5552310462092418,0.782996599319864
138625,0.4358071614322865,0.21044208841768355,0.14374874974995
109181,0.273374674934987,0.2987397479495899,0.6121624324864973
100236,0.5485097019403882,0.34854970994198836,0.6868973794758952
105852,0.8655331066213243,0.9727145429085817,0.11754350870174032
140505,0.15371074214842967,0.2199239847969594,0.12466493298659732
135900,0.14246849369873973,0.08153630726145228,0.11918383676735346
120914,0.23644728945789156,0.6878575715143029,0.9097419483896779
137313,0.3618323664732947,0.9031006201240248,0.3005801160232046
115795,0.47533506701340267,0.1455891178235647,0.21144228845769153
109955,0.26221244248849773,0.5830366073214643,0.897379475895179
107229,0.3573914782956591,0.12682536507301462,0.4049609921984397
108702,0.7955591118223644,0.6795359071814362,0.6429285857171434
100350,0.3330266053210642,0.1569513902780556,0.214002800560112
125519,0.7521104220844169,0.4961792358471694,0.6632926585317063
136317,0.8175235047009402,0.7292258451690338,0.6038807761552311
129800,0.05521104220844169,0.015323064612922585,0.09781956391278254
100449,0.9590718143628725,0.49549909981996404,0.2709741948389678
145429,0.3471494298859772,0.6658531706341269,0.729625925185037
145972,0.803120624124825,0.29725945189037806,0.3269053810762152
102132,0.40608121624324867,0.06717343468693737,0.13990798159631923
132390,0.38623724744948984,0.11346269253850771,0.14522904580916182
123585,0.41612322464492896,0.44592918583716745,0.4568113622724545
123809,0.6548509701940388,0.29829965993198637,0.42664532906581315
102163,0.7611122224444888,0.41200240048009595,0.8503300660132027
133946,0.7009801960392079,0.1999199839967994,0.2819763952790558
114272,0.5915983196639327,0.11982396479295858,0.7691938387677536
108329,0.7136227245449089,0.3599519903980796,0.8320464092818565
136526,0.9595519103820764,0.7898379675935188,0.7195839167833568
114999,0.7944388877775556,0.2737347469493899,0.1741148229645929
100405,0.311502300460092,0.7772354470894178,0.7639127825565113
111039,0.6558111622324465,0.7822764552910582,0.6426885377075415
129740,0.10646129225845169,0.6547709541908382,0.3302660532106422
104248,0.5937587517503501,0.5421884376875374,0.9551910382076416
145765,0.5793958791758352,0.16203240648129627,0.49549909981996404
141034,0.16691338267653533,0.8973394678935788,0.017043408681736347
140842,0.7903180636127225,0.6752950590118023,0.8548909781956391
146664,0.5251050210042009,0.2335267053410682,0.451370274054811
130776,0.9663532706541308,0.1583116623324665,0.7976795359071814
109459,0.2712142428485697,0.37111422284456896,0.28245649129825967
114981,0.5347869573914783,0.2794158831766353,0.4684136827365473
100138,0.23176635327065415,0.5878775755151031,0.9024604920984197
114760,0.8039607921584317,0.4137227445489098,0.7240248049609922
141562,0.9773154630926185,0.7893178635727146,0.6660132026405281
129806,0.21256251250250052,0.8975395079015803,0.04132826565313062
115805,0.8444488897779556,0.8927785557111423,0.716623324664933
124144,0.14718943788757752,0.21420284056811362,0.41368273654730947
108187,0.11054210842168434,0.40056011202240444,0.850130026005201
127600,0.3945989197839568,0.9519503900780155,0.2808961792358472
117852,0.4988997799559912,0.5497499499899979,0.8909381876375275
101913,0.41068213642728546,0.13518703740748145,0.188877775555111
141950,0.8564512902580516,0.04848969793958791,0.08677735547109422
116631,0.31746349269853974,0.08341668333666734,0.18703740748149628
147707,0.34538907781556305,0.4978595719143829,0.6257651530306061
107352,0.2628525705141028,0.34374874974995,0.3435487097419484
142914,0.965873174634927,0.648129625925185,0.6629325865173035
127719,0.6770554110822165,0.9305461092218443,0.16419283856771355
109308,0.8607721544308862,0.9144228845769153,0.16807361472294458
109900,0.9969193838767754,0.061692338467693536,0.10786157231446289
138563,0.9611122224444889,0.6032006401280257,0.8905381076215243
118888,0.3864372874574915,0.5621524304860972,0.4189637927585517
131754,0.6230046009201841,0.762872574514903,0.6725745149029806
121494,0.15623124624924983,0.5242248449689938,0.4365673134626925
149273,0.8738947789557912,0.15199039807961592,0.1379875975195039
122711,0.3210242048409682,0.11074214842968594,0.17687537507501502
123378,0.8925385077015403,0.8922984596919383,0.3034206841368273
128166,0.3479095819163832,0.5634326865373075,0.5079815963192638
125245,0.56499299859972,0.18243648729745948,0.8290858171634327
148553,0.4834166833366673,0.5748749749949991,0.8605721144228846
108308,0.13626725345069013,0.8994198839767953,0.06113222644528906
105216,0.5548309661932387,0.7601920384076816,0.7313862772554511
109664,0.914862972594519,0.5581116223244649,0.6408481696339268
135367,0.15211042208441689,0.141748349669934,0.38675735147029405
148876,0.3531506301260252,0.37707541508301656,0.7135427085417083
117674,0.9160632126425285,0.9815963192638527,0.7100220044008803
145027,0.6282856571314264,0.8729345869173835,0.018883776755351068
143375,0.13630726145229047,0.07045409081816363,0.11238247649529906
115438,0.22312462492498497,0.9951990398079616,0.01956391278255651
110800,0.17319463892778553,0.25125025005001,0.9524304860972195
134419,0.0392878575715143,0.7395079015803161,0.7526305261052211
142716,0.8510502100420085,0.919503900780156,0.9977595519103821
121276,0.16935387077415484,0.863492698539708,0.5272254450890178
131050,0.7736747349469895,0.6321664332866573,0.30962192438487696
108722,0.5705541108221645,0.8459291858371675,0.15887177435487093
144346,0.08905781156231247,0.9231446289257852,0.07473494698939787
128288,0.5858371674334867,0.3442688537707541,0.9375875175035007
120237,0.8713742748549709,0.3138227645529106,0.38583716743348667
102257,0.4102420484096819,0.07493498699739948,0.31254250850170034
116706,0.5561512302460492,0.40836167233446685,0.662132426485297
109694,0.5139427885577116,0.10182036407281457,0.23052610522104422
133700,0.4433286657331466,0.2808961792358472,0.5270654130826166
110053,0.1503500700140028,0.7580316063212642,0.77875575115023
137229,0.1306661332266453,0.6056411282256451,0.884376875375075
143831,0.8734146829365874,0.6802160432086417,0.6224044808961793
145139,0.4036007201440288,0.945109021804361,0.08337667533506701
128276,0.20780156031206243,0.20124024804960994,0.6998199639927986
102669,0.5715543108621725,0.7648729745949191,0.6092818563712742
116945,0.4420884176835367,0.9292658531706341,0.8141628325665132
119577,0.6926585317063413,0.6049209841968394,0.3406681336267254
141094,0.4414082816563313,0.06677335467093418,0.11278255651130226
110799,0.11394278855771155,0.527745549109822,0.3300660132026405
107312,0.388997799559912,0.511862372474495,0.48677735547109424
148403,0.17979595919183836,0.15283056611322263,0.2026405281056211
132957,0.5881576315263052,0.22052410482096416,0.642368473694739
119874,0.6019203840768154,0.12054410882176433,0.30182036407281454
135334,0.5705941188237647,0.053530706141228235,0.41296259251850376
139432,0.015843168633726746,0.2843368673734747,0.3692738547709542
138416,0.5789957991598319,0.06941388277655529,0.1683136627325465
132708,0.3732346469293859,0.5815963192638528,0.43736747349469896
131700,0.7133426685337068,0.8892178435687137,0.03768753750750149
123214,0.5852370474094819,0.5513102620524105,0.4367673534706941
131443,0.040528105621124216,0.9383876775355071,0.007961592318463693
117794,0.27849569913982797,0.591998399679936,0.5016203240648129
114607,0.3638327665533106,0.5948389677935587,0.4575715143028606
148275,0.8985797159431886,0.3841568313662733,0.3932386477295459
149997,0.08205641128225645,0.8380476095219044,0.10506101220244049
148857,0.06697339467893579,0.9427485497099419,0.3007801560312063
121458,0.21968393678735748,0.9704740948189639,0.2194438887777555
129210,0.5615923184636927,0.43632726545309064,0.6009601920384078
149299,0.24892978595719142,0.01724344868973795,0.0628125625125025
103421,0.1797159431886377,0.265373074614923,0.3225445089017804
131376,0.9081816363272655,0.0929385877175435,0.3187437487497499
147462,0.7106221244248849,0.0690138027605521,0.17159431886377277
147802,0.9284656931386277,0.19275855171034206,0.30650130026005196
104218,0.4830966193238648,0.1419483896779356,0.28961792358471694
105933,0.3285857171434287,0.6337267453490698,0.7288257651530307
136496,0.5641128225645129,0.7367873574714944,0.9601520304060812
139115,0.8074014802960592,0.14594918983796756,0.22188437687537507
134045,0.09985997199439887,0.3100620124024805,0.8565313062612523
125720,0.6750950190038008,0.26389277855571114,0.839247849569914
106187,0.2828965793158632,0.9626325265053011,0.03952790558111623
147918,0.2614922984596919,0.23188637727545508,0.8584516903380677
142348,0.5645529105821164,0.8772554510902181,0.9939587917583517
116418,0.21308261652330465,0.809361872374475,0.5560312062412482
123450,0.690138027605521,0.46889377875575117,0.8910182036407281
123467,0.3701540308061612,0.21936387277455488,0.34770954190838166
142982,0.8492898579715944,0.9084616923384677,0.8207641528305661
134778,0.11538307661532306,0.25925185037007403,0.7681936387277455
133186,0.38951790358071614,0.35067013402680536,0.41160232046409284
117228,0.9129425885177036,0.14506901380276052,0.22600520104020805
125050,0.8694538907781557,0.5050610122024405,0.273494698939788
144844,0.42876575315063015,0.5909581916383276,0.42332466493298654
115060,0.8326465293058611,0.6164432886577315,0.3921984396879376
138308,0.025885177035407082,0.584876975395079,0.9122624524904981
123669,0.8710942188437687,0.18499699939987996,0.27441488297659533
124995,0.04416883376675335,0.22676535307061413,0.23740748149629926
142594,0.1970394078815763,0.4721344268853771,0.9564712942588518
127257,0.0748149629925985,0.5879975995199039,0.9665933186637327
133365,0.9511502300460092,0.5724344868973794,0.4699339867973594
137718,0.2721344268853771,0.33750750150030007,0.25441088217643526
137572,0.675255051010202,0.3529905981196239,0.31106221244248844
148303,0.9324264852970594,0.41524304860972194,0.3504700940188038
114232,0.8085217043408681,0.29265853170634126,0.2771754350870174
135123,0.5531906381276256,0.7525105021004201,0.7576715343068614
142792,0.15487097419483897,0.8107221444288858,0.6795759151830366
117091,0.6529305861172234,0.5358671734346869,0.9704340868173635
149442,0.8655331066213243,0.6818963792758551,0.38575715143028605
103429,0.7379475895179036,0.590998199639928,0.4605321064212843
132649,0.8124024804960992,0.6062812562512503,0.5422284456891379
149426,0.5360272054410882,0.7500700140028005,0.8473294658931787
129021,0.5593518703740749,0.7091818363672734,0.7231446289257852
102700,0.025805161032206442,0.4263252650530106,0.4344468893778756
139229,0.16899379875975193,0.2380876175235047,0.48949789957991596
110770,0.03316663332666533,0.8627725545109022,0.3960392078415684
145061,0.35039007801560307,0.7311062212442488,0.6176835367073414
142743,0.7894378875775155,0.6870574114822965,0.3418683736747349
112934,0.7141028205641129,0.061692338467693536,0.18963792758551712
113297,0.4816163232646529,0.18711742348469693,0.37531506301260253
133119,0.49437887577515505,0.9329465893178635,0.6518903780756151
136287,0.04756951390278055,0.8989397879575916,0.7232246449289859
129130,0.9595919183836767,0.6148029605921184,0.6770154030806161
138443,0.1735547109421884,0.3126225245049009,0.15563112622524505
148289,0.7885577115423085,0.411122224444889,0.5149429885977196
145442,0.41148229645929185,0.08741748349669934,0.07593518703740748
113518,0.7695939187837567,0.40104020804160834,0.24624924984997
140227,0.2688537707541508,0.7854370874174835,0.6267253450690138
118631,0.9793158631726344,0.21704340868173633,0.2542108421684337
142510,0.1388277655531106,0.5530306061212242,0.6751350270054012
128679,0.4370474094818964,0.11666333266653331,0.33714742948589715
115535,0.6643328665733148,0.10406081216243249,0.254130826165233
138745,0.18351670334066814,0.37555511102220446,0.22856571314262852
110112,0.7995999199839968,0.756871374274855,0.9237047409481897
137919,0.3167833566713342,0.31894378875775153,0.8495699139827966
136461,0.9217843568713743,0.33718743748749747,0.26489297859571914
103328,0.5387077415483096,0.24056811362272457,0.36775355071014204
147458,0.15167033406681335,0.5445889177835568,0.47161432286457294
111712,0.21124224844968995,0.771874374874975,0.9295459091818364
135766,0.8910182036407281,0.9426685337067413,0.10606121224244847
147622,0.7941988397679536,0.6156031206241248,0.3768353670734147
139434,0.7883176635327065,0.5648329665933186,0.6602920584116823
104161,0.20252050410082015,0.6369673934786958,0.9245849169833966
116658,0.6792558511702341,0.1132626525305061,0.5351870374074815
146454,0.7155431086217243,0.7517503500700141,0.7363472694538907
128569,0.9412282456491298,0.9169833966793358,0.7943588717743549
123738,0.22500500100020004,0.6407681536307261,0.72374474894979
102963,0.3159831966393279,0.4798959791958392,0.8714542908581716
149458,0.8583716743348669,0.3676735347069414,0.4925385077015403
100424,0.9462292458491698,0.2854170834166833,0.26949389877975594
113402,0.9008201640328065,0.7719943988797758,0.7351070214042807
138349,0.17263452690538109,0.3486697339467894,0.5301060212042409
120143,0.3138227645529106,0.02200440088017603,0.14946989397879576
120035,0.48605721144228853,0.9057811562312462,0.09065813162632526
105282,0.31174234846969395,0.21228245649129823,0.2939787957591518
135673,0.9389077815563114,0.9059011802360472,0.281496299259852
137075,0.06913382676535307,0.1784756951390278,0.4829765953190638
109020,0.027965593118623722,0.4015203040608122,0.9170234046809362
100532,0.4460892178435687,0.06933386677335465,0.1402280456091218
140533,0.4472894578915783,0.34386877375475094,0.8457691538307661
130900,0.253250650130026,0.34194838967793556,0.6316463292658532
111510,0.7727545509101821,0.31038207641528304,0.4338867773554711
123364,0.7827165433086617,0.4694138827765554,0.7984796959391879
129545,0.5529505901180236,0.5959191838367673,0.6329665933186637
133176,0.8062812562512502,0.23000600120024003,0.3643928785757152
147999,0.48529705941188234,0.06897379475895178,0.135627125425085
110561,0.45229045809161833,0.5352270454090818,0.89249849969994
105842,0.05517103420684137,0.23744748949789957,0.8992998599719945
113913,0.26017203440688136,0.9170234046809361,0.015683136627325463
103352,0.7119423884776954,0.9653530706141228,0.07689537907581516
134900,0.8146829365873175,0.48313662732546503,0.3076615323064613
108860,0.5345469093818763,0.2753350670134027,0.838007601520304
112352,0.6688937787557512,0.4384876975395079,0.573994798959792
137272,0.09565913182636526,0.17775555111022207,0.21260252050410083
120719,0.2766953390678135,0.5441088217643528,0.8157231446289259
118424,0.372874574914983,0.27645529105821165,0.3317863572714543
104030,0.25737147429485896,0.4498099619923985,0.1987997599519904
148038,0.9193438687737547,0.7235847169433887,0.7203040608121625
121208,0.9174234846969395,0.6388477695539108,0.562992598519704
101629,0.08829765953190638,0.48957791558311664,0.8320864172834567
133928,0.17043408681736344,0.287617523504701,0.17931586317263454
127947,0.7515503100620124,0.4780556111222244,0.43896779355871174
108979,0.0813362672534507,0.5928785757151431,0.6838167633526706
133963,0.02944588917783557,0.08709741948389679,0.8440088017603521
136422,0.3712742548509702,0.14942988597719542,0.19739947989597917
131820,0.3907981596319264,0.19647929585917184,0.520864172834567
117174,0.42996599319863976,0.257251450290058,0.2862572514502901
137834,0.7539507901580316,0.5063412682536508,0.8562512502500501
118379,0.28589717943588716,0.1944788957791558,0.48833766753350666
145599,0.25081016203240647,0.22284456891378274,0.236127225445089
127287,0.06853370674134826,0.6756951390278055,0.8801760352070415
127138,0.5279055811162232,0.7964392878575716,0.6564912982596519
135951,0.4223644728945789,0.5102220444088819,0.2282856571314263
120365,0.9291458291658332,0.9438287657531506,0.5977195439087817
141004,0.4989397879575916,0.24020804160832165,0.5620724144828966
110702,0.04472894578915782,0.21588317663532708,0.7940788157631526
118497,0.7790358071614323,0.933866773354671,0.04700940188037607
130787,0.7884376875375075,0.9648729745949189,0.049329865973194637
140445,0.859491898379676,0.6150830166033208,0.44840968193638725
139355,0.02960592118423685,0.026765353070614124,0.4003200640128025
140477,0.36323264652930587,0.07093418683736748,0.19107821564312863
120831,0.9548709741948389,0.16055211042208442,0.1290258051610322
100799,0.41448289657931586,0.919503900780156,0.05613122624524905
106340,0.27069413882776555,0.5756351270254051,0.43900780156031205
142374,0.11702340468093617,0.5679135827165432,0.9115823164632926
114524,0.166873374674935,0.9258651730346069,0.4952190438087617
141364,0.12174434886977395,0.40668133626725345,0.9089017803560712
101263,0.7137027405481096,0.8965793158631726,0.1445889177835567
122812,0.6111622324464893,0.5050610122024405,0.5447089417883577
140940,0.7703940788157632,0.6936987397479496,0.7909581916383277
114249,0.6724144828965792,0.1576715343068614,0.4112822564512903
147037,0.26101220244048806,0.9810362072414484,0.37075415083016605
117018,0.838607721544309,0.40972194438887777,0.6007201440288057
117783,0.3367873574714943,0.7071814362872575,0.9410282056411282
146105,0.2911782356471294,0.5217843568713743,0.2996999399879976
145864,0.9245849169833966,0.5230646129225845,0.424244848969794
140945,0.9250650130026005,0.6762152430486097,0.697619523904781
115336,0.7757951590318064,0.9362272454490898,0.04572914582916583
116251,0.8351670334066814,0.9552710542108421,0.14254850970194036
125349,0.5589917983596719,0.2517303460692138,0.25417083416683334
120407,0.4474094818963793,0.10066013202640528,0.29817963592718544
100290,0.9807561512302461,0.602000400080016,0.8408481696339268
119132,0.5401880376075215,0.9563912782556512,0.7632326465293059
127486,0.5289457891578315,0.6621724344868973,0.7701140228045609
107771,0.2547709541908382,0.36971394278855774,0.25909181836367273
132658,0.6171634326865373,0.5314262852570514,0.8434486897379476
116934,0.27353470694138826,0.5224644928985798,0.8672134426885376
144113,0.1773154630926185,0.8762552510502102,0.09177835567113421
131612,0.3649929985997199,0.5565513102620525,0.8343268653730745
127254,0.5459491898379676,0.6270454090818164,0.8312062412482497
113675,0.7027005401080216,0.8256051210242049,0.977755551110222
104513,0.9312662532506502,0.9178635727145429,0.41064212842568515
111479,0.3797959591918384,0.33594718943788754,0.36023204640928186
131978,0.8106021204240849,0.7993998799759952,0.7338267653530706
136973,0.5733946789357871,0.8143228645729146,0.6089617923584718
122416,0.8857371474294858,0.7389877975595118,0.7806761352270455
138915,0.7745949189837968,0.9595119023804761,0.20280056011202238
117985,0.3795559111822364,0.14126825365073015,0.27157431486297257
107727,0.6522104420884176,0.8023204640928185,0.7274254850970195
139077,0.4641728345669134,0.7443888777755551,0.37855571114222847
120187,0.35739147829565915,0.25169033806761354,0.41736347269453894
139567,0.7210242048409682,0.5590318063612723,0.8389277855571114
100504,0.6165233046609322,0.22080416083216642,0.28665733146629324
120189,0.7283856771354271,0.9029805961192239,0.0632126425285057
106714,0.884136827365473,0.6600920184036807,0.4339267853570714
149714,0.02496499299859972,0.44104820964192837,0.7655131026205241
132114,0.9776355271054211,0.46853370674134825,0.499739947989598
142320,0.3706741348269654,0.5412282456491299,0.5826765353070614
147686,0.8115623124624924,0.06245249049809962,0.07909581916383276
113513,0.389877975595119,0.9548309661932387,0.17007401480296058
146117,0.5186637327465493,0.4945389077815563,0.7600720144028805
133704,0.08609721944388878,0.2901780356071214,0.6331666333266653
142051,0.311502300460092,0.8828565713142629,0.10278055611122222
133351,0.5423084616923385,0.9280256051210242,0.27989597919583914
139509,0.14930986197239446,0.5153830766153231,0.42660532106421284
130758,0.3147829565913182,0.3674734946989398,0.4486097219443889
119976,0.42880576115223046,0.6654530906181236,0.5681936387277455
143347,0.66125225045009,0.1639127825565113,0.1106621324264853
121942,0.29261852370474095,0.1734746949389878,0.8932986597319466
109197,0.8500900180036007,0.7292258451690338,0.6736147229445888
117291,0.18427685537107422,0.6868573714742949,0.850610122024405
148534,0.4367673534706942,0.41212242448489694,0.26893378675735147
104469,0.3875975195039008,0.6570514102820565,0.6971794358871775
117658,0.9743148629725945,0.6794958991798359,0.562632526505301
101332,0.7561512302460491,0.47985597119423884,0.5423084616923384
127167,0.13242648529705942,0.9239047809561912,0.13014602920584115
122676,0.4510902180436087,0.589117823564713,0.6956591318263652
149924,0.8204840968193639,0.5832366473294659,0.8076015203040607
135729,0.3756351270254051,0.24320864172834566,0.396879375875175
134184,0.31362272454490897,0.3387877575515103,0.4289657931586317
142637,0.9364272854570914,0.9475895179035808,0.5292258451690338
110068,0.7841968393678735,0.1407881576315263,0.11362272454490899
107112,0.3973594718943789,0.9036607321464294,0.056571314262852564
107454,0.3784356871374275,0.5491498299659932,0.5430686137227445
106059,0.14210842168433685,0.5694338867773554,0.9607921584316864
116458,0.9278655731146229,0.07505501100220044,0.12750550110022005
120310,0.9069813962792559,0.25757151430286057,0.3265453090618124
128846,0.974114822964593,0.6836967393478696,0.5354670934186837
116381,0.5696339267853571,0.2942988597719544,0.44544908981796366
141872,0.1782756551310262,0.7530706141228246,0.7987997599519904
124805,0.4617723544708942,0.025605121024204845,0.07957591518303661
123800,0.8868173634726946,0.2156431286257251,0.3661132226445289
126538,0.7327865573114622,0.38571714342868574,0.37375475095019
122591,0.7251450290058012,0.3551510302060412,0.26021204240848167
108910,0.5245849169833966,0.9542708541708342,0.8057611522304461
126984,0.8426085217043409,0.9392278455691139,0.08645729145829165
122297,0.7051010202040408,0.5145829165833167,0.844888977795559
133111,0.7983996799359871,0.5342268453690738,0.33186637327465496
137321,0.5219043808761752,0.6619723944788958,0.9191838367673535
109082,0.013722744548909779,0.6036007201440288,0.5691938387677535
110925,0.36119223844768955,0.2884176835367073,0.6146829365873174
143307,0.11242248449689939,0.28605721144228846,0.4674534906981397
143145,0.43304660932186434,0.860132026405281,0.7889177835567113
136871,0.3301860372074415,0.9271454290858172,0.81124224844969
140436,0.93250650130026,0.9675535107021405,0.9331866373274654
100779,0.7672734546909382,0.22592518503700743,0.3050610122024405
119438,0.188877775555111,0.560992198439688,0.4178835767153431
104775,0.6935387077415482,0.17111422284456893,0.13910782156431287
134552,0.884616923384677,0.5747949589917983,0.7182236447289458
127668,0.47489497899579913,0.3027005401080216,0.46573314662932586
103203,0.20728145629125821,0.11422284456891377,0.212122424484897
110447,0.7385477095419084,0.6902180436087219,0.47689537907581514
131970,0.28313662732546513,0.7197039407881576,0.7570314062812562
103723,0.41968393678735744,0.1278255651130226,0.13174634926985396
107957,0.6498899779955991,0.9937187437487498,0.1852370474094819
112584,0.6677735547109421,0.1369873974794959,0.16975395079015804
135721,0.5893578715743149,0.6324064812962593,0.5786357271454291
140711,0.1931586317263453,0.08925785157031407,0.0899379875975195
149259,0.42644528905781154,0.7445889177835566,0.49213842768553717
125650,0.8295259051810362,0.49301860372074413,0.460252050410082
122820,0.8459691938387677,0.18999799959991998,0.11546309261852371
103773,0.12498499699939988,0.11782356471294256,0.18519703940788157
118283,0.5923984796959392,0.7933186637327466,0.9690738147629526
147208,0.3752750550110022,0.11894378875775155,0.5730746149229846
106245,0.5436687337467494,0.4776955391078216,0.7381876375275055
130031,0.336747349469894,0.9657931586317263,0.14926985397079415
108085,0.23420684136827363,0.6397279455891178,0.5361072214442888
134491,0.7307061412282457,0.9624724944988998,0.04716943388677735
117450,0.9304660932186438,0.7548309661932386,0.6107221444288858
124722,0.15507101420284056,0.9177835567113423,0.0073214642928585705
116117,0.10058011602320464,0.6351270254050809,0.47529505901180236
113215,0.2655731146229246,0.4684536907381477,0.6134426885377076
136026,0.46017203440688137,0.2058011602320464,0.3914382876575315
129993,0.7123024604920984,0.5920784156831367,0.7037007401480296
146485,0.7952790558111623,0.733866773354671,0.6000800160032007
131662,0.38207641528305664,0.22324464892978596,0.8035607121424284
110233,0.20284056811362272,0.8952590518103621,0.3429085817163433
118167,0.16039207841568312,0.626885377075415,0.8638127625525105
123841,0.14702940588117622,0.29817963592718544,0.197999599919984
121411,0.8278855771154231,0.23628725745149032,0.10482096419283855
136948,0.12154430886177235,0.23044608921784354,0.6188837767553511
106362,0.37163432686537307,0.8156431286257252,0.7846769353870775
104918,0.8554110822164434,0.3630726145229045,0.29653930786157234
123486,0.6413682736547309,0.18751750350070012,0.8203240648129626
100229,0.739627925585117,0.33846769353870776,0.3398279655931186
137457,0.3051810362072414,0.3513502700540108,0.4438887777555511
114141,0.0396879375875175,0.8209241848369674,0.05705141028205642
146633,0.13050610122024403,0.8407681536307261,0.9971594318863772
133689,0.09937987597519504,0.5577915583116624,0.8708941788357671
147925,0.181876375275055,0.27425485097019403,0.8911782356471295
118090,0.7243448689737948,0.5432686537307462,0.566753350670134
140588,0.8742548509701941,0.6501700340068014,0.5081016203240648
114161,0.8922184436887377,0.9625525105021003,0.003280656131226245
127008,0.2700140028005601,0.49041808361672334,0.7632726545309062
124197,0.10938187637527505,0.9664332866573315,0.8044408881776355
122563,0.12090418083616722,0.5131826365273054,0.47329465893178635
115250,0.3186637327465493,0.8586917383476697,0.7925585117023406
117525,0.9331066213242649,0.9977595519103821,0.7606721344268854
101838,0.16559311862372472,0.746869373874775,0.5582316463292658
102510,0.5985197039407881,0.427125425085017,0.5464292858571713
147019,0.07601520304060812,0.22008401680336065,0.2969793958791758
117705,0.8282856571314262,0.5612722544508901,0.35611122224444886
114542,0.33478695739147835,0.21668333666733344,0.5699539907981597
130232,0.9882376475295058,0.4040808161632326,0.34194838967793556
142826,0.034366873374674936,0.8604520904180837,0.10346069213842769
143616,0.15251050210042005,0.7675535107021405,0.988357671534307
130412,0.34858971794358873,0.6520104020804162,0.8763352670534107
118178,0.8337267453490699,0.7203440688137628,0.9145429085817164
104603,0.7802760552110422,0.9285857171434286,0.5659931986397279
102191,0.9283456691338268,0.08353670734146829,0.8001600320064013
123781,0.25453090618123625,0.2164032806561312,0.21632326465293059
144242,0.25737147429485896,0.4155231046209242,0.6218443688737747
147295,0.6648529705941187,0.1354270854170834,0.2732146429285857
126476,0.9121424284856972,0.6207641528305662,0.5197039407881576
146137,0.3890378075615123,0.5597919583916783,0.5433486697339468
111996,0.21876375275055013,0.6368073614722944,0.29589917983596714
122063,0.264252850570114,0.4473294658931787,0.6017203440688137
147314,0.8738547709541908,0.44764952990598117,0.8793358671734346
141907,0.3039407881576315,0.7457891578315663,0.4799359871974395
110086,0.42684536907381476,0.06829365873174634,0.5519503900780156
128321,0.9402280456091219,0.33742748549709944,0.23736747349469894
116002,0.41156231246249253,0.8074414882976595,0.7654730946189238
113258,0.7602320464092818,0.2636927385477096,0.281376275255051
128990,0.8503300660132026,0.6900180036007202,0.46009201840368075
115218,0.7272254450890178,0.42680536107221445,0.41944388877775557
131587,0.18515703140628126,0.8802960592118424,0.018963792758551708
129559,0.5659131826365272,0.4049209841968393,0.891498299659932
115892,0.2402880576115223,0.09549909981996398,0.23860772154430887
144076,0.29045809161832364,0.5603520704140827,0.8529705941188238
124298,0.26553310662132423,0.3267053410682136,0.851370274054811
104041,0.40384076815363074,0.17379475895179036,0.5052610522104422
140411,0.12726545309061812,0.9259051810362072,0.8338867773554712
116441,0.2398479695939188,0.02440488097619524,0.09717943588717744
117165,0.18671734346869373,0.6223244648929785,0.9000600120024005
136580,0.2141628325665133,0.6706941388277655,0.5634726945389078
121115,0.39431886377275455,0.3307861572314463,0.3232246449289857
113776,0.23216643328665731,0.1561512302460492,0.2554910982196439
103793,0.06185237047409482,0.9789957991598319,0.002120424084816963
139764,0.5018603720744149,0.9067813562712542,0.08401680336067213
102974,0.20876175235047006,0.2640528105621124,0.18495699139827965
106562,0.7276255251050209,0.4554110822164433,0.8867773554710942
114746,0.7585117023404682,0.938627725545109,0.843888777755551
128872,0.7460692138427686,0.3363072614522904,0.6218843768753751
130294,0.4504500900180036,0.725385077015403,0.9139027805561113
105772,0.28581716343268654,0.6629725945189038,0.461492298459692
149018,0.7631926385277056,0.4178035607121424,0.8890178035607121
135527,0.23696739347869575,0.2163632726545309,0.14110822164432885
135991,0.36415283056611325,0.8866573314662932,0.20932186437287453
131652,0.6247249449889978,0.9618323664732947,0.1793158631726345
132282,0.655251050210042,0.46093218643728745,0.290498099619924
121325,0.21032206441288256,0.9144628925785158,0.04540908181636327
116118,0.3484696939387878,0.11026205241048208,0.06845369073814762
110340,0.8497299459891978,0.5175835167033407,0.7012202440488098
100809,0.2263652730546109,0.8816163232646529,0.16647329465893176
138466,0.37035407081416283,0.4741748349669934,0.6666933386677335
136715,0.0402880576115223,0.6740548109621924,0.9786757351470294
139722,0.19351870374074814,0.08289657931586317,0.07001400280056011
133993,0.7765953190638127,0.2837367473494699,0.8452090418083616
108604,0.6454090818163633,0.646489297859572,0.7297859571914382
105646,0.5495899179835967,0.22916583316663333,0.17659531906381276
134735,0.24340868173634725,0.1479095819163833,0.36419283856771356
126837,0.7333466693338668,0.10026005201040208,0.417123424684937
120489,0.5356271254250851,0.6800960192038408,0.8868173634726946
125135,0.7953990798159631,0.6458491698339668,0.7864372874574916
115814,0.6782156431286257,0.4169233846769354,0.25349069813962793
120497,0.3243448689737948,0.20956191238247648,0.5931986397279456
145066,0.8434886977395479,0.367873574714943,0.5091418283656731
106673,0.20344068813762753,0.20848169633926786,0.5311462292458492
100433,0.07037407481496297,0.40740148029605916,0.8674134826965393
136231,0.7943188637727545,0.6753750750150029,0.5157431486297259
145771,0.196999399879976,0.4655331066213243,0.463132626525305
120482,0.9644728945789157,0.8533706741348269,0.7771554310862172
125531,0.49457891578315666,0.8958991798359671,0.08313662732546509
149061,0.3672734546909382,0.505501100220044,0.4662932586517303
144658,0.04424884976995398,0.883496699339868,0.030326065213042604
114502,0.47641528305661135,0.45153030606121225,0.6834566913382677
130575,0.6625325065013002,0.30310062012402483,0.42068413682736544
139197,0.22320464092818562,0.10334066813362672,0.35939187837567516
147168,0.9560712142428487,0.6207241448289658,0.7623124624924985
111170,0.582756551310262,0.4745349069813963,0.7194638927785557
149579,0.8189637927585517,0.48521704340868177,0.5330666133226645
121923,0.30134026805361075,0.4654130826165233,0.5581116223244649
142286,0.35467093418683737,0.6189237847569514,0.5710342068413683
127041,0.059411882376475295,0.5069413882776554,0.4513302660532106
131769,0.06649329865973194,0.34598919783956794,0.8376875375075015
125952,0.25633126625325064,0.9617923584716943,0.11826365273054609
115984,0.7533906781356271,0.7177035407081417,0.412882576515303
140686,0.5590318063612723,0.7997999599919985,0.9163032606521304
128634,0.8994198839767954,0.3471094218843769,0.15303060612122424
132951,0.8886577315463092,0.9683536707341469,0.8090418083616724
139676,0.07385477095419084,0.8741748349669933,0.05641128225645129
104073,0.2177635527105421,0.9431486297259453,0.413242648529706
127612,0.5601920384076815,0.5792358471694339,0.720504100820164
103776,0.4023604720944189,0.4221644328865773,0.7485097019403881
116202,0.2201640328065613,0.5037007401480296,0.988877775555111
113982,0.31430286057211443,0.29561912382476496,0.8522904580916184
102979,0.7999999999999999,0.4988197639527905,0.25713142628525704
145970,0.440248049609922,0.1679535907181436,0.40896179235847163
112504,0.7527905581116223,0.24096819363872773,0.17755551110222045
104269,0.7207841568313662,0.043408681736347265,0.13190638127625526
110310,0.4442088417683536,0.4026405281056211,0.45829165833166635
140901,0.5034206841368274,0.9134226845369074,0.7434286857371475
105566,0.13514702940588116,0.18615723144628926,0.8333266653330667
148267,0.8330466093218645,0.46705341068213646,0.8524904980996199
123268,0.44064812962592514,0.631886377275455,0.7319863972794559
138620,0.22084416883376676,0.6966993398679736,0.6014402880576115
145328,0.4527305461092218,0.17731546309261853,0.2658131626325265
110587,0.3767953590718144,0.18251650330066013,0.20228045609121825
143360,0.2805361072214443,0.881376275255051,0.9943188637727547
130127,0.3138227645529106,0.5832766553310662,0.6255251050210042
123909,0.5010202040408082,0.22840568113622722,0.3518303660732146
142751,0.7699539907981596,0.18491698339667934,0.3407881576315263
122681,0.31158231646329265,0.2279655931186237,0.5167033406681336
120402,0.991358271654331,0.8369673934786956,0.09253850770154029
126285,0.3825165033006601,0.6312862572514504,0.4279655931186237
134429,0.8582916583316663,0.9809561912382476,0.7629125825165034
139028,0.41152230446089216,0.4695739147829566,0.43936787357471496
139560,0.9015803160632127,0.642768553710742,0.7620324064812962
139747,0.7965593118623725,0.26037207441488297,0.8131626325265052
101421,0.47533506701340267,0.23808761752350469,0.3326665333066613
142810,0.10950190038007601,0.21460292058411684,0.22632526505301057
142940,0.7881176235247049,0.5471894378875776,0.34970994198839767
128221,0.2025605121024205,0.4172834566913383,0.4500900180036007
140986,0.4899379875975195,0.35047009401880375,0.4777755551110222
134569,0.5092218443688737,0.24920984196839363,0.28185637127425484
104324,0.9424284856971394,0.8534106821364272,0.769113822764553
131454,0.31406281256251245,0.09701940388077615,0.5006601320264052
100513,0.08909781956391277,0.4338067613522704,0.4014402880576115
137772,0.38391678335667134,0.6671734346869373,0.7491498299659932
102308,0.26301260252050407,0.6367673534706941,0.8745749149829967
122236,0.9681136227245448,0.5875175035007002,0.3976795359071814
130878,0.4552910582116423,0.28661732346469293,0.4580916183236647
146625,0.4632126425285057,0.1525505101020204,0.3262652530506101
134297,0.5019803960792159,0.5592318463692738,0.487377475495099
127713,0.3485097019403881,0.23496699339867977,0.6723744748949789
146621,0.8726945389077816,0.7059011802360471,0.8674534906981397
143915,0.9729145829165834,0.6452090418083616,0.6686537307461492
103750,0.3514302860572115,0.2832966593318664,0.3267053410682137
110178,0.17303460692138428,0.19715943188637727,0.1298659731946389
114684,0.2047209441888378,0.23384676935387072,0.7422684536907381
111567,0.6924584916983396,0.5522304460892179,0.3655531106221245
127058,0.9339067813562713,0.4285257051410282,0.4292858571714343
106026,0.8606521304260852,0.5109021804360871,0.49953990798159636
139241,0.7203440688137628,0.6773754750950189,0.5229845969193839
111840,0.14466893378675735,0.9302260452090417,0.11534306861372273
115096,0.11958391678335666,0.8500900180036007,0.005921184236847369
115629,0.4769353870774155,0.6819363872774554,0.904380876175235
134590,0.1911182236447289,0.8108021604320864,0.9810362072414482
136596,0.5112622524504901,0.1364672934586917,0.32974594918983796
129648,0.5831566313262653,0.44588917783556714,0.9900780156031206
141752,0.14966993398679734,0.370754150830166,0.448369673934787
141873,0.3406681336267253,0.21404280856171234,0.33850770154030807
114413,0.7389477895579115,0.6469693938787757,0.8790958191638328
146401,0.3817163432686537,0.8775755151030207,0.9883576715343069
145712,0.14190838167633524,0.022244448889777953,0.08189637927585516
136388,0.2670934186837367,0.6398879775955192,0.9072614522904581
132524,0.5723944788957791,0.8490898179635927,0.8618923784756952
143078,0.21488297659531908,0.13534706941388278,0.532746549309862
119723,0.7643928785757151,0.356991398279656,0.6770554110822165
127317,0.4358471694338868,0.47689537907581514,0.2965393078615723
132818,0.24056811362272454,0.3289857971594319,0.595639127825565
128500,0.9222644528905781,0.9599919983996799,0.8890978195639128
111869,0.8080016003200641,0.5651930386077215,0.5749549909981996
111326,0.17359471894378878,0.24576915383076614,0.1274654930986197
119130,0.18403680736147232,0.5149029805961193,0.3769553910782157
124575,0.4065613122624525,0.4760552110422084,0.819763952790558
121614,0.06261252250450089,0.760112022404481,0.9554310862172435
141227,0.43020604120824163,0.8793758751750351,0.15383076615323063
117645,0.8732946589317865,0.16959391878375674,0.24536907381476297
130809,0.9989597919583917,0.5238647729545909,0.3415483096619324
143884,0.5996399279855971,0.45125025005001,0.4948989797959592
145246,0.7938387677535508,0.5423084616923385,0.501620324064813
146482,0.4585717143428686,0.028165633126625317,0.11554310862172432
141370,0.9319063812762552,0.7254250850170034,0.6918983796759351
143605,0.5692338467693538,0.08665733146629324,0.12510502100420084
123946,0.8923784756951392,0.4960992198439688,0.5773154630926186
112373,0.13986797359471895,0.4636527305461092,0.3891178235647129
140160,0.06373274654930987,0.43916783356671335,0.4110422084416884
118419,0.814242848569714,0.09321864372874575,0.2809761952390478
107768,0.9422684536907381,0.38579715943188636,0.3508301660332066
106702,0.4394478895779156,0.3863572714542909,0.8663332666533308
125042,0.46417283456691344,0.999239847969594,0.6143228645729145
125446,0.22040408081616325,0.715503100620124,0.5022204440888178
149255,0.7560712142428486,0.07053410682136427,0.11286257251450288
100904,0.15839167833566714,0.8024004800960192,0.7446689337867574
109271,0.7857171434286857,0.40940188037607517,0.48757751550310063
128158,0.7680736147229446,0.9190238047609522,0.057491498299659924
115500,0.879855971194239,0.6693338667733546,0.5263852770554112
106601,0.6204040808161633,0.7836367273454691,0.9067013402680536
119470,0.284616923384677,0.06649329865973194,0.3836767353470694
136247,0.668373674734947,0.10862172434486897,0.3000200040008002
128820,0.7262252450490099,0.9593918783756752,0.11394278855771155
104196,0.06941388277655532,0.16579315863172633,0.1529905981196239
126803,0.35215043008601715,0.15795159031806363,0.47725545109021805
102608,0.1444688937787557,0.3584716943388678,0.465373074614923
128263,0.013562712542508503,0.06793358671734348,0.383876775355071
149770,0.4781356271254251,0.21800360072014402,0.4926585317063413
137790,0.4846969393878776,0.31258251650330066,0.6430486097219443
125631,0.6622924584916983,0.9576715343068614,0.13214642928585718
116768,0.20828165633126622,0.9591918383676735,0.05293058611722345
110142,0.41716343268653727,0.9284656931386278,0.2544908981796359
125096,0.673014602920584,0.7369873974794958,0.461492298459692
132361,0.4896979395879176,0.3043408681736347,0.8755751150230047
104095,0.9609121824364872,0.7353870774154831,0.6114022804560912
128937,0.6278055611122224,0.8620524104820964,0.16955391078215643
144916,0.0496499299859972,0.14686937387477494,0.15387077415483097
145538,0.7066613322664533,0.5011002200440088,0.45973194638927783
149520,0.2504100820164033,0.03352670534106821,0.3472294458891778
122410,0.6868173634726946,0.6050410082016403,0.7443888777755552
130592,0.01860372074414883,0.8261252250450091,0.1308261652330466
123778,0.8750950190038007,0.7918783756751351,0.7213442688537708
128360,0.8155631126225245,0.3906781356271254,0.5557111422284458
115846,0.8726545309061813,0.5554710942188438,0.29185837167433487
119766,0.5159031806361273,0.2235647129425885,0.38559711942388475
119180,0.40248049609921976,0.9251450290058012,0.03592718543708742
136806,0.16655331066213241,0.8735747149429887,0.16079215843168634
101817,0.30338067613522707,0.850490098019604,0.6753350670134026
138708,0.9165833166633326,0.6828165633126626,0.6402880576115223
108737,0.6890178035607122,0.633366673334667,0.5477895579115823
109707,0.9977995599119824,0.15903180636127223,0.21632326465293056
149593,0.5618323664732947,0.0867373474694939,0.4220044008801761
134472,0.7713942788557712,0.28397679535907183,0.42000400080016
145195,0.8312062412482497,0.35983196639327863,0.3545509101820364
105226,0.42908581716343275,0.10758151630326065,0.35431086217243446
139423,0.7840368073614723,0.09861972394478895,0.21400280056011203
143900,0.2957391478295659,0.8697739547909582,0.8987797559511903
122282,0.033566713342668524,0.8178835767153432,0.07721544308861772
119588,0.5679535907181437,0.19511902380476098,0.458371674334867
141820,0.13186637327465492,0.9900380076015203,0.9063412682536507
108548,0.4087617523504701,0.4797359471894379,0.41004200840168037
110219,0.4065213042608522,0.06489297859571914,0.13910782156431287
100314,0.8609321864372874,0.9613122624524906,0.028725745149029806
144415,0.643008601720344,0.6414482896579315,0.3810362072414483
130499,0.519383876775355,0.1517903580716143,0.2855771154230846
148057,0.8400480096019204,0.9793958791758353,0.10598119623924783
106024,0.8206841368273655,0.34370874174834964,0.8216843368673735
121879,0.33706741348269653,0.660132026405281,0.504260852170434
136572,0.42504500900180037,0.2370474094818964,0.7147829565913183
122584,0.6554510902180435,0.7309061812362473,0.5072214442888577
102654,0.7975195039007802,0.9707941588317663,0.17091418283656729
121690,0.33178635727145434,0.2607721544308862,0.22560512102420482
139795,0.31274254850970196,0.3282656531306261,0.24192838567713543
146966,0.7733946789357872,0.054690938187637525,0.06209241848369674
128873,0.43124624924984994,0.7908381676335267,0.9091818363672735
147599,0.8407681536307261,0.8598519703940788,0.7383476695339067
124121,0.6889777955591119,0.21980396079215841,0.2654130826165233
110890,0.7053410682136427,0.30014002800560113,0.4424484896979396
108211,0.09593918783756751,0.5492698539707941,0.4539307861572315
106797,0.2909381876375275,0.8300860172034407,0.9523104620924185
123528,0.3908381676335267,0.5570714142828566,0.6709341868373675
107339,0.09457891578315664,0.8679735947189438,0.11118223644728946
121053,0.2727745549109822,0.6067213442688537,0.6887777555511102
110475,0.25473094618923786,0.9185837167433486,0.06749349869973995
134759,0.34294858971794356,0.7525105021004201,0.6236447289457892
122878,0.9037807561512301,0.3890378075615123,0.2941788357671534
100462,0.785237047409482,0.417003400680136,0.7687937587517504
118082,0.5191838367673536,0.4542908581716343,0.4977395479095819
147291,0.31110222044408886,0.40456091218243645,0.8642928585717143
131649,0.15055011002200439,0.6019603920784157,0.8925785157031407
140044,0.1393878775755151,0.7289857971594319,0.9902380476095218
113548,0.7251050210042009,0.6515303060612123,0.9051410282056411
107306,0.9159431886377275,0.5693138627725546,0.6707741548309661
120840,0.1158631726345269,0.34138827765553115,0.2951790358071615
115625,0.14474894978995798,0.7294658931786357,0.7603120624124825
132251,0.9891978395679136,0.35763152630526107,0.34294858971794356
132795,0.15391078215643128,0.39411882376475293,0.6459691938387677
109881,0.3577915583116623,0.4797759551910382,0.6855371074214843
130610,0.4921384276855371,0.8550510102020403,0.12058411682336466
134527,0.05141028205641128,0.6739347869573914,0.9769153830766153
137844,0.9401480296059211,0.8922584516903381,0.11538307661532307
136069,0.09857971594318865,0.863492698539708,0.7300660132026405
111328,0.9947589517903581,0.4110422084416883,0.7963992798559713
104049,0.36119223844768955,0.6322864572914583,0.9665533106621325
113313,0.5220244048809762,0.26181236247249445,0.28213642728545707
132607,0.629885977195439,0.5077815563112623,0.9316263252650531
111434,0.2607321464292858,0.16599319863972795,0.13546709341868374
143334,0.8776555311062213,0.20416083216643327,0.23576715343068613
129330,0.9032606521304262,0.805121024204841,0.918623724744949
148310,0.9284256851370274,0.5510302060412082,0.30394078815763154
113026,0.2920184036807361,0.6206441288257651,0.9225045009001801
101861,0.7013002600520104,0.9067813562712542,0.0035607121424284854
126262,0.45257051410282056,0.08385677135427086,0.18315663132626525
106700,0.020204040808161634,0.6364072814562912,0.9201440288057611
109767,0.7223844768953791,0.6407281456291258,0.8390078015603121
137340,0.6967393478695738,0.8519703940788157,0.02720544108821764
136130,0.9491898379675936,0.7157031406281256,0.5529905981196239
109599,0.08549709941988397,0.698379675935187,0.9773554710942188
112597,0.10354070814162834,0.04284856971394279,0.058291658331666336
141831,0.9664332866573315,0.41368273654730947,0.44692938587717546
105973,0.07529505901180236,0.336867373474695,0.8672934586917382
134069,0.6528505701140228,0.19291858371674336,0.9322664532906582
106302,0.6332066413282655,0.6259251850370073,0.8448089617923585
122013,0.14282856571314262,0.20692138427685536,0.9074214842968593
127558,0.737627525505101,0.9206641328265653,0.27881576315263057
125760,0.9221444288857772,0.9333066613322665,0.4714142828565714
135864,0.05161032206441289,0.46673334666933386,0.5874774954990998
102277,0.6786157231446289,0.9596719343868774,0.7581516303260653
107063,0.5897179435887177,0.5735947189437888,0.33642728545709144
122947,0.4827365473094619,0.7083016603320664,0.5255451090218044
111334,0.6729345869173834,0.14242848569713942,0.13874774954990998
121905,0.08409681936387277,0.7491098219643929,0.9668333666733347
139785,0.6449689937987597,0.39439887977595517,0.9125825165033007
107645,0.5331866373274655,0.49709941988397677,0.9555511102220444
123561,0.9952390478095618,0.36183236647329464,0.3037407481496299
145244,0.828005601120224,0.12698539707941586,0.22756551310262052
122959,0.21964392878575717,0.2940588117623525,0.6344468893778756
132605,0.22876575315063014,0.8624924984997,0.1460292058411682
116075,0.34438887777555516,0.4100820164032807,0.504620924184837
115655,0.8287257451490299,0.8006801360272053,0.9605121024204841
136325,0.8165633126625325,0.305501100220044,0.4132826565313063
112813,0.22916583316663333,0.4300860172034407,0.9494698939787958
144121,0.5639927985597118,0.14114822964592919,0.45157031406281256
105452,0.8429685937187438,0.3753150630126025,0.46793358671734353
117122,0.7498299659931986,0.38643728745749145,0.6855771154230846
143178,0.5951590318063613,0.2257251450290058,0.7655531106221245
123683,0.22284456891378276,0.16363272654530903,0.42972594518903784
113277,0.2911782356471294,0.15851170234046807,0.12326465293058611
130885,0.8125225045009001,0.2949389877975595,0.2628125625125025
130126,0.7696739347869574,0.9441888377675536,0.8024004800960192
119461,0.8570514102820564,0.9733546709341868,0.23560712142428486
107704,0.4177235447089418,0.12302460492098419,0.7916383276655332
112697,0.787877575515103,0.8749749949989998,0.06413282656531305
148329,0.5568713742748549,0.4466893378675735,0.4014002800560112
118220,0.5358271654330866,0.31442288457691536,0.5983596719343869
135820,0.23596719343868774,0.8194838967793558,0.5825965193038607
110005,0.44848969793958793,0.2614922984596919,0.27829565913182636
123560,0.17835567113422685,0.6518503700740148,0.9523104620924185
118711,0.5134226845369074,0.9410682136427285,0.22580516103220644
135296,0.6416483296659332,0.3840368073614723,0.5461492298459693
130411,0.20488097619523904,0.7159031806361272,0.9528305661132227
119120,0.27481496299259855,0.09069813962792558,0.8235647129425885
102047,0.055931186237247445,0.5743548709741949,0.9063412682536507
102026,0.7931986397279456,0.941868373674735,0.08181636327265453
122690,0.9390678135627126,0.3909181836367273,0.30234046809361875
148028,0.16543308661732345,0.18811762352470496,0.3109821964392879
108641,0.4388877775555111,0.3575515103020604,0.7413882776555311
127233,0.16135227045409084,0.5645529105821164,0.9606321264252851
142108,0.7004200840168033,0.6560512102420484,0.942988597719544
109086,0.2759751950390078,0.9185037007401481,0.04468893778755751
100740,0.7385077015403081,0.1900380076015203,0.24812962592518503
115687,0.17839567913582716,0.5720344068813763,0.9639127825565114
133339,0.9092618523704741,0.8008001600320065,0.5841968393678736
124514,0.2664532906581316,0.6014402880576115,0.48865773154630926
121962,0.08185637127425485,0.6411682336467293,0.6769753950790158
133808,0.34218843768753754,0.32514502900580117,0.2167633526705341
135069,0.9793958791758353,0.19567913582716545,0.2752950590118024
138831,0.17483496699339868,0.36767353470694136,0.2299259851970394
143851,0.9541508301660331,0.2807361472294459,0.16839367873574715
142172,0.6956991398279657,0.8404880976195239,0.008721744348869773
112583,0.5426685337067414,0.27081416283256654,0.4500500100020004
135275,0.8468093618723744,0.18571714342868573,0.5198639727945589
140197,0.48489697939587917,0.5677935587117424,0.5763552710542108
146596,0.5951990398079615,0.20484096819363873,0.3333466693338668
149290,0.46669333866773355,0.21648329665933186,0.2296059211842368
110610,0.6154830966193239,0.011082216443288655,0.07389477895579116
116042,0.41572314462892584,0.09793958791758353,0.10402080416083218
102957,0.6118423684736947,0.9014602920584116,0.036527305461092216
118140,0.7971994398879776,0.5936787357471495,0.3238247649529906
136136,0.12898579715943187,0.5832366473294658,0.5177035407081416
144876,0.1017003400680136,0.7257051410282057,0.984876975395079
134421,0.4488497699539908,0.3581516303260652,0.38587717543508704
123359,0.8450090018003601,0.9061412282456491,0.5573914782956592
114762,0.540508101620324,0.056171234246849375,0.13162632526505302
143816,0.09945989197839566,0.834366873374675,0.9994798959791958
140032,0.3255451090218044,0.5091418283656731,0.9674734946989398
129465,0.3189037807561512,0.2085217043408682,0.5722744548909782
103956,0.8274854970994199,0.8700140028005602,0.8108421684336868
101075,0.7841168233646729,0.37343468693738746,0.44936987397479494
134068,0.37815563112622524,0.2219243848769754,0.26333266653330667
135499,0.7997599519903982,0.17435487097419483,0.5068613722744549
114462,0.8919783956791358,0.06149229845969193,0.30582116423284655
115209,0.5393078615723145,0.3887977595519103,0.7864772954590918
148702,0.882376475295059,0.9304660932186437,0.07353470694138828
138984,0.6708141628325666,0.4508501700340068,0.4911782356471294
105295,0.07517503500700139,0.9349469893978796,0.03776755351070214
118205,0.8870174034806961,0.8865373074614922,0.7919583916783357
101247,0.7765153030606121,0.9250650130026006,0.8436487297459492
139644,0.43244648929785956,0.3898379675935187,0.8582116423284657
116810,0.763992798559712,0.8510502100420083,0.8297659531906381
101928,0.7277855571114222,0.5028205641128226,0.8749349869973995
147360,0.9124624924984996,0.9332666533306662,0.08153630726145228
141222,0.038367673534706936,0.749749949989998,0.9413482696539308
118625,0.8499299859971995,0.8710142028405681,0.8183636727345469
135040,0.2896979395879176,0.08549709941988398,0.20184036807361475
137004,0.14626925385077016,0.48993798759751944,0.9325865173034608
129864,0.8848169633926786,0.48669733946789356,0.2264852970594119
119926,0.8824564912982598,0.5129425885177036,0.5934386877375475
137134,0.20020004000800162,0.6228845769153831,0.47629525905181036
114583,0.17339467893578717,0.1864372874574915,0.24888977795559114
112785,0.11522304460892178,0.24552910582116422,0.19031806361272255
149466,0.07769553910782158,0.10822164432886579,0.13866773354670936
143363,0.4652130426085217,0.5832766553310663,0.6840568113622724
104578,0.14998999799959994,0.20676135227045406,0.44120824164832967
114438,0.5881976395279056,0.44316863372674536,0.3249049809961993
120484,0.08565713142628525,0.9161032206441289,0.8279255851170233
129399,0.23216643328665737,0.04240848169633927,0.4099619923984797
148514,0.6304460892178436,0.39611922384476894,0.416003200640128
148670,0.40208041608321665,0.4910982196439288,0.6751750350070014
117862,0.176875375075015,0.8908181636327266,0.0821764352870574
148487,0.4937387477495499,0.7077015403080616,0.6569313862772554
103663,0.4196839367873575,0.8384476895379076,0.04332866573314663
127890,0.9142628525705141,0.8390878175635127,0.8986997399479896
149947,0.5542708541708341,0.41424284856971394,0.8744148829765954
134468,0.7264652930586117,0.41784356871374273,0.44460892178435685
134061,0.5459891978395679,0.6952590518103621,0.7358271654330866
136991,0.829005801160232,0.8058011602320465,0.7638327665533107
112116,0.3119023804760952,0.41548309661932387,0.308501700340068
123783,0.7915583116623325,0.6472094418883776,0.4838967793558712
114750,0.9937587517503501,0.4615323064612923,0.3250650130026005
121076,0.14786957391478295,0.3161032206441288,0.7822364472894578
145962,0.115503100620124,0.23132626525305058,0.2508501700340068
109939,0.9403080616123225,0.6162032406481296,0.5887177435487098
112595,0.6980596119223844,0.603120624124825,0.9583116623324666
132965,0.216003200640128,0.7634726945389079,0.5562312462492498
133166,0.7599519903980796,0.9618723744748949,0.11162232446489298
124117,0.3530306061212242,0.46997399479895974,0.762112422484497
112384,0.44096819363872775,0.660132026405281,0.577755551110222
148015,0.958511702340468,0.6451690338067614,0.4800960192038408
128966,0.8530906181236249,0.9272254450890178,0.06909381876375274
105007,0.6642928585717144,0.9131026205241048,0.46005201040208044
131267,0.4751750350070014,0.06645329065813162,0.1712742548509702
115160,0.6910982196439288,0.9445089017803562,0.034726945389077814
111393,0.4718943788757751,0.4296859371874375,0.6295659131826365
115181,0.3532706541308262,0.27485497099419887,0.3411482296459292
101037,0.13242648529705942,0.7261452290458092,0.6729745949189838
118349,0.6470494098819763,0.19519903980796158,0.30582116423284655
101343,0.3610322064412883,0.05645129025805161,0.410242048409682
149721,0.4113622724544909,0.9720744148829767,0.5463892778555711
109994,0.5306661332266454,0.5842768553710743,0.36795359071814365
146392,0.8488497699539908,0.5607121424284857,0.7098619723944788
111525,0.40676135227045407,0.4166833366673334,0.5084216843368674
141781,0.7478295659131826,0.7076215243048609,0.8708941788357671
122814,0.17167433486697337,0.3834366873374675,0.5777955591118225
149742,0.7053010602120424,0.052970594118823766,0.2247649529905981
113077,0.23024604920984196,0.6298459691938387,0.5404680936187237
141994,0.8386477295459092,0.3570714142828566,0.36491298259651933
124818,0.19015803160632125,0.23780756151230242,0.898619723944789
107572,0.1759151830366073,0.8855371074214844,0.5393078615723146
116795,0.09541908381676335,0.1559511902380476,0.36611322264452895
118782,0.9875175035007002,0.7883176635327065,0.7320264052810563
136263,0.6505301060212042,0.2436087217443489,0.24356871374274858
111842,0.5399479895979196,0.40776155231046207,0.8966593318663733
110185,0.3982396479295859,0.5856771354270854,0.9571514302860573
139915,0.6522104420884177,0.17235447089417882,0.13146629325865172
139796,0.8022404480896179,0.6395279055811163,0.8969393878775754
149949,0.5100220044008801,0.5725545109021805,0.8878175635127026
132455,0.9717943588717743,0.7206641328265653,0.5412682536507302
101676,0.5323864772954591,0.30502100420084016,0.4826165233046609
138782,0.6071614322864572,0.8547709541908382,0.7630326065213042
137725,0.14846969393878776,0.20024004800960193,0.5384676935387077
128111,0.45069013802760555,0.572994598919784,0.928985797159432
122809,0.09437887577515504,0.5525505101020204,0.8959391878375675
147790,0.45625125025005003,0.23100620124024804,0.56875375075015
111447,0.3551910382076415,0.9864772954590919,0.20412082416483296
149622,0.4337667533506701,0.46433286657331463,0.8596519303860772
145642,0.6379675935187037,0.08917783556711341,0.28301660332066414
127293,0.31714342868573714,0.4579315863172635,0.3293458691738348
140443,0.6950990198039608,0.2825765153030606,0.16515303060612121
104615,0.9861972394478895,0.5605521104220844,0.3075415083016603
130173,0.819123824764953,0.3880376075215043,0.5902780556111222
127190,0.2780156031206241,0.6366873374674934,0.4690138027605521
128289,0.9232646529305861,0.17859571914382874,0.11570314062812562
140944,0.875615123024605,0.047689537907581514,0.07701540308061612
134459,0.4050410082016403,0.07209441888377674,0.18743748749749947
126022,0.9265453090618123,0.7307861572314462,0.7038607721544309
109923,0.6508101620324065,0.7501500300060012,0.606761352270454
145617,0.28933786757351465,0.1939187837567513,0.5095819163832768
102012,0.4648929785957191,0.1958391678335667,0.43096619323864777
136515,0.2496499299859972,0.870374074814963,0.5911982396479296
100633,0.33830766153230646,0.011002200440088015,0.154750950190038
126869,0.8621324264852971,0.6798559711942389,0.5199439887977596
137778,0.8552910582116422,0.9671134226845368,0.7600720144028806
148236,0.2748149629925985,0.06969393878775754,0.10314062812562515
114387,0.09557911582316464,0.30026005201040207,0.5460692138427686
138296,0.4042008401680336,0.982876575315063,0.18055611122224446
144022,0.06789357871574314,0.46353270654130824,0.14866973394678937
100849,0.7958791758351671,0.5740748149629926,0.6856171234246848
148355,0.47521504300860173,0.19547909581916384,0.27441488297659533
132830,0.3912782556511302,0.4509301860372074,0.41328265653130625
130602,0.35547109421884376,0.27933586717343467,0.5472694538907782
137375,0.800880176035207,0.48845769153830765,0.5620324064812963
137829,0.7374674934986997,0.5240648129625926,0.9475095019003801
110299,0.650490098019604,0.2558111622324465,0.5022204440888177
139238,0.8980596119223845,0.41588317663532703,0.45357071414282857
111416,0.37439487897579515,0.48845769153830765,0.3804760952190438
132602,0.0767753550710142,0.8434086817363473,0.09225845169033807
100195,0.13354670934186838,0.7450690138027605,0.4838167633526705
123341,0.2274854970994199,0.7124624924984998,0.7723544708941789
118432,0.09125825165033005,0.8895779155831166,0.24856971394278854
102806,0.0018803760752150425,0.8500100020004001,1.0
103787,0.5724344868973795,0.47617523504700937,0.523384676935387
133797,0.22580516103220644,0.19395879175835162,0.11718343668733748
105273,0.24508901780356068,0.47433486697339466,0.5325465093018603
147309,0.9452290458091619,0.4416483296659332,0.4237247449489898
123820,0.5507101420284057,0.0023604720944188835,0.05773154630926185
130659,0.7575515103020604,0.4377675535107021,0.5637127425485097
100075,0.9387077415483096,0.7270254050810162,0.8871374274854972
103305,0.804760952190438,0.45133026605321064,0.4872174434886978
138823,0.06717343468693739,0.9475495099019804,0.6799359871974395
118664,0.9858371674334867,0.3911982396479296,0.4043208641728345
125182,0.2044008801760352,0.044208841768353664,0.2546909381876375
113148,0.5862772554510902,0.499379875975195,0.803120624124825
110384,0.05897179435887176,0.5354270854170834,0.9471894378875776
111535,0.6347269453890778,0.9243848769753951,0.7403080616123225
139159,0.3741948389677935,0.3106621324264853,0.406121224244849
106444,0.8955791158231646,0.9472694538907781,0.13354670934186835
119968,0.18103620724144828,0.9239447889577915,0.049609921984396885
148884,0.8428485697139427,0.7311062212442488,0.6845369073814763
121510,0.23552710542108424,0.39171834366873376,0.6987797559511901
133015,0.9846369273854771,0.36775355071014204,0.234126825365073
126225,0.8802560512102421,0.33898779755951186,0.3775555111022204
111986,0.09157831566313261,0.877135427085417,0.9943988797759552
146561,0.5147829565913182,0.5082616523304662,0.8006001200240048
106756,0.4960992198439688,0.6399679935987197,0.4467693538707742
120388,0.18911782356471293,0.7619523904780956,0.6080416083216643
104499,0.592998599719944,0.2696539307861572,0.4170434086817364
128888,0.2897379475895179,0.280496099219844,0.5125425085017004
136586,0.09229845969193838,0.3117023404680936,0.8516103220644129
133157,0.6949789957991599,0.26453290658131623,0.2835367073414683
105131,0.07505501100220044,0.15951190238047608,0.18239647929585917
113734,0.1766753350670134,0.09245849169833967,0.1417883576715343
128763,0.6765753150630125,0.40524104820964196,0.5986397279455891
142280,0.1976795359071814,0.24636927385477095,0.86501300260052
128266,0.45449089817963595,0.7118223644728945,0.7801560312062412
144126,0.8376875375075015,0.0584116823364673,0.31434286857371474
116370,0.7477895579115823,0.6631726345269053,0.8583316663332666
137447,0.23912782556511303,0.9213842768553712,0.01240248049609922
145050,0.5967593518703741,0.6484496899379876,0.4721744348869774
109286,0.5063012602520504,0.20056011202240448,0.14026805361072214
139968,0.9455491098219644,0.7412682536507301,0.6719343868773755
121546,0.09269853970794159,0.7721544308861772,0.9433886777355471
102596,0.5303460692138428,0.5275455091018204,0.7370274054810962
146722,0.7936387277455491,0.37591518303660737,0.6786957391478295
108378,0.6159231846369273,0.6186037207441488,0.8745349069813964
142105,0.315623124624925,0.8113622724544909,0.650250050010002
118992,0.9501900380076016,0.8958991798359672,0.7780756151230246
128843,0.30850170034006796,0.8999399879975996,0.05957191438287657
120579,0.24132826565313062,0.46453290658131624,0.8422884576915384
145040,0.9519903980796158,0.7780356071214243,0.5958391678335666
147662,0.2346869373874775,0.3203040608121624,0.5757551510302061
114381,0.6768153630726145,0.09993998799759951,0.19827965593118624
108662,0.24708941788357672,0.4840168033606721,0.9645129025805161
108083,0.803640728145629,0.07701540308061611,0.2388877775555111
127936,0.6967793558711742,0.4821764352870574,0.48121624324864976
114333,0.7511502300460092,0.943628725745149,0.33818763752750547
129633,0.7248649729945988,0.5854770954190839,0.9145029005801161
113916,0.047529505901180234,0.9129025805161032,0.022484496899379876
127045,0.14806961392278456,0.31806361272254446,0.2966593318663733
104050,0.41072214442888577,0.6282856571314263,0.5014602920584117
138247,0.49097819563912787,0.24708941788357672,0.8012002400480096
126159,0.35051010202040406,0.45185037007401485,0.731866373274655
138638,0.4328465693138628,0.8399679935987197,0.7555911182236447
127398,0.7569513902780557,0.597239447889578,0.37043408681736345
139222,0.7619123824764953,0.016363272654530907,0.12962592518503702
140260,0.2177635527105421,0.9962392478495699,0.680256051210242
115497,0.8675335067013402,0.015763152630526103,0.1511502300460092
109255,0.9989597919583917,0.03596719343868773,0.06797359471894379
110950,0.1883976795359072,0.5714342868573714,0.8999799959991999
146585,0.10058011602320463,0.7742748549709941,0.9980796159231846
138610,0.18895779155831166,0.06733346669333866,0.4203240648129626
131017,0.6413682736547309,0.26749349869974,0.8115223044608922
116289,0.4026405281056211,0.943988797759552,0.7361872374474896
115898,0.05141028205641128,0.9119423884776956,0.019323864772954592
106498,0.5383476695339068,0.311502300460092,0.8611322264452891
143173,0.6050810162032407,0.4872174434886978,0.6047209441888378
122832,0.9477095419083816,0.09521904380876176,0.07753550710142028
116559,0.4219643928785757,0.47917583516703344,0.40420084016803354
126124,0.6883376675335068,0.9682336467293459,0.23188637727545508
121182,0.3421084216843369,0.1220244048809762,0.3355871174234847
126878,0.8196439287857572,0.0022004400880176033,0.059811962392478504
148081,0.9980796159231846,0.15771154230846168,0.13966793358671734
125999,0.9199839967993599,0.4596119223844769,0.3036607321464293
147411,0.31910382076415283,0.30558111622324463,0.6786557311462291
116613,0.39811962392478495,0.596879375875175,0.6002800560112023
128819,0.5423084616923384,0.464372874574915,0.6653330666133227
149076,0.14314862972594522,0.5886377275455091,0.8738947789557912
102756,0.4409681936387277,0.8670134026805361,0.8012802560512102
133505,0.27925585117023405,0.22436487297459495,0.5450690138027606
121296,0.09705941188237646,0.8616923384676936,0.5211442288457692
118416,0.30094018803760747,0.2959791958391678,0.3093418683736747
102827,0.8178835767153432,0.1017003400680136,0.23480696139227844
142288,0.8044808961792358,0.21768353670734145,0.25737147429485896
101442,0.3089417883576715,0.4487697539507902,0.5178235647129427
122455,0.9031406281256251,0.07665533106621324,0.20416083216643327
100533,0.2350470094018804,0.33810762152430485,0.9372674534906982
101575,0.3018203640728146,0.10770154030806162,0.2815363072614523
144269,0.41844368873774757,0.34158831766353276,0.31954390878175637
113089,0.835127025405081,0.3973994798959792,0.5444288857771553
121301,0.23612722544508902,0.9224644928985797,0.0921384276855371
100464,0.9110622124424884,0.9481496299259852,0.4838967793558712
101351,0.5513502700540107,0.16483296659331864,0.2657331466293259
120452,0.021724344868973795,0.3320264052810562,0.832126425285057
103470,0.26881376275255053,0.8345269053810763,0.7109821964392878
149573,0.7323864772954591,0.5812362472494499,0.562872574514903
146887,0.22480496099219846,0.4988597719543909,0.675255051010202
111164,0.40352070414082813,0.17991598319663935,0.6511702340468093
145850,0.914742948589718,0.9081016203240648,0.26713342668533707
117383,0.4174034806961392,0.9714742948589719,0.07597519503900779
149372,0.1923984796959392,0.09077815563112623,0.2701740348069614
127613,0.5814362872574514,0.3265853170634127,0.6340468093618723
140206,0.8890978195639128,0.8008401680336068,0.9172234446889378
144314,0.37619523904780955,0.9280656131226245,0.07033406681336267
112673,0.11514302860572115,0.2722144428885777,0.19471894378875776
142811,0.5442688537707541,0.07585517103420684,0.6128825765153031
123116,0.804880976195239,0.5504700940188038,0.6154430886177236
139291,0.792758551710342,0.7281456291258251,0.6928185637127425
128280,0.8942588517703541,0.9770754150830165,0.015403080616123221
121665,0.3543508701740348,0.04500900180036007,0.4232846569313863
144728,0.8918983796759352,0.7014602920584118,0.664892978595719
123613,0.41324264852970594,0.9429085817163432,0.18679735947189435
128953,0.12934586917383478,0.10050010002000401,0.202000400080016
100024,0.3091018203640728,0.5341068213642729,0.7241048209641928
106693,0.29325865173034604,0.16507301460292056,0.3089017803560712
139459,0.7650730146029205,0.17331466293258652,0.2580516103220644
139321,0.5529905981196239,0.4911782356471295,0.5741548309661932
121307,0.05109021804360872,0.40672134426885376,0.948109621924385
121230,0.37531506301260253,0.57875575115023,0.8830966193238647
137290,0.15627125425085017,0.6221244248849771,0.9121024204840968
140240,0.5153830766153231,0.4115623124624925,0.895739147829566
127550,0.11018203640728144,0.4778955791158232,0.8289257851570314
126303,0.6130826165233046,0.7535907181436287,0.6427285457091418
112938,0.27269453890778156,0.483496699339868,0.39295859171834363
132172,0.6157231446289259,0.6240048009601921,0.5080616123224645
126056,0.08297659531906382,0.46565313062612523,0.9598719743948789
139439,0.5961192238447689,0.6635727145429086,0.5312262452490498
124467,0.19427885577115425,0.15071014202840569,0.6504900980196039
115881,0.6022804560912183,0.19807961592318465,0.18583716743348672
148916,0.9185837167433487,0.3906381276255251,0.47921584316863375
126148,0.43336667333466694,0.06833366673334666,0.38439687937587513
128195,0.6966993398679736,0.8033606721344269,0.908501700340068
113911,0.1461492298459692,0.10454090818163633,0.16403280656131228
143261,0.9202640528105621,0.6528105621124225,0.46773354670934186
146028,0.7681936387277456,0.38963792758551713,0.5295859171834366
138273,0.6028005601120224,0.355871174234847,0.37695539107821563
130674,0.08861772354470894,0.8819763952790558,0.23544708941788356
140263,0.2462892578515703,0.49061812362472496,0.6277255451090218
124724,0.9891578315663132,0.19711942388477693,0.8189237847569514
101549,0.6644928985797159,0.8885377075415084,0.03704740948189637
146364,0.15719143828765753,0.08453690738147629,0.8079215843168635
148872,0.15967193438687735,0.8462892578515703,0.051450290058011605
120636,0.591758351670334,0.9483496699339868,0.6005201040208041
114597,0.19931986397279455,0.36947389477895576,0.9510302060412082
122430,0.3586717343468694,0.8938987797559511,0.7267053410682136
127760,0.27581516303260656,0.579115823164633,0.4726145229045809
148378,0.34242848569713946,0.20632126425285058,0.31142228445689135
113690,0.2742148429685937,0.4689337867573515,0.2245249049809962
123673,0.5132626525305061,0.7965993198639727,0.9417883576715342
148718,0.6368073614722944,0.19783956791358273,0.6177635527105421
105325,0.6029205841168234,0.39971994398879773,0.5369473894778957
137621,0.8784556911382277,0.6906581316263252,0.8717743548709742
136979,0.648489697939588,0.5515503100620125,0.8576915383076615
125309,0.2452090418083617,0.5569513902780556,0.7661932386477296
124531,0.2832166433286657,0.9072214442888579,0.055451090218043605
144537,0.6619323864772955,0.6582116423284656,0.8583316663332667
102013,0.4257251450290058,0.6435687137427486,0.6272454490898179
137451,0.2117623524704941,0.28341668333666736,0.34542908581716336
140675,0.8640928185637128,0.13170634126825365,0.2912182436487297
111883,0.21996399279855972,0.2892178435687137,0.34466893378675734
109645,0.11018203640728144,0.7528705741148229,0.8675335067013402
119034,0.3089817963592718,0.25277055411082217,0.5519903980796159
138859,0.26485297059411883,0.35763152630526107,0.4482096419283857
100493,0.4448889777955592,0.0741748349669934,0.42420484096819366
128198,0.25653130626125226,0.5315463092618523,0.20928185637127428
107354,0.6876575315063013,0.17975595119023804,0.48565713142628525
123471,0.3700340068013603,0.41732346469293863,0.32418483696739353
138064,0.9492298459691939,0.5994398879775955,0.8769753950790158
113444,0.7247849569913982,0.9344268853770754,0.7412682536507302
147566,0.48881776355271056,0.5313462692538508,0.4676135227045409
119734,0.16779355871174234,0.11934386877375473,0.29621924384876974
108598,0.9804760952190439,0.6867373474694939,0.31738347669533906
121624,0.939627925585117,0.4954190838167633,0.3425885177035407
126039,0.6998999799959992,0.37603520704140825,0.3132626525305061
136329,0.15607121424284853,0.8634126825365073,0.09297859571914383
136848,0.6149229845969193,0.6343268653730746,0.6914182836567313
113672,0.20864172834566913,0.47825565113022606,0.880136027205441
146525,0.9271854370874174,0.6038007601520304,0.5503900780156032
144047,0.9993598719743948,0.13658731746349267,0.07789557911582316
139219,0.10130026005201039,0.4434886977395479,0.8751350270054011
144740,0.1409081816363273,0.5876775355071014,0.9199039807961592
100365,0.4451690338067613,0.6735347069413883,0.9000200040008002
124472,0.019403880776155232,0.41152230446089216,0.9634326865373074
120161,0.046329265853170626,0.7249849969993999,0.9404680936187237
102560,0.220124024804961,0.7584716943388679,0.4404880976195239
107506,0.18679735947189438,0.25317063412682533,0.15715143028605721
136842,0.1716743348669734,0.9461492298459693,0.001960392078415683
112343,0.6360472094418883,0.8549709941988398,0.05677135427085417
115040,0.6690538107621524,0.6153630726145229,0.4163632726545309
101176,0.9450290058011602,0.20812162432486497,0.1292658531706341
109848,0.2621724344868974,0.48297659531906384,0.7848369673934787
141057,0.4372874574914983,0.21064212842568514,0.19351870374074814
108469,0.2197639527905581,0.8622124424884977,0.6962592518503701
107794,0.8722544508901781,0.05121024204840968,0.15619123824764952
119953,0.08477695539107823,0.2146029205841168,0.45057011402280456
147163,0.6122024404880976,0.646009201840368,0.7081016203240649
137126,0.7910782156431286,0.432246449289858,0.5230646129225845
116717,0.8466893378675735,0.7859171834366874,0.746629325865173
130058,0.485497099419884,0.3665933186637328,0.590878175635127
142649,0.9103420684136827,0.9385477095419084,0.1308261652330466
124550,0.8935787157431486,0.37871574314862977,0.2186837367473495
139636,0.32026405281056214,0.3596719343868774,0.38031606321264255
130963,0.7104220844168834,0.4015203040608122,0.8197239447889578
105797,0.4556911382276455,0.8148029605921184,0.7358271654330866
140328,0.49321864372874574,0.3202240448089618,0.35131026205241045
147166,0.753870774154831,0.6977795559111823,0.8459291858371674
149281,0.742108421684337,0.6324864972994599,0.8911782356471295
134577,0.15431086217243448,0.49893978795759153,0.24704940988197638
125056,0.22724544908981797,0.26425285057011405,0.41172234446889383
138438,0.757751550310062,0.9521504300860172,0.027925585117023404
103302,0.4641728345669134,0.05461092218443688,0.8049609921984396
115121,0.3089017803560712,0.9977195439087818,0.7267853570714142
142668,0.9031806361272254,0.6854170834166834,0.5686337267453491
123811,0.13774754950990198,0.5525905181036207,0.35791158231646325
128067,0.15195039007801558,0.6892978595719144,0.8987397479495899
120075,0.11214242848569715,0.188997799559912,0.6676535307061412
113223,0.09785957191438288,0.25337067413482695,0.6185637127425485
108157,0.5027805561112222,0.5484296859371874,0.798119623924785
122897,0.4310062012402481,0.24344868973794756,0.3363472694538908
110331,0.7825165033006601,0.14510902180436086,0.3303860772154431
135961,0.3157831566313263,0.23496699339867974,0.5790758151630326
127098,0.16479295859171833,0.2736147229445889,0.24528905781156232
132620,0.09957991598319663,0.7013002600520104,0.7623924784956991
103168,0.9090218043608722,0.954750950190038,0.16519303860772153
143186,0.29541908381676335,0.7692338467693539,0.5459491898379676
142758,0.24488897779555913,0.6009601920384077,0.5324264852970594
126936,0.9765953190638128,0.9375475095019004,0.09877975595119023
139430,0.958631726345269,0.4902180436087217,0.5952390478095619
108097,0.2769353870774155,0.2356871374274855,0.4437287457491498
117936,0.8,0.614242848569714,0.8762552510502101
148363,0.9005401080216043,0.9227845569113822,0.7307461492298459
115367,0.4770154030806162,0.9995599119823965,0.8944588917783557
122251,0.8962192438487697,0.3340668133626726,0.8262052410482097
133788,0.7970394078815763,0.4191638327665532,0.6350470094018803
133247,0.563992798559712,0.6813362672534508,0.5592318463692738
107232,0.5183436687337468,0.7656331266253251,0.5676735347069415
136378,0.6822164432886577,0.9235847169433886,0.01784356871374275
139046,0.6044808961792358,0.9543508701740349,0.12138427685537105
141007,0.16723344668933787,0.6156431286257252,0.6026005201040208
143750,0.17999599919983994,0.5420284056811362,0.834606921384277
115800,0.18295659131826364,0.5412282456491299,0.28305661132226445
121281,0.7028605721144229,0.6762152430486098,0.6117223444688937
119572,0.3459491898379676,0.37175435087017406,0.7444288857771554
134541,0.2989397879575915,0.7931986397279456,0.6449289857971594
111155,0.47929585917183437,0.06269253850770154,0.24020804160832168
110966,0.011002200440088015,0.8680536107221445,0.10078015603120624
112349,0.3955591118223645,0.2197639527905581,0.40940188037607517
135246,0.29061812362472494,0.3271854370874175,0.8877775555111023
148720,0.5044608921784357,0.8638527705541109,0.8001600320064013
138008,0.9640328065613122,0.3854370874174835,0.34310862172434486
146239,0.21580316063212643,0.9057411482296459,0.07305461092218443
147049,0.5961592318463693,0.39651930386077217,0.9422284456891378
146980,0.8864972994598921,0.0755751150230046,0.24272854570914182
133629,0.9029005801160231,0.4803360672134427,0.5436287257451491
124917,0.19911982396479297,0.7604720944188837,0.654610922184437
119212,0.5919183836767353,0.2294858971794359,0.35815163032606523
129534,0.1431486297259452,0.2959791958391678,0.2371674334866973
126964,0.6404080816163232,0.6557311462292458,0.639247849569914
124050,0.11658331666333266,0.9608321664332866,0.6956591318263653
121051,0.7573114622924584,0.8770154030806161,0.8330466093218644
138290,0.26453290658131623,0.46569313862772554,0.2194838967793559
149478,0.8022404480896179,0.38707741548309665,0.5854370874174835
116581,0.14150830166033207,0.5212242448489698,0.6268453690738147
117915,0.7209841968393679,0.11806361272254451,0.1786757351470294
135185,0.0677735547109422,0.8596919383876775,0.8332066413282657
115416,0.5109821964392879,0.0680136027205441,0.24772954590918186
100765,0.9256651330266052,0.46473294658931785,0.8444488897779556
125924,0.536747349469894,0.19251850370074014,0.6658131626325264
138432,0.5239047809561912,0.055371074214842955,0.24320864172834564
115854,0.32406481296259254,0.043608721744348856,0.13146629325865172
148738,0.5333866773354671,0.18931786357271457,0.8017603520704141
111792,0.8330466093218645,0.911862372474495,0.8217643528705743
141537,0.36327265453090624,0.12862572514502899,0.16447289457891578
130380,0.36083216643328664,0.17723544708941785,0.2330866173234647
119749,0.05841168233646729,0.45825165033006604,0.9521504300860172
110796,0.4805761152230446,0.5502300460092018,0.6729745949189838
126624,0.0454890978195639,0.9112222444488898,0.021844368873774753
116135,0.6334466893378675,0.22360472094418882,0.5509901980396079
146118,0.7744348869773955,0.7086617323464692,0.913862772554511
116910,0.336867373474695,0.5673534706941389,0.7148229645929185
145680,0.04728945789157831,0.8822964592918583,0.01964392878575715
126685,0.2033206641328266,0.5565913182636527,0.7007001400280056
135425,0.6238047609521904,0.2978195639127825,0.9379875975195038
100266,0.9217043408681738,0.746629325865173,0.8714142828565714
118322,0.49733946789357875,0.2767353470694139,0.4074814962992599
122192,0.45061012202440487,0.1393878775755151,0.5145429085817164
128998,0.3780756151230247,0.4865773154630926,0.777635527105421
144187,0.11178235647129427,0.8651730346069213,0.1816363272654531
149257,0.8749749949989998,0.25173034606921385,0.42656531306261253
104630,0.11274254850970195,0.37127425485097015,0.9435887177435487
127286,0.9549509901980396,0.8265253050610123,0.7172234446889378
114659,0.6817363472694539,0.26301260252050407,0.8262052410482096
114439,0.6512902580516103,0.9210242048409683,0.08985797159431885
132392,0.4636527305461092,0.20452090418083615,0.48497699539907985
141449,0.5591518303660732,0.4012002400480096,0.8699339867973596
127083,0.5277855571114223,0.9253050610122024,0.775995199039808
147920,0.2747749549909982,0.5190238047609522,0.9100220044008802
113930,0.12970594118823764,0.3710742148429686,0.9369473894778956
121268,0.7664332866573315,0.31970394078815767,0.176875375075015
130870,0.1906781356271254,0.8516103220644129,0.41408281656331264
148959,0.4658531706341268,0.7134626925385077,0.6546909381876376
124137,0.43628725745149033,0.44248849769953996,0.8889377875575115
126091,0.21868373674734948,0.10370074014802962,0.58375675135027
144978,0.3230246049209842,0.5123024604920984,0.5735547109421885
140338,0.7230246049209843,0.3230246049209842,0.37035407081416283
143465,0.46017203440688137,0.9951590318063612,0.4885777155431086
108231,0.1716743348669734,0.7221844368873775,0.9628725745149029
102432,0.857011402280456,0.7129025805161032,0.8138027605521104
135513,0.17235447089417885,0.31074214842968595,0.445129025805161
103593,0.36427285457091424,0.07621524304860972,0.19867973594718946
129271,0.4168433686737348,0.24120824164832969,0.2549309861972394
103311,0.9308261652330466,0.9597119423884777,0.6250850170034007
129326,0.03996799359871974,0.32414482896579316,0.7278255651130227
112017,0.6267253450690138,0.8764552910582117,0.2448089617923585
148998,0.3332666533306662,0.8621324264852971,0.9925185037007401
131888,0.35903180636127224,0.4645329065813163,0.9554710942188438
101213,0.26309261852370475,0.6986597319463892,0.5114222844568913
111406,0.10494098819763953,0.3040608121624325,0.4892978595719144
131519,0.6318463692738547,0.44952990598119624,0.5663932786557311
109682,0.3066613322664533,0.9481496299259852,0.06753350670134026
106262,0.4636127225445089,0.8325665133026605,0.7823164632926585
107835,0.9719543908781756,0.9309861972394479,0.7639127825565113
127701,0.7506301260252051,0.6497699539907982,0.6179635927185437
124107,0.4138827765553111,0.5972794558911783,0.49249849969994
117962,0.790878175635127,0.3134626925385077,0.3588317663532707
107912,0.552870574114823,0.5074614922984597,0.360872174434887
115063,0.37075415083016605,0.8916983396679335,0.7736347269453892
145645,0.22432486497299461,0.5990798159631927,0.5301860372074415
106511,0.7823964792958592,0.6872174434886977,0.754510902180436
149796,0.5442288457691538,0.29685937187437483,0.19283856771354269
118769,0.45305061012202447,0.6067213442688537,0.33526705341068214
124100,0.35347069413882776,0.3724744948989798,0.471374274854971
110887,0.7722744548909782,0.6856571314262851,0.8934186837367474
149341,0.9142228445689138,0.6440888177635526,0.6719743948789758
112586,0.8024004800960193,0.7845569113822763,0.7409081816363273
131779,0.7674734946989399,0.15835167033406683,0.19107821564312863
110199,0.060052010402080414,0.3473494698939788,0.626365273054611
131595,0.4858571714342868,0.17931586317263454,0.6769353870774154
127198,0.7899179835967194,0.5868373674734948,0.621004200840168
139537,0.914622924584917,0.7750350070014003,0.7462692538507701
111654,0.4926985397079416,0.1864372874574915,0.28697739547909584
110266,0.22828565713142626,0.8597319463892779,0.08245649129825963
108730,0.12190438087617522,0.15947189437887577,0.17279455891178236
115545,0.7925585117023404,0.185877175435087,0.2283656731346269
142996,0.3646329265853171,0.28749749949989994,0.3198239647929586
122386,0.46501300260052014,0.21280256051210245,0.6730946189237847
131417,0.14118823764752952,0.19123824764952987,0.47345469093818765
128451,0.792638527705541,0.5481096219243848,0.34274854970994195
101918,0.6638527705541108,0.29601920384076813,0.9130626125225045
115714,0.7173034606921384,0.8738147629525905,0.0273254650930186
113017,0.11934386877375475,0.6010802160432086,0.9293058611722345
145286,0.7421484296859371,0.7204240848169634,0.8419683936787357
101041,0.8788157631526305,0.20784156831366274,0.2636927385477096
147960,0.3390278055611122,0.20512102420484096,0.8367273454690938
147963,0.15475095019003798,0.39267853570714145,0.2536107221444289
143853,0.5090218043608722,0.32346469293858776,0.6299659931986398
104380,0.943108621724345,0.6893778755751151,0.6126825365073014
100612,0.8856571314262852,0.18055611122224444,0.36219243848769755
143551,0.9118623724744948,0.33342668533706743,0.6647729545909182
114386,0.9211442288457691,0.49605921184236845,0.4745349069813963
137401,0.46773354670934186,0.040528105621124216,0.05289057811562312
101484,0.5135427085417084,0.8572114422884577,0.7996399279855971
145758,0.8290858171634328,0.2780156031206241,0.3949189837967593
135153,0.8024804960992198,0.4198039607921584,0.5098219643928786
146509,0.756871374274855,0.7766753350670135,0.9534306861372274
126599,0.33738747749549913,0.5993998799759952,0.4302060412082417
145124,0.34566913382676534,0.8140828165633127,0.9203440688137629
118296,0.06705341068213641,0.3212242448489698,0.9812362472494498
112906,0.3976395279055811,0.5621524304860972,0.48373674734946986
104973,0.3843568713742749,0.6222444488897779,0.9454690938187637
111610,0.002720544108821764,0.2621324264852971,0.9943188637727545
114073,0.5025405081016203,0.2626925385077016,0.8518103620724145
128292,0.22020404080816164,0.5997599519903981,0.6816163232646528
110101,0.9799159831966393,0.34586917383476695,0.8069613922784556
122427,0.40260052010402075,0.3331066213242649,0.47753550710142034
126454,0.13502700540108023,0.8140028005601121,0.8482096419283855
148109,0.6041608321664332,0.6327665533106621,0.7358271654330866
148317,0.7106221244248849,0.3957991598319664,0.3822364472894579
100095,0.48941788357671534,0.7989197839567913,0.6012802560512103
118564,0.9851970394078816,0.5325465093018604,0.3372274454890978
106267,0.90250050010002,0.6279655931186237,0.4579315863172635
118529,0.7854770954190837,0.6149629925985196,0.38935787157431484
112680,0.33442688537707543,0.1407881576315263,0.2319663932786557
114627,0.46709341868373677,0.44192838567713544,0.7032606521304261
145362,0.9834766953390678,0.22384476895379074,0.20408081616323265
107812,0.7509101820364072,0.8954590918183636,0.008961792358471693
103356,0.2862172434486897,0.6453690738147629,0.352870574114823
118657,0.8938187637527505,0.9782356471294259,0.30942188437687534
129946,0.4306461292258452,0.5622724544908982,0.4514102820564113
129031,0.9435487097419484,0.9826765353070614,0.0684136827365473
142448,0.45973194638927783,0.1493098619723945,0.31474294858971796
130154,0.6395679135827165,0.7780756151230246,0.9474294858971795
103950,0.70250050010002,0.30662132426485295,0.37855571114222847
134008,0.4674534906981396,0.37767553510702134,0.31882376475295066
112967,0.9515903180636127,0.746869373874775,0.663372674534907
141839,0.8537707541508301,0.9080616123224645,0.04412882576515302
114489,0.5237047409481896,0.2578115623124625,0.6454490898179636
117596,0.17707541508301658,0.8781756351270253,0.10594118823764752
130580,0.1003400680136027,0.7421084216843369,0.6789357871574314
124585,0.3648329665933186,0.5865973194638928,0.640248049609922
113410,0.46789357871574316,0.26881376275255053,0.3213842768553711
119134,0.6234046809361872,0.7534706941388278,0.7121024204840969
107290,0.7087817563512702,0.3597119423884777,0.34538907781556316
120776,0.6971394278855771,0.24760952190438087,0.3311862372474495
139388,0.1323864772954591,0.5085417083416683,0.46861372274454893
133102,0.4659731946389278,0.2909781956391278,0.38487697539507904
111050,0.5497899579915984,0.3870374074814963,0.4285257051410282
105661,0.8238047609521905,0.06053210642128425,0.1597119423884777
140034,0.6646929385877176,0.3500700140028006,0.3384676935387077
135696,0.875375075015003,0.3605921184236847,0.5597119423884777
148517,0.5123024604920985,0.6360072014402881,0.60624124824965
100451,0.12342468493698741,0.38627725545109026,0.37615523104620924
137654,0.6085217043408682,0.7971994398879776,0.9385477095419084
138985,0.5145829165833167,0.016683336667333466,0.12630526105221046
149276,0.8062012402480496,0.5144228845769154,0.9180636127225446
131772,0.6882176435287057,0.4913382676535307,0.4832966593318664
107817,0.6964192838567714,0.13190638127625526,0.19955991198239648
148213,0.12266453290658133,0.6099219843968794,0.2918983796759352
107473,0.32918583716743355,0.5135427085417084,0.8175235047009403
136568,0.1170634126825365,0.09901980396079216,0.1259851970394079
107874,0.03912782556511302,0.5713142628525705,0.2852170434086817
131751,0.24516903380676136,0.20308061612322464,0.18311662332466494
127984,0.386877375475095,0.5567913582716544,0.4578515703140628
107446,0.43212642528505707,0.4978195639127825,0.4036007201440288
139849,0.7773154630926186,0.38671734346869374,0.3104620924184837
113655,0.9820764152830566,0.3721544308861773,0.32278455691138225
108513,0.6882176435287057,0.4012402480496099,0.708861772354471
141587,0.8821764352870575,0.9485097019403881,0.006561312262452489
123171,0.1625125025005001,0.23160632126425285,0.42116423284656934
126328,0.27989597919583914,0.3466693338667734,0.83624724944989
112316,0.5807961592318464,0.6602520504100821,0.9775555111022205
124479,0.1921984396879376,0.2653330666133227,0.6065613122624525
117539,0.6195639127825566,0.22620524104820963,0.35999199839967994
144921,0.5649129825965193,0.41052210442088416,0.46545309061812357
113084,0.9430286057211443,0.9619523904780957,0.22012402480496096
147139,0.5634726945389077,0.504620924184837,0.44060812162432483
132774,0.17347469493898782,0.2930586117223445,0.7930786157231446
144145,0.12434486897379474,0.9089817963592719,0.8976595319063813
116470,0.6236847369473895,0.16083216643328668,0.2647329465893179
107755,0.547869573914783,0.37811562312462493,0.2750150030006001
141600,0.5620324064812964,0.398999799959992,0.6862172434486898
145589,0.9790358071614323,0.5921984396879376,0.5554710942188438
139286,0.7497099419883977,0.8350070014002801,0.9880376075215044
117956,0.6060812162432486,0.1674734946989398,0.6768553710742149
127574,0.2518103620724145,0.7863172634526906,0.7683536707341468
124172,0.6412082416483297,0.7541508301660331,0.6724544908981797
100362,0.7069813962792558,0.9904780956191238,0.07413482696539306
109391,0.64124824964993,0.4917783556711342,0.4880176035207041
126019,0.7495899179835968,0.7935187037407481,0.6248049609921985
122056,0.8802560512102421,0.2996999399879976,0.5913982796559312
107272,0.21976395279055808,0.6202040408081617,0.9666733346669334
107784,0.47549509901980397,0.3581116223244649,0.6342868573714743
126833,0.8175235047009402,0.2730146029205841,0.33138627725545106
136633,0.3627125425085017,0.5749149829965993,0.7146629325865174
107612,0.6066413282656531,0.6936587317463493,0.9168633726745349
144275,0.5110222044408882,0.7397879575915183,0.6616923384676936
145288,0.17471494298859772,0.48549709941988395,0.252130426085217
116001,0.2986597319463893,0.2284456891378276,0.5689137827565512
138665,0.8302060412082417,0.5483096619323864,0.5341068213642729
101169,0.6409281856371274,0.4893378675735147,0.6204840968193639
113644,0.8287657531506302,0.6044408881776355,0.5306661332266454
142845,0.14790958191638326,0.9089017803560713,0.5969593918783757
102809,0.140748149629926,0.49189837967593525,0.9329865973194639
140934,0.35919183836767354,0.7640728145629125,0.8994598919783956
121472,0.8722144428885777,0.06773354670934185,0.20168033606721344
127649,0.993878775755151,0.43316663332666533,0.2091618323664733
117581,0.8033206641328265,0.37179435887177437,0.8132026405281056
130548,0.8741348269653931,0.9669533906781356,0.464492898579716
130714,0.8485297059411883,0.6030806161232247,0.8868973794758952
129433,0.4022004400880176,0.08617723544708943,0.459251850370074
107465,0.32854570914182835,0.44764952990598117,0.735627125425085
143597,0.7307461492298459,0.26989397879575916,0.28645729145829163
135915,0.7027005401080215,0.8406081216243249,0.058051610322064406
131539,0.4606921384276856,0.7328665733146629,0.8190838167633527
125081,0.27957591518303665,0.29921984396879375,0.34510902180436087
145662,0.5853970794158831,0.742988597719544,0.7263452690538107
137496,0.17243448689737947,0.10662132426485298,0.260372074414883
125177,0.07249449889977995,0.08185637127425485,0.1624724944988998
103363,0.3125825165033007,0.34794958991798364,0.28581716343268654
113612,0.4885377075415083,0.2247649529905981,0.20468093618723743
127003,0.7474294858971794,0.556871374274855,0.6574114822964593
124993,0.5503500700140028,0.500620124024805,0.4822964592918583
120564,0.6915383076615322,0.49173834766953395,0.28669733946789355
146896,0.92374474894979,0.7212642528505702,0.44044808961792364
149122,0.5874374874974995,0.3137427485497099,0.4296459291858372
133512,0.5058211642328465,0.26793358671734346,0.35923184636927386
132318,0.1463892778555711,0.3494698939787958,0.35263052610522105
131137,0.4019603920784157,0.056491298259651934,0.35299059811962397
131211,0.5364672934586917,0.21232246449289854,0.31538307661532305
134012,0.4033206641328266,0.08105621124224843,0.41692338467693535
143935,0.8900580116023206,0.08129625925185037,0.2759351870374075
105550,0.647369473894779,0.7509101820364072,0.807361472294459
145942,0.8193238647729546,0.527625525105021,0.5390678135627125
144371,0.08985797159431885,0.7272654530906181,0.9387477495499099
134741,0.7247049409881976,0.0123624724944989,0.06057211442288457
114705,0.736627325465093,0.4833366673334667,0.14886977395479095
138330,0.65125025005001,0.5328265653130626,0.8550910182036406
149680,0.1591518303660732,0.6082016403280656,0.7003000600120023
115031,0.14430886177235447,0.6128825765153031,0.4603320664132827
118172,0.5747949589917983,0.7859171834366874,0.6708541708341669
113977,0.1049409881976395,0.7816763352670534,0.9910782156431286
134836,0.36463292658531704,0.015043008601720344,0.09297859571914383
138329,0.326505301060212,0.5104220844168833,0.5385077015403081
117859,0.2968193638727745,0.2470094018803761,0.5794758951790357
117408,0.4195639127825565,0.2628125625125025,0.3511902380476095
115963,0.5965193038607721,0.2510102020404081,0.2984596919383877
144341,0.1683136627325465,0.5788757751550311,0.8052010402080416
112497,0.35175035007001404,0.20592118423684738,0.4780556111222244
143544,0.7628325665133027,0.9796759351870374,0.775635127025405
132164,0.28341668333666736,0.13630726145229044,0.21448289657931585
134780,0.25257051410282055,0.15319063812762554,0.3067413482696539
142980,0.17555511102220445,0.2433286657331466,0.1330666133226645
117774,0.28441688337667537,0.28101620324064813,0.3264652930586117
120020,0.6467693538707742,0.512382476495299,0.8378475695139028
100953,0.18039607921584316,0.32854570914182835,0.5348269653930786
106313,0.25037007401480293,0.19295859171834367,0.11570314062812562
104006,0.22892578515703138,0.2984596919383876,0.6331666333266653
143618,0.4338067613522704,0.22756551310262052,0.7436687337467494
123339,0.8578515703140629,0.37827565513102623,0.3645529105821164
120324,0.7307461492298459,0.6688137627525506,0.9154630926185237
120188,0.9331466293258651,0.8862972594518904,0.1108621724344869
148368,0.5961592318463693,0.56623324664933,0.5664332866573314
100889,0.7101020204040809,0.11154230846169234,0.2939787957591518
134530,0.6292858571714343,0.3098619723944789,0.3128625725145029
147372,0.2666933386677336,0.056531306261252245,0.12330466093218644
112421,0.3220644128825765,0.035127025405081,0.09185837167433486
121909,0.07053410682136427,0.6944588917783557,0.4043608721744349
136489,0.7791558311662333,0.4046409281856371,0.46105221044208844
136017,0.9777155431086217,0.6626125225045009,0.35135027005401076
142587,0.7635927185437088,0.7297059411882376,0.9110222044408882
141582,0.03592718543708742,0.8697739547909582,0.007401480296059212
121314,0.5155431086217244,0.291498299659932,0.7709941988397679
122916,0.34414882976595323,0.26629325865173037,0.2576915383076615
125601,0.12894578915783156,0.9866373274654932,0.13070614122824564
102139,0.8660932186437289,0.3520704140828166,0.4751350270054011
145770,0.2237247449489898,0.3310262052410482,0.3501900380076015
123703,0.4546109221844369,0.5149029805961193,0.8372474494898979
117707,0.5141828365673135,0.08693738747749549,0.3594318863772754
139521,0.7191038207641528,0.1561512302460492,0.18419683936787357
105791,0.5276655331066213,0.16779355871174234,0.4168033606721344
134866,0.9544308861772355,0.746629325865173,0.6378875775155031
124280,0.17739547909581915,0.8736147229445889,0.2054410882176435
109153,0.2738947789557912,0.4793358671734347,0.7894378875775155
108516,0.7932386477295459,0.5740348069613923,0.853490698139628
111091,0.055131026205241046,0.852130426085217,0.12338467693538707
121650,0.8982596519303861,0.6573314662932587,0.858491698339668
149014,0.8349669933986796,0.29721944388877775,0.17287457491498298
104082,0.783876775355071,0.3945989197839567,0.37559511902380477
114456,0.08193638727745547,0.7363872774554912,0.9816363272654531
145837,0.881616323264653,0.1190238047609522,0.3805961192238448
145828,0.4778955791158232,0.5278255651130226,0.3527105421084217
149221,0.523624724944989,0.41724344868973795,0.878135627125425
119048,0.6768553710742148,0.3765153030606121,0.27629525905181035
138571,0.16779355871174237,0.48617723544708946,0.5609121824364873
100634,0.3495099019803961,0.21932386477295462,0.18771754350870173
141857,0.5205041008201641,0.1302260452090418,0.4953390678135627
105590,0.3779155831166233,0.40732146429285854,0.6337667533506701
111978,0.10206041208241648,0.1914782956591318,0.6739347869573915
112129,0.9938387677535507,0.18899779955991197,0.19639927985597122
125699,0.4588517703540708,0.04980996199239848,0.28849769953990795
114364,0.7152230446089218,0.9488297659531907,0.6079215843168634
142769,0.6588117623524705,0.5185037007401481,0.3428685737147429
144448,0.3670734146829365,0.6690138027605521,0.5513102620524105
108943,0.32486497299459893,0.8156831366273256,0.07581516303260652
126656,0.19575915183036607,0.5803560712142428,0.7559111822364474
129671,0.14098819763952788,0.4837767553510702,0.687377475495099
137438,0.20648129625925185,0.49765953190638124,0.6389677935587117
137409,0.9622724544908983,0.636367273454691,0.6758151630326066
148590,0.09509901980396077,0.26653330666133224,0.3346669333866773
121584,0.9610722144428887,0.8020804160832167,0.8662132426485297
131984,0.03132626525305061,0.9937987597519504,0.933506701340268
129474,0.6384076815363073,0.7547909581916383,0.8702940588117624
118149,0.5201840368073615,0.8612922584516904,0.8058811762352471
119077,0.8052010402080416,0.0755751150230046,0.19847969593918785
117150,0.3339067813562713,0.9524304860972194,0.7347069413882777
136132,0.8619323864772955,0.550870174034807,0.41084216843368676
121915,0.5067813562712542,0.15223044608921785,0.19271854370874178
126259,0.13066613322664533,0.6700940188037607,0.9755551110222045
106544,0.15107021404280854,0.8352870574114822,0.9765553110622125
136076,0.31006201240248044,0.6899779955991199,0.8088417683536707
128230,0.5407481496299259,0.19431886377275456,0.6647329465893179
143447,0.0960992198439688,0.7100220044008801,0.9815963192638528
107773,0.6255251050210041,0.8016803360672135,0.7840368073614723
128192,0.3903980796159232,0.8894178835767154,0.13550710142028402
108394,0.10258051610322064,0.8686537307461493,0.7764352870574116
114587,0.5727945589117823,0.07009401880376075,0.26429285857171436
111323,0.9326665333066614,0.2680936187237447,0.1429885977195439
131205,0.8746949389877976,0.9401480296059213,0.039327865573114615
144211,0.8433286657331467,0.7692338467693539,0.7237847569513902
121406,0.4134026805361072,0.10922184436887378,0.1441888377675535
130632,0.5433886777355471,0.5914782956591318,0.9136627325465093
114143,0.10238047609521904,0.7805961192238449,0.8507301460292059
120390,0.4229645929185837,0.5014602920584117,0.7411482296459293
128559,0.8907381476295259,0.5023804760952191,0.2585717143428686
117028,0.09541908381676334,0.7377875575115023,0.3786757351470294
112357,0.8297659531906381,0.1097419483896779,0.7717943588717744
121024,0.5480696139227845,0.15491098219643928,0.10026005201040208
139393,0.1923984796959392,0.2922984596919384,0.4580516103220644
100107,0.23596719343868774,0.0704140828165633,0.8626125225045008
106692,0.6931786357271454,0.15963192638527707,0.177995599119824
103870,0.7289857971594319,0.4368473694738948,0.7361072214442889
134400,0.33122624524904987,0.43404680936187245,0.38667733546709343
107840,0.4480496099219844,0.1539907981596319,0.5950790158031607
129813,0.7178235647129426,0.7390278055611121,0.654370874174835
102996,0.2046009201840368,0.7003400680136027,0.7826365273054611
148202,0.3765953190638128,0.3162632526505301,0.2797359471894379
143684,0.3704740948189638,0.4670534106821364,0.7894378875775155
133734,0.2,0.17455491098219644,0.5965593118623724
103346,0.21772354470894179,0.028565713142628527,0.17359471894378875
125997,0.9301060212042409,0.9370674134826964,0.5835567113422685
147300,0.8078015603120624,0.8552110422084417,0.1541508301660332
120223,0.29633926785357073,0.130626125225045,0.36975395079015805
103883,0.09385877175435088,0.9639127825565112,0.7302260452090419
115657,0.8881376275255052,0.018363672734546907,0.1716743348669734
147672,0.2817763552710542,0.3667133426685337,0.3244248849769954
121128,0.9570314062812562,0.4378875775155031,0.31218243648729743
111783,0.179875975195039,0.2680136027205441,0.627005401080216
113641,0.48225645129025807,0.5221844368873775,0.443128625725145
146168,0.7699939987997599,0.5947589517903581,0.6028405681136227
143966,0.9474294858971795,0.19655931186237247,0.26493298659731945
132509,0.12114422884576914,0.6553310662132427,0.6170034006801359
111617,0.13406681336267254,0.5643128625725145,0.32554510902180434
138220,0.2556511302260452,0.12446489297859571,0.5065813162632526
116592,0.3543908781756351,0.5340268053610722,0.6326465293058611
130447,0.25953190638127627,0.3392278455691138,0.2871374274854971
116937,0.7155431086217243,0.63624724944989,0.7833166633326665
104924,0.16479295859171833,0.8427685537107421,0.019643928785757152
107363,0.850130026005201,0.1890778155631126,0.18411682336467294
114744,0.7990398079615924,0.7474694938987798,0.9231046209241849
103202,0.6853370674134827,0.3232246449289858,0.2392878575715143
134789,0.3586717343468694,0.08549709941988397,0.1107021404280856
123592,0.4777755551110222,0.4850570114022804,0.39675935187037403
117724,0.32102420484096816,0.7721544308861772,0.7789157831566313
138990,0.5153030606121225,0.25917183436687335,0.404000800160032
147326,0.27653530706141227,0.8519703940788158,0.9830366073214643
134763,0.2753350670134027,0.689377875575115,0.8251650330066013
110120,0.5237047409481896,0.3513102620524105,0.5014602920584117
136366,0.5453090618123624,0.3298259651930386,0.8435287057411482
142113,0.35687137427485494,0.5823564712942588,0.8904180836167234
100363,0.05481096219243849,0.6388077615523104,0.7504700940188037
112992,0.8175635127025405,0.46017203440688137,0.6449689937987597
115479,0.5913982796559312,0.7016603320664133,0.7827965593118624
113784,0.08765753150630126,0.5139027805561113,0.9135427085417083
147487,0.5853170634126826,0.16911382276455292,0.3597919583916783
128071,0.09601920384076815,0.9594718943788758,0.39987997599519903
141295,0.8855371074214843,0.7638727745549111,0.7292658531706341
145557,0.17523504700940185,0.6276055211042209,0.8780556111222244
119346,0.9295059011802361,0.17063412682536505,0.420124024804961
123729,0.9107821564312862,0.1966393278655731,0.16415283056611324
121683,0.39727945589117825,0.6160832166433287,0.6759751950390078
126653,0.11470294058811763,0.7458691738347669,0.9000600120024004
103542,0.29293858771754355,0.22980596119223842,0.2584516903380676
105012,0.790878175635127,0.5416683336667333,0.5321864372874574
123547,0.9631126225245048,0.7910782156431287,0.7672734546909381
133124,0.2644128825765153,0.6916583316663333,0.4520504100820164
149871,0.46353270654130835,0.398879775955191,0.8498499699939989
117017,0.33350670134026805,0.8578515703140628,0.0408881776355271
140681,0.3683936787357472,0.25933186637327466,0.4118823764752951
125199,0.5152630526105222,0.4695739147829566,0.6372074414882977
113111,0.9489897979595919,0.3997599519903981,0.17387477495499098
130668,0.5369873974794959,0.8372074414882977,0.7312662532506502
115954,0.3840768153630726,0.22008401680336068,0.3188237647529506
123515,0.7891978395679137,0.3917983596719344,0.6133626725345068
136374,0.5941588317663533,0.5104220844168834,0.5007801560312062
143724,0.9083016603320665,0.9761552310462092,0.9451490298059613
114732,0.09985997199439887,0.03520704140828165,0.1311862372474495
129730,0.3445089017803561,0.43748749749949994,0.29737947589517905
116654,0.9662332466493299,0.4322064412882577,0.7545509101820363
104347,0.7639127825565113,0.22760552110422086,0.7920384076815363
138033,0.41512302460492095,0.5932786557311462,0.4151630326065213
130151,0.24356871374274855,0.05877175435087016,0.12390478095619123
113831,0.6174034806961393,0.9605921184236847,0.14710942188437687
129152,0.9363072614522905,0.623244648929786,0.6951390278055611
123928,0.7057811562312462,0.3626725345069014,0.42288457691538306
139127,0.928625725145029,0.8846569313862772,0.1621124224844969
108556,0.24216843368673735,0.6802960592118424,0.9691538307661531
146351,0.13270654130826165,0.18727745549109823,0.1838367673534707
114603,0.7805561112222444,0.16011202240448089,0.2072014402880576
109176,0.7596719343868774,0.16999399879975996,0.18643728745749152
119044,0.6836567313462693,0.3211042208441689,0.20088017603520703
149694,0.2590918183636728,0.23400680136027205,0.8135627125425086
130132,0.07517503500700141,0.077375475095019,0.2730946189237847
121242,0.38755751150230044,0.607001400280056,0.7420284056811361
134011,0.6296859371874375,0.4070814162832566,0.42284456891378275
116106,0.06977395479095819,0.954750950190038,0.03180636127225445
112493,0.3439487897579516,0.47861572314462897,0.8768953790758152
121827,0.2736147229445889,0.5672734546909382,0.4872174434886977
109164,0.13954790958191637,0.10018003600720143,0.08881776355271055
112445,0.5153830766153231,0.5262652530506101,0.7795159031806361
143619,0.7887977595519104,0.6406081216243249,0.5291458291658332
109152,0.7643528705741148,0.5140628125625125,0.464372874574915
141906,0.5454290858171634,0.7422684536907381,0.562992598519704
133886,0.21976395279055813,0.7486297259451891,0.668253650730146
147076,0.2898979795959192,0.31438287657531505,0.21768353670734147
143031,0.8756551310262052,0.21988397679535907,0.2950590118023605
149125,0.3053010602120424,0.7451490298059612,0.9487097419483896
112339,0.193878775755151,0.2531706341268254,0.24224844968993797
123903,0.8912582516503301,0.6005601120224044,0.5621124224844969
104835,0.6267253450690138,0.7494298859771954,0.9054210842168433
128249,0.7947189437887576,0.7187437487497499,0.5235847169433887
119455,0.6390878175635127,0.7674734946989399,0.6260852170434087
124340,0.17879575915183038,0.6310062012402481,0.8782156431286258
122245,0.440248049609922,0.98999799959992,0.8352870574114823
138803,0.13034606921384276,0.10994198839767952,0.1274654930986197
119371,0.6607721544308862,0.03364672934586917,0.11582316463292658
105501,0.2634526905381076,0.3154630926185237,0.30646129225845165
144986,0.6176835367073414,0.8789757951590318,0.0018403680736147228
140299,0.14002800560112022,0.6312862572514503,0.47885577115423084
123995,0.7090218043608723,0.9133426685337067,0.6709741948389678
111379,0.9815563112622524,0.7232246449289859,0.7219043808761751
130200,0.5745949189837968,0.6,0.5073414682936588
143964,0.6610522104420884,0.16423284656931386,0.356871374274855
108037,0.28769753950790156,0.34038807761552314,0.6920184036807362
133100,0.6401680336067213,0.49749949989998005,0.3449489897979596
113910,0.4438487697539508,0.6671734346869375,0.5349469893978795
101935,0.7966793358671734,0.8034806961392278,0.7262252450490098
149393,0.5111022204440888,0.3260652130426085,0.624004800960192
124410,0.8969393878775754,0.4006001200240048,0.31602320464092815
129962,0.46241248249649936,0.31530306061212243,0.264492898579716
135137,0.31166233246649333,0.17263452690538109,0.35503100620124023
123668,0.35799159831966393,0.25461092218443687,0.7463092618523706
123089,0.7836367273454691,0.03336667333466693,0.14602920584116824
113459,0.6278455691138227,0.40572114422884575,0.5508301660332067
115654,0.8027605521104221,0.8709741948389679,0.9933986797359473
119963,0.12062412482496498,0.6632526505301061,0.46289257851570315
123840,0.3412282456491298,0.9033406681336267,0.6656131226245249
145178,0.9320664132826566,0.5029805961192239,0.8675735147029405
100259,0.12038407681536306,0.719503900780156,0.9253050610122024
101552,0.6679735947189438,0.5744348869773955,0.827125425085017
118797,0.4294458891778356,0.9987997599519904,0.5157031406281256
136186,0.5018603720744149,0.8979395879175835,0.7396679335867173
149423,0.2735747149429886,0.9105021004200841,0.5592318463692739
126681,0.40896179235847174,0.40896179235847163,0.4024804960992199
132324,0.056531306261252245,0.5757951590318063,0.5670734146829366
101030,0.7564712942588517,0.5825165033006602,0.3205441088217643
133374,0.8974594918983797,0.9106621324264853,0.13554710942188436
114429,0.48753750750150027,0.6168033606721344,0.5332666533306661
108875,0.14422884576915385,0.3129025805161032,0.6760552110422083
123813,0.14550910182036406,0.8076815363072615,0.6981396279255851
149618,0.08797759551910382,0.09705941188237648,0.3794358871774355
130506,0.7193838767753551,0.9966793358671734,0.6658131626325264
107104,0.8819363872774555,0.04668933786757351,0.14430886177235447
128874,0.11834366873374674,0.6498899779955991,0.9113822764552911
136602,0.3699139827965593,0.9297059411882377,0.7355071014202841
140760,0.7450690138027605,0.8246449289857971,0.9737947589517904
109037,0.7176635327065413,0.7333866773354671,0.838127625525105
132781,0.7774754950990198,0.702620524104821,0.7420684136827365
114196,0.8185637127425486,0.6476495299059812,0.6115623124624925
136814,0.8442888577715544,0.2379275855171034,0.4094818963792759
136965,0.3538707741548309,0.37755551110222046,0.33546709341868375
104099,0.9829965993198639,0.1393478695739148,0.09517903580716142
120740,0.921504300860172,0.8922584516903381,0.18695739147829565
138693,0.9617123424684937,0.29777955591118227,0.3757951590318064
115097,0.5557911582316463,0.6945789157831566,0.74374874974995
143491,0.21124224844968992,0.764632926585317,0.9402280456091219
130653,0.1954790958191638,0.8658531706341268,0.8046009201840367
110474,0.773994798959792,0.6430486097219443,0.4184836967393479
110762,0.14070814162832568,0.8948189637927586,0.4849769953990798
109206,0.17211442288457693,0.7435487097419484,0.5819163832766554
107680,0.6051610322064412,0.6897379475895179,0.6290858171634327
121440,0.18091618323664732,0.04608921784356871,0.20576115223044608
116098,0.38859771954390876,0.5239847969593918,0.8911382276455291
146343,0.9799959991998399,0.9266253250650129,0.715503100620124
134420,0.4025205041008202,0.10202040408081615,0.27929585917183436
134200,0.11330266053210643,0.3246649329865973,0.6902980596119224
119537,0.5067013402680536,0.7105421084216843,0.6208441688337668
100550,0.13482696539307862,0.734386877375475,0.4720144028805761
124882,0.0416883376675335,0.9158631726345268,0.48961792358471695
136246,0.41080216043208645,0.4382876575315063,0.5569113822764553
103158,0.5637927585517103,0.4023204640928185,0.36719343868773757
145452,0.7603520704140828,0.4124824964992998,0.7198239647929585
106150,0.34374874974994996,0.21168233646729345,0.6247649529905981
141082,0.8980996199239848,0.2158431686337267,0.10746149229845968
124747,0.40768153630726145,0.5013802760552111,0.8645329065813163
106781,0.49421884376875375,0.12958591718343668,0.5103420684136827
141408,0.9214242848569715,0.1001400280056011,0.11066213242648527
147533,0.5820764152830566,0.10562112422484497,0.7987197439487898
145916,0.6086417283456691,0.8735747149429887,0.058971794358871774
110620,0.2108021604320864,0.9771954390878176,0.0019603920784156833
104502,0.44952990598119624,0.10410082016403281,0.26965393078615724
109247,0.6134426885377076,0.4003200640128025,0.942988597719544
127108,0.6116423284656931,0.45381076215243044,0.4745749149829966
142304,0.13694738947789556,0.09785957191438288,0.12042408481696339
116734,0.30498099619923985,0.9565513102620524,0.15147029405881174
139835,0.13270654130826168,0.5549509901980396,0.40172034406881374
127747,0.6258051610322064,0.595119023804761,0.9702740548109622
111291,0.21904380876175233,0.6248449689937988,0.890378075615123
101750,0.6696939387877576,0.45653130626125227,0.9453090618123625
141073,0.34794958991798364,0.20824164832966593,0.3846369273854771
119979,0.6397679535907181,0.9533506701340269,0.24968993798759753
123618,0.16323264652930586,0.8192838567713543,0.9489497899579916
117604,0.22760552110422086,0.2227645529105821,0.282256451290258
100624,0.9073414682936587,0.7189437887577516,0.5070614122824565
111397,0.30198039607921584,0.8719743948789759,0.6322064412882576
122960,0.8853370674134827,0.7555911182236447,0.6123624724944989
103808,0.31262252450490097,0.027005401080216037,0.08313662732546509
122400,0.1816363272654531,0.5665933186637327,0.8649729945989197
100413,0.8712142428485697,0.2012402480496099,0.48669733946789356
149588,0.9328265653130626,0.7134626925385078,0.6254050810162032
122846,0.214002800560112,0.05937187437487497,0.3394278855771154
130063,0.5129825965193039,0.11526305261052211,0.22988597719543907
143906,0.8499299859971995,0.8810562112422484,0.006601320264052811
101314,0.7671534306861373,0.1452290458091618,0.458371674334867
133917,0.20268053610722142,0.1690738147629526,0.284496899379876
134030,0.8331266253250651,0.15727145429085815,0.2694138827765553
136821,0.9822364472894578,0.5781956391278256,0.8826965393078616
105279,0.610122024404881,0.44016803360672135,0.5535907181436287
101238,0.08001600320064012,0.9237847569513902,0.12310462092418484
108274,0.1493498699739948,0.43244648929785956,0.37915583116623325
118795,0.23084616923384677,0.9444288857771553,0.15475095019003798
110625,0.9501500300060013,0.7295859171834367,0.7937987597519505
117261,0.2715743148629726,0.27857571514302865,0.33922784556911384
114376,0.06945389077815563,0.8825365073014603,0.009641928385677135
147329,0.9332266453290659,0.8547309461892378,0.11254250850170033
113696,0.5802360472094419,0.47785557111422283,0.4731346269253851
118106,0.05689137827565512,0.5921584316863373,0.9036607321464293
139270,0.03280656131226245,0.9845169033806761,0.8932986597319464
111950,0.34862972594518904,0.6475295059011802,0.774874974994999
130331,0.5891178235647129,0.6450490098019603,0.5151830366073215
119545,0.9913982796559312,0.3833966793358672,0.3044608921784357
140989,0.24616923384676936,0.2520504100820164,0.453370674134827
119445,0.1798359671934387,0.9234246849369874,0.2568513702740548
103797,0.5594318863772754,0.44652930586117223,0.8698539707941588
112440,0.2183236647329466,0.48849769953990796,0.3139827965593119
113381,0.9111822364472895,0.3031806361272254,0.22804560912182437
119945,0.24752950590118022,0.5591918383676735,0.7152230446089218
145277,0.6942588517703541,0.5519503900780156,0.5031006201240249
140127,0.34614922984596924,0.9215843168633727,0.09261852370474094
121997,0.4445289057811563,0.9245449089817963,0.8081616323264653
127133,0.34214842968593717,0.6285257051410282,0.7401480296059213
128975,0.8163232646529306,0.936507301460292,0.07089417883576714
146960,0.8410882176435288,0.12314462892578515,0.12034406881376275
132041,0.7570314062812562,0.9711542308461693,0.0520504100820164
123248,0.18287657531506302,0.6065213042608522,0.3708341668333666
125851,0.3985597119423885,0.6112022404480896,0.8540508101620324
116451,0.5189037807561513,0.7567113422684536,0.5653530706141228
100079,0.43340668133626725,0.09597919583916784,0.28121624324864974
100180,0.9870374074814963,0.5790358071614323,0.2536107221444289
104386,0.23532706541308257,0.22420484096819362,0.29265853170634126
144690,0.5923184636927386,0.7072614522904581,0.8130826165233046
128625,0.5058211642328466,0.887377475495099,0.834886977395479
108253,0.1531506301260252,0.07801560312062412,0.10890178035607122
126783,0.9564712942588518,0.8215243048609723,0.7869573914782957
148788,0.900260052010402,0.3368673734746949,0.6378875775155031
117711,0.25465093018603724,0.12418483696739349,0.16119223844768954
130775,0.08225645129025805,0.5200640128025605,0.25573114622924586
117564,0.5665133026605321,0.49301860372074413,0.5410282056411282
115631,0.5819163832766554,0.21484296859371874,0.39595919183836764
138340,0.41248249649929986,0.7062212442488498,0.9071014202840568
129994,0.5504700940188038,0.5709541908381677,0.8506901380276055
109919,0.40604120824164835,0.6468493698739747,0.3959591918383677
122428,0.26365273054610927,0.506501300260052,0.9089017803560713
133407,0.8622524504900981,0.30854170834166833,0.40308061612322466
141443,0.8832966593318665,0.7907981596319263,0.5524304860972195
108785,0.284496899379876,0.6756151230246049,0.3950790158031606
134014,0.40768153630726145,0.2870974194838968,0.7073014602920584
103159,0.7181836367273454,0.017203440688137627,0.10846169233846771
106859,0.5374274854970995,0.1912782556511302,0.5037807561512303
136454,0.9097019403880775,0.19255851170234045,0.1589517903580716
103658,0.42320464092818566,0.768873774754951,0.8137627525505101
122826,0.3635927185437087,0.6727345469093818,0.5853170634126825
148843,0.8550510102020403,0.5520304060812162,0.6718143628725745
128974,0.04712942588517703,0.7886777355471094,0.8082416483296659
105202,0.9200240048009601,0.10670134026805361,0.09425885177035406
147452,0.4668533706741348,0.48049609921984393,0.39691938387677533
130065,0.7479495899179835,0.7551510302060412,0.9310262052410483
132151,0.8527305461092218,0.7423084616923386,0.6342868573714744
126811,0.5239847969593919,0.7943588717743549,0.7395879175835167
113752,0.6680936187237447,0.9735947189437887,0.21720344068813763
127184,0.12106421284256852,0.2519703940788157,0.3860372074414883
112171,0.7268253650730147,0.21324264852970592,0.21240248049609925
123602,0.41820364072814564,0.6004800960192038,0.47713542708541706
116595,0.34018803760752153,0.013762752550510102,0.07725545109021803
120865,0.30390078015603117,0.6375675135027006,0.9020204040808162
146491,0.7956791358271654,0.3054610922184437,0.5631526305261052
138215,0.6488497699539908,0.2885777155431086,0.6039207841568314
105539,0.3397879575915183,0.12194438887777553,0.2731746349269854
106176,0.7831166233246649,0.4951790358071614,0.4434486897379476
106497,0.9102620524104821,0.7762352470494098,0.9572314462892579
101087,0.6954190838167633,0.3996799359871974,0.48485697139427886
119578,0.7280256051210242,0.641008201640328,0.3511102220444089
132647,0.02656531306261252,0.2815363072614523,0.2004000800160032
131344,0.8186037207441488,0.7462292458491698,0.9591118223644729
146055,0.9183436687337467,0.5519103820764153,0.35703140628125624
143683,0.6466493298659732,0.5416683336667333,0.3832766553310662
114697,0.558871774354871,0.47997599519903983,0.8137627525505101
121713,0.23908781756351272,0.22164432886577315,0.1653130626125225
136738,0.9894778955791158,0.4964192838567714,0.18135627125425086
108882,0.3493898779755951,0.9275855171034207,0.7608321664332867
107518,0.09561912382476494,0.5407081416283257,0.9356671334266854
118990,0.5553110622124424,0.0044808961792358465,0.21288257651530307
146622,0.27953590718143634,0.18715743148629727,0.6370074014802961
137551,0.04700940188037607,0.8779755951190238,0.022204440888177635
112878,0.16943388677735544,0.09221844368873774,0.24264852970594117
146536,0.14174834966993397,0.07097419483896779,0.15903180636127226
131496,0.7957191438287656,0.486497299459892,0.2844568913782757
105869,0.9283056611322265,0.574754950990198,0.4465693138627726
141019,0.780876175235047,0.9232646529305861,0.07509501900380074
111956,0.0024404880976195238,0.8563312662532506,0.09821964392878577
142392,0.9169033806761353,0.6235247049409882,0.4267253450690138
101924,0.9531506301260252,0.6775355071014202,0.5879975995199039
120848,0.042648529705941185,0.8042408481696339,0.6139227845569114
125819,0.544508901780356,0.4796559311862372,0.39515903180636125
120651,0.059451890378075606,0.6310862172434487,0.6315263052610521
131165,0.970754150830166,0.7111422284456891,0.6793358671734347
111112,0.1013002600520104,0.8922184436887377,0.5806761352270454
131933,0.3512702540508102,0.7707941588317663,0.7747949589917984
139099,0.2705341068213643,0.7322664532906582,0.9185437087417483
111787,0.9560712142428485,0.8106021204240849,0.7923584716943388
106237,0.6832166433286657,0.5372274454890978,0.8386477295459092
147986,0.7754350870174034,0.38207641528305664,0.6058011602320464
148192,0.6360872174434887,0.6914982996599319,0.9752350470094018
136297,0.34118823764752954,0.7139027805561112,0.611122224444889
147027,0.8514102820564113,0.9661532306461291,0.1892378475695139
112516,0.1525505101020204,0.49709941988397677,0.5577115423084618
103708,0.42028405681136227,0.03768753750750149,0.09165833166633326
115546,0.29201840368073617,0.9753150630126025,0.06085217043408682
128433,0.4614522904580916,0.3499899979995999,0.44944988997799556
100058,0.8878175635127026,0.13946789357871575,0.20156031206241246
143697,0.14986997399479896,0.3711942388477696,0.8038007601520305
126710,0.3607121424284857,0.468253650730146,0.8682936587317464
140397,0.5947189437887578,0.16755351070214042,0.24988997799559912
119135,0.6661732346469293,0.6557311462292459,0.43568713742748555
139228,0.9845169033806762,0.35907181436287255,0.23056611322264453
129999,0.06069213842768553,0.58375675135027,0.38691738347669535
114803,0.4949789957991598,0.9096619323864772,0.8154430886177236
142562,0.9924784956991398,0.2279255851170234,0.16419283856771352
116270,0.08925785157031406,0.44296859371874375,0.9519103820764152
141787,0.01800360072014403,0.8381676335267054,0.1280256051210242
134337,0.40608121624324867,0.1314262852570514,0.35675135027005406
133215,0.6956191238247649,0.9805961192238448,0.7152230446089218
142658,0.690618123624725,0.534746949389878,0.5021404280856171
114375,0.49901980396079215,0.043288657731546304,0.13754750950190037
125481,0.34510902180436087,0.8673334666933388,0.9850370074014803
102307,0.1828365673134627,0.4908981796359272,0.8641728345669134
102197,0.929745949189838,0.8647729545909182,0.9733946789357871
140500,0.5965193038607721,0.5927585517103421,0.8910982196439288
104598,0.3028205641128226,0.349749949989998,0.2700540108021604
127975,0.020004000800160033,0.8805361072214444,0.02904580916183237
141681,0.6740948189637928,0.3369073814762953,0.27445489097819564
113054,0.6129625925185037,0.22244448889777957,0.4259251850370074
101683,0.7588717743548711,0.9776755351070214,0.1253050610122024
114996,0.9638327665533107,0.5189837967593518,0.2430886177235447
132118,0.8314062812562513,0.5190238047609522,0.4304060812162433
127908,0.7869573914782957,0.9511902380476096,0.06017203440688137
111824,0.6941388277655531,0.8307661532306462,0.7545909181836367
107393,0.17203440688137628,0.6979795959191839,0.5590318063612723
122361,0.5464692938587717,0.8459691938387678,0.7413082616523305
107806,0.41324264852970594,0.1940388077615523,0.3835967193438688
120268,0.7283456691338268,0.10882176435287058,0.0922984596919384
138933,0.31122224444888974,0.20212042408481698,0.1765153030606121
106096,0.8357271454290858,0.4711742348469694,0.8270454090818165
105511,0.25597119423884773,0.4005601120224045,0.6808961792358472
138041,0.4428885777155431,0.47449489897979596,0.4692138427685537
106945,0.12294458891778354,0.8992198439687937,0.9957991598319664
141062,0.6250850170034007,0.7269453890778157,0.9978395679135827
109801,0.4625325065013003,0.8260452090418083,0.8106821364272855
130991,0.7829565913182637,0.31574314862972597,0.20008001600320063
123110,0.4745349069813963,0.21852370474094818,0.6948989797959593
109588,0.39039807961592315,0.5460292058411682,0.2947389477895579
128336,0.6059211842368474,0.7607921584316863,0.7801960392078415
115845,0.3013002600520104,0.9761152230446088,0.2026005201040208
117923,0.7953590718143629,0.33714742948589715,0.20844168833766752
120005,0.5451090218043609,0.4778955791158232,0.7176635327065413
121767,0.4517703540708142,0.8119623924784957,0.7876775355071015
145478,0.07585517103420683,0.8978195639127826,0.6534506901380277
102219,0.25233046609321863,0.044648929785957185,0.07105421084216844
104017,0.44356871374274853,0.047689537907581514,0.14018803760752152
124862,0.3319463892778556,0.6608521704340867,0.5442688537707542
148906,0.1391878375675135,0.6487297459491898,0.5721144228845768
121111,0.23592718543708743,0.6340868173634726,0.4910182036407281
139410,0.9274254850970194,0.22900580116023206,0.3639527905581116
143690,0.495499099819964,0.5170634126825365,0.8935387077415483
115952,0.3148229645929186,0.2025605121024205,0.09445889177835567
133933,0.40372074414882975,0.9123024604920984,0.7839167833566714
106963,0.3169433886777355,0.5491098219643928,0.9445889177835567
140966,0.757991598319664,0.558631726345269,0.637247449489898
139672,0.5347869573914783,0.8578515703140629,0.7853570714142828
103284,0.8814162832566514,0.3340268053610722,0.30658131626325263
107230,0.7632326465293059,0.5631526305261052,0.478495699139828
103608,0.22152430486097222,0.3574314862972594,0.7963992798559713
129029,0.37155431086217244,0.2518503700740148,0.30482096419283855
110155,0.09297859571914383,0.15527105421084217,0.2997799559911982
142545,0.9355471094218845,0.7428285657131427,0.5727145429085817
102944,0.5944388877775555,0.5441888377675536,0.775755151030206
121634,0.4806961392278456,0.23224644928985796,0.32486497299459893
139082,0.4364872974594919,0.9119823964792959,0.6205641128225645
118701,0.7398679735947189,0.4312862572514503,0.3038607721544309
132218,0.7351470294058812,0.05041008201640328,0.17787557511502303
131975,0.3482296459291858,0.04320864172834567,0.19395879175835168
127002,0.1840368073614723,0.1004600920184037,0.15479095819163832
145559,0.9581116223244649,0.2091618323664733,0.19823964792958593
149673,0.39443888777755554,0.181876375275055,0.5903580716143229
117856,0.16755351070214042,0.713502700540108,0.9051810362072414
131817,0.2886577315463093,0.07933586717343467,0.11510302060412082
102870,0.09413882776555312,0.653370674134827,0.697379475895179
104727,0.47561512302460496,0.46125225045009,0.70374074814963
102612,0.319503900780156,0.07345469093818763,0.1901580316063213
125324,0.10046009201840368,0.1419883976795359,0.4557311462292458
125818,0.1651130226045209,0.3853970794158832,0.3544308861772354
107092,0.818243648729746,0.9167433486697341,0.10042008401680336
148912,0.8464892978595719,0.15575115023004601,0.217123424684937
139379,0.22708541708341667,0.7732746549309861,0.952750550110022
101076,0.41124224844969,0.4207241448289658,0.6922184436887378
140005,0.07337467493498699,0.18903780756151228,0.15123024604920984
114467,0.7153430686137228,0.9833566713342667,0.12138427685537106
146129,0.11290258051610322,0.7780356071214243,0.8329265853170634
119633,0.6659731946389277,0.9465493098619724,0.1858371674334867
110145,0.5351070214042809,0.14226845369073815,0.8624924984997
143772,0.8547309461892378,0.396879375875175,0.6394478895779157
114766,0.1361872374474895,0.41424284856971394,0.9610722144428886
125563,0.6815363072614523,0.31082216443288657,0.2724144828965793
136164,0.09305861172234448,0.5570314062812562,0.7262652530506102
119821,0.8257651530306062,0.4783356671334267,0.28981796359271855
100820,0.7797559511902381,0.8510102020404081,0.7787957591518303
118762,0.7609521904380877,0.4908981796359272,0.4801760352070414
106877,0.7408681736347269,0.5283856771354272,0.21092218443688737
103112,0.8168433686737347,0.9643128625725145,0.16307261452290459
123774,0.9173034606921384,0.2406081216243249,0.5940788157631526
148448,0.5684336867373475,0.8064412882576515,0.9920784156831366
145339,0.7348669733946789,0.06513302660532105,0.8087217443488698
128306,0.9691938387677537,0.5287857571514303,0.5621524304860972
117276,0.8618923784756951,0.4759351870374075,0.43440688137627526
117892,0.680496099219844,0.3814762952590518,0.3355471094218844
137814,0.13758751750350068,0.7313462692538507,0.7129825965193038
123960,0.21180236047209441,0.6082816563312662,0.5643928785757152
109491,0.8490498099619924,0.13466693338667732,0.180876175235047
112661,0.6278455691138228,0.2891378275655131,0.8254450890178036
135393,0.5071814362872575,0.2578115623124625,0.7285457091418284
133610,0.47549509901980397,0.37451490298059614,0.5677135427085417
107672,0.026725345069013796,0.24080816163232643,0.8257251450290057
140349,0.5854370874174835,0.5924784956991398,0.5522704540908182
100980,0.6939787957591518,0.5698339667933587,0.6829765953190637
117121,0.1148229645929186,0.4368873774754951,0.8773354670934186
101175,0.4452090418083617,0.12574514902980596,0.5870774154830967
140860,0.7740748149629926,0.652010402080416,0.5127025405081016
144815,0.44760952190438097,0.5022604520904181,0.5598319663932786
137128,0.8042808561712342,0.40504100820164035,0.10414082816563312
116862,0.5938387677535506,0.7163432686537308,0.5373474694938988
125011,0.2984596919383877,0.3264652930586117,0.19963992798559713
113095,0.8278455691138227,0.9622724544908982,0.04252850570114022
105685,0.6912182436487297,0.218123624724945,0.447249449889978
133730,0.035287057411482296,0.8549309861972394,0.18395679135827164
142783,0.37715543108621724,0.4075215043008602,0.286497299459892
100939,0.3597919583916783,0.5630326065213043,0.8838167633526706
104314,0.6834566913382677,0.20584116823364673,0.8570914182836568
141148,0.014922984596919382,0.8638527705541108,0.00624124824964993
112134,0.37303460692138424,0.06545309061812363,0.41076215243048614
115265,0.5115423084616924,0.06101220244048809,0.3360272054410882
103007,0.9967993598719743,0.10054010802160432,0.15063012602520504
100606,0.6974594918983796,0.7522704540908182,0.9208241648329666
147323,0.9412682536507302,0.6940588117623525,0.9070614122824565
128829,0.2958991798359672,0.4265653130626126,0.2310462092418484
128414,0.29025805161032203,0.7514302860572114,0.5024604920984197
125684,0.6297259451890378,0.38663732746549306,0.803120624124825
123157,0.4196039207841568,0.26797359471894383,0.2706141228245649
115272,0.991358271654331,0.29177835567113425,0.24560912182436487
123076,0.1009001800360072,0.4072814562912582,0.5038607721544309
126908,0.6622524504900981,0.8829765953190638,0.5070614122824565
135041,0.6910582116423285,0.9239847969593918,0.17375475095019002
103206,0.8770954190838168,0.49489897979595915,0.36287257451490296
128816,0.6988597719543909,0.9226645329065813,0.599759951990398
134647,0.4882576515303061,0.09245849169833967,0.17007401480296058
112970,0.9695539107821565,0.4478495699139828,0.5885977195439087
126768,0.660252050410082,0.1731146229245849,0.2956991398279656
143885,0.8915383076615323,0.704740948189638,0.6320464092818564
142011,0.0072014402880576115,0.8360072014402881,0.01884376875375075
137857,0.7412682536507301,0.0930986197239448,0.21820364072814563
103324,0.40500100020004004,0.4590118023604721,0.653370674134827
121485,0.5469493898779756,0.06013202640528105,0.1805161032206441
137604,0.977755551110222,0.7724744948989797,0.675735147029406
144060,0.21868373674734948,0.5053010602120425,0.9615123024604921
106631,0.4187637527505501,0.11882376475295056,0.287377475495099
130044,0.9831166233246649,0.5771954390878176,0.5836767353470694
117478,0.34750950190038005,0.24360872174434883,0.36859371874374874
121648,0.35335067013402677,0.4652530506101221,0.5842368473694739
147804,0.0907381476295259,0.8791358271654331,0.03716743348669734
130473,0.7075415083016603,0.7751550310062012,0.6278455691138227
109608,0.12722544508901779,0.173874774954991,0.5090618123624725
121964,0.47533506701340267,0.6642128425685137,0.5875175035007002
113631,0.7362672534506902,0.4765353070614122,0.5053010602120425
148188,0.7183436687337467,0.3059411882376475,0.2986597319463893
120492,0.21684336867373474,0.2302860572114423,0.30634126825365077
147436,0.37407481496299255,0.2910582116423285,0.30514102820564115
102348,0.28101620324064813,0.5048609721944389,0.4576915383076615
145147,0.3265853170634127,0.21128225645129023,0.2730146029205841
138637,0.2540908181636327,0.3539107821564313,0.2791358271654331
144220,0.8062012402480496,0.6084016803360672,0.8334066813362673
133820,0.5221044208841769,0.8568913782756551,0.7987997599519904
134991,0.23256651330266054,0.6963392678535707,0.5240248049609921
126073,0.8654530906181236,0.3445889177835567,0.5157431486297259
111922,0.30546109221844364,0.5249049809961993,0.8165233046609323
132115,0.24476895379075814,0.3672334466893379,0.14858971794358872
135882,0.81748349669934,0.9825565113022604,0.1274654930986197
139884,0.07777555511102222,0.8886177235447089,0.0634126825365073
111290,0.8565313062612523,0.013282656531306261,0.09605921184236847
112476,0.11538307661532304,0.9424284856971394,0.024724944988997796
142804,0.11758351670334068,0.4944588917783557,0.41648329665933187
134430,0.3191838367673535,0.4512902580516103,0.6221644328865774
136847,0.8456891378275655,0.6142828565713142,0.6227245449089818
135797,0.7693138627725545,0.20024004800960193,0.29541908381676335
111411,0.1314262852570514,0.4188037607521504,0.3332266453290658
108821,0.4836167233446689,0.9821964392878575,0.13954790958191637
116767,0.36123224644928986,0.6725745149029807,0.5105821164232847
139491,0.4080416083216643,0.21924384876975395,0.24560912182436487
130953,0.207121424284857,0.5597919583916783,0.43172634526905385
144053,0.24016803360672134,0.41128225645129024,0.5407881576315263
120352,0.7367073414682936,0.1465893178635727,0.3080216043208641
131312,0.33930786157231446,0.49433886777355474,0.9435087017403481
100541,0.16567313462692537,0.182876575315063,0.8346869373874776
125340,0.15707141428285656,0.8850170034006801,0.4280456091218244
142939,0.3347069413882776,0.46049209841968397,0.4845769153830767
114860,0.2720944188837768,0.46493298659731946,0.2257251450290058
111461,0.7619123824764953,0.3291458291658331,0.8269653930786157
118789,0.30858171634326864,0.20968193638727745,0.5377875575115023
104028,0.8444088817763553,0.5568313662732546,0.2662132426485297
102572,0.7293858771754351,0.5247449489897981,0.8392878575715144
144671,0.1619923984796959,0.60124024804961,0.9361872374474894
121197,0.8568513702740548,0.9745149029805962,0.0044408881776355266
143278,0.12822564512902582,0.5682736547309462,0.5466693338667733
120408,0.18767753550710142,0.8828965793158632,0.10686137227445489
147279,0.2016403280656131,0.2993398679735947,0.4845769153830766
125808,0.5496699339867974,0.5086617323464693,0.6946589317863573
110811,0.07977595519103821,0.07353470694138828,0.1037007401480296
114549,0.7338267653530706,0.1170634126825365,0.3033006601320264
147248,0.16763352670534104,0.8525705141028206,0.10990198039607921
139205,0.8203640728145629,0.13434686937387477,0.2598519703940788
141387,0.8332866573314663,0.4841768353670734,0.5057811562312463
110828,0.4087617523504701,0.016763352670534106,0.08649729945989199
112039,0.9389077815563113,0.7183436687337467,0.5813162632526505
104366,0.6434486897379476,0.16799359871974395,0.5329465893178635
111876,0.4086017203440688,0.32566513302660527,0.31722344468893776
127803,0.6294058811762353,0.16315263052610524,0.2438887777555511
108463,0.8861372274454891,0.11046209241848368,0.17127425485097023
132773,0.5411482296459291,0.2311662332466493,0.5271854370874175
112696,0.9258251650330066,0.24360872174434883,0.2028405681136227
112662,0.46685337067413485,0.3404280856171234,0.6611322264452891
101218,0.9026205241048209,0.28581716343268654,0.3237847569513903
120989,0.04136827365473095,0.4133626725345069,0.5543908781756351
137460,0.6526905381076215,0.4578915783156631,0.43176635327065416
147387,0.28677735547109423,0.7905581116223246,0.9743948789757952
124344,0.31274254850970196,0.3994798959791958,0.8392878575715144
121239,0.6852170434086817,0.8363272654530907,0.024124824964993
146374,0.9123424684936987,0.9866373274654932,0.2390878175635127
108237,0.8332066413282656,0.35519103820764153,0.2885377075415083
132927,0.14522904580916185,0.19331866373274653,0.7894378875775154
121633,0.8660532106421285,0.6367673534706941,0.43404680936187234
130567,0.8072014402880576,0.9704740948189639,0.09177835567113421
126336,0.27001400280056015,0.30442088417683544,0.28385677135427084
138613,0.6506501300260052,0.2986597319463893,0.5263052610522103
141181,0.9474694938987798,0.7908781756351271,0.6425685137027405
141901,0.7833166633326666,0.5008601720344068,0.46065213042608527
119678,0.4398479695939188,0.4632926585317063,0.3700740148029606
118204,0.5532306461292258,0.3013802760552111,0.3018603720744149
125261,0.40088017603520704,0.1902380476095219,0.24476895379075814
100566,0.5792758551710342,0.8564112822564514,0.8467293458691738
122930,0.6891778355671134,0.9321864372874575,0.038247649529905975
119465,0.3615923184636927,0.9451490298059613,0.15351070214042803
125612,0.6805361072214443,0.9101820364072815,0.09341868373674733
128487,0.8405681136227245,0.25797159431886374,0.22860572114422884
113532,0.6630526105221044,0.6748149629925986,0.4955391078215644
133631,0.24828965793158633,0.21568313662732547,0.5157431486297259
102265,0.07001400280056012,0.4835367073414683,0.969873974794959
141691,0.7306661332266453,0.30306061212242447,0.22136427285457091
125129,0.4183636727345469,0.11146229245849168,0.15723144628925784
141799,0.5398679735947189,0.506621324264853,0.8808161632326466
146733,0.23252650530106023,0.01972394478895779,0.1330666133226645
119617,0.03148629725945189,0.6097219443888777,0.9094218843768753
131171,0.004840968193638728,0.707741548309662,0.9715543108621725
121793,0.8421684336867374,0.1744748949789958,0.14574914982996598
113136,0.31798359671934384,0.6288457691538307,0.8346469293858771
141897,0.49269853970794164,0.885737147429486,0.029165833166633327
124155,0.4130426085217044,0.6485697139427886,0.9221844368873775
114192,0.6005601120224046,0.48773754750950193,0.790638127625525
119550,0.39903980796159233,0.344628925785157,0.5335867173434687
135919,0.729865973194639,0.032526505301060216,0.08341668333666734
102375,0.0950990198039608,0.4037607521504301,0.7044608921784357
137800,0.36231246249249843,0.6631326265253051,0.4428485697139428
116124,0.8838967793558712,0.9393078615723145,0.7869573914782957
104190,0.8680536107221444,0.5981996399279856,0.40140028005601114
146535,0.6252050410082016,0.5320264052810562,0.6216443288657731
127094,0.8525705141028206,0.8910182036407281,0.819243848769754
149371,0.8762952590518104,0.8068413682736548,0.7921184236847371
102067,0.876495299059812,0.36547309461892374,0.6818163632726546
144856,0.06129225845169032,0.8908181636327266,0.03336667333466693
108941,0.2724144828965793,0.9175835167033407,0.21168233646729345
129212,0.41564312862572517,0.2245249049809962,0.3960392078415683
131174,0.362632526505301,0.46805361072214435,0.3593518703740748
108990,0.31386277255451095,0.36003200640128025,0.3567913582716543
116460,0.6226845369073815,0.46237247449489893,0.43704740948189635
126083,0.587117423484697,0.5078615723144628,0.8327265453090619
136560,0.6580516103220644,0.5771554310862173,0.4370474094818964
139991,0.6649729945989198,0.3575515103020604,0.26629325865173037
112994,0.5973594718943788,0.7089417883576715,0.9245849169833967
129241,0.24820964192838568,0.29505901180236044,0.851130226045209
118790,0.32294458891778355,0.2500100020004001,0.9355871174234847
128928,0.3615523104620924,0.341868373674735,0.4566113222644529
144625,0.4726545309061812,0.3855571114222845,0.385997199439888
141120,0.18551710342068414,0.586117223444689,0.2961392278455692
115252,0.8530106021204241,0.22896579315863172,0.42740548109621923
114900,0.6947389477895579,0.7603120624124824,0.5638327665533107
120456,0.6398479695939188,0.3260252050410082,0.8576515303060612
147602,0.6910182036407282,0.23812762552510502,0.45913182636527305
144633,0.2397279455891178,0.2665733146629326,0.32278455691138225
131780,0.3101820364072814,0.24824964992998597,0.4264852970594119
111252,0.29181836367273456,0.5112622524504902,0.8813762752550511
144029,0.11326265253050607,0.5711542308461692,0.9247049409881977
111494,0.9262252450490099,0.26233246649329867,0.32714542908581723
142627,0.6129625925185037,0.5135827165433087,0.8878575715143029
112572,0.7877175435087018,0.12130426085217043,0.3463092618523705
140138,0.8554110822164434,0.2666133226645329,0.29257851570314064
102473,0.7224244848969794,0.4820564112822564,0.621124224844969
144757,0.3387077415483096,0.29717943588717743,0.3994798959791958
110258,0.6072814562912583,0.12514502900580116,0.21856371274254852
119843,0.13022604520904182,0.734746949389878,0.8491698339667932
147416,0.16823364672934588,0.5355871174234846,0.44096819363872775
142960,0.8702940588117624,0.6254850970194039,0.6943388677735547
128340,0.9325065013002601,0.9138627725545109,0.43012602520504095
134349,0.27961592318463696,0.5139827965593119,0.8002400480096019
135730,0.5923984796959392,0.602880576115223,0.9075815163032607
148009,0.3481096219243849,0.7478695739147829,0.5757951590318064
133541,0.5573914782956592,0.7646729345869173,0.904620924184837
121204,0.43868773754750956,0.6654930986197238,0.5504700940188038
148664,0.1369473894778956,0.2007601520304061,0.9440288057611522
126562,0.6328465693138627,0.7112622524504901,0.9193438687737547
130378,0.9534306861372275,0.9728745749149831,0.19291858371674334
104337,0.33370674134826966,0.47005401080216047,0.8876575315063012
122224,0.4003200640128026,0.2372874574914983,0.6625725145029006
149998,0.17303460692138428,0.2474894978995799,0.7948389677935587
135218,0.3311062212442488,0.34266853370674133,0.6902180436087216
119783,0.8752150430086018,0.2887777555511102,0.3539907981596319
115573,0.25093018603720746,0.2689737947589518,0.559751950390078
135768,0.5667133426685337,0.02012402480496099,0.10470094018803762
141708,0.026005201040208037,0.8188437687537509,0.01740348069613923
104666,0.6771754350870174,0.4145229045809161,0.6598919783956791
106949,0.6396079215843169,0.02180436087217443,0.08161632326465293
137452,0.9847969593918784,0.9364272854570914,0.05089017803560713
142772,0.7121824364872974,0.6805761152230447,0.8937787557511503
108458,0.2508901780356071,0.20056011202240448,0.503500700140028
129431,0.6078415683136628,0.9494698939787958,0.02152430486097219
117521,0.2870974194838968,0.7798359671934387,0.6690538107621524
147280,0.7188237647529506,0.563512702540508,0.5492298459691939
104158,0.5000600120024005,0.4267653530706141,0.3455491098219644
125219,0.14466893378675735,0.8040008001600321,0.9744748949789959
141619,0.1275855171034207,0.5802760552110422,0.6300460092018404
111099,0.19539907981596316,0.9760752150430086,0.1240648129625925
114445,0.9671534306861373,0.8237247449489897,0.7055811162232447
128107,0.2640528105621124,0.7705141028205641,0.9730746149229846
130842,0.3987597519503901,0.7310662132426485,0.6409681936387277
102198,0.467373474694939,0.5236647329465893,0.45693138627725544
100272,0.7578315663132627,0.3968393678735747,0.42080416083216643
129384,0.09749949989998,0.33346669333866774,0.8866973394678936
148145,0.5592718543708741,0.7227445489097819,0.9224644928985797
118009,0.8173234646929386,0.6066813362672534,0.2968593718743749
146204,0.47329465893178635,0.18011602320464093,0.6701740348069614
101532,0.30042008401680337,0.34322864572914585,0.30694138827765555
114854,0.16771354270854172,0.19623924784956992,0.16555311062212444
137988,0.35231046209241845,0.8941788357671535,0.689617923584717
122106,0.6353670734146829,0.9696739347869574,0.14586917383476697
108135,0.09329865973194637,0.9199439887977596,0.12090418083616722
114541,0.8327265453090618,0.4775355071014203,0.16299259851970394
145266,0.1609521904380876,0.5245849169833967,0.9222644528905781
121492,0.31770354070814166,0.42280456091218244,0.829005801160232
127919,0.3896779355871174,0.23420684136827366,0.2913382676535307
127903,0.46941388277655527,0.5924384876975395,0.5133026605321065
102877,0.3006201240248049,0.6106421284256851,0.49597919583916783
122405,0.9193438687737547,0.9231846369273854,0.6213242648529705
110745,0.5363472694538908,0.20404080816163236,0.36459291858371673
131596,0.7603520704140828,0.24180836167233444,0.385757151430286
145823,0.1951990398079616,0.24776955391078215,0.2910182036407281
108724,0.09069813962792558,0.042568513702740556,0.0948989797959592
112533,0.6990598119623925,0.9393078615723145,0.3441888377675535
113561,0.9930786157231446,0.8609721944388877,0.15907181436287257
109461,0.3082616523304661,0.14586917383476697,0.774874974994999
124034,0.8485297059411883,0.6054010802160432,0.6621724344868973
130750,0.7669933986797359,0.4660132026405281,0.8246049209841969
147858,0.9977595519103821,0.9298259651930386,0.17403480696139229
134378,0.8103220644128826,0.1967993598719744,0.6350870174034807
101949,0.38751750350070013,0.3035807161432286,0.615123024604921
100446,0.5046609321864373,0.44492898579715945,0.7029805961192239
117185,0.4366873374674935,0.5224644928985797,0.5075415083016603
114633,0.8625325065013003,0.4880576115223044,0.4497699539907981
130743,0.6353270654130827,0.7489097819563912,0.45445089017803564
143421,0.8365273054610922,0.4582116423284657,0.6401680336067214
124473,0.7195439087817563,0.31642328465693137,0.4626525305061013
145234,0.2536107221444289,0.8429285857171434,0.8100820164032807
139998,0.15327065413082613,0.4159231846369274,0.8778555711142229
125970,0.4524904980996199,0.22376475295059012,0.3988397679535907
146597,0.9299059811962392,0.42460492098419683,0.37719543908781755
115021,0.8410482096419283,0.8167233446689337,0.7633526705341069
122616,0.4762152430486098,0.8529305861172234,0.7058611722344469
135464,0.45905181036207243,0.12314462892578512,0.1459491898379676
120262,0.8459291858371674,0.19911982396479294,0.37235447089417884
132914,0.7523104620924185,0.7337067413482696,0.6669333866773354
117532,0.4675335067013403,0.4616523304660932,0.5311462292458492
114538,0.5587917583516703,0.8598119623924785,0.7589517903580717
105815,0.2311662332466493,0.3625525105021004,0.3393078615723144
145891,0.9319463892778556,0.6755351070214043,0.525385077015403
134793,0.9971594318863772,0.18183636727345467,0.17899579915983196
149574,0.9215443088617723,0.899619923984797,0.19763952790558112
134858,0.701620324064813,0.9081416283256651,0.40508101620324066
120856,0.7585117023404682,0.17639527905581115,0.6671734346869373
105959,0.09885977195439088,0.9947589517903581,0.8990198039607922
107858,0.6810562112422485,0.9654730946189238,0.6371674334866974
122771,0.5675535107021404,0.5632326465293058,0.4588517703540709
107451,0.8757751550310062,0.46385277055411084,0.3503900780156031
135846,0.02480496099219844,0.42848569713942786,0.26833366673334663
101161,0.7813562712542508,0.9771954390878176,0.6650930186037207
100124,0.8242848569713942,0.9472694538907782,0.030606121224244845
147815,0.6870174034806962,0.6034006801360272,0.4769753950790159
137108,0.6062812562512503,0.5573914782956592,0.7164232846569314
129639,0.7788357671534307,0.6971794358871775,0.9041808361672334
122331,0.11002200440088018,0.8754550910182036,0.9722744548909781
115713,0.06873374674934986,0.49893978795759153,0.9263052610522104
100741,0.7421484296859371,0.806361272254451,0.9229045809161832
138401,0.8518503700740148,0.4079215843168634,0.6159231846369274
136944,0.5771554310862173,0.24804960992198438,0.20324064812962592
144481,0.334626925385077,0.15939187837567514,0.34702940588117626
129443,0.847249449889978,0.5947189437887577,0.5201840368073615
122051,0.3595919183836767,0.2564912982596519,0.8263252650530106
140347,0.37979595919183834,0.31042208441688335,0.2827365473094619
112876,0.3933186637327466,0.21164232846569314,0.9019403880776155
107096,0.20196039207841565,0.8594518903780756,0.7722744548909782
100734,0.42116423284656934,0.0558511702340468,0.5291058211642329
124959,0.5559911982396479,0.7651530306061212,0.6184436887377476
142379,0.5095819163832767,0.15667133426685337,0.351750350070014
118858,0.2750150030006001,0.34630926185237043,0.3920784156831366
102929,0.31178235647129426,0.20232046409281856,0.7019803960792159
147327,0.776635327065413,0.46081216243248646,0.36763352670534105
123744,0.9004600920184036,0.9343468693738748,0.7551510302060412
109917,0.40508101620324066,0.11602320464092819,0.25433086617323464
112915,0.6684536907381476,0.521504300860172,0.35887177435487094
123761,0.11982396479295859,0.35915183036607323,0.8628125625125025
108288,0.6146029205841168,0.8355671134226845,0.8638527705541108
134862,0.806361272254451,0.7915983196639328,0.9811962392478497
134032,0.4738547709541908,0.2107221444288858,0.4711742348469694
100613,0.9659531906381277,0.46273254650930185,0.8607721544308862
148137,0.061652330466093225,0.09241848369673933,0.8088417683536706
135759,0.8739747949589919,0.9928385677135427,0.4916183236647329
111437,0.511622324464893,0.4039207841568314,0.39611922384476894
146895,0.8244048809761951,0.20816163232646528,0.6508101620324065
103694,0.8325665133026605,0.680256051210242,0.7107821564312863
114000,0.21952390478095618,0.262372474494899,0.6217643528705741
143247,0.9519103820764152,0.835887177435487,0.9821564312862572
145540,0.429125825165033,0.9551910382076415,0.056411282256451284
130404,0.22776555311062213,0.5675535107021406,0.9200640128025606
142788,0.040768153630726146,0.5069013802760552,0.7320664132826566
110148,0.5059011802360472,0.6777755551110222,0.5107021404280856
146238,0.281496299259852,0.40532106421284264,0.5990398079615923
128821,0.23520704140828164,0.8619723944788957,0.8062012402480496
112289,0.7997999599919983,0.10250050010001999,0.20648129625925185
113590,0.30602120424084817,0.3847569513902781,0.39647929585917185
114954,0.8989797959591919,0.9315063012602521,0.13254650930186035
114047,0.7324664932986598,0.3700340068013602,0.45257051410282056
133360,0.7695139027805562,0.007401480296059213,0.08417683536707342
109507,0.015043008601720344,0.591118223644729,0.4668933786757351
125416,0.04132826565313062,0.8337667533506702,0.020204040808161634
105011,0.38151630326065217,0.057691538307661536,0.4784956991398279
114557,0.5270254050810163,0.31338267653530705,0.5731546309261852
106990,0.9028205641128225,0.38319663932786563,0.2786957391478296
108729,0.7712742548509702,0.6667333466693339,0.6985397079415884
111116,0.09673934786957392,0.3301060212042409,0.06917383476695341
121341,0.38795759151830367,0.27213442688537703,0.4282056411282256
124228,0.7309461892378476,0.7104220844168834,0.7519103820764154
131952,0.9154230846169235,0.6881776355271053,0.49045809161832365
101435,0.5268253650730146,0.14446889377875574,0.44376875375075014
107299,0.9149429885977196,0.875375075015003,0.1545909181836367
121798,0.39811962392478495,0.8279255851170234,0.7177035407081417
144968,0.27305461092218447,0.5858771754350871,0.9305861172234448
112884,0.7021004200840167,0.27485497099419887,0.33342668533706743
147537,0.22200440088017603,0.765113022604521,0.944628925785157
146826,0.680256051210242,0.6494898979795959,0.9497899579915983
127655,0.34582916583316664,0.15887177435487096,0.41676335267053416
134908,0.42344468893778753,0.8576915383076615,0.9793958791758353
116963,0.31642328465693137,0.9622724544908982,0.15335067013402676
125370,0.4621724344868974,0.26769353870774154,0.27409481896379273
108766,0.6498099619923985,0.8542108421684338,0.08045609121824365
140060,0.5093418683736748,0.5591118223644729,0.45305061012202447
100756,0.05421084216843367,0.8293258651730346,0.016243248649729945
104747,0.5750350070014003,0.20688137627525505,0.42340468093618727
104644,0.27545509101820365,0.3851970394078816,0.14190838167633527
107715,0.8780156031206242,0.7997199439887978,0.8550910182036408
139372,0.5018203640728146,0.11850370074014802,0.8064812962592519
117062,0.6512902580516102,0.7556311262252451,0.9735147029405881
104895,0.9090218043608722,0.78999799959992,0.6863372674534907
138304,0.08733746749349869,0.0390878175635127,0.5079015803160631
108864,0.9320264052810562,0.4084416883376676,0.3043008601720344
122337,0.8347669533906782,0.9171034206841369,0.07993598719743948
122453,0.8948989797959592,0.6402880576115223,0.6945389077815562
104552,0.37975595119023803,0.6927785557111421,0.6844168833766753
116536,0.3626325265053011,0.9373074614922984,0.7599519903980797
126103,0.3047009401880376,0.061812362472494484,0.12394478895779154
121871,0.7216643328665733,0.34738947789557906,0.5814362872574514
149190,0.9535107021404282,0.4994198839767954,0.4415283056611322
144696,0.7281456291258251,0.133626725345069,0.24836967393478693
144606,0.6329665933186637,0.8329265853170634,0.00592118423684737
141041,0.15859171834366872,0.6158431686337268,0.673254650930186
120616,0.09237847569513902,0.509501900380076,0.9099819963992798
129881,0.7431486297259451,0.41060212042408484,0.5298259651930386
114782,0.12214442888577713,0.2490898179635927,0.832366473294659
112826,0.6576915383076615,0.8278855771154231,0.9692738547709543
109968,0.8855371074214844,0.9139027805561113,0.8092818563712743
127862,0.522624524904981,0.1521904380876175,0.607761552310462
111235,0.7115823164632927,0.6804160832166433,0.7263052610522104
109873,0.47509501900380074,0.5973594718943789,0.6403280656131227
106713,0.435127025405081,0.2672934586917383,0.36695339067813565
142331,0.1399879975995199,0.8402080416083217,0.17819563912782557
104632,0.06721344268853771,0.8958991798359671,0.19451890378075615
146356,0.2046009201840368,0.3555911182236447,0.8040008001600321
131946,0.5887577515503101,0.36251250250050004,0.26049209841968396
147985,0.4427285457091419,0.24636927385477098,0.9037807561512303
136474,0.10526105221044207,0.8078415683136627,0.9777155431086217
127464,0.15711142228445688,0.5481096219243848,0.9633126625325065
106409,0.987877575515103,0.9967993598719743,0.7721144228845769
116334,0.4398879775955191,0.06649329865973194,0.24756951390278054
111162,0.5596719343868773,0.9663532706541309,0.3056211242248449
134683,0.478375675135027,0.2356871374274855,0.6306061212242449
144917,0.7529905981196239,0.9278255651130226,0.8566113222644529
129544,0.6348869773954791,0.08585717143428685,0.2542908581716343
112080,0.671494298859772,0.6390478095619124,0.6522904580916183
106686,0.9813162632526504,0.7284656931386277,0.5529505901180236
114284,0.3996399279855971,0.2798959791958392,0.3731546309261852
121407,0.1293858771754351,0.23348669733946786,0.24260852170434088
131117,0.8225645129025805,0.9565513102620524,0.36443288657731543
127815,0.6744948989797959,0.07853570714142827,0.16939387877575518
134205,0.6518503700740148,0.36191238247649526,0.2944588917783557
120643,0.48209641928385677,0.5692338467693538,0.5729545909181837
137562,0.9697939587917583,0.27933586717343467,0.21452290458091616
130988,0.46477295459091816,0.07645529105821164,0.34738947789557906
101449,0.16819363872774556,0.20568113622724543,0.33050610122024404
134558,0.8063212642528506,0.25753150630126026,0.39547909581916385
129454,0.7211442288457692,0.6305661132226444,0.703500700140028
121048,0.7193438687737548,0.9045809161832367,0.05753150630126025
146103,0.1293858771754351,0.9715543108621724,0.058691738347669525
131937,0.6349269853970794,0.25733146629325865,0.45917183436687337
130713,0.11386277255451088,0.2856971394278856,0.5864372874574915
112688,0.32230446089217846,0.09501900380076014,0.1393878775755151
139277,0.7129025805161032,0.6972194438887778,0.5804360872174436
145112,0.2598519703940788,0.5255851170234047,0.9797159431886378
120960,0.5492698539707942,0.40204040808161634,0.5111822364472894
120278,0.8120424084816963,0.7380676135227046,0.6410882176435287
142890,0.6249249849969994,0.6600120024004801,0.8415283056611322
110604,0.33974794958991794,0.18631726345269053,0.9291058211642328
106722,0.4024004800960192,0.19815963192638528,0.6800960192038408
121814,0.10218043608721744,0.5959191838367673,0.9238647729545909
142133,0.5491098219643928,0.6230446089217843,0.5785957191438288
142592,0.3114222844568914,0.7359471894378876,0.9387877575515102
104211,0.4097619523904781,0.21628325665133025,0.2083616723344669
140124,0.18419683936787357,0.41332266453290656,0.6906981396279256
132776,0.14482896579315863,0.47321464292858567,0.23880776155231043
129269,0.575515103020604,0.6145229045809162,0.48449689937987594
132088,0.28977795559111824,0.14890978195639124,0.13298659731946388
127932,0.7477095419083817,0.20156031206241248,0.47557511502300465
123141,0.693618723744749,0.12474494898979796,0.3818363672734547
116888,0.07409481896379275,0.8258851770354071,0.6052410482096419
141502,0.6708541708341668,0.44428885777155436,0.8409281856371275
122881,0.8471694338867775,0.5966393278655732,0.8217243448689737
124713,0.3775955191038208,0.11818363672734547,0.2696139227845569
133013,0.7445489097819564,0.906621324264853,0.06393278655731147
146842,0.19727945589117823,0.12818563712742548,0.34846969393878774
147792,0.882376475295059,0.3238647729545909,0.4470894178835767
110138,0.5794758951790357,0.09841968393678735,0.223124624924985
129586,0.5165033006601321,0.1358271654330866,0.21092218443688737
112631,0.46577315463092617,0.6196839367873574,0.49981996399279854
121369,0.5466693338667734,0.0020004000800160028,0.047529505901180234
124320,0.8532906581316264,0.6915383076615323,0.6404480896179237
145523,0.32122424484896983,0.07777555511102222,0.20296059211842368
106763,0.3006601320264053,0.5547109421884378,0.4618523704740949
107732,0.0005201040208041609,0.5421084216843369,0.9331466293258652
135706,0.41100220044008806,0.3286657331466293,0.615243048609722
113682,0.6699339867973595,0.5744348869773955,0.4816963392678536
122728,0.9362272454490899,0.6506501300260051,0.6242048409681936
144983,0.1339867973594719,0.70250050010002,0.9313862772554511
104850,0.8804960992198438,0.924504900980196,0.09265853170634128
135557,0.7303860772154431,0.3732746549309862,0.14326865373074615
105135,0.5205841168233647,0.3896379275855171,0.39847969593918786
143009,0.8315263052610522,0.37895579115823164,0.2349269853970794
132664,0.6188437687537507,0.5647129425885177,0.5476695339067813
104993,0.8247249449889978,0.707621524304861,0.9085817163432687
145793,0.41604320864172833,0.37887577515503107,0.562992598519704
120845,0.12470494098819762,0.5314262852570514,0.17367473494698937
126185,0.6943388677735547,0.8862572514502901,0.7128225645129026
143775,0.2950990198039608,0.8201640328065614,0.07929585917183436
123235,0.09845969193838766,0.599879975995199,0.9220244048809763
137266,0.19947989597919585,0.36459291858371673,0.742988597719544
134255,0.19747949589917982,0.4065213042608522,0.5268253650730146
136621,0.8657331466293259,0.3283056611322264,0.3409881976395279
149119,0.6218443688737747,0.4085617123424685,0.7249849969993999
102757,0.7684736947389477,0.09429885977195437,0.44800960192038414
125870,0.1260252050410082,0.2179635927185437,0.26501300260052013
112264,0.17515503100620122,0.2584116823364673,0.5676335267053411
147891,0.9325465093018603,0.8765353070614122,0.9900780156031206
116881,0.168873774754951,0.710742148429686,0.8389677935587118
115744,0.24740948189637926,0.8538107621524305,0.65125025005001
120624,0.15243048609721943,0.6449689937987598,0.8758951790358072
123518,0.3937187437487497,0.5585917183436687,0.5028205641128225
111440,0.18627725545109022,0.5360272054410883,0.23488697739547912
138066,0.04252850570114022,0.4866973394678936,0.8418083616723345
138006,0.8222844568913783,0.3119823964792959,0.38103620724144827
129162,0.7318663732746549,0.3792358471694339,0.9822364472894578
102055,0.8643328665733147,0.32094418883776754,0.42200440088017604
144594,0.9657931586317264,0.4414882976595319,0.2549309861972394
113240,0.8777355471094219,0.10202040408081617,0.23744748949789957
133017,0.5117023404680936,0.04524904980996199,0.12134426885377075
133885,0.29481896379275857,0.7350670134026805,0.918863772754551
136326,0.8945389077815563,0.055771154230846165,0.3233446689337868
141263,0.16635327065413083,0.10878175635127026,0.10962192438487697
104381,0.8665333066613322,0.08477695539107821,0.08469693938787758
107728,0.8103220644128826,0.5805561112222444,0.9566713342668534
113594,0.021844368873774753,0.07225445089017804,0.12154430886177235
103800,0.7121824364872974,0.1997999599919984,0.228125625125025
100924,0.3324264852970595,0.1836367273454691,0.2594518903780756
126996,0.393118623724745,0.823244648929786,0.9372674534906982
113082,0.656611322264453,0.9168633726745349,0.7640328065613122
121365,0.6028405681136227,0.03452690538107621,0.2175635127025405
118334,0.36383276655331065,0.6529305861172234,0.7402680536107222
119320,0.3135427085417083,0.02668533706741348,0.10534106821364272
132589,0.9455491098219644,0.829365873174635,0.748509701940388
139680,0.6207641528305662,0.8059611922384476,0.706741348269654
107772,0.4454090818163633,0.4114022804560912,0.3821564312862573
143747,0.6570914182836567,0.1288257651530306,0.1409481896379276
149450,0.8312062412482496,0.3490698139627926,0.8256451290258051
146406,0.4174034806961392,0.17063412682536505,0.12794558911782355
105140,0.4827365473094619,0.9991598319663932,0.5591118223644729
148186,0.8163632726545309,0.3486697339467894,0.9221444288857772
134079,0.9583516703340669,0.5734746949389878,0.657251450290058
146246,0.20608121624324863,0.2494898979795959,0.9353470694138827
120082,0.9347869573914783,0.2568913782756551,0.26209241848369674
144473,0.06497299459891978,0.506621324264853,0.8857771554310863
108320,0.8142828565713143,0.8060412082416484,0.6952990598119624
103151,0.19947989597919585,0.9314262852570514,0.744748949789958
109636,0.2618123624724945,0.5425485097019404,0.9421484296859373
130323,0.9619523904780956,0.6264052810562112,0.44792958591718346
109701,0.08137627525505099,0.5682736547309462,0.9726345269053811
132960,0.3795959191838368,0.8521704340868174,0.9985197039407882
119767,0.739747949589918,0.27333466693338665,0.4370874174834967
107639,0.499499899979996,0.22020404080816167,0.30750150030006
135622,0.4407281456291258,0.2460092018403681,0.8948589717943589
149166,0.42344468893778753,0.6672534506901381,0.872614522904581
124787,0.911502300460092,0.8637727545509103,0.7655131026205241
128525,0.8027605521104221,0.4025205041008202,0.5207441488297659
100225,0.34026805361072215,0.9874774954990999,0.05533106621324265
114215,0.20768153630726144,0.9472294458891779,0.5787157431486297
113047,0.2742148429685937,0.8838567713542709,0.047809561912382476
131222,0.22340468093618726,0.6397679535907181,0.46389277855571115
148766,0.5311862372474495,0.24796959391878376,0.24432886577315466
142125,0.24260852170434086,0.21980396079215841,0.15947189437887577
102071,0.8554510902180436,0.28297659531906383,0.34986997399479897
101156,0.1888377675535107,0.32782556511302263,0.8177235447089417
134534,0.2538907781556311,0.9583516703340669,0.765873174634927
139592,0.5843568713742748,0.03064612922584516,0.10966193238647728
111262,0.4711342268453691,0.1875575115023004,0.2849769953990798
122715,0.7987597519503902,0.19859971994398878,0.837247449489898
149479,0.2046009201840368,0.8529705941188238,0.7299459891978396
144959,0.6115223044608922,0.34482896579315864,0.8920184036807361
103918,0.822004400880176,0.8112022404480896,0.9680336067213442
123732,0.058091618323664725,0.7071814362872575,0.9112222444488898
106016,0.7967993598719744,0.49181836367273457,0.28145629125825167
146279,0.7089817963592718,0.11258251650330064,0.23840768153630726
138151,0.11906381276255251,0.8096419283856771,0.9465893178635727
113517,0.8106021204240847,0.20548109621924385,0.4404880976195239
103632,0.047409481896379266,0.5832366473294659,0.8312862572514503
126901,0.406121224244849,0.07417483496699338,0.3685137027405481
130622,0.4529305861172234,0.7460292058411682,0.5669133826765353
127808,0.2258851770354071,0.20628125625125024,0.9383476695339068
100457,0.3493498699739948,0.6998599719943989,0.5461492298459693
100256,0.6304860972194438,0.38883776755351074,0.21252250450090018
143998,0.10878175635127024,0.6389677935587117,0.939747949589918
148348,0.6837767553510702,0.5128625725145028,0.49797959591918384
147965,0.577755551110222,0.7700740148029606,0.6594518903780756
145724,0.016323264652930585,0.6285257051410281,0.8617723544708943
130319,0.5103420684136827,0.5399879975995199,0.485497099419884
131022,0.6380876175235046,0.8774154830966193,0.6084016803360671
127511,0.7213842768553711,0.29029805961192234,0.35267053410682137
101365,0.6710542108421684,0.45093018603720747,0.9399079815963193
127071,0.3481096219243849,0.16611322264452888,0.3489897979595919
113312,0.8692938587717544,0.6547309461892379,0.4904580916183237
100827,0.3801560312062413,0.2223244648929786,0.22688537707541506
147555,0.2594918983796759,0.6275255051010202,0.7187437487497499
126355,0.629885977195439,0.5638327665533107,0.30470094018803756
122120,0.6113222644528906,0.713502700540108,0.9305861172234448
102872,0.17103420684136825,0.6120424084816963,0.29685937187437483
141999,0.544388877775555,0.5459091818363673,0.8693338667733548
123159,0.8032406481296259,0.31166233246649333,0.3867573514702941
117058,0.3187837567513503,0.6519303860772154,0.2847369473894779
111801,0.8304060812162433,0.4084416883376676,0.46505301060212045
122130,0.7013802760552111,0.3179435887177436,0.9041408281656331
110308,0.8721744348869774,0.5902380476095219,0.5819163832766553
142764,0.14206841368273654,0.5865173034606922,0.9612722544508902
107330,0.4865773154630926,0.08869773954790958,0.14346869373874774
123563,0.4080416083216643,0.01352270454090818,0.05993198639727946
145188,0.16327265453090617,0.6375675135027006,0.5153030606121225
136884,0.3922384476895379,0.9467493498699739,0.12034406881376274
100655,0.5232246449289858,0.2749349869973995,0.8646929385877176
113439,0.26865373074614923,0.9422284456891379,0.10262052410482095
134167,0.037327465493098615,0.20092018403680736,0.8332866573314663
136803,0.7704340868173636,0.5498299659931987,0.34058811762352476
106427,0.27805561112222443,0.9117023404680936,0.06109221844368873
115917,0.9058211642328465,0.5090618123624725,0.4777355471094219
123112,0.05621124224844969,0.2209241848369674,0.658251650330066
119183,0.05313062612522503,0.8918583716743348,0.9873174634926986
118649,0.569873974794959,0.815123024604921,0.649369873974795
129753,0.8998199639927986,0.767633526705341,0.739747949589918
149806,0.9693938787757552,0.616003200640128,0.43176635327065416
118399,0.7056611322264452,0.5873174634926985,0.5963992798559712
134997,0.5493098619723945,0.8630526105221044,0.2596919383876775
139330,0.8110422084416884,0.9739147829565913,0.09037807561512302
135348,0.07849569913982797,0.3797959591918384,0.8371674334866973
133289,0.49801960392078415,0.0785357071414283,0.26821364272854575
138105,0.9483096619323865,0.6097619523904781,0.40652130426085215
148868,0.9337067413482696,0.5836767353470694,0.4995799159831966
135025,0.9797159431886378,0.8013202640528105,0.7197039407881577
105139,0.30210042008401683,0.15919183836767353,0.38955791158231645
101098,0.8344068813762753,0.9330666133226645,0.1033406681336267
138082,0.13374674934986996,0.44848969793958793,0.27725545109021804
148892,0.326505301060212,0.5366673334666934,0.7011002200440088
124267,0.18339667933586717,0.0650530106021204,0.24400880176035206
147944,0.20304060812162433,0.4318463692738548,0.6369273854770955
104907,0.05845169033806761,0.9812362472494499,0.7369873974794959
108554,0.6848969793958791,0.07341468293658733,0.13066613322664533
138866,0.2942988597719544,0.49137827565513104,0.972754550910182
120857,0.04384876975395078,0.8023204640928187,0.9990398079615923
134516,0.05665133026605319,0.9307461492298459,0.023764752950590114
105948,0.7349469893978796,0.32762552510502096,0.2918583716743348
118096,0.5899979995999199,0.6055211042208442,0.6876575315063013
123253,0.13710742148429686,0.32542508501700346,0.2958991798359672
146263,0.18631726345269056,0.5541108221644329,0.3461092218443689
144943,0.48861772354470895,0.6267653530706141,0.5822764552910582
147042,0.12518503700740147,0.7242248449689939,0.524624924984997
106957,0.4885377075415083,0.04272854570914182,0.13406681336267254
112753,0.838367673534707,0.5133426685337068,0.8415283056611322
101925,0.7660732146429285,0.5631926385277055,0.8452890578115623
115617,0.11738347669533908,0.15627125425085017,0.18095619123824766
116971,0.5495899179835967,0.5596719343868773,0.8396079215843169
107520,0.30082016403280654,0.5632726545309061,0.7208641728345669
142744,0.9393878775755151,0.8098819763952791,0.9065013002600519
115177,0.08737747549509903,0.8884576915383076,0.01756351270254051
116644,0.17947589517903578,0.9079415883176636,0.7542308461692339
132748,0.8096019203840769,0.5783956791358271,0.6067213442688538
143008,0.17023404680936183,0.554870974194839,0.7813562712542509
101911,0.9814362872574515,0.427245449089818,0.20328065613122626
121171,0.7087017403480695,0.7118223644728946,0.8786957391478296
141972,0.661612322464493,0.7537907581516303,0.9797959591918384
124704,0.4765753150630126,0.4609721944388878,0.49053810762152433
149308,0.3960792158431686,0.2500100020004001,0.593998799759952
111954,0.9776755351070213,0.9240648129625926,0.22728545709141829
127662,0.47397479495899175,0.19099819963992798,0.38571714342868574
124316,0.670134026805361,0.8223244648929786,0.7331066213242649
141479,0.3733146629325865,0.050610122024404874,0.08777755551110222
115297,0.1931986397279456,0.8884176835367074,0.5645129025805161
110750,0.7550310062012402,0.4564512902580516,0.8464092818563713
147755,0.7189437887577516,0.17203440688137625,0.34210842168433686
147701,0.38359671934386874,0.49625925185037006,0.4193238647729546
114651,0.09097819563912785,0.7157831566313263,0.530626125225045
114454,0.21152230446089215,0.30214042808561714,0.31794358871774353
108519,0.3599519903980796,0.3862372474494899,0.3681936387277455
133031,0.43732746549309864,0.9176235247049409,0.6520904180836167
123554,0.9901980396079215,0.7481896379275854,0.823124624924985
119457,0.23136627325465092,0.4051610322064413,0.9354670934186837
145459,0.8544908981796359,0.5681536307261452,0.3384276855371074
122281,0.720744148829766,0.5946789357871575,0.8402080416083217
134722,0.5338267653530706,0.04376875375075014,0.18731746349269854
134274,0.5771154230846168,0.5683136627325465,0.7860372074414882
145204,0.4592118423684737,0.760752150430086,0.7208241648329666
104417,0.14466893378675738,0.3751550310062012,0.2809361872374475
136427,0.8443288657731547,0.6137627525505102,0.5645129025805161
148855,0.034566913382676534,0.33762752550510106,0.8367273454690938
126539,0.5308661732346469,0.08685737147429486,0.29841968393678736
133023,0.3207041408281657,0.47085417083416686,0.5906781356271255
132375,0.6859771954390879,0.9098619723944787,0.05329065813162632
137739,0.6960592118423685,0.5770754150830166,0.49037807561512303
105446,0.6750150030006001,0.8456091218243649,0.1387877575515103
132848,0.8708941788357671,0.33446689337867574,0.32818563712742543
126957,0.4393678735747149,0.0767753550710142,0.7676735347069414
146770,0.8693338667733547,0.9397479495899179,0.11902380476095217
119962,0.03388677735547109,0.2883376675335067,0.2075615123024605
117502,0.4716943388677735,0.817243448689738,0.6724944988997799
101203,0.712742548509702,0.41212242448489705,0.9615123024604921
108193,0.49685937187437484,0.9445489097819564,0.7637927585517104
146527,0.15375075015003,0.015283056611322265,0.09733946789357871
145330,0.735627125425085,0.07665533106621322,0.09697939587917583
134078,0.25533106621324264,0.25269053810762154,0.4003600720144028
149615,0.47885577115423084,0.6610922184436888,0.6052010402080417
112096,0.9087817563512702,0.432246449289858,0.488377675535107
123997,0.5605121024204841,0.15131026205241047,0.3619123824764953
145274,0.5022204440888177,0.9178635727145429,0.7964792958591719
111043,0.11118223644728946,0.6951790358071614,0.8886177235447089
103669,0.7142628525705141,0.5479095819163833,0.4416883376675335
121045,0.8432886577315464,0.7011802360472094,0.6241648329665933
107736,0.7503900780156031,0.5363472694538908,0.4846969393878776
130854,0.2532106421284257,0.6274454890978195,0.8959391878375675
123904,0.48733746749349866,0.15911182236447288,0.3553510702140428
124447,0.964232846569314,0.9076615323064614,0.26989397879575916
149168,0.6464092818563714,0.2036007201440288,0.216123224644929
111427,0.6901380276055211,0.3671934386877375,0.6855371074214843
119934,0.5033406681336268,0.10654130826165234,0.1797159431886377
137971,0.7312662532506502,0.37891578315663127,0.49473894778955785
119439,0.26889377875575116,0.3644728945789158,0.8419283856771353
134182,0.17519503900780156,0.7081416283256652,0.945629125825165
101095,0.8632126425285058,0.5721544308861772,0.3321864372874575
136626,0.42604520904180837,0.7513902780556111,0.5593118623724744
123579,0.783996799359872,0.37635527105421085,0.5776755351070214
131722,0.5272654530906181,0.8205241048209642,0.736867373474695
134004,0.3681136227245449,0.9208641728345669,0.06469293858771753
124775,0.23720744148829764,0.7697539507901581,0.9456691338267654
115691,0.05133026605321063,0.8854170834166833,0.01588317663532706
141129,0.37863572714542904,0.3280256051210242,0.42548509701940385
141594,0.4717743548709742,0.11538307661532304,0.7495499099819963
125256,0.7049009801960392,0.877375475095019,0.7809561912382477
136723,0.2530106021204241,0.7961592318463693,0.9188637727545509
143332,0.5985997199439888,0.5873174634926985,0.607001400280056
122733,0.2372874574914983,0.975875175035007,0.08005601120224043
140583,0.060932186437287456,0.04336867373474695,0.11622324464892977
121490,0.2874974994999,0.5698339667933587,0.703500700140028
106618,0.5172234446889378,0.9387877575515103,0.18763752750550108
143801,0.7094218843768754,0.8171634326865373,0.9969193838767754
119733,0.4083216643328666,0.57875575115023,0.3751550310062013
102970,0.4002400480096019,0.4454890978195639,0.2342068413682737
135960,0.9139427885577116,0.8371274254850971,0.765393078615723
136157,0.7546309261852371,0.9030606121224245,0.016483296659331865
141228,0.5842368473694739,0.3177035407081416,0.8587317463492699
124113,0.858251650330066,0.08265653130626126,0.32090418083616723
148828,0.01524304860972194,0.8075215043008601,0.9986397279455892
147964,0.7881176235247049,0.9000200040008002,0.04864972994598919
121550,0.9591518303660732,0.5343468693738749,0.829365873174635
145359,0.8478095619123824,0.9497099419883976,0.10858171634326863
134625,0.6485697139427885,0.4507701540308061,0.5102220444088817
114949,0.37307461492298455,0.49305861172234444,0.321624324864973
117642,0.7772354470894179,0.6798959791958392,0.42072414482896575
149565,0.03476695339067814,0.5568313662732547,0.5004200840168034
130579,0.2725745149029806,0.6792158431686338,0.5498699739947989
102355,0.7765553110622124,0.46329265853170637,0.8426485297059412
133796,0.5250250050010001,0.5423084616923385,0.4231646329265853
123549,0.8682936587317464,0.06249249849969994,0.21372274454890983
117821,0.335747149429886,0.8728545709141828,0.06845369073814761
124573,0.8997799559911982,0.2920584116823365,0.5421884376875374
141156,0.5801560312062413,0.31238247649529904,0.3465493098619724
128078,0.3817963592718544,0.35099019803960796,0.23064612922584518
108202,0.2852170434086817,0.1945989197839568,0.6655731146229246
130475,0.28509701940388077,0.24536907381476297,0.8615723144628926
127476,0.949629925985197,0.7455491098219644,0.6178035607121425
133783,0.16143228645729146,0.7235447089417884,0.5379075815163032
143425,0.00736147229445889,0.9309861972394479,0.03800760152030406
106191,0.49433886777355474,0.2959791958391679,0.4961392278455691
134256,0.03996799359871975,0.7777955591118224,0.9807961592318464
123880,0.5453890778155632,0.0012002400480096015,0.026285257051410278
120939,0.8095619123824765,0.74498899779956,0.6384076815363072
111225,0.42464492898579714,0.22140428085617123,0.4631726345269054
112410,0.6626925385077016,0.17355471094218844,0.27069413882776555
103341,0.23316663332666535,0.9979195839167834,0.8493298659731947
131111,0.2018003600720144,0.08425685137027406,0.6690138027605521
136443,0.7880776155231046,0.7111422284456892,0.9067013402680536
141697,0.755511102220444,0.9507101420284056,0.07257451490298059
130928,0.9379875975195039,0.442128425685137,0.609241848369674
142357,0.6831766353270655,0.24340868173634728,0.2841768353670734
106214,0.47293458691738344,0.8085617123424684,0.9423084616923385
105881,0.4240848169633926,0.18335667133426686,0.5499499899979996
122999,0.5235047009401881,0.05405081016203239,0.2941388277655531
105845,0.9646729345869174,0.33310662132426483,0.473494698939788
113002,0.7883176635327065,0.2202840568113623,0.26133226645329066
114543,0.3786757351470294,0.6184036807361473,0.660612122424485
143947,0.63124624924985,0.6448489697939587,0.8746549309861973
122017,0.6800160032006402,0.3914782956591318,0.31982396479295855
140774,0.0788157631526305,0.8374874974994999,0.09333866773354671
134848,0.7104620924184837,0.4947789557911582,0.9236247249449889
117885,0.18675735147029407,0.5313862772554511,0.3686737347469494
117314,0.09049809961992397,0.8294058811762353,0.6776955391078215
124150,0.18115623124624924,0.26149229845969196,0.5151430286057211
103355,0.04608921784356871,0.30434086817363476,0.2276455291058212
124439,0.7485897179435888,0.9097019403880777,0.05773154630926185
127874,0.5652330466093218,0.3405081016203241,0.3170634126825365
142897,0.23444688937787558,0.1693538707741548,0.35507101420284054
122517,0.1425885177035407,0.9111022204440888,0.4988997799559913
135130,0.544748949789958,0.7025805161032207,0.7544308861772353
120739,0.07421484296859372,0.8910982196439288,0.9859571914382876
123451,0.9990398079615923,0.1292258451690338,0.08449689937987596
121088,0.5805161032206441,0.22696539307861568,0.8455691138227646
100400,0.4979395879175836,0.7370674134826964,0.9223444688937787
114074,0.3560712142428486,0.23900780156031207,0.39907981596319264
134355,0.5049409881976396,0.2521304260852171,0.8660932186437287
127535,0.8340068013602719,0.070374074814963,0.8055611122224445
128933,0.6779755951190238,0.4661732346469294,0.8192838567713543
107453,0.4508501700340068,0.19571914382876576,0.30930186037207447
135454,0.3325465093018604,0.28145629125825167,0.44624924984997005
133242,0.6974594918983796,0.45917183436687337,0.48953790758151633
133414,0.951750350070014,0.7867973594718943,0.9806761352270453
140399,0.7550310062012403,0.861372274454891,0.0053610722144428885
129294,0.45057011402280456,0.4065613122624525,0.6666133226645329
134316,0.587877575515103,0.17699539907981596,0.7420684136827366
123604,0.8423284656931386,0.10762152430486097,0.2312862572514503
110831,0.17563512702540507,0.8673734746949389,0.32014402880576115
143997,0.9309461892378477,0.14074814962992596,0.1639127825565113
106076,0.9240248049609923,0.7652330466093218,0.9607921584316863
116149,0.11694338867773553,0.42912582516503306,0.8715743148629727
144267,0.34294858971794356,0.8650130026005202,0.09001800360072014
146284,0.4264052810562112,0.8506101220244049,0.8384076815363073
121282,0.30570114022804556,0.8191638327665534,0.9760352070414083
129725,0.7396679335867173,0.30906181236247254,0.34102820564112823
147714,0.9869173834766953,0.8870974194838968,0.33274654930986197
110498,0.37867573514702946,0.9709141828365673,0.12546509301860373
132778,0.4130426085217043,0.043448689737947584,0.1503900780156031
138078,0.9691138227645528,0.9224644928985797,0.7813962792558512
126990,0.6509701940388077,0.7398279655931186,0.8807361472294459
142473,0.6359271854370874,0.337867573514703,0.1553110622124425
103340,0.5337067413482697,0.5650330066013203,0.7071414282856571
120884,0.1473494698939788,0.8859371874374875,0.08565713142628525
105155,0.5921984396879376,0.9409481896379276,0.6264052810562113
141456,0.5222644528905781,0.3805961192238448,0.22388477695539108
102724,0.929865973194639,0.6470094018803761,0.5835967193438688
142662,0.45965193038607727,0.323504700940188,0.6047209441888378
111211,0.5218243648729746,0.9442688537707542,0.06393278655731145
129882,0.43548709741948394,0.21092218443688737,0.2997799559911982
128322,0.3278655731146229,0.32346469293858776,0.2524504900980196
122267,0.8185637127425485,0.5514702940588118,0.8876575315063012
121702,0.2006401280256051,0.5113822764552911,0.8389677935587118
120709,0.27645529105821165,0.42580516103220645,0.31142228445689135
121189,0.5942388477695539,0.7945589117823564,0.7736347269453892
103946,0.7275855171034207,0.7173434686937388,0.7279855971194239
105009,0.24208841768353673,0.34874974994999003,0.9064212842568514
112269,0.8091218243648729,0.4258851770354071,0.26305261052210444
123847,0.5180236047209441,0.630886177235447,0.693378675735147
145182,0.6074014802960591,0.9683936787357472,0.09985997199439886
140428,0.8454890978195639,0.8529305861172234,0.7666733346669333
140205,0.6158031606321265,0.1360272054410882,0.14350870174034805
122399,0.17635527105421084,0.3636727345469094,0.8132826565313063
112585,0.4908981796359272,0.47573514702940584,0.9418283656731345
129200,0.9443088617723545,0.9897979595919184,0.9049409881976396
115301,0.18131626325265054,0.573874774954991,0.4209241848369674
120193,0.13018603720744149,0.5100620124024805,0.6317663532706541
142741,0.03280656131226245,0.8701340268053611,0.98999799959992
143091,0.17395479095819164,0.9338667733546709,0.03572714542908581
125658,0.1882376475295059,0.07725545109021804,0.34898979795959195
112677,0.7130626125225046,0.8752150430086016,0.026165233046609317
109658,0.7582716543308662,0.45141028205641126,0.5503900780156031
113202,0.2969793958791758,0.26629325865173037,0.27449489897979595
101147,0.07341468293658732,0.6867773554710942,0.5366273254650931
109136,0.8853370674134827,0.02640528105621124,0.20220044008801763
117649,0.19791958391678335,0.10958191638327666,0.06733346669333867
140779,0.5697939587917584,0.42124424884976985,0.42932586517303456
108889,0.05997199439887978,0.8624924984997,0.09457891578315664
116155,0.15367073414682936,0.43400680136027203,0.3307861572314463
117575,0.19739947989597917,0.8528505701140229,0.7049009801960392
103048,0.9573514702940588,0.30118023604720945,0.21644328865773152
108827,0.8977795559111822,0.33454690938187637,0.4284856971394279
130605,0.8349669933986797,0.34450890178035604,0.8311662332466493
124022,0.5349469893978795,0.4668133626725345,0.5537107421484297
134209,0.8229645929185838,0.20224044808961789,0.3131426285257052
142977,0.691618323664733,0.5298659731946389,0.48717743548709747
109446,0.008041608321664333,0.2152830566113223,0.9402280456091219
102839,0.2738547709541908,0.21732346469293862,0.08857771554310863
106175,0.8138027605521104,0.6182036407281456,0.5774354870974195
127294,0.22980596119223845,0.8408881776355271,0.8059211842368474
103373,0.07857571514302861,0.30490098019603923,0.8634126825365073
136721,0.5350270054010802,0.48981796359271856,0.8684536907381476
129312,0.669493898779756,0.706501300260052,0.9772354470894179
147067,0.43836767353470696,0.8643328665733147,0.0675735147029406
145309,0.7094218843768754,0.6934186837367473,0.8562512502500499
114262,0.5704740948189638,0.3162232446489298,0.48481696339267855
137960,0.2510102020404081,0.42844568913782755,0.6099219843968793
111241,0.9085817163432686,0.9593118623724745,0.028325665133026607
113045,0.6302060412082416,0.07441488297659532,0.4179635927185437
105385,0.5816363272654531,0.09177835567113422,0.3032606521304261
118935,0.5497899579915984,0.334626925385077,0.6562912582516502
115702,0.08337667533506699,0.39347869573914784,0.8437687537507501
105270,0.29461892378475696,0.8861772354470894,0.9884776955391078
144247,0.21644328865773155,0.16439287857571516,0.1931986397279456
100115,0.25061012202440486,0.5283856771354272,0.9337067413482696
142976,0.202000400080016,0.6107621524304861,0.29525905181036205
106012,0.24752950590118022,0.46473294658931785,0.3747149429885977
140280,0.7866773354670934,0.9301860372074415,0.2694538907781556
131413,0.5888377675535108,0.18635727145429085,0.8389277855571113
127255,0.8918583716743349,0.9321064212842568,0.04476895379075815
118927,0.5542708541708341,0.4754550910182036,0.4660132026405281
117945,0.8365673134626925,0.533626725345069,0.40448089617923577
140381,0.8985397079415883,0.252250450090018,0.12634526905381077
104958,0.058771754350870176,0.4053610722144429,0.5185037007401481
120157,0.9842368473694738,0.9545109021804361,0.2748149629925985
104555,0.9475095019003801,0.41976395279055817,0.3314662932586518
127712,0.192878575715143,0.3995599119823965,0.9530306061212243
132893,0.6018403680736147,0.16095219043808762,0.3349069813962793
117927,0.9563512702540509,0.47621524304860974,0.36551310262052406
112473,0.9393078615723145,0.6165233046609322,0.6998599719943989
123203,0.7621924384876975,0.06593318663732746,0.6964592918583716
103411,0.2778955791158232,0.3491498299659932,0.7881976395279057
129178,0.3700340068013603,0.02088417683536707,0.7843968793758752
137631,0.42280456091218244,0.31246249249849967,0.4322864572914583
104275,0.2628525705141028,0.3701940388077616,0.8090818163632727
142994,0.9762352470494098,0.6311662332466492,0.6252450490098019
109625,0.7859971994398879,0.8271654330866173,0.9895579115823165
142416,0.28705741148229647,0.03772754550910182,0.4128025605121024
100958,0.7457091418283657,0.10474094818963794,0.1435487097419484
144511,0.20196039207841568,0.9257851570314062,0.05245049009801961
149929,0.8157631526305261,0.4142028405681136,0.42056411282256456
117961,0.5211842368473695,0.14310862172434488,0.26493298659731945
134124,0.5825565113022605,0.1826765353070614,0.17827565513102622
116238,0.746509301860372,0.9009801960392079,0.055051010202040396
144261,0.4376075215043009,0.09085817163432687,0.20084016803360674
122446,0.393998799759952,0.21260252050410083,0.3378675735147029
102856,0.37239447889577915,0.7258251650330066,0.9089417883576716
148799,0.378875775155031,0.40852170434086815,0.45285057011402285
131661,0.2199239847969594,0.36115223044608924,0.24836967393478693
102313,0.03732746549309862,0.3490298059611922,0.7484696939387878
103902,0.4148029605921184,0.024724944988997792,0.11154230846169234
106131,0.11034206841368273,0.8937787557511503,0.04576915383076616
113398,0.9746349269853971,0.5413882776555311,0.35451090218043607
147217,0.9699539907981596,0.9641928385677135,0.07905581116223245
139584,0.6856571314262853,0.20108021604320864,0.5027805561112222
129122,0.3900380076015203,0.07021404280856171,0.12110422084416883
131147,0.021124224844968995,0.8893778755751152,0.24888977795559114
110174,0.31658331666333267,0.743108621724345,0.937747549509902
134901,0.49317863572714543,0.16343268653730747,0.6088417683536707
112338,0.9839167833566713,0.6465693138627726,0.48609721944388873
131311,0.9311862372474495,0.7194638927785557,0.6526905381076216
137008,0.7928785757151431,0.8116823364672935,0.9580316063212643
124505,0.3064212842568514,0.9177435487097421,0.9028205641128226
131619,0.7731546309261852,0.9735947189437888,0.7196639327865574
134495,0.03324664932986597,0.46473294658931785,0.8363272654530907
108385,0.5543108621724344,0.768873774754951,0.654370874174835
104633,0.43624724944989,0.21000200040008,0.1714742948589718
121674,0.06209241848369673,0.4977795559111822,0.9324664932986597
116094,0.6490498099619925,0.9005401080216043,0.017843568713742743
118386,0.062412482496499305,0.024724944988997802,0.07221444288857772
101764,0.4637727545509102,0.09193838767753548,0.1298259651930386
141471,0.5545909181836367,0.2166433286657331,0.18707741548309662
113282,0.9153430686137227,0.9046609321864374,0.24676935387077414
134165,0.5529505901180236,0.746869373874775,0.8968193638727745
146548,0.5451090218043608,0.4520104020804161,0.8725345069013803
114680,0.8392078415683137,0.6584516903380676,0.762752550510102
102685,0.42232446489297865,0.010602120424084815,0.09197839567913582
130414,0.6922184436887379,0.6702940588117623,0.9093818763752751
118926,0.6775355071014202,0.46373274654930985,0.44560912182436485
141754,0.09021804360872174,0.8438887777555512,0.12954590918183634
124313,0.5465893178635727,0.18563712742548508,0.3722744548909782
126014,0.1571514302860572,0.8921784356871374,0.0985397079415883
131121,0.36759351870374074,0.7043008601720344,0.6752950590118023
133347,0.14362872574514904,0.6052010402080416,0.9514302860572115
105795,0.7544308861772355,0.8863772754550912,0.02560512102420484
127629,0.10830166033206641,0.019483896779355872,0.0400880176035207
116359,0.494378875775155,0.14982996599319862,0.23896779355871173
100547,0.9607921584316863,0.9533106621324264,0.20196039207841565
117052,0.5895979195839168,0.13786757351470297,0.2750950190038008
138783,0.7813162632526505,0.8885777155431087,0.1559911982396479
124170,0.8544508901780355,0.28557711542308467,0.6231246249249849
123216,0.46305261052210445,0.24960992198439685,0.2768953790758152
145881,0.11090218043608721,0.9099019803960793,0.3129425885177035
139484,0.67125425085017,0.40212042408481696,0.771874374874975
105265,0.6311662332466493,0.8667333466693338,0.02064412882576515
116532,0.6083216643328665,0.5325465093018604,0.8427285457091418
144909,0.1889177835567113,0.8864172834566914,0.0769753950790158
107392,0.5251050210042008,0.08637727545509101,0.32954590918183635
137230,0.09057811562312462,0.37895579115823164,0.565993198639728
117775,0.6600920184036807,0.6048009601920383,0.395999199839968
137770,0.39607921584316863,0.5254250850170035,0.9422684536907381
132810,0.9469893978795759,0.5966793358671735,0.7357871574314864
132726,0.9733146629325866,0.6942588517703541,0.5751950390078016
113184,0.9559111822364472,0.3880376075215043,0.18695739147829565
118704,0.5585917183436687,0.5151030206041208,0.7956791358271655
132416,0.2472894578915783,0.34590918183636726,0.3843568713742749
129309,0.21856371274254854,0.15351070214042806,0.5354670934186837
107969,0.5842368473694739,0.7181836367273454,0.9271854370874175
108563,0.28509701940388077,0.4511702340468094,0.26005201040208037
115140,0.003600720144028806,0.2654130826165233,0.8467293458691738
135412,0.7430686137227446,0.7244248849769954,0.6258451690338068
138615,0.6150830166033208,0.5497899579915984,0.8662132426485296
130442,0.7523904780956192,0.18719743948789758,0.28821764352870577
138136,0.34750950190038005,0.969753950790158,0.1595519103820764
142990,0.5194238847769553,0.9491898379675935,0.16879375875175034
101583,0.9906781356271255,0.44008801760352073,0.8100020004000801
133109,0.24128825765153028,0.6308461692338468,0.31078215643128626
110108,0.09061812362472493,0.05357071414282857,0.21860372074414886
117511,0.27889577915583114,0.3965993198639728,0.6270854170834167
149098,0.9256651330266054,0.9841568313662732,0.5084616923384677
105426,0.7346669333866773,0.970994198839768,0.12450490098019601
105616,0.39251850370074015,0.5074614922984597,0.96999399879976
129135,0.6694538907781556,0.37103420684136823,0.4222844568913783
122823,0.16879375875175034,0.5060612122424485,0.48193638727745547
136396,0.40932186437287454,0.2310862172434487,0.42400480096019205
140136,0.6432886577315463,0.7368273654730946,0.9405481096219244
122615,0.49873974794958986,0.4016403280656131,0.485377075415083
102010,0.9948389677935586,0.3014602920584116,0.26677335467093416
138674,0.28909781956391284,0.49017803560712137,0.6077215443088618
114743,0.09753950790158032,0.2968193638727745,0.9075015003000599
100687,0.23560712142428486,0.09137827565513103,0.19111822364472897
129707,0.3159031806361272,0.42032406481296264,0.4430086017203441
123361,0.7251850370074014,0.11862372474494899,0.26573314662932584
109656,0.14334866973394678,0.712742548509702,0.8950590118023605
111174,0.9320264052810562,0.9509501900380075,0.894258851770354
133263,0.6407681536307261,0.3935987197439488,0.46289257851570315
107245,0.5701540308061612,0.5952790558111622,0.46905381076215247
138065,0.7519103820764153,0.9582316463292659,0.10862172434486897
137349,0.3915983196639328,0.27317463492698535,0.2045609121824365
102099,0.8719743948789758,0.4003600720144028,0.4341668333666733
146244,0.9549109821964392,0.5957191438287658,0.5015403080616123
129647,0.857371474294859,0.09417883576715343,0.2521304260852171
116051,0.9005401080216042,0.20096019203840768,0.14310862172434485
119952,0.45805161032206443,0.5399479895979196,0.8841768353670734
119708,0.17279455891178236,0.3866773354670934,0.2775755151030206
133392,0.3686737347469494,0.22764552910582114,0.33354670934186836
121258,0.1933986797359472,0.5489897979595919,0.9522704540908182
132195,0.33806761352270454,0.825485097019404,0.8172034406881377
122777,0.8496499299859972,0.3870374074814963,0.35875175035007
104825,0.4928185637127426,0.024564912982596516,0.05873174634926985
124224,0.18567713542708542,0.6402080416083217,0.5261852370474095
138228,0.06013202640528105,0.850370074014803,0.07537507501500298
113953,0.6414082816563312,0.4669333866773354,0.8906581316263252
104209,0.4861372274454891,0.21300260052010403,0.8456891378275655
115125,0.6766153230646129,0.46633326665333064,0.3125825165033007
139604,0.5226645329065813,0.7734346869373875,0.6855771154230845
124418,0.06869373874774953,0.5251050210042008,0.9624324864972995
115538,0.48213642728545714,0.673374674934987,0.657251450290058
135292,0.2693338667733547,0.5459891978395679,0.3978395679135827
130590,0.7002600520104022,0.940988197639528,0.3391478295659132
103775,0.37935587117423486,0.06449289857971593,0.2504100820164033
119802,0.6821364272854571,0.9447889577915582,0.2726945389077816
111795,0.09149829965993198,0.3952390478095619,0.8705741148229645
131011,0.3540708141628326,0.255251050210042,0.33546709341868375
109758,0.6350870174034807,0.5632726545309061,0.5837967593518704
149865,0.1503500700140028,0.20492098419683935,0.2596919383876775
104733,0.34014802960592116,0.8504100820164032,0.0546509301860372
147216,0.7454690938187638,0.8701340268053611,0.15247049409881974
148022,0.48669733946789356,0.15119023804760953,0.8562512502500499
135444,0.7231446289257851,0.041728345669133825,0.15359071814362873
147333,0.9103420684136827,0.807001400280056,0.6526105221044209
148574,0.5759151830366074,0.2367673534706941,0.2950590118023605
141908,0.8142828565713143,0.24736947389477898,0.35731146229245847
104326,0.30874174834966994,0.5852370474094819,0.506741348269654
112482,0.1292658531706341,0.692618523704741,0.9706741348269654
137513,0.0815763152630526,0.9077815563112622,0.03876775355071014
142001,0.8947789557911583,0.3817163432686538,0.3724344868973795
107859,0.07765553110622123,0.24840968193638724,0.14786957391478295
111574,0.13554710942188433,0.7505101020204041,0.9161832366473295
117397,0.5405481096219245,0.4626125225045009,0.5289857971594318
146571,0.3983196639327865,0.27289457891578317,0.28001600320064013
149662,0.6036007201440288,0.9308261652330465,0.08417683536707339
139663,0.2943388677735547,0.8336467293458693,0.8671734346869375
146655,0.2786957391478296,0.3711942388477696,0.3039807961592318
129274,0.27053410682136425,0.20848169633926789,0.5980796159231847
118726,0.3340668133626725,0.6881376275255051,0.6294858971794359
106844,0.029725945189037806,0.6451690338067614,0.6060412082416484
111627,0.3064212842568514,0.2610922184436888,0.15859171834366872
124702,0.7910382076415283,0.4387277455491098,0.8385677135427085
126448,0.7510702140428085,0.4512102420484097,0.8995399079815963
105936,0.42520504100820167,0.9639127825565114,0.47901580316063214
119202,0.5807961592318464,0.11066213242648529,0.18511702340468095
101986,0.013682736547309463,0.8097219443888778,0.1242248449689938
147156,0.2067613522704541,0.07865573114622923,0.12210442088417683
125765,0.17299459891978394,0.5164232846569314,0.9148629725945189
112105,0.06173234646929386,0.31518303660732144,0.9336667333466694
113220,0.3955591118223645,0.2923384676935387,0.6542108421684336
111464,0.2834566913382677,0.21276255251050208,0.1503100620124025
145094,0.34530906181236254,0.29525905181036205,0.32302460492098417
109527,0.8182036407281457,0.7080216043208641,0.49913982796559314
143415,0.27449489897979595,0.39855971194238843,0.27269453890778156
146474,0.5331866373274654,0.7317063412682536,0.8029605921184236
107521,0.296499299859972,0.6979795959191838,0.5263052610522104
102001,0.631126225245049,0.961752350470094,0.4119223844768954
110290,0.17239447889577916,0.09313862772554511,0.21680336067213446
105275,0.30670134026805357,0.7720344068813763,0.9679935987197439
127618,0.5385477095419084,0.3883176635327065,0.23540708141628328
113222,0.4506101220244049,0.33090618123624727,0.34994998999799964
135240,0.7394278855771155,0.18935787157431488,0.23308661732346472
127189,0.7558711742348471,0.1537907581516303,0.18051610322064413
133883,0.1693538707741548,0.3564312862572514,0.5494298859771953
109964,0.7297459491898379,0.324504900980196,0.27509501900380073
117244,0.2959791958391678,0.1385877175435087,0.434126825365073
124549,0.6987797559511901,0.5528305661132227,0.41256251250250053
118333,0.18331666333266655,0.48169633926785355,0.5465093018603719
126109,0.5816763352670534,0.3182236447289458,0.2243648729745949
130147,0.5805161032206441,0.14250850170034005,0.4005201040208042
119995,0.48573714742948587,0.5430286057211442,0.48449689937987606
125119,0.7402680536107221,0.10786157231446289,0.3377875575115023
133231,0.08641728345669134,0.2739747949589918,0.21344268853770754
105160,0.3659131826365273,0.7851970394078815,0.7264252850570113
107733,0.8564512902580517,0.5530306061212242,0.5461492298459691
103532,0.396119223844769,0.9085417083416684,0.1154630926185237
127489,0.7107821564312862,0.41332266453290656,0.16959391878375674
116273,0.6818163632726545,0.6167233446689337,0.7252650530106022
108498,0.23836767353470695,0.9642728545709143,0.44260852170434084
136839,0.8853370674134826,0.7178235647129425,0.6627725545109022
135691,0.8287257451490299,0.21816363272654532,0.6590518103620724
101133,0.3052210442088418,0.4205241048209642,0.412002400480096
107824,0.1304260852170434,0.38931786357271453,0.40960192038407683
130407,0.34630926185237043,0.5338267653530706,0.41864372874574907
117405,0.1531506301260252,0.08897779555911181,0.3247849569913983
114694,0.930746149229846,0.4665733146629326,0.6318463692738547
115732,0.8452890578115623,0.7159031806361273,0.7592718543708741
140911,0.5110622124424885,0.46937387477495496,0.5837167433486697
141486,0.8909381876375275,0.26349269853970797,0.9122224444888978
130136,0.8937787557511502,0.6746949389877974,0.3323464692938588
111443,0.4315663132626525,0.29825965193038606,0.6091618323664733
106156,0.10638127625525104,0.3499899979995999,0.25637127425485096
132508,0.8452090418083618,0.4338067613522704,0.4379675935187038
117038,0.28953790758151626,0.3425885177035407,0.7435887177435487
146143,0.3149429885977196,0.07165433086617323,0.4675735147029406
105429,0.4513702740548109,0.6952990598119624,0.9105821164232847
142434,0.5917583516703341,0.8060012002400481,0.7083016603320664
118829,0.6128825765153031,0.585637127425485,0.32898579715943194
101932,0.9180236047209442,0.3076615323064613,0.8502900580116024
112194,0.3073414682936587,0.19843968793758754,0.8680536107221444
124385,0.14006801360272053,0.7055411082216444,0.9759151830366073
110865,0.37323464692938585,0.5305861172234447,0.8551310262052412
142399,0.38399679935987197,0.8952990598119624,0.08041608321664331
136299,0.7860772154430886,0.298379675935187,0.10526105221044207
139347,0.41580316063212647,0.4197639527905581,0.2885777155431086
117524,0.262372474494899,0.9128625725145029,0.5582316463292658
102641,0.691898379675935,0.21772354470894179,0.21028205641128223
121758,0.569753950790158,0.106501300260052,0.5761952390478096
122600,0.42236447289457896,0.06653330666133228,0.20672134426885375
108534,0.5053410682136428,0.371754350870174,0.47801560312062413
144099,0.6030806161232246,0.24444888977795554,0.2980996199239848
120272,0.9558711742348469,0.4979795959191839,0.3493098619723945
148499,0.5507101420284056,0.3610322064412883,0.45733146629325866
148365,0.267373474694939,0.2561312262452491,0.6263252650530106
112789,0.6788157631526306,0.4720544108821765,0.4179635927185437
139518,0.68249649929986,0.3073014602920584,0.27689537907581513
113309,0.9795559111822365,0.5915583116623324,0.4002400480096019
112621,0.06077215443088618,0.34178835767153426,0.9739547909581916
138146,0.028805761152230443,0.7761952390478095,0.972874574914983
116436,0.8418083616723344,0.6298059611922384,0.3052210442088418
119136,0.782236447289458,0.8464492898579716,0.9963592718543708
112850,0.1503100620124025,0.2276455291058212,0.48129625925185043
149330,0.6548109621924385,0.029045809161832366,0.10058011602320464
122603,0.5786357271454291,0.5559511902380476,0.3493898779755951
116071,0.5947189437887578,0.46829365873174633,0.5514702940588118
146358,0.10942188437687536,0.324504900980196,0.8385277055411082
141528,0.10390078015603119,0.7079015803160633,0.9129025805161033
115709,0.2591318263652731,0.44892978595719146,0.8844568913782757
139367,0.14370874174834966,0.9843168633726745,0.036367273454690936
145960,0.9319063812762552,0.4844568913782757,0.4594518903780756
146344,0.3566713342668534,0.6412082416483296,0.9333866773354671
143715,0.755631126225245,0.7401880376075215,0.8846969393878774
147580,0.3951590318063613,0.03632726545309062,0.11362272454490899
134772,0.8629325865173035,0.971754350870174,0.2101620324064813
142868,0.20240048009601921,0.21688337667533503,0.5752750550110022
126525,0.1489497899579916,0.5950790158031607,0.7487897579515903
139536,0.44712942588517707,0.840248049609922,0.822004400880176
128160,0.004680936187237448,0.6882976595319064,0.9514702940588118
120198,0.2769353870774155,0.5221844368873775,0.6871374274854971
136657,0.2918983796759352,0.08773754750950188,0.13366673334666931
147174,0.8588917783556711,0.40400080016003204,0.5953990798159632
137745,0.4178035607121424,0.29661932386477297,0.38851770354070814
128724,0.966993398679736,0.7349069813962793,0.5693938787757551
127443,0.19199839967993598,0.2596519303860772,0.1264252850570114
143975,0.5934786957391478,0.49413882776555307,0.6198439687937587
149797,0.405121024204841,0.3680736147229446,0.2854570914182837
131422,0.5640328065613123,0.07101420284056811,0.21808361672334467
118831,0.2394478895779156,0.7353870774154831,0.6646129225845169
127885,0.3828365673134627,0.7491498299659932,0.9179035807161432
116570,0.6591718343668734,0.1599119823964793,0.39331866373274654
141998,0.9244248849769954,0.7798759751950389,0.6410882176435287
149382,0.07585517103420684,0.009841968393678737,0.2045609121824365
126977,0.6660932186437287,0.4949789957991598,0.9519903980796159
145279,0.7717543508701741,0.34206841368273655,0.39643928785757154
119230,0.5747149429885977,0.6025205041008201,0.6230446089217843
118638,0.5007401480296059,0.5211842368473695,0.4046809361872375
148318,0.33322664532906576,0.5262252450490098,0.32210442088417685
103881,0.21924384876975397,0.22180436087217442,0.20860172034406882
132321,0.38547709541908387,0.6420884176835366,0.6416483296659331
134622,0.4100820164032807,0.2521704340868174,0.396999399879976
134185,0.2643328665733147,0.44584916983396683,0.7029805961192239
131777,0.9015403080616123,0.7835967193438688,0.5863172634526905
140297,0.37939587917583517,0.8574514902980596,0.736747349469894
100332,0.9554310862172435,0.7141828365673135,0.5776755351070214
125025,0.3971594318863773,0.06373274654930985,0.3928385677135427
116054,0.05005001000200039,0.5411082216443288,0.42320464092818566
134314,0.6995399079815964,0.5019403880776155,0.5213842768553711
102094,0.851490298059612,0.9686337267453491,0.6312062412482496
119093,0.15563112622524505,0.14906981396279254,0.3533506701340268
134270,0.12126425285057009,0.6621324264852971,0.9948389677935587
104444,0.12350470094018803,0.13010602120424086,0.15907181436287257
126129,0.24972994598919784,0.4530106021204241,0.966993398679736
127748,0.14818963792758552,0.6086817363472694,0.4772154430886178
122845,0.9720744148829767,0.6801360272054412,0.42764552910582115
121018,0.4445689137827566,0.6590118023604721,0.5707141428285657
107960,0.07925585117023405,0.2540108021604321,0.12570514102820562
148198,0.18831766353270651,0.576755351070214,0.746749349869974
132446,0.7979195839167833,0.08749749949989997,0.21856371274254852
135461,0.15423084616923383,0.3137027405481096,0.5847569513902782
106779,0.026405281056211236,0.2689737947589518,0.9714342868573715
106493,0.892618523704741,0.4369273854770954,0.2862572514502901
133486,0.7725145029005801,0.19263852770554113,0.28301660332066414
112429,0.2209241848369674,0.29621924384876974,0.9038207641528305
101080,0.4076015203040608,0.024724944988997802,0.3005401080216043
140103,0.9018603720744148,0.5483896779355871,0.5886777355471093
117375,0.9216643328665733,0.9399479895979196,0.8740148029605921
125099,0.5121424284856971,0.6289657931586318,0.4881376275255051
132599,0.22952590518103622,0.6154030806161233,0.8913782756551311
107641,0.2519703940788158,0.08641728345669132,0.5016603320664133
146388,0.33170634126825366,0.09037807561512304,0.10366073214642929
118298,0.45005001000200034,0.6674534906981398,0.8936187237447488
115937,0.5019403880776155,0.6938187637527505,0.6909781956391278
119642,0.316623324664933,0.6882176435287057,0.5927585517103421
145936,0.7322264452890579,0.6715343068613723,0.6785757151430286
145910,0.8482096419283858,0.37615523104620924,0.4228445689137828
147303,0.36655331066213237,0.9817163432686536,0.1667133426685337
108434,0.40132026405281057,0.24476895379075816,0.42620524104820967
104384,0.19047809561912382,0.05397079415883177,0.4334866973394679
128624,0.6442888577715543,0.03440688137627525,0.0823364672934587
132232,0.5063012602520504,0.5955991198239647,0.5689137827565512
112519,0.7242648529705941,0.9899179835967193,0.09109821964392878
138726,0.02656531306261252,0.5878775755151031,0.6378075615123026
111119,0.6246449289857972,0.6050810162032406,0.5528305661132227
136816,0.5446689337867574,0.4811362272454491,0.3549909981996399
118010,0.672254450890178,0.47649529905981197,0.8090418083616724
106856,0.717623524704941,0.679255851170234,0.8824564912982598
117073,0.1872774554910982,0.9040608121624325,0.05381076215243048
137259,0.17655531106221245,0.8102020404080816,0.6755751150230046
128446,0.3795559111822364,0.4374874974994999,0.8586917383476695
118844,0.3550310062012403,0.196879375875175,0.5491098219643928
117754,0.9799159831966393,0.2702940588117623,0.16863372674534904
136197,0.1551510302060412,0.3122224444888978,0.1170634126825365
134984,0.03192638527705541,0.7731546309261852,0.49873974794959
106284,0.6957391478295658,0.7815563112622523,0.5311462292458491
121175,0.9319063812762552,0.9760352070414082,0.8038807761552311
137197,0.540748149629926,0.817123424684937,0.9874374874974995
124794,0.2806561312262452,0.8721344268853771,0.14138827765553108
137649,0.3807961592318464,0.4408881776355271,0.6245249049809962
111253,0.611002200440088,0.6185237047409482,0.6530506101220244
118617,0.22120424084816961,0.75875175035007,0.8748949789957992
136908,0.6247249449889978,0.4642528505701141,0.5047009401880376
138230,0.6595719143828767,0.36827365473094614,0.7452690538107621
125148,0.639367873574715,0.5334666933386677,0.5828365673134627
148019,0.7598319663932787,0.21964392878575711,0.3021404280856171
114666,0.902620524104821,0.6577715543108622,0.4240848169633927
113411,0.03752750550110021,0.9235447089417883,0.4058411682336467
125316,0.9981196239247849,0.1895979195839168,0.12478495699139827
144303,0.6760552110422084,0.6429285857171434,0.9535907181436287
120108,0.592758551710342,0.14706941388277656,0.8035607121424284
131407,0.30882176435287056,0.5100620124024804,0.31754350870174036
105841,0.285497099419884,0.8899379875975195,0.034086817363472695
139761,0.5165833166633327,0.8933386677335468,0.733626725345069
133027,0.7262252450490098,0.27809561912382474,0.15023004600920184
110739,0.28129625925185037,0.03292658531706341,0.18355671134226847
115394,0.6092018403680736,0.7693538707741548,0.9172234446889378
104339,0.9717943588717743,0.8126825365073015,0.7438687737547509
117029,0.33582716543308666,0.30750150030005996,0.4691738347669534
129694,0.970994198839768,0.28525705141028207,0.18431686337267453
105866,0.8848569713942789,0.824724944988998,0.9695139027805562
149987,0.025045009001800362,0.8580516103220643,0.013762752550510102
124545,0.44100820164032806,0.49841968393678737,0.5159831966393279
120582,0.7895579115823165,0.0648129625925185,0.19567913582716545
131906,0.008681736347269453,0.8627725545109022,0.08509701940388077
103832,0.3505501100220044,0.4822164432886577,0.5610322064412883
124131,0.8726945389077816,0.519383876775355,0.3749549909981996
132200,0.5450690138027606,0.14730946189237848,0.3037407481496299
121728,0.6961792358471695,0.466493298659732,0.23484696939387878
132401,0.4033206641328266,0.9994798959791958,0.6299259851970395
140574,0.1093018603720744,0.11314262852570514,0.17795559111822365
121289,0.9605921184236847,0.7855571114222843,0.6726145229045808
118209,0.18039607921584316,0.6770554110822163,0.6192038407681536
122674,0.9467093418683736,0.7084616923384678,0.5933986797359472
122646,0.5501500300060012,0.7634726945389078,0.5887177435487098
107033,0.1655531106221244,0.7402680536107222,0.5576315263052611
122867,0.5515503100620125,0.5083816763352671,0.6270054010802161
118901,0.822244448889778,0.3420284056811363,0.29057811562312463
136940,0.41044208841768354,0.2239247849569914,0.23348669733946792
106355,0.9767153430686137,0.30486097219443886,0.32654530906181234
109652,0.585997199439888,0.28229645929185837,0.7714342868573715
141365,0.815123024604921,0.5965193038607721,0.4013602720544109
138504,0.31378275655131027,0.8151630326065213,0.5453090618123625
132799,0.7727945589117824,0.10094018803760751,0.18055611122224444
145444,0.3983596719343868,0.5173034606921385,0.38099619923984795
142623,0.8622524504900979,0.9393478695739148,0.07845569113822765
111894,0.28129625925185037,0.06937387477495498,0.11502300460092019
149091,0.28869773954790956,0.2044008801760352,0.6185237047409482
101719,0.40108021604320865,0.5140628125625125,0.4196439287857572
112123,0.19875975195039008,0.5777955591118223,0.4814162832566513
104058,0.894738947789558,0.9591918383676736,0.8670134026805362
105475,0.13750750150030006,0.5725545109021803,0.8032006401280257
138962,0.5709541908381676,0.4085617123424685,0.38903780756151224
127848,0.12438487697539508,0.8631726345269054,0.575995199039808
135303,0.3073414682936587,0.38607721544308865,0.5432686537307462
133504,0.1328265653130626,0.5471894378875775,0.8754150830166033
146808,0.9896379275855172,0.3649929985997199,0.7955991198239647
149327,0.7318263652730547,0.7929585917183437,0.6468893778755751
135560,0.6994598919783958,0.9781956391278256,0.030486097219443883
109500,0.4460092018403681,0.03880776155231046,0.16907381476295258
142700,0.3175835167033407,0.2329665933186637,0.6066813362672534
102659,0.4747749549909982,0.8590518103620723,0.16543308661732345
129614,0.8330466093218645,0.9760752150430085,0.002320464092818563
149457,0.4805761152230446,0.8498499699939988,0.6926985397079417
100456,0.9775955191038208,0.5577115423084618,0.5907981596319264
126632,0.32262452490498095,0.8785757151430287,0.08113622724544907
126716,0.25373074614922986,0.5607921584316864,0.344628925785157
106136,0.3140228045609122,0.3079015803160632,0.5199439887977595
127174,0.913622724544909,0.3074214842968594,0.26569313862772553
125029,0.21540308061612318,0.9647129425885177,0.010042008401680335
106901,0.7175435087017403,0.43676735347069406,0.4831766353270654
148105,0.5741548309661932,0.9107821564312863,0.11382276455291057
100384,0.3216643328665733,0.2319263852770554,0.5042608521704341
111121,0.21292258451690338,0.2219243848769754,0.1745149029805961
126960,0.39591918383676733,0.809121824364873,0.72874574914983
105272,0.20732146429285858,0.8606521304260852,0.06493298659731946
100182,0.5188237647529506,0.18415683136627325,0.34802960592118426
106818,0.13330666133226646,0.7002200440088018,0.977755551110222
110161,0.8325265053010602,0.3721144228845769,0.848009601920384
134891,0.8675735147029406,0.9936787357471494,0.8702940588117624
124938,0.09581916383276655,0.5553910782156432,0.9815963192638527
149950,0.40884176835367075,0.8116023204640929,0.5531906381276255
118644,0.37279455891178237,0.05093018603720744,0.23144628925785155
117719,0.19455891178235646,0.8992198439687937,0.4301660332066413
129112,0.46493298659731946,0.8362872574514904,0.7299459891978396
122363,0.04204840968193638,0.8406081216243249,0.9733146629325866
109362,0.8739347869573915,0.47929585917183437,0.2400880176035207
146051,0.0921384276855371,0.8826565313062613,0.2272054410882176
140781,0.8160432086417284,0.6484496899379876,0.8298859771954391
141386,0.718263652730546,0.2018003600720144,0.229125825165033
137815,0.530506101220244,0.489497899579916,0.8308461692338468
114855,0.28869773954790956,0.057211442288457676,0.49321864372874574
145378,0.36399279855971195,0.4911782356471295,0.42792558511702344
113623,0.8282856571314263,0.9422284456891379,0.11662332466493297
147772,0.622124424884977,0.566753350670134,0.4365273054610922
113554,0.8274054810962193,0.6630926185237047,0.908621724344869
113110,0.848489697939588,0.6916583316663333,0.4414882976595319
131488,0.6930986197239447,0.2862972594518904,0.4220844168833766
106470,0.35523104620924184,0.2749749949989998,0.2512902580516103
140457,0.19351870374074817,0.6662932586517303,0.4490898179635927
107025,0.16319263852770555,0.40504100820164035,0.8948589717943589
125074,0.21048209641928384,0.6169233846769354,0.6831766353270654
123775,0.8546909381876375,0.11222244448889777,0.26697339467893577
114343,0.7177435487097419,0.919623924784957,0.18895779155831166
119064,0.7857571514302861,0.31158231646329265,0.533626725345069
124576,0.040168033606721346,0.855491098219644,0.13370674134826965
124158,0.7340268053610721,0.3235447089417884,0.11226245249049811
144501,0.7223044608921785,0.5863972794558912,0.9707941588317663
121672,0.23036607321464292,0.9655931186237248,0.08689737947589517
106694,0.9894778955791159,0.6306461292258452,0.683256651330266
101231,0.7948389677935587,0.3969193838767754,0.8819763952790558
145090,0.01868373674734947,0.39063812762552513,0.2902980596119224
142005,0.17427485497099418,0.42612522504500905,0.8460892178435688
134669,0.2819763952790558,0.17247449489897979,0.8411682336467293
113366,0.9819563912782556,0.6669333866773355,0.6620924184836967
146667,0.19911982396479294,0.4340468093618724,0.9059811962392479
142385,0.43260652130426086,0.10874174834966993,0.11610322064412883
123922,0.1777155431086217,0.6635727145429086,0.9630326065213043
116301,0.2026005201040208,0.19495899179835965,0.6599319863972795
128677,0.7820764152830567,0.9838367673534707,0.5181836367273455
135993,0.6559311862372474,0.33310662132426483,0.43048609721944386
111374,0.8410882176435287,0.09441888377675534,0.2958191638327665
122001,0.9365073014602922,0.7931986397279456,0.6776555311062213
109408,0.1473494698939788,0.1883976795359072,0.09713942788557711
142541,0.19647929585917184,0.10562112422484496,0.5816763352670533
136914,0.4460892178435687,0.3632726545309061,0.20448089617923587
102256,0.23304660932186438,0.280496099219844,0.29441888377675535
111403,0.36103220644128825,0.46805361072214446,0.9489497899579916
140787,0.27749549909981996,0.47725545109021805,0.15719143828765753
141679,0.06025205041008201,0.028405681136227247,0.09089817963592717
133152,0.5681136227245449,0.7152630526105221,0.5226645329065813
145808,0.7005801160232047,0.4279255851170234,0.515503100620124
147197,0.17775555111022207,0.181996399279856,0.3787157431486297
129700,0.7283056611322265,0.06177235447089418,0.1489897979595919
107617,0.07861572314462893,0.385877175435087,0.3463092618523705
111513,0.04564912982596519,0.1969593918783757,0.920384076815363
122147,0.2084016803360672,0.0799759951990398,0.31258251650330066
132941,0.3050610122024405,0.9343868773754751,0.2920584116823365
149420,0.6921784356871373,0.2699739947989598,0.9082216443288658
148304,0.3388277655531106,0.17911582316463293,0.2139227845569114
102828,0.23048609721944388,0.6678135627125426,0.5970394078815763
143509,0.2604520904180836,0.9421884376875376,0.04860972194438887
131729,0.809241848369674,0.7993598719743948,0.5781556311262253
140120,0.5008601720344069,0.561752350470094,0.8454090818163633
107002,0.10730146029205839,0.5628325665133026,0.9850370074014803
129289,0.21304260852170434,0.36047209441888384,0.4041608321664332
147427,0.8434486897379476,0.7256651330266053,0.7009401880376076
148253,0.697379475895179,0.18375675135027006,0.8045209041808362
100082,0.6356471294258852,0.26105221044208843,0.4808561712342469
102859,0.5029805961192239,0.2876575315063013,0.3937987597519504
121517,0.2904180836167234,0.286617323464693,0.5991998399679936
108086,0.5196639327865573,0.14830966193238648,0.2737747549509902
109553,0.2673334666933387,0.9812362472494499,0.08165633126625324
105454,0.8279255851170235,0.04736947389477896,0.19699939987997603
138373,0.7024604920984197,0.15303060612122424,0.13490698139627927
107650,0.9916783356671335,0.3308661732346469,0.17655531106221245
130180,0.3742348469693939,0.4137627525505101,0.9137027405481096
140068,0.03320664132826566,0.005681136227245448,0.170874174834967
119669,0.5401880376075215,0.9885977195439088,0.04860972194438888
102811,0.7723544708941787,0.7449089817963592,0.8770154030806162
137587,0.17199439887977597,0.2926985397079416,0.33970794158831763
123102,0.2564512902580516,0.20224044808961789,0.3168633726745349
106521,0.649369873974795,0.20912182436487298,0.18755751150230046
101539,0.9135427085417084,0.6534106821364273,0.5014602920584117
143942,0.531626325265053,0.982356471294259,0.12514502900580116
115186,0.8408881776355271,0.397999599919984,0.46977395479095824
110720,0.4188837767553511,0.2628525705141028,0.2855371074214843
114521,0.216003200640128,0.28489697939587916,0.34874974994999
133818,0.7447089417883577,0.501980396079216,0.6045609121824365
123856,0.13390678135627126,0.870134026805361,0.3889177835567113
144899,0.36219243848769755,0.40872174434886976,0.11190238047609521
140142,0.7050610122024404,0.5611122224444889,0.5088617723544709
123962,0.5209841968393679,0.16031206241248247,0.1563112622524505
140738,0.24628925785157033,0.06753350670134027,0.1673134626925385
129364,0.6088417683536707,0.255371074214843,0.29813962792558507
108069,0.2548509701940388,0.5131426285257051,0.6630526105221044
104755,0.05789157831566312,0.8140028005601121,0.15167033406681335
135268,0.5057411482296459,0.07173434686937387,0.3606721344268854
101567,0.5445489097819565,0.2978595719143829,0.29937987597519505
137024,0.6045209041808361,0.33434686937387476,0.304500900180036
133090,0.38163632726545305,0.3465093018603721,0.4294058811762353
146149,0.6317663532706541,0.6303260652130426,0.502260452090418
131720,0.21112222444488898,0.8072014402880576,0.5264252850570114
143666,0.09069813962792558,0.36059211842368477,0.24764952990598119
103076,0.92998599719944,0.8381276255251051,0.08029605921184237
127143,0.9324264852970594,0.5157031406281256,0.7553510702140427
139925,0.11514302860572112,0.24272854570914182,0.9271054210842168
128912,0.06829365873174634,0.7469493898779755,0.9421084216843368
145426,0.9273054610922185,0.9371874374874976,0.021164232846569313
119991,0.1284656931386277,0.8862572514502901,0.8289257851570315
143473,0.10302060412082417,0.08749749949989999,0.33566713342668536
137482,0.27613522704540905,0.24948989797959592,0.3488297659531906
100507,0.25501100220044004,0.15523104620924186,0.5145429085817164
117332,0.9678335667133426,0.3825565113022605,0.33250650130026005
116346,0.6806961392278456,0.13214642928585718,0.27481496299259855
132314,0.4315663132626525,0.6836167233446689,0.9042208441688339
137858,0.7276655331066213,0.41508301660332064,0.5305461092218444
107616,0.7381876375275055,0.9054610922184438,0.022364472894578914
110822,0.780996199239848,0.4761752350470094,0.6164432886577316
133853,0.17835567113422685,0.09561912382476495,0.09437887577515502
126443,0.6871374274854971,0.10754150830166032,0.23344668933786755
108842,0.8028005601120224,0.6656531306261253,0.8902980596119224
115980,0.2907381476295259,0.5911182236447289,0.915623124624925
127154,0.41432286457291456,0.5942788557711542,0.5771954390878176
132544,0.3692338467693539,0.6567713542708541,0.7642728545709142
129273,0.6840168033606722,0.504620924184837,0.3779155831166233
101515,0.48373674734946986,0.9291458291658332,0.11518303660732143
147857,0.4847769553910782,0.014922984596919382,0.5145829165833167
137963,0.9007801560312062,0.9987197439487898,0.7703940788157633
145449,0.8022804560912182,0.6340868173634726,0.6925785157031407
115933,0.38891778355671136,0.18343668733746749,0.41268253650730147
143403,0.18607721544308864,0.05193038607721544,0.6206441288257651
104759,0.39003800760152024,0.5018603720744149,0.9111022204440888
106676,0.56999399879976,0.39779955991198246,0.8500900180036008
137035,0.1625525105021004,0.4090818163632727,0.9161432286457292
114213,0.6487297459491899,0.49893978795759153,0.9493898779755952
127830,0.3987997599519904,0.9422284456891379,0.07541508301660332
149857,0.612882576515303,0.27237447489497896,0.31338267653530705
136698,0.970754150830166,0.9776355271054211,0.3304660932186437
109234,0.850130026005201,0.3573514702940588,0.861012202440488
100220,0.21700340068013607,0.07325465093018603,0.11610322064412883
111148,0.18075615123024602,0.29885977195439084,0.2824564912982596
104601,0.510502100420084,0.30886177235447093,0.4746149229845969
101643,0.7077815563112622,0.5824364872974594,0.7106621324264852
105056,0.10874174834966994,0.8730946189237848,0.028645729145829163
132660,0.23980796159231849,0.9057811562312462,0.03440688137627526
137069,0.3416683336667333,0.4809361872374475,0.3525105021004201
104047,0.6320064012802561,0.5084216843368674,0.3694738947789558
101852,0.7228245649129825,0.5945589117823564,0.8913782756551311
125123,0.743628725745149,0.33570714142828567,0.9180236047209442
131082,0.08825765153030607,0.8626525305061012,0.061412282456491295
128079,0.106501300260052,0.09785957191438285,0.2265253050610122
124731,0.7719143828765753,0.4748549709941988,0.4480496099219844
106244,0.1911182236447289,0.8526105221044209,0.6522104420884177
122874,0.7586317263452691,0.4423284656931386,0.8048009601920384
105907,0.4174834966993399,0.8644128825765153,0.777875575115023
117586,0.6768953790758151,0.9672334466893379,0.5594318863772755
112976,0.19727945589117823,0.5763552710542108,0.5867573514702941
113238,0.43756751350270057,0.6994598919783956,0.5211842368473695
136752,0.270254050810162,0.02036407281456291,0.09277855571114223
