id,bind_BRD4,bind_HSA,bind_sEH
112430,0.42256451290258046,0.6865373074614923,0.5139827965593119
144912,0.20008001600320063,0.3023004600920184,0.18047609521904381
117486,0.9680336067213444,0.7747549509901981,0.6212442488497699
119196,0.5191038207641528,0.09209841968393678,0.1742748549709942
105641,0.36563312662532504,0.06689337867573514,0.1673134626925385
134372,0.7743548709741949,0.42000400080016004,0.530506101220244
129477,0.15047009401880374,0.7806761352270454,0.964752950590118
134175,0.468253650730146,0.9697139427885577,0.0909381876375275
130160,0.44920984196839364,0.8816163232646529,0.7798359671934387
129789,0.8134826965393078,0.18815763152630527,0.2857771554310862
103854,0.20944188837767555,0.7289457891578315,0.3477095419083817
123700,0.31966393278655736,0.5371474294858972,0.912742548509702
115202,0.2730946189237847,0.5115423084616924,0.526625325065013
107189,0.8357271454290858,0.40116023204640927,0.771994398879776
105690,0.9408281656331267,0.5583116623324664,0.5981196239247849
145904,0.281496299259852,0.6226845369073815,0.5223044608921784
121269,0.1589117823564713,0.9904380876175235,0.132626525305061
131310,0.6554510902180436,0.5765953190638128,0.5530306061212243
105617,0.1874774954990998,0.5403880776155231,0.5482296459291858
113667,0.4488497699539908,0.4641328265653131,0.8708941788357671
138670,0.843368673734747,0.7369473894778956,0.9140628125625125
130850,0.3813962792558512,0.5959591918383678,0.8904580916183238
104376,0.7351870374074815,0.06361272254450889,0.18995799159831966
147238,0.9339067813562713,0.876135227045409,0.1333866773354671
109759,0.7747949589917984,0.714502900580116,0.6284856971394279
132657,0.12334466893378675,0.6547709541908381,0.9160632126425285
134029,0.7739547909581915,0.6638927785557112,0.6504100820164033
137760,0.7593918783756751,0.9465093018603722,0.05293058611722344
121427,0.6726545309061813,0.37075415083016605,0.42116423284656934
129014,0.7014602920584116,0.22508501700340067,0.4255651130226045
124159,0.2959791958391678,0.986997399479896,0.7807961592318463
114851,0.8871374274854971,0.15299059811962393,0.7762352470494098
149916,0.7960392078415683,0.3109021804360872,0.6370074014802961
113492,0.3071414282856571,0.5855971194238847,0.4376075215043009
105578,0.5853970794158831,0.8625325065013003,0.08725745149029805
115904,0.9967593518703741,0.14666933386677333,0.15167033406681338
104232,0.3021404280856171,0.09093818763752752,0.12946589317863572
147760,0.7536707341468294,0.4147229445889178,0.45977195439087815
128512,0.7019803960792159,0.9062612522504502,0.0468893778755751
115150,0.15603120624124825,0.15603120624124825,0.3623524704940988
148138,0.4518903780756151,0.44316863372674536,0.5471894378875775
144115,0.4923384676935387,0.679735947189438,0.4139227845569114
118120,0.42864572914582916,0.2029205841168234,0.4115223044608922
116157,0.8514502900580115,0.38895779155831167,0.6636527305461092
104111,0.37995599119823964,0.7606721344268854,0.47469493898779763
145643,0.3304260852170434,0.2201640328065613,0.15783156631326264
105980,0.3371874374874975,0.21144228845769153,0.5580716143228646
146995,0.9603920784156832,0.5304260852170435,0.42780556111222245
129932,0.8002400480096019,0.4597719543908782,0.5654330866173235
133384,0.6415683136627326,0.9940388077615523,0.8901780356071214
109280,0.7214642928585716,0.9422684536907382,0.7177435487097419
123096,0.6684136827365472,0.38415683136627327,0.3241848369673935
118019,0.096499299859972,0.9355871174234847,0.1584716943388678
120436,0.3740348069613923,0.14590918183636725,0.3021004200840168
131577,0.9737947589517905,0.27045409081816363,0.37619523904780955
131863,0.2863372674534907,0.5820364072814563,0.9399079815963193
116337,0.8337667533506701,0.3481496299259852,0.5311062212442489
111969,0.6766153230646129,0.44512902580516106,0.903500700140028
127923,0.4732546509301861,0.17543508701740346,0.3243048609721944
134718,0.1477895579115823,0.26973394678935786,0.7959191838367674
128765,0.2085217043408682,0.864372874574915,0.7740348069613923
132067,0.1098619723944789,0.38603720744148834,0.37843568713742753
103264,0.32778555711142227,0.4620924184836967,0.6236447289457892
120531,0.6538907781556311,0.18703740748149628,0.24296859371874374
103791,0.8508901780356072,0.720504100820164,0.6956991398279656
136073,0.9437087417483497,0.7170234046809362,0.47145429085817164
142121,0.12246449289857972,0.3967193438687738,0.13070614122824564
115195,0.6580516103220644,0.9691538307661534,0.7853970794158833
128007,0.680496099219844,0.18271654330866174,0.36183236647329464
136167,0.5115823164632927,0.382876575315063,0.29745949189837967
118127,0.5554710942188438,0.22940588117623523,0.36583316663332666
108609,0.10334066813362673,0.21720344068813763,0.8098419683936787
140125,0.4830166033206641,0.24556911382276453,0.6046009201840368
125928,0.33734746949389877,0.7677935587117424,0.42840568113622723
143446,0.05181036207241449,0.8610522104420885,0.5390278055611122
121903,0.7257051410282056,0.5502300460092018,0.5084616923384677
124146,0.7161432286457292,0.42784556911382277,0.3577115423084617
148728,0.7798359671934387,0.6082816563312663,0.9068613722744548
137071,0.893258651730346,0.5103820764152831,0.25465093018603724
109397,0.582756551310262,0.35331066213242646,0.44992998599719947
109330,0.24916983396679332,0.8702540508101619,0.09205841168233647
108444,0.7519903980796159,0.28469693938787755,0.8401680336067214
115286,0.37063412682536506,0.3794758951790358,0.40344068813762757
147188,0.37895579115823164,0.20956191238247646,0.2147229445889178
139707,0.17043408681736344,0.3481096219243849,0.3731946389277856
107831,0.34706941388277657,0.2777755551110222,0.19251850370074017
104556,0.5133026605321064,0.4492898579715944,0.6048409681936388
111989,0.5712742548509702,0.3422284456891378,0.3541508301660332
113625,0.4844568913782757,0.5185837167433487,0.9231446289257852
136356,0.1407881576315263,0.7906381276255251,0.7265853170634128
123217,0.2926985397079416,0.10998199639927984,0.16783356671334265
111937,0.5308261652330466,0.21304260852170434,0.8942988597719543
146441,0.45133026605321064,0.2560912182436487,0.305381076215243
149072,0.9796759351870374,0.6577715543108621,0.26569313862772553
112776,0.5018603720744149,0.40208041608321665,0.5142228445689138
110170,0.5075415083016603,0.022404480896179236,0.04556911382276456
146740,0.2558111622324465,0.21988397679535907,0.9415483096619324
134278,0.4038007601520304,0.37435487097419484,0.3465493098619724
123286,0.26769353870774154,0.1303860772154431,0.14442888577715543
121339,0.07589517903580716,0.6392878575715143,0.7497099419883977
105350,0.36575315063012603,0.8171634326865372,0.9595919183836767
137641,0.6446889377875575,0.5525905181036207,0.908381676335267
121107,0.6260852170434087,0.1529505901180236,0.09569913982796559
122067,0.7849169833966794,0.5212642528505701,0.9599919983996799
138440,0.8869773954790958,0.4829365873174635,0.30034006801360275
127289,0.4652130426085217,0.2520104020804161,0.8750950190038007
113191,0.9753950790158031,0.18767753550710142,0.1975595119023805
110845,0.28845769153830764,0.5051810362072414,0.56751350270054
144111,0.1807161432286457,0.6625325065013002,0.8416483296659333
105212,0.07753550710142029,0.2148429685937187,0.10522104420884176
100729,0.5781156231246249,0.620124024804961,0.47533506701340267
113841,0.4767753550710142,0.020084016803360666,0.11570314062812562
114912,0.5206641328265652,0.6401680336067214,0.7163032606521303
129640,0.49133826765353067,0.31994398879775954,0.32694538907781556
116680,0.24336867373474694,0.3331066213242649,0.24172834566913384
116111,0.8870174034806961,0.9725145029005801,0.9960392078415683
149416,0.8744148829765954,0.6821364272854571,0.62000400080016
129875,0.8766953390678136,0.2317263452690538,0.38775755151030206
142577,0.3973994798959792,0.23940788157631526,0.8505701140228046
118591,0.6134826965393079,0.8640928185637128,0.1821164232846569
110912,0.9389877975595119,0.2442888577715543,0.2607721544308862
140691,0.6854570914182837,0.559871974394879,0.4948189637927586
146167,0.8035207041408282,0.6792958591718343,0.6720544108821764
145508,0.4654530906181237,0.6980196039207841,0.4148029605921184
131831,0.7733946789357872,0.5397879575915182,0.8093218643728746
115235,0.8104020804160832,0.9065413082616524,0.031166233246649327
129385,0.40836167233446685,0.9483096619323865,0.1170634126825365
100707,0.8230046009201841,0.8199639927985598,0.9573514702940588
134653,0.12390478095619126,0.1729545909181836,0.25825165033006603
135198,0.9399879975995199,0.4741748349669934,0.828125625125025
131135,0.8376475295059013,0.6034406881376275,0.8091618323664733
139111,0.4386877375475095,0.4297259451890378,0.3407081416283257
129369,0.21680336067213443,0.60124024804961,0.563872774554911
123599,0.29981996399279853,0.4441688337667533,0.36863372674534906
103162,0.22684536907381478,0.8595719143828766,0.021724344868973795
111456,0.1429885977195439,0.033166633326665335,0.3106621324264853
143123,0.47045409081816364,0.0915383076615323,0.42896579315863176
108869,0.8587317463492699,0.7317863572714544,0.6525305061012203
100389,0.2676135227045409,0.07429485897179434,0.2690138027605521
119732,0.6122024404880977,0.021764352870574113,0.1345869173834767
100667,0.6537707541508301,0.4045209041808362,0.4460492098419684
121479,0.24532906581316263,0.3756751350270054,0.4020804160832166
100691,0.190998199639928,0.2726145229045809,0.2045609121824365
124807,0.4760952190438088,0.08541708341668333,0.6073214642928585
129643,0.6452890578115623,0.2657731546309262,0.21920384076815363
125398,0.8645329065813163,0.23276655331066215,0.43816763352670535
118841,0.2197639527905581,0.929505901180236,0.015923184636927386
130393,0.6554910982196439,0.5097819563912782,0.5467093418683737
145594,0.2578915783156631,0.29345869173834765,0.20852170434086817
106307,0.13362672534506903,0.045649129825965196,0.12198439687937589
100490,0.24976995399079815,0.06437287457491497,0.8133226645329066
105096,0.20928185637127425,0.07073414682936588,0.2853370674134827
109761,0.8624124824964994,0.15931186237247447,0.09885977195439088
114248,0.4956591318263653,0.49833966793358675,0.6268453690738147
115516,0.4423284656931386,0.7450690138027607,0.6434486897379476
138851,0.3308661732346469,0.6809361872374474,0.9159431886377276
121233,0.766873374674935,0.4993398679735948,0.8586517303460692
125165,0.4938187637527505,0.47589517903580714,0.37507501500300056
106318,0.6495299059811963,0.5571114222844569,0.9199839967993598
110249,0.8873374674934986,0.9176235247049409,0.7602320464092819
112890,0.4586117223444689,0.06637327465493098,0.20004000800160035
131733,0.9943988797759552,0.3633926785357071,0.3649529905981196
111747,0.8795359071814364,0.9617923584716943,0.16943388677735544
105518,0.5804360872174434,0.4424084816963393,0.9402680536107222
133458,0.9711142228445688,0.5720344068813763,0.5181036207241448
141598,0.6569313862772556,0.07961592318463692,0.3960392078415683
115786,0.8619323864772954,0.9372674534906981,0.15391078215643128
122382,0.4461292258451691,0.9870374074814963,0.6182836567313462
116167,0.33230646129225844,0.3593518703740748,0.7419083816763353
128290,0.9505901180236047,0.8487297459491898,0.803120624124825
119227,0.49597919583916783,0.24152830566113223,0.8046809361872374
130317,0.6414082816563312,0.6293658731746349,0.817123424684937
128343,0.18011602320464093,0.4500500100020004,0.7058211642328465
135897,0.19871974394878975,0.33074614922984596,0.24232846569313865
126969,0.7689137827565513,0.6158031606321265,0.5567113422684536
125062,0.4185637127425485,0.5311862372474495,0.4692138427685537
142004,0.7017403480696138,0.1870374074814963,0.23416683336667332
124915,0.2739747949589918,0.3741148229645929,0.7380676135227044
111025,0.010642128425685137,0.569873974794959,0.891738347669534
123269,0.4151630326065213,0.16391278255651132,0.26333266653330667
132094,0.9492698539707942,0.7860372074414883,0.9633526705341069
110682,0.860492098419684,0.10810162032406481,0.30302060412082416
113255,0.803120624124825,0.9205441088217644,0.1523504700940188
111643,0.29625925185037005,0.4955791158231646,0.6301660332066413
118881,0.5540708141628325,0.27417483496699335,0.6009201840368074
128060,0.7142228445689138,0.01228245649129826,0.1382276455291058
113187,0.695379075815163,0.7166633326665333,0.5676335267053411
118370,0.3122624524904981,0.8320864172834568,0.7342668533706742
130361,0.8502100420084017,0.7140228045609122,0.5531506301260252
139203,0.25369073814762955,0.4229645929185837,0.45753150630126027
114888,0.8443688737747549,0.8560112022404481,0.06109221844368873
133484,0.3082616523304661,0.8817763552710542,0.03416683336667333
116348,0.31458291658331666,0.1086617323464693,0.11290258051610322
138971,0.5262252450490098,0.16387277455491098,0.39807961592318464
101955,0.07245449089817964,0.7089017803560712,0.5514702940588118
122830,0.3093018603720744,0.6574514902980596,0.3341468293658732
132380,0.5466693338667734,0.9119823964792959,0.7451890378075615
144152,0.10166033206641328,0.3977195439087818,0.8832966593318664
102495,0.7631926385277055,0.328625725145029,0.3007001400280056
122638,0.5781556311262253,0.6954590918183636,0.7061012202440489
115793,0.2721744348869774,0.11458291658331668,0.529745949189838
127824,0.41252250450090017,0.16003200640128024,0.3670734146829366
119197,0.9654330866173235,0.9269853970794159,0.18199639927985597
133223,0.2845369073814763,0.40412082416483297,0.2752950590118024
130279,0.8259651930386078,0.2768153630726145,0.28977795559111824
140785,0.8571714342868574,0.7609121824364873,0.6127225445089017
100860,0.8710942188437688,0.2008001600320064,0.3339467893578716
122819,0.7162232446489297,0.5136627325465094,0.5461492298459691
113985,0.4440488097619524,0.037807561512302454,0.15699139827965594
110740,0.9713142628525706,0.59499899979996,0.5145429085817164
123845,0.1503500700140028,0.32778555711142227,0.3833566713342669
125468,0.7673534706941388,0.037807561512302454,0.14290858171634327
129558,0.3785957191438287,0.06569313862772555,0.35531106221244246
116993,0.7872374474894979,0.2986997399479896,0.4161632326465293
102443,0.2188037607521504,0.7841168233646729,0.9596319263852771
100919,0.2596519303860772,0.174874974994999,0.23744748949789957
126877,0.5251850370074015,0.9349069813962794,0.6061612322464494
110129,0.15291058211642328,0.4862172434486898,0.8795759151830367
102775,0.5557111422284456,0.06681336267253449,0.2096019203840768
100357,0.6238047609521904,0.4412882576515303,0.8428485697139428
121855,0.6611722344468893,0.433126625325065,0.30422084416883377
129413,0.2530106021204241,0.3593918783756751,0.14726945389077814
101224,0.4413682736547309,0.014882976595319064,0.1794758951790358
105065,0.8900980196039208,0.9483096619323865,0.7732346469293859
111947,0.9529105821164233,0.9711542308461693,0.6983396679335867
113185,0.156751350270054,0.16447289457891578,0.8824564912982596
127196,0.0520504100820164,0.8106821364272856,0.6790558111622325
129353,0.49657931586317267,0.5222644528905781,0.46369273854770954
112538,0.5606321264252851,0.22692538507701543,0.28217643528705744
111312,0.6314462892578515,0.5796759351870374,0.5872774554910982
113509,0.1274654930986197,0.3449089817963593,0.8285657131426285
100250,0.2168033606721344,0.1945589117823565,0.29145829165833165
117776,0.9257051410282056,0.8874174834966992,0.17155431086217243
148521,0.4602920584116823,0.24044808961792358,0.8697339467893579
135995,0.7311062212442488,0.6346069213842769,0.6106021204240848
116861,0.6084816963392679,0.514622924584917,0.6418883776755352
110078,0.8958991798359672,0.5033006601320263,0.5552710542108422
127736,0.8215243048609722,0.7120624124824965,0.6153630726145229
135193,0.4604120824164833,0.6208441688337668,0.43544708941788357
112988,0.24852970594118823,0.9660332066413282,0.03944788957791558
145063,0.6859371874374874,0.7723944788957792,0.6192838567713543
108923,0.2755751150230046,0.1033006601320264,0.1073014602920584
120646,0.2286857371474295,0.2542908581716343,0.29085817163432687
105799,0.3133026605321064,0.527745549109822,0.35903180636127224
108415,0.6606121224244849,0.8975795159031807,0.5753550710142028
124780,0.10922184436887376,0.5655131026205241,0.9544308861772355
147829,0.8755351070214042,0.9784756951390278,0.11246249249849968
102501,0.8191638327665534,0.9519903980796159,0.028605721144228845
141668,0.4992198439687937,0.3305061012202441,0.3972794558911783
129691,0.046969393878775745,0.566993398679736,0.8929785957191438
107620,0.42308461692338467,0.4188037607521504,0.7383476695339067
134201,0.34482896579315864,0.09461892378475695,0.5572714542908581
138675,0.7883576715343068,0.5548309661932387,0.9262252450490097
109080,0.8251250250050011,0.4246449289857972,0.46413282656531313
149364,0.09733946789357872,0.6227245449089818,0.8892178435687138
102907,0.7922784556911382,0.6214842968593719,0.6571714342868573
137000,0.4195239047809562,0.484376875375075,0.5795559111822364
121549,0.9039407881576316,0.9505901180236047,0.09713942788557711
146016,0.02504500900180036,0.20016003200640126,0.27641528305661134
149596,0.9595919183836767,0.3730346069213843,0.2836167233446689
101300,0.09741948389677936,0.4198039607921584,0.3763952790558112
110859,0.39835967193438687,0.8846969393878776,0.7609121824364873
148789,0.23324664932986597,0.6757351470294058,0.4988597719543909
142966,0.4495699139827966,0.3439487897579516,0.5877575515103021
141400,0.1904380876175235,0.8886977395479096,0.708261652330466
103005,0.10422084416883376,0.04212842568513702,0.33830766153230646
136690,0.9152630526105222,0.8703740748149631,0.18111622324464893
109757,0.3977195439087818,0.10146029205841167,0.32374474894978994
129051,0.6711742348469694,0.13918783756751352,0.11322264452890579
122242,0.42256451290258057,0.06257251450290058,0.6526505301060211
121571,0.38659731946389275,0.5289857971594318,0.5218243648729746
146484,0.25937187437487497,0.0658131626325265,0.06789357871574316
125666,0.8835767153430686,0.28397679535907183,0.42564512902580515
122857,0.23444688937787558,0.16051210242048408,0.629005801160232
111297,0.5093018603720745,0.7865173034606922,0.706381276255251
110737,0.5224644928985798,0.42068413682736544,0.6150430086017203
139306,0.7222244448889777,0.9143028605721144,0.2748949789957992
120109,0.7400280056011203,0.31382276455291064,0.46441288257651536
148944,0.643008601720344,0.3347869573914783,0.45973194638927783
127017,0.3359071814362873,0.027765553110622128,0.17595519103820764
100587,0.09285857171434288,0.7215443088617723,0.6616523304660932
108942,0.14130826165233049,0.1421484296859372,0.20608121624324865
123637,0.7757151430286058,0.9256651330266054,0.1173034606921384
119347,0.6201240248049609,0.11162232446489298,0.27205441088217647
112370,0.285377075415083,0.733506701340268,0.504740948189638
111332,0.7565913182636527,0.7926785357071414,0.7315063012602521
112427,0.6056411282256452,0.5545109021804361,0.41540308061612324
133434,0.1136627325465093,0.18287657531506302,0.838607721544309
149501,0.8847369473894778,0.9355071014202841,0.7767153430686138
107610,0.7856371274254851,0.7536307261452291,0.7077015403080616
100629,0.4541708341668334,0.938987797559512,0.764752950590118
136110,0.07149429885977195,0.9681936387277457,0.1501900380076015
147336,0.842888577715543,0.8839767953590718,0.7198639727945589
133523,0.5595519103820764,0.33734746949389877,0.4794158831766353
109640,0.7048209641928386,0.23632726545309063,0.510622124424885
103489,0.27957591518303665,0.5151030206041208,0.8487697539507901
104838,0.5435487097419484,0.38559711942388475,0.3444288857771554
121885,0.3461092218443689,0.3959591918383677,0.23028605721144227
101527,0.5719143828765753,0.585637127425485,0.4526905381076215
130681,0.4872574514902981,0.11434286857371473,0.5713142628525705
140651,0.3390678135627126,0.5026605321064214,0.31262252450490097
108989,0.7589917983596719,0.937627525505101,0.033926785357071415
120267,0.29653930786157234,0.07429485897179436,0.448129625925185
132405,0.6203640728145629,0.23648729745949187,0.528625725145029
141026,0.474374874974995,0.44784956991398284,0.7246649329865973
106853,0.8042008401680336,0.901500300060012,0.7620724144828966
126510,0.5471094218843768,0.4661732346469294,0.9184236847369474
134320,0.06585317063412682,0.6931386277255451,0.9690738147629525
120919,0.7968393678735748,0.9650730146029205,0.011002200440088015
141113,0.06869373874774955,0.39751950390078017,0.6548109621924385
121292,0.7332666533306662,0.5292258451690338,0.4858971794358872
101840,0.5720344068813763,0.26857371474294855,0.5433486697339468
102441,0.8923384676935388,0.4176835367073415,0.3607921584316863
112323,0.04652930586117223,0.7969993998799759,0.9693938787757552
104998,0.2625325065013002,0.9035407081416283,0.025365073014602918
118377,0.3159831966393279,0.4814562912582517,0.4384876975395079
117175,0.870614122824565,0.9755551110222045,0.09801960392078415
132393,0.2450090018003601,0.6393678735747149,0.67625525105021
140233,0.486377275455091,0.5750350070014003,0.7135827165433086
104235,0.9974794958991798,0.9352670534106822,0.10538107621524304
104402,0.2414882976595319,0.18955791158231647,0.26197239447889575
132467,0.34762952590518104,0.26685337067413484,0.35519103820764153
128430,0.742748549709942,0.8398479695939188,0.7536707341468294
125445,0.7619523904780956,0.9005801160232046,0.9795559111822364
113680,0.3240648129625925,0.37235447089417884,0.5017003400680137
148021,0.9498299659931986,0.9307061412282456,0.8172434486897379
128951,0.3393878775755151,0.17903580716143228,0.23404680936187236
104026,0.6363272654530906,0.41100220044008806,0.944628925785157
112841,0.9577915583116623,0.2892178435687137,0.267253450690138
147768,0.3398279655931186,0.48777755551110225,0.9052610522104421
127671,0.7827565513102621,0.565993198639728,0.9283056611322265
143769,0.7911182236447291,0.945109021804361,0.4338067613522704
123520,0.8249649929985997,0.44624924984997,0.2436887377475495
118051,0.06561312262452491,0.41168233646729346,0.6255251050210042
100083,0.7772354470894178,0.32114422884576915,0.2955791158231646
131357,0.1493898779755951,0.5008201640328065,0.9669533906781356
122250,0.6257251450290058,0.7762352470494099,0.7161832366473295
106197,0.3129025805161032,0.7781956391278256,0.9811162232446489
104228,0.5973994798959792,0.8470494098819764,0.743628725745149
143281,0.883136627325465,0.8446489297859572,0.8786557311462292
121363,0.9129425885177035,0.5372274454890978,0.9387877575515102
136548,0.3635927185437088,0.06993398679735947,0.548869773954791
131641,0.7809161832366474,0.718623724744949,0.41464292858571716
125865,0.14610922184436886,0.05525105021004201,0.37403480696139235
117757,0.16299259851970394,0.42684536907381476,0.8574514902980596
105555,0.7001800360072014,0.6417283456691338,0.5167433486697339
110417,0.8916983396679335,0.4786157231446289,0.8249649929985997
118586,0.45925185037007404,0.14870974194838968,0.20312062412482498
143763,0.3274254850970194,0.31322264452890575,0.22576515303060612
136662,0.24512902580516105,0.6678535707141429,0.6103620724144829
113484,0.8062812562512502,0.1493898779755951,0.4971794358871774
141778,0.3586717343468694,0.16947389477895577,0.16151230246049209
127445,0.7953190638127625,0.5970394078815763,0.6152030406081216
143672,0.8696939387877576,0.3730746149229846,0.4434086817363473
138904,0.211002200440088,0.3557111422284457,0.36703340668133627
143274,0.8142828565713143,0.9234246849369874,0.7594718943788759
112564,0.679255851170234,0.6415283056611322,0.9144628925785157
112773,0.028205641128225642,0.6229645929185836,0.23752750550110022
102527,0.21604320864172835,0.6606521304260852,0.434126825365073
149383,0.20164032806561313,0.23008601720344068,0.13766753350670136
144712,0.22900580116023206,0.6216843368673735,0.6672934586917384
119186,0.8775355071014204,0.9035407081416283,0.12614522904580916
119839,0.3406681336267254,0.16635327065413083,0.667133426685337
110916,0.06897379475895178,0.6887377475495099,0.9752750550110022
131932,0.6304060812162433,0.09265853170634125,0.23836767353470695
111700,0.2608121624324865,0.06429285857171434,0.14950990198039607
143163,0.02768553710742148,0.8342068413682736,0.14742948589717944
112314,0.6304060812162433,0.9199839967993599,0.11066213242648529
102791,0.8416483296659332,0.20004000800160032,0.24176835367073415
131071,0.14230846169233846,0.9041808361672334,0.028645729145829163
148895,0.4958191638327666,0.04720944188837768,0.36883376675335067
108509,0.2700540108021604,0.6159631926385277,0.636127225445089
129684,0.22288457691538308,0.04288857771554311,0.13110622124424884
140356,0.627125425085017,0.4342468493698739,0.39415883176635325
108689,0.3282256451290258,0.5838367673534707,0.6526505301060213
149887,0.12758551710342067,0.4834166833366673,0.21944388877775556
120325,0.514622924584917,0.09197839567913582,0.16163232646529307
117706,0.33866773354670937,0.03676735347069414,0.09429885977195439
116114,0.6206041208241648,0.2355671134226845,0.16247249449889978
120426,0.9025405081016203,0.7436687337467494,0.5911582316463293
113414,0.428125625125025,0.4618923784756951,0.7538307661532305
149895,0.7066213242648529,0.9357871574314863,0.05929185837167432
136240,0.9687937587517503,0.9258251650330067,0.7133426685337066
138540,0.20116023204640926,0.923624724944989,0.9082616523304661
121319,0.24620924184836968,0.6229245849169833,0.8619723944788957
115306,0.3383076615323064,0.2398479695939188,0.7685137027405482
137348,0.23976795359071815,0.319623924784957,0.3122624524904981
130235,0.8366073214642928,0.4249649929985997,0.618123624724945
107712,0.8012802560512102,0.6571714342868574,0.5697539507901579
117031,0.7007401480296059,0.7924784956991399,0.961752350470094
147683,0.07245449089817964,0.40748149629925984,0.18719743948789758
147851,0.9011402280456091,0.31234246849369873,0.7964792958591719
115766,0.43732746549309864,0.23652730546109224,0.5744748949789958
145336,0.23120624124824968,0.375755151030206,0.17695539107821562
111750,0.8948589717943589,0.1194238847769554,0.07693538707741548
130015,0.45897179435887175,0.5976395279055812,0.65125025005001
111086,0.6183636727345468,0.09341868373674733,0.23228645729145828
149912,0.21020204040808163,0.3719143828765753,0.23284656931386277
113717,0.45441088217643527,0.3585917183436687,0.38611722344468896
111572,0.8247649529905982,0.5447089417883577,0.49457891578315666
135508,0.5551910382076416,0.8787757551510302,0.7933186637327465
145199,0.39891978395679134,0.686377275455091,0.9946389277855572
113906,0.29393878775755145,0.7289457891578316,0.5666733346669334
148106,0.31930386077215445,0.863012602520504,0.13158631726345268
126780,0.5820764152830565,0.09409881976395279,0.14822964592918583
102382,0.6056811362272454,0.20412082416483296,0.3044208841768353
122161,0.09177835567113421,0.8668933786757351,0.021124224844968995
143411,0.1483896779355871,0.9690338067613524,0.6058011602320464
135996,0.9532706541308261,0.6507301460292059,0.8216043208641729
105398,0.3587117423484697,0.5011802360472095,0.6508901780356071
146405,0.13850770154030806,0.9125025005001001,0.017163432686537305
112109,0.04680936187237447,0.848489697939588,0.08945789157831566
118907,0.03276655331066213,0.5489497899579916,0.9151030206041207
141074,0.7802760552110422,0.24188837767553512,0.4073614722944589
137479,0.48465693138627725,0.5877175435087018,0.6899779955991198
146228,0.36687337467493497,0.31410282056411276,0.4176835367073415
122508,0.34886977395479096,0.26213242648529705,0.4438487697539508
117217,0.7982796559311863,0.30994198839767956,0.5781556311262253
105827,0.025725145029005796,0.7751550310062012,0.9882376475295058
109406,0.6341668333666733,0.5073414682936587,0.681376275255051
126968,0.04604920984196839,0.3451490298059612,0.8174034806961392
146126,0.008881776355271055,0.7827165433086618,0.9610722144428885
145783,0.9854370874174835,0.559511902380476,0.6838967793558711
107309,0.5657531506301261,0.006241248249649929,0.06817363472694539
139102,0.7127825565113023,0.16087217443488697,0.2598919783956791
146112,0.6975795159031807,0.6155231046209242,0.5021404280856171
106009,0.3282656531306261,0.713622724544909,0.9753550710142028
111505,0.9184236847369474,0.5084616923384677,0.4348869773954791
139570,0.5496299259851971,0.5637927585517104,0.6173234646929386
110221,0.1785157031406281,0.6304860972194438,0.9318263652730546
142624,0.22128425685137026,0.3563112622524505,0.5025405081016203
128989,0.777755551110222,0.4956991398279656,0.8112022404480895
124745,0.219123824764953,0.029685937187437485,0.1369873974794959
109163,0.7199039807961592,0.3480296059211842,0.4243648729745949
139060,0.4870574114822964,0.3917983596719344,0.4378475695139028
118218,0.761752350470094,0.7823964792958592,0.9874774954990999
139177,0.7292258451690339,0.8981796359271854,0.015403080616123223
149996,0.39415883176635325,0.2115223044608922,0.197119423884777
131565,0.9264652930586117,0.22864572914582917,0.5171034206841368
133507,0.3656331266253251,0.44420884176835373,0.9109821964392879
131298,0.2191638327665533,0.9779555911182236,0.08185637127425485
135801,0.496499299859972,0.25169033806761354,0.3464292858571714
145608,0.4925785157031406,0.58375675135027,0.5525105021004201
110394,0.17807561512302458,0.9710742148429686,0.5330266053210642
146558,0.36791358271654334,0.6458491698339668,0.5655931186237247
118652,0.13666733346669332,0.5761152230446089,0.20632126425285055
109056,0.24616923384676936,0.36023204640928186,0.8764152830566114
147302,0.4715743148629726,0.1885977195439088,0.5461092218443689
112128,0.664132826565313,0.6285257051410281,0.9234246849369875
105976,0.7409481896379275,0.09637927585517103,0.1021004200840168
149106,0.7160632126425284,0.9970394078815763,0.8742548509701942
103564,0.32598519703940787,0.6155631126225245,0.8897779555911183
100808,0.8690938187637527,0.5679135827165434,0.3253050610122024
132119,0.34694938987797563,0.040528105621124216,0.13266653330666134
114955,0.8866573314662932,0.4298059611922385,0.2958191638327666
140470,0.041408281656331265,0.4394878975795159,0.975755151030206
130308,0.06989397879575913,0.9641528305661132,0.772994598919784
119977,0.6584116823364673,0.6097219443888777,0.7465893178635726
120047,0.15747149429885976,0.23100620124024807,0.12434486897379476
147108,0.43264652930586117,0.998119623924785,0.6153230646129225
138270,0.6342068413682737,0.9902780556111221,0.13334666933386674
139342,0.3641128225645129,0.6735347069413883,0.5907981596319265
110837,0.3034606921384277,0.5551510302060412,0.4377675535107022
107313,0.8409281856371275,0.8985397079415883,0.08289657931586317
123770,0.37727545509101823,0.09269853970794159,0.8305261052210442
145894,0.587117423484697,0.18011602320464093,0.15999199839967992
117422,0.6178035607121425,0.6964192838567714,0.9518303660732147
100218,0.7829965993198639,0.17771554310862173,0.20612122424484897
109199,0.7335867173434687,0.20384076815363072,0.5345469093818764
142067,0.6418083616723345,0.744508901780356,0.802000400080016
149132,0.13514702940588116,0.8603320664132827,0.09645929185837167
146857,0.5524704940988198,0.5189837967593519,0.7703540708141629
138835,0.8538507701540308,0.06541308261652332,0.2047609521904381
128514,0.8829365873174635,0.37275455091018206,0.54874974994999
135098,0.23964792958591713,0.6012802560512103,0.5655531106221244
100176,0.39155831166233246,0.24672934586917383,0.29257851570314064
114964,0.04152830566113222,0.8149629925985198,0.9466693338667734
114289,0.3930786157231446,0.5626725345069012,0.44112822564512905
110860,0.7230246049209842,0.2940588117623525,0.9361872374474896
113964,0.2177635527105421,0.25361072214442887,0.7077815563112623
112920,0.28973794758951793,0.10266053210642129,0.09437887577515502
145183,0.06621324264852971,0.5321064212842568,0.13178635727145427
111430,0.20792158431686336,0.5704340868173635,0.4133226645329066
145792,0.23076615323064611,0.1141028205641128,0.12486497299459892
145099,0.40392078415683136,0.14054810962192435,0.68125625125025
140788,0.8479295859171835,0.5523504700940188,0.5415883176635328
117619,0.14582916583316663,0.8530506101220244,0.04736947389477896
141753,0.5753950790158031,0.9348269653930786,0.7011802360472095
114494,0.20544108821764356,0.24508901780356068,0.8510502100420084
139163,0.19687937587517504,0.8870574114822966,0.8176835367073415
107896,0.26653330666133224,0.8718143628725746,0.991118223644729
102605,0.7831966393278655,0.9005401080216043,0.702140428085617
149933,0.09645929185837168,0.09009801960392079,0.2279255851170234
124924,0.5183036607321464,0.9495099019803961,0.06773354670934187
142823,0.35603120624124823,0.5705141028205641,0.6444088817763554
146632,0.3169033806761352,0.6878575715143029,0.7487897579515903
136937,0.43228645729145826,0.20696139227845567,0.3044208841768353
139524,0.7505901180236048,0.18495699139827967,0.4540108021604321
108716,0.7814362872574514,0.44580916183236646,0.3210242048409682
100778,0.5301860372074415,0.40116023204640927,0.5945589117823564
142325,0.6272854570914183,0.29237847569513903,0.41492298459691934
140279,0.6016003200640128,0.31854370874174837,0.5971594318863772
139997,0.27645529105821165,0.6177235447089418,0.477255451090218
135272,0.22416483296659334,0.6517703540708142,0.5158231646329265
149460,0.1854370874174835,0.8974994998999799,0.24872974594918984
132159,0.7933186637327466,0.6678935787157431,0.4544108821764353
114532,0.5664332866573315,0.8089617923584718,0.7357071414282856
145773,0.48293658731746353,0.6477295459091819,0.5821964392878576
131024,0.8391278255651131,0.5223844768953791,0.24392878575715143
114819,0.1377875575115023,0.47749549909982,0.8195239047809562
110519,0.5610722144428886,0.3670734146829366,0.6361272254450889
107597,0.47697539507901576,0.23348669733946792,0.42800560112022407
109773,0.9177035407081416,0.46797359471894384,0.531506301260252
149488,0.16479295859171833,0.735627125425085,0.9373474694938988
138771,0.5724744948989798,0.18531706341268253,0.8042808561712342
146416,0.8030406081216243,0.7873174634926985,0.9664732946589318
125534,0.37499499899979993,0.9605921184236847,0.14462892578515701
145039,0.5140628125625125,0.39427885577115424,0.480616123224645
138444,0.23384676935387078,0.6366473294658931,0.8887777555511102
124617,0.38427685537107414,0.615243048609722,0.9283456691338268
147526,0.5383876775355071,0.3408281656331266,0.45333066613322665
138179,0.6622124424884978,0.7875575115023005,0.9423084616923385
142523,0.8584116823364674,0.4279655931186237,0.1232246449289858
120880,0.545509101820364,0.8443288657731546,0.795759151830366
135934,0.09157831566313263,0.8046409281856371,0.675255051010202
122913,0.6478095619123825,0.20048009601920386,0.7887177435487098
113197,0.5284256851370275,0.40384076815363074,0.46117223444688943
133961,0.9270254050810163,0.7418683736747349,0.5303060612122424
114389,0.2514902980596119,0.24040808161632327,0.8376875375075015
101914,0.9471094218843769,0.9025805161032205,0.07809561912382476
141774,0.5801560312062413,0.8229645929185838,0.7311862372474494
108015,0.05549109821964392,0.385757151430286,0.9252250450090018
104915,0.8764552910582117,0.8254450890178037,0.7850370074014803
128929,0.8267653530706142,0.486377275455091,0.851490298059612
130198,0.27665533106621326,0.18687737547509503,0.38875775155031006
125805,0.2814162832566513,0.18159631926385278,0.234126825365073
142311,0.11306261252250449,0.9037007401480297,0.0035207041408281655
137547,0.6555311062212442,0.9307861572314463,0.02992598519703941
115172,0.11478295659131825,0.8363272654530906,0.9902380476095218
123374,0.9914782956591319,0.5548309661932387,0.2960592118423685
114589,0.12474494898979797,0.002680536107221444,0.054090818163632724
126749,0.6874174834966993,0.22400480096019204,0.2594518903780756
125984,0.8132026405281056,0.05809161832366474,0.13982796559311864
118599,0.1916383276655331,0.440128025605121,0.32934586917383474
105147,0.4008001600320064,0.49713942788557713,0.7055811162232446
129196,0.31442288457691536,0.20796159231846367,0.13134626925385076
121931,0.23124624924985,0.544508901780356,0.9098619723944789
130039,0.16183236647329463,0.7719543908781756,0.9574314862972595
129119,0.2606921384276855,0.16703340668133626,0.18603720744148827
121418,0.19475895179035807,0.1309461892378476,0.5076615323064613
134428,0.6635327065413082,0.41328265653130625,0.8616123224644929
149535,0.49417883576715343,0.09853970794158828,0.10378075615123025
115440,0.41824364872974595,0.005521104220844168,0.06405281056211243
136828,0.8150430086017204,0.08465693138627726,0.263372674534907
127818,0.873374674934987,0.8878975795159032,0.7604720944188837
101146,0.2314862972594519,0.18051610322064413,0.653370674134827
111980,0.14126825365073015,0.42592518503700744,0.8755751150230047
138399,0.12582516503300661,0.0622124424884977,0.2514102820564113
111085,0.35547109421884376,0.9343068613722745,0.3384676935387077
146539,0.47037407481496296,0.5421084216843368,0.6331266253250649
107035,0.8988197639527906,0.7343068613722744,0.6308061612322464
140501,0.796639327865573,0.7620724144828966,0.9813562712542507
108375,0.9157031406281256,0.5013402680536108,0.4741748349669934
131913,0.038407681536307255,0.3965593118623725,0.9332266453290657
104968,0.9667133426685337,0.5101020204040808,0.42944588917783555
129561,0.15455091018203643,0.24848969793958792,0.24580916183236645
102392,0.1441488297659532,0.188997799559912,0.42316463292658535
123373,0.13506701340268054,0.31910382076415283,0.6490498099619924
131637,0.6774554910982197,0.520624124824965,0.4268853770754151
128095,0.9558311662332466,0.9045809161832368,0.9737947589517904
116399,0.25453090618123625,0.5987997599519903,0.6478095619123825
105944,0.7931586317263453,0.7299459891978395,0.8605321064212842
135397,0.7704740948189638,0.6681736347269454,0.7949589917983597
118125,0.07633526705341068,0.9719543908781757,0.8086417283456692
140546,0.4550110022004401,0.27257451490298057,0.8204440888177635
110552,0.12410482096419281,0.5490698139627925,0.7453090618123626
125744,0.20728145629125824,0.35383076615323067,0.8150030006001201
118763,0.7071414282856572,0.04084816963392678,0.11954390878175636
145899,0.35559111822364475,0.27233446689337865,0.17379475895179033
116544,0.5308261652330466,0.11950390078015603,0.1860772154430886
121351,0.8716543308661733,0.6544908981796359,0.4526505301060212
116709,0.5751150230046009,0.2852970594118823,0.4686137227445488
121586,0.646369273854771,0.6469693938787757,0.6975795159031806
140276,0.6264852970594119,0.5338667733546709,0.36615323064612926
109365,0.5002200440088018,0.7819163832766554,0.628005601120224
101186,0.9491498299659933,0.970394078815763,0.16771354270854172
141656,0.16507301460292056,0.9238247649529906,0.6871374274854971
117922,0.9292258451690338,0.9416683336667334,0.35407081416283254
136977,0.12198439687937587,0.24884976995399077,0.4816563312662533
144318,0.22924584916983395,0.9192238447689537,0.7020604120824164
124771,0.23876775355071014,0.9210242048409683,0.11062212442488498
118937,0.8531306261252251,0.7757551510302061,0.5875175035007001
110289,0.35727145429085816,0.07501500300060013,0.1964392878575715
143355,0.44864972994598923,0.06449289857971593,0.5011802360472094
107192,0.17459491898379675,0.08061612322464493,0.2737747549509902
101642,0.9001400280056011,0.9716743348669734,0.1605521104220844
105731,0.2827365473094619,0.3655531106221244,0.3925985197039408
108001,0.386997399479896,0.42200440088017604,0.5328665733146629
117409,0.831126225245049,0.4595319063812762,0.5059811962392479
137744,0.18815763152630527,0.7768353670734147,0.5509501900380076
102805,0.4057611522304461,0.37471494298859775,0.8815363072614523
142171,0.23760752150430087,0.2729345869173835,0.7581116223244648
124432,0.3156631326265253,0.5817163432686537,0.9560312062412484
126712,0.3185437087417483,0.8773354670934187,0.03740748149629926
124391,0.7695539107821565,0.6673334666933386,0.9824764952990599
102904,0.9657131426285257,0.35487097419483893,0.3703140628125625
106253,0.041848369673934786,0.8493298659731946,0.9733946789357871
143229,0.7758351670334067,0.7845569113822765,0.7159831966393279
114843,0.27057411482296456,0.2208841768353671,0.8821764352870574
130488,0.19831966393278655,0.47293458691738344,0.840248049609922
148049,0.5099819963992799,0.46997399479895974,0.7613122624524905
113882,0.7065413082616523,0.5256251250250049,0.6904180836167233
128429,0.6931786357271454,0.4927385477095419,0.5714342868573714
139249,0.38691738347669535,0.01848369673934787,0.33598719743948785
122694,0.18759751950390077,0.9786757351470294,0.16143228645729146
126954,0.4811762352470494,0.2666133226645329,0.36403280656131226
114039,0.7636727345469094,0.3767153430686137,0.5039407881576315
136327,0.9801560312062413,0.39767953590718147,0.16379275855171033
137376,0.34402880576115225,0.4378875775155031,0.5455091018203642
136928,0.6075215043008602,0.47169433886777357,0.566993398679736
116335,0.38207641528305664,0.2643328665733146,0.5268653730746149
113364,0.24512902580516102,0.34882976595319065,0.9148229645929186
109925,0.35919183836767354,0.14282856571314262,0.18027605521104217
140710,0.09545909181836366,0.35747149429885977,0.8304460892178436
132553,0.9144228845769153,0.1873174634926985,0.5245849169833967
104504,0.4791358271654331,0.106501300260052,0.5443088617723545
144582,0.1479095819163833,0.5863572714542908,0.886497299459892
105218,0.043368673734746954,0.6289257851570315,0.9727145429085817
121402,0.20404080816163234,0.7502700540108022,0.41836367273454694
105098,0.7074214842968594,0.34954990998199637,0.5070614122824565
110361,0.40076015203040605,0.13914782956591318,0.22640528105621124
139194,0.7499899979995999,0.5841968393678736,0.6277655531106221
137515,0.17019403880776154,0.6848969793958791,0.9735147029405881
107457,0.38159631926385273,0.013242648529705942,0.29929985997199443
148812,0.9398279655931187,0.1716743348669734,0.2353270654130826
145921,0.7409481896379275,0.22320464092818565,0.21564312862572513
107611,0.19511902380476095,0.9742348469693939,0.06681336267253452
125583,0.3766753350670134,0.09653930786157229,0.09921984396879377
108150,0.9725145029005802,0.6889777955591118,0.8225645129025806
102950,0.3417883576715343,0.3138627725545109,0.3995199039807962
103483,0.9645129025805161,0.6165233046609322,0.4648929785957191
115391,0.10718143628725743,0.08373674734946988,0.19951990398079616
132775,0.6480896179235847,0.1754750950190038,0.83624724944989
143074,0.27949589917983597,0.44856971394278855,0.8384076815363073
146360,0.3507901580316063,0.631886377275455,0.897259451890378
118731,0.7667133426685337,0.1767153430686137,0.7338667733546709
142512,0.5039407881576315,0.8519303860772155,0.6834166833366674
102994,0.6060812162432487,0.25349069813962793,0.5641128225645129
133751,0.3932386477295459,0.09385877175435087,0.19551910382076415
149069,0.8447289457891578,0.6404080816163232,0.604120824164833
144768,0.5509501900380076,0.04240848169633926,0.28505701140228046
136907,0.27945589117823566,0.8090818163632727,0.6434886977395479
140621,0.627885577115423,0.6838567713542709,0.463252650530106
133747,0.1925985197039408,0.8720144028805761,0.6675735147029405
116357,0.7541508301660332,0.12430486097219444,0.20228045609121825
143713,0.0718143628725745,0.8699339867973594,0.10678135627125424
135379,0.3968393678735747,0.37671534306861376,0.3438687737547509
141273,0.37951590318063616,0.05265053010602119,0.06249249849969994
107181,0.47001400280056005,0.6590118023604721,0.9092618523704742
122222,0.8275655131026206,0.1108621724344869,0.5341068213642728
126701,0.2606521304260852,0.6734546909381877,0.5703540708141629
144801,0.8912182436487298,0.5792358471694339,0.34962992598519704
118059,0.47513502700540106,0.9815163032606521,0.08545709141828364
126601,0.887737547509502,0.17915583116623326,0.28865773154630925
123386,0.9553510702140429,0.5047809561912382,0.3424284856971394
142522,0.24304860972194436,0.9470294058811762,0.8500500100020004
110140,0.745629125825165,0.23728745749149827,0.2816563312662532
124770,0.07721544308861772,0.5787557511502301,0.9243048609721944
103690,0.1701140228045609,0.7634726945389078,0.6932586517303461
111626,0.09189837967593517,0.7484696939387877,0.9287057411482298
135745,0.40692138427685537,0.5645529105821164,0.8502100420084017
148796,0.9323064612922585,0.964752950590118,0.031806361272254446
123310,0.22148429685937185,0.8052010402080416,0.761112222444489
134512,0.6258451690338067,0.32666533306661333,0.8876975395079016
110261,0.22364472894578913,0.7866373274654931,0.6390478095619124
131213,0.8986997399479896,0.9898379675935187,0.43840768153630727
143445,0.14618923784756951,0.4319263852770554,0.36459291858371673
117349,0.9955591118223646,0.4283656731346269,0.3293058611722344
107565,0.5118223644728945,0.768353670734147,0.9269453890778157
100891,0.27821564312862573,0.584116823364673,0.8904580916183237
133506,0.5414282856571314,0.012762552510502099,0.06969393878775755
127940,0.7564312862572514,0.6249649929985998,0.8460092018403681
116444,0.35255051010202043,0.5751550310062012,0.4678135627125425
102498,0.8769753950790159,0.45489097819563906,0.1910382076415283
145603,0.511622324464893,0.8759351870374075,0.7728345669133827
114894,0.44260852170434084,0.42972594518903784,0.27721544308861773
112000,0.6542508501700339,0.442128425685137,0.8558911782356472
106950,0.8774954990998199,0.2283656731346269,0.8693738747749551
141121,0.3689137827565513,0.7283056611322264,0.9172634526905381
132407,0.35827165433086616,0.41268253650730147,0.8140028005601121
100237,0.5805961192238448,0.4404080816163232,0.24520904180836167
133281,0.37071414282856574,0.6309661932386477,0.48313662732546514
125528,0.16487297459491898,0.5110222044408882,0.28861772354470894
145424,0.2684136827365473,0.15883176635327062,0.5040208041608322
147564,0.9347469493898779,0.1991998399679936,0.3472694538907781
132411,0.29701940388077613,0.1917983596719344,0.6655731146229246
140775,0.82000400080016,0.30674134826965394,0.2713342668533707
116604,0.7202640528105622,0.1881976395279056,0.34310862172434486
123890,0.6305661132226446,0.5301460292058412,0.4789357871574315
123704,0.47721544308861774,0.5077015403080616,0.3728345669133827
120316,0.545389077815563,0.2966593318663733,0.4386477295459092
107215,0.13290658131626326,0.2376875375075015,0.12414482896579315
120334,0.8209641928385678,0.33910782156431285,0.569873974794959
147623,0.5396279255851171,0.2181636327265453,0.7895179035807162
147890,0.5774754950990197,0.3397079415883177,0.2637727545509102
140374,0.25793158631726343,0.15551110222044406,0.8687737547509502
135289,0.11450290058011602,0.9137027405481096,0.6621324264852971
125706,0.5795959191838367,0.08061612322464493,0.3200640128025605
136512,0.07509501900380076,0.08061612322464493,0.09821964392878575
124043,0.19723944788957792,0.6426485297059412,0.29265853170634126
129577,0.3947989597919584,0.12746549309861974,0.19107821564312863
124246,0.6343668733746749,0.9674734946989397,0.7343868773754751
104756,0.10134026805361071,0.6263652730546109,0.4425285057011402
134768,0.5559911982396479,0.24820964192838565,0.47749549909982003
102343,0.10266053210642126,0.8400480096019204,0.6371674334866974
137201,0.05281056211242247,0.8472894578915784,0.002840568113622724
135274,0.6106421284256852,0.8532106421284256,0.8725745149029805
129965,0.6140428085617123,0.4640128025605121,0.32670534106821364
138219,0.8605321064212843,0.8840968193638727,0.7855171034206841
126789,0.18911782356471296,0.12050410082016402,0.6149629925985197
122098,0.1607121424284857,0.8050410082016404,0.6966993398679736
106696,0.9798359671934387,0.9150230046009202,0.11694338867773554
132560,0.5773554710942188,0.9759151830366073,0.26857371474294855
123889,0.7947989597919585,0.3919583916783357,0.4779755951190238
147510,0.05905181036207241,0.9889177835567113,0.04680936187237447
113519,0.8619323864772954,0.4004400880176035,0.6038407681536307
145982,0.5103020604120824,0.2635327065413082,0.33218643728745745
134150,0.02196439287857571,0.29157831566313264,0.35915183036607323
102175,0.31814362872574514,0.6132026405281056,0.330626125225045
131678,0.1092618523704741,0.9164632926585317,0.01968393678735747
136244,0.2874574914982997,0.3127025405081016,0.32790558111622325
140041,0.23552710542108424,0.20504100820164034,0.2255251050210042
110818,0.5293858771754351,0.139627925585117,0.35391078215643124
136232,0.5231046209241849,0.0927385477095419,0.30318063612722546
141015,0.8298859771954391,0.18571714342868573,0.12766553310662132
137211,0.5804760952190438,0.44672934586917384,0.8788157631526305
134367,0.8858171634326866,0.3318263652730546,0.4634126825365073
118185,0.46801360272054404,0.707741548309662,0.9701140228045609
141764,0.06413282656531306,0.8999399879975996,0.07601520304060812
144230,0.7865573114622924,0.23744748949789957,0.24476895379075814
121876,0.07129425885177035,0.5585917183436687,0.9252250450090018
132429,0.4938187637527506,0.14562912582516502,0.1675135027005401
117515,0.3642328465693139,0.5446689337867574,0.5421084216843368
112167,0.17199439887977594,0.8446489297859572,0.9965593118623725
116851,0.2923384676935387,0.9927185437087417,0.3980396079215843
147409,0.28581716343268654,0.7110622124424885,0.9234646929385878
109167,0.5281456291258252,0.8592518503700741,0.28669733946789355
115285,0.807881576315263,0.6603320664132827,0.6591718343668733
113112,0.5683136627325466,0.3017003400680136,0.48369673934786955
135507,0.5108621724344868,0.9985997199439888,0.6286857371474295
110802,0.8908181636327266,0.675375075015003,0.559871974394879
149339,0.4946189237847569,0.15243048609721943,0.28093618723744757
113601,0.7243048609721945,0.892378475695139,0.20628125625125024
105540,0.022124424884976998,0.08005601120224046,0.2345269053810762
113022,0.8702540508101619,0.7315863172634526,0.622124424884977
139985,0.23924784956991402,0.6138027605521104,0.6162832566513303
104435,0.30874174834966994,0.3762352470494099,0.4824164832966593
112275,0.7761552310462092,0.44712942588517707,0.4019203840768154
116143,0.2303260652130426,0.41528305661132225,0.5298259651930386
104809,0.8780156031206241,0.84748949789958,0.7705541108221645
122081,0.1655131026205241,0.7254650930186037,0.7715943188637727
135972,0.5549909981996399,0.29125825165033004,0.5028205641128226
111218,0.7333466693338667,0.3677135427085417,0.5923584716943389
135186,0.10010002000400081,0.5149429885977196,0.5309061812362472
136818,0.7451490298059611,0.6404080816163233,0.5485097019403882
110281,0.250130026005201,0.07061412282456492,0.11518303660732146
127326,0.602240448089618,0.89625925185037,0.9723944788957792
104637,0.7594318863772754,0.7303460692138428,0.9012602520504102
125100,0.1575115023004601,0.6676135227045409,0.5517103420684137
140757,0.44692938587717546,0.054970994198839766,0.1716743348669734
149159,0.5342668533706741,0.3533506701340268,0.41524304860972194
103065,0.6139227845569114,0.5862372474494899,0.32794558911782357
138876,0.9146629325865173,0.6466893378675735,0.9424684936987398
101805,0.6576515303060613,0.2845369073814763,0.8214442888577715
146789,0.19575915183036607,0.6730146029205841,0.24884976995399083
108285,0.985637127425485,0.6838967793558712,0.5331066213242648
105468,0.3797159431886377,0.46793358671734353,0.38547709541908376
148434,0.39715943188637726,0.42580516103220645,0.3369473894778956
126350,0.6196439287857571,0.8014002800560112,0.9754750950190039
110198,0.5332666533306661,0.3008601720344069,0.8706541308261653
126408,0.6798559711942389,0.9364272854570914,0.11094218843768754
148099,0.9783556711342268,0.48641728345669133,0.3966793358671734
130536,0.917743548709742,0.7725145029005801,0.6476895379075815
140996,0.7239447889577916,0.450250050010002,0.3274654930986197
137179,0.7655531106221244,0.7590318063612722,0.6578915783156631
122806,0.25089017803560715,0.6909381876375275,0.20440088017603522
141262,0.6619723944788958,0.08585717143428685,0.08501700340068014
147231,0.4147229445889178,0.24268853770754148,0.31766353270654124
103554,0.4666133226645329,0.9363472694538908,0.0827765553110622
136286,0.9852770554110821,0.07685537107421483,0.08705741148229645
112355,0.268253650730146,0.46929385877175434,0.6259651930386078
107174,0.34746949389877974,0.7313862772554511,0.7836767353470694
118596,0.7150630126025205,0.18059611922384478,0.2875775155031006
129909,0.6043608721744349,0.7732346469293858,0.7540308061612322
125613,0.43676735347069423,0.010042008401680336,0.5399479895979196
107151,0.24576915383076614,0.5941588317663533,0.6929385877175435
147170,0.35643128625725146,0.15815163032606522,0.8376475295059012
105177,0.21648329665933186,0.2928585717143428,0.2578915783156631
105514,0.551750350070014,0.8295259051810362,0.030566113222644527
103501,0.7531506301260252,0.3034206841368273,0.35919183836767354
110550,0.832246449289858,0.9830766153230646,0.5574314862972594
102046,0.5755951190238048,0.6824564912982597,0.8673334666933387
137680,0.2380876175235047,0.7521504300860171,0.5385877175435088
139289,0.9051410282056411,0.8258051610322065,0.7063012602520504
108527,0.34170834166833364,0.025285057011402275,0.04828965793158632
139563,0.25757151430286057,0.128625725145029,0.6302860572114424
119747,0.7675135027005401,0.5945189037807562,0.6570114022804561
114238,0.0072014402880576115,0.8886977395479096,0.042208441688337664
110941,0.3527105421084217,0.021604320864172834,0.17063412682536508
106476,0.2511702340468093,0.6897379475895178,0.48189637927585516
104710,0.5382276455291058,0.68873774754951,0.9429085817163433
118968,0.9937187437487498,0.5589917983596719,0.269253850770154
117858,0.24852970594118823,0.21872374474894982,0.451130226045209
120382,0.266373274654931,0.17455491098219644,0.5900780156031206
120046,0.5071014202840568,0.43080616123224647,0.7203040608121624
128730,0.4784556911382276,0.9957991598319664,0.7337067413482696
100254,0.10018003600720143,0.5027805561112222,0.7062212442488498
107525,0.21068213642728548,0.09061812362472495,0.8020404080816164
139596,0.005241048209641928,0.8398079615923185,0.7064212842568514
103640,0.8581716343268654,0.32754550910182034,0.5562312462492498
144571,0.6972594518903781,0.3041808361672334,0.2506501300260052
140549,0.7989197839567914,0.3465093018603721,0.3605921184236847
146375,0.8445289057811562,0.14494898979795962,0.09869973994798958
118160,0.4855771154230846,0.2409281856371274,0.3844768953790758
126646,0.4407281456291259,0.41988397679535905,0.41364272854570916
100175,0.4062012402480496,0.30494098819763954,0.567993598719744
143427,0.045569113822764545,0.866373274654931,0.03264652930586117
137586,0.36975395079015805,0.40468093618723744,0.8381676335267054
108054,0.6677735547109421,0.3932386477295459,0.2687737547509502
103855,0.8582116423284657,0.35271054210842173,0.4034006801360272
111145,0.7080216043208641,0.6200440088017604,0.7977595519103821
103903,0.3261852370474094,0.21164232846569314,0.22460492098419682
120200,0.6292858571714343,0.8617723544708942,0.978875775155031
140704,0.9553110622124426,0.5690338067613523,0.5189837967593518
147834,0.08221644328865772,0.32022404480896177,0.2601720344068814
139542,0.10286057211442289,0.10170034006801361,0.2879775955191038
129262,0.296499299859972,0.7673534706941388,0.8170434086817364
133688,0.45613122624524904,0.8748549709941988,0.7220244048809762
132437,0.5683936787357472,0.16667333466693338,0.12438487697539509
104800,0.17099419883976796,0.20936187237447487,0.38755751150230044
113712,0.3972794558911782,0.22464492898579716,0.31338267653530705
115374,0.8542508501700341,0.6981796359271855,0.5414282856571314
107080,0.17955591118223643,0.9078215643128626,0.33638727745549113
103491,0.36027205441088217,0.2542908581716343,0.2976995399079816
118717,0.8546509301860372,0.37519503900780155,0.5778355671134228
135106,0.6370474094818964,0.7568313662732546,0.9718343668733747
136900,0.30318063612722546,0.9442688537707542,0.031206241248249646
135347,0.5282656531306261,0.039407881576315265,0.23184636927385477
120876,0.7594318863772755,0.12338467693538707,0.17735547109421884
106298,0.1928385677135427,0.7134226845369075,0.6591718343668734
110306,0.3582716543308662,0.14194838967793558,0.2600120024004801
122691,0.8088017603520704,0.6046809361872374,0.6826565313062612
107624,0.8208841768353671,0.6728145629125826,0.5294658931786357
114401,0.10446089217843568,0.7541108221644329,0.5724744948989798
105631,0.23396679335867174,0.44020804160832167,0.9421484296859373
113143,0.9263452690538108,0.6659731946389277,0.724624924984997
147092,0.09961992398479697,0.2719743948789758,0.20204040808161633
100043,0.6664132826565313,0.9839167833566713,0.1378275655131026
123010,0.4117223444688938,0.27361472294458894,0.6836567313462693
106317,0.7917983596719345,0.9210642128425685,0.04540908181636327
133787,0.801880376075215,0.9135827165433086,0.07033406681336266
104571,0.43444688937787557,0.2798159631926385,0.19223844768953793
119081,0.5079815963192639,0.03560712142428486,0.1901980396079216
136219,0.12850570114022805,0.05849169833966794,0.18707741548309664
107493,0.3929585917183437,0.4910982196439288,0.47465493098619727
120871,0.973874774954991,0.7089417883576715,0.5653130626125226
149099,0.4277655531106221,0.715503100620124,0.486617323464693
123200,0.4190838167633527,0.4048009601920384,0.8903780756151229
124258,0.8582916583316663,0.05537107421484297,0.39663932786557315
129139,0.40608121624324867,0.1802360472094419,0.4594118823764753
133992,0.9073814762952591,0.18059611922384478,0.36955391078215644
107458,0.11534306861372273,0.25441088217643526,0.7094618923784757
107547,0.45889177835567113,0.37815563112622524,0.580876175235047
123691,0.240128025605121,0.2856171234246849,0.23824764952990596
127987,0.8920584116823365,0.36579315863172635,0.22396479295859173
110879,0.11890378075615124,0.8528905781156231,0.03356671334266853
142555,0.03356671334266853,0.16123224644928985,0.8688537707541508
114124,0.06357271454290857,0.9061812362472494,0.6837367473494699
134358,0.5706741348269654,0.9974394878975795,0.6246849369873975
128669,0.3419883976795359,0.2057211442288458,0.24720944188837768
117823,0.34338867773554715,0.30502100420084016,0.4194038807761552
103210,0.05721144228845769,0.9479495899179835,0.11978395679135828
125066,0.04272854570914183,0.1690738147629526,0.29465893178635727
126724,0.8369273854770953,0.07961592318463692,0.12678535707141428
123162,0.3636327265453091,0.40400080016003204,0.3731546309261853
112028,0.3513102620524105,0.12418483696739346,0.9285457091418283
124655,0.4707341468293659,0.4509301860372074,0.8230846169233847
109595,0.7173434686937388,0.7814362872574515,0.9109421884376875
132108,0.6530906181236247,0.6934186837367473,0.91874374874975
103877,0.06217243448689738,0.8559311862372475,0.5090618123624725
109830,0.3637127425485097,0.1311862372474495,0.172874574914983
118658,0.4381676335267054,0.8641328265653131,0.7448689737947589
119990,0.1473494698939788,0.4800160032006402,0.14630926185237048
136645,0.7103820764152831,0.3710742148429686,0.6190438087617525
137902,0.16459291858371672,0.45577115423084613,0.33726745349069814
105323,0.8296859371874375,0.20972194438887776,0.34306861372274455
105207,0.1469493898779756,0.5947589517903581,0.9550710142028407
112186,0.11858371674334867,0.442368473694739,0.3055811162232447
146196,0.5454290858171634,0.3785957191438288,0.43444688937787557
126366,0.3170634126825365,0.8800160032006402,0.08349669933986796
148623,0.09249849969993998,0.7987597519503901,0.9955991198239648
126626,0.6090018003600721,0.4216843368673735,0.910382076415283
123005,0.08805761152230446,0.23372674534906981,0.29521904380876174
101242,0.22760552110422086,0.035167033406681335,0.3134626925385077
115537,0.18991798359671933,0.5930386077215444,0.9170634126825365
113454,0.8263252650530106,0.590998199639928,0.5676735347069414
122359,0.20144028805761152,0.17279455891178236,0.9088617723544707
124266,0.9791558311662332,0.15407081416283255,0.14334866973394678
101842,0.10994198839767955,0.19771954390878171,0.6696939387877576
119246,0.16515303060612121,0.4507701540308062,0.1800360072014403
122528,0.9374274854970994,0.9399079815963193,0.8978595719143829
117443,0.6372474494898979,0.5090618123624725,0.9110622124424885
124964,0.4315263052610522,0.13350670134026807,0.1907981596319264
105762,0.4853370674134827,0.6277255451090218,0.6820564112822564
116746,0.7828765753150629,0.5772354470894179,0.2512902580516103
104941,0.8540508101620324,0.7937587517503502,0.5811962392478496
147255,0.9141428285657132,0.6546509301860371,0.9524704940988198
106461,0.16427285457091417,0.5827965593118624,0.8170034006801361
147000,0.49885977195439085,0.5548309661932386,0.33334666933386675
130699,0.6993798759751951,0.41064212842568515,0.34882976595319065
110190,0.11382276455291057,0.9260652130426085,0.03112622524504901
127494,0.8692938587717542,0.4060812162432486,0.33030606121224243
146745,0.12394478895779155,0.12314462892578515,0.38135627125425087
113932,0.5462292458491699,0.058451690338067616,0.21756351270254048
146956,0.6717343468693739,0.595639127825565,0.6835367073414683
129929,0.28205641128225645,0.4566513302660532,0.9541908381676335
100831,0.9196639327865573,0.9634326865373074,0.2080416083216643
148076,0.9850370074014803,0.5507901580316064,0.3615923184636928
105106,0.8759351870374075,0.3118223644728946,0.6912982596519304
147530,0.7256651330266053,0.3202240448089618,0.609001800360072
134573,0.3090218043608722,0.18511702340468092,0.685497099419884
137100,0.7799559911982397,0.32586517303460694,0.42024404880976196
135798,0.9815163032606521,0.5003400680136028,0.46601320264052815
149465,0.22980596119223845,0.5520304060812162,0.23696739347869575
143736,0.8678135627125424,0.19967993598719744,0.796759351870374
111609,0.3123024604920984,0.2088017603520704,0.12670534106821363
109570,0.707381476295259,0.07373474694938988,0.1375475095019004
142436,0.04320864172834567,0.5710342068413683,0.4148429685937188
141277,0.493498699739948,0.4638527705541109,0.6878175635127025
104565,0.5200240048009601,0.6774554910982196,0.6726945389077815
118405,0.6419683936787358,0.014642928585717144,0.06385277055411082
148005,0.9179835967193439,0.2034006801360272,0.284496899379876
104498,0.6191638327665533,0.5379075815163032,0.5213842768553711
148257,0.4380076015203041,0.1370274054810962,0.2888577715543109
115386,0.396879375875175,0.929865973194639,0.40748149629925984
104092,0.5659131826365273,0.2847369473894779,0.6252850570114024
100042,0.47237447489497897,0.6066013202640528,0.5717143428685738
136332,0.6546909381876375,0.14330866173234647,0.12918583716743348
119053,0.6110422084416882,0.3685537107421485,0.43148629725945187
145294,0.15611122224444887,0.33246649329865974,0.46189237847569514
140174,0.658371674334867,0.9847969593918783,0.5804360872174434
107993,0.14830966193238648,0.7083416683336666,0.5501500300060012
103283,0.9013802760552111,0.9171834366873375,0.7463892778555712
145563,0.8508101620324064,0.7723144628925785,0.9330666133226645
146144,0.5621924384876975,0.8711342268453691,0.08985797159431885
144036,0.8564112822564514,0.3459891978395679,0.3363872774554911
131250,0.772874574914983,0.8495699139827966,0.7538307661532306
125499,0.2638527705541108,0.4599319863972795,0.9670734146829366
107841,0.27465493098619725,0.9395879175835167,0.21784356871374272
118702,0.6411682336467293,0.25833166633326665,0.42760552110422084
111993,0.6408881776355271,0.6010402080416083,0.9058211642328466
122486,0.8662932586517302,0.835247049409882,0.7891578315663133
132931,0.2882976595319064,0.4945789157831566,0.41628325665133026
115588,0.8767753550710142,0.8670534106821365,0.7989597919583917
139475,0.4908581716343269,0.3455891178235647,0.4454890978195639
143624,0.443128625725145,0.5536307261452291,0.4012802560512102
129604,0.8351270254050811,0.6426085217043409,0.4588917783556712
107919,0.2759751950390078,0.8864172834566914,0.1169033806761352
147618,0.5354270854170834,0.31162232446489296,0.3529105821164233
100825,0.07529505901180235,0.7215443088617723,0.9639127825565114
122963,0.026765353070614124,0.6600120024004801,0.48417683536707345
101510,0.5924384876975395,0.7728745749149829,0.6274854970994199
115577,0.9687137427485497,0.3493498699739948,0.3019003800760152
102561,0.8790558111622324,0.8094418883776755,0.8169633926785357
117661,0.5687137427485497,0.30678135627125425,0.617003400680136
123652,0.5258651730346069,0.33706741348269653,0.5610722144428886
106640,0.4850170034006801,0.17943588717743547,0.18175635127025405
145679,0.09077815563112623,0.08577715543108622,0.1238247649529906
103772,0.2785757151430286,0.9139427885577115,0.024764952990598117
103719,0.7094618923784758,0.5335867173434687,0.6850970194038808
141804,0.4378075615123025,0.5163032606521304,0.4026405281056211
120936,0.550630126025205,0.18995799159831966,0.2219243848769754
134675,0.6066013202640528,0.7350270054010802,0.878495699139828
119377,0.953110622124425,0.722984596919384,0.83000600120024
109508,0.4273254650930186,0.07685537107421483,0.10146029205841169
126304,0.8994598919783956,0.7386677335467093,0.9137427485497099
144289,0.3517903580716144,0.4130426085217044,0.4605321064212843
141612,0.08773754750950191,0.29621924384876974,0.154750950190038
113633,0.06497299459891978,0.9904380876175235,0.21232246449289857
140742,0.7551510302060412,0.0755751150230046,0.28109621924384876
145740,0.8928585717143429,0.45549109821964395,0.25921184236847367
116515,0.17871574314862973,0.17711542308461692,0.12394478895779155
110589,0.1190638127625525,0.856491298259652,0.06025205041008202
118456,0.521384276855371,0.680376075215043,0.8193238647729546
120245,0.4718543708741748,0.9447889577915584,0.1298659731946389
102914,0.593118623724745,0.0841368273654731,0.8712142428485696
130025,0.5068213642728545,0.05333066613322664,0.17395479095819164
137663,0.12334466893378673,0.8522104420884177,0.7052610522104421
136550,0.9976795359071814,0.13130626125225045,0.08377675535107021
148692,0.37499499899979993,0.4812962592518504,0.8612922584516904
106917,0.832246449289858,0.9649529905981196,0.0008001600320064011
126955,0.3230646129225845,0.9353470694138828,0.0761752350470094
115168,0.7517903580716143,0.9309461892378476,0.7835967193438689
103677,0.638007601520304,0.28285657131426284,0.4408081616323265
137930,0.752750550110022,0.3937987597519504,0.5555511102220444
107430,0.6738947789557912,0.5793558711742348,0.41756351270254055
103960,0.6828965793158631,0.17683536707341468,0.21484296859371876
127104,0.7871574314862972,0.9075815163032606,0.09729945989197838
122502,0.33890778155631124,0.653370674134827,0.9087817563512703
142217,0.9491098219643929,0.894258851770354,0.7975995199039809
112926,0.7731546309261852,0.2173234646929386,0.332626525305061
113889,0.08029605921184237,0.6934586917383476,0.33846769353870776
117163,0.9997199439887978,0.12514502900580116,0.1340268053610722
104343,0.9849169833966794,0.6407281456291258,0.5208641728345669
129435,0.11470294058811764,0.46281256251250247,0.3764752950590118
102657,0.8544108821764353,0.6018403680736147,0.8168033606721344
108333,0.9229445889177836,0.6385277055411083,0.623244648929786
130810,0.2059611922384477,0.0374874974994999,0.12198439687937587
117237,0.16423284656931383,0.32062412482496505,0.24556911382276456
147439,0.3908381676335267,0.43928785757151434,0.411882376475295
139873,0.13134626925385076,0.23524704940988195,0.21568313662732547
149081,0.9256251250250049,0.25733146629325865,0.24480896179235848
109434,0.9166233246649329,0.9235847169433887,0.23800760152030404
138669,0.23284656931386277,0.24632926585317066,0.35467093418683737
120072,0.3984396879375875,0.8757751550310062,0.6946189237847569
120257,0.13462692538507703,0.7947989597919585,0.935627125425085
142558,0.8040808161632327,0.9398279655931185,0.17347469493898776
109615,0.2796159231846369,0.6720144028805761,0.3922784556911382
130430,0.44932986597319463,0.11094218843768752,0.14322864572914581
114648,0.9195439087817563,0.766873374674935,0.7341068213642729
129127,0.6215243048609722,0.6688537707541509,0.6380076015203041
128762,0.41592318463692735,0.619363872774555,0.3963592718543709
114620,0.30686137227445487,0.9240248049609922,0.03560712142428485
108358,0.9376675335067013,0.884256851370274,0.16967393478695736
129007,0.929505901180236,0.2541708341668334,0.4132026405281056
129807,0.19947989597919585,0.6208041608321664,0.47789557911582314
123600,0.044648929785957185,0.9609921984396879,0.14198839767953592
126678,0.5892378475695139,0.08057611522304461,0.2612122424484897
119352,0.827005401080216,0.43508701740348066,0.47825565113022606
144863,0.7103020604120824,0.5251050210042009,0.25869173834766956
101472,0.45513102620524104,0.38895779155831167,0.4018403680736148
148665,0.3221044208841768,0.3625125025005001,0.8670934186837368
122387,0.11598319663932785,0.7950790158031606,0.5907181436287258
133035,0.2580516103220644,0.10958191638327666,0.7713142628525705
123787,0.15543108621724344,0.5171434286857371,0.20120024004800957
124793,0.9096619323864772,0.6978595719143829,0.6751750350070014
133144,0.5317063412682537,0.5837967593518704,0.8331266253250651
137157,0.6667333466693338,0.0652130426085217,0.1511502300460092
114554,0.8172834566913383,0.4289657931586317,0.25561112222444493
141251,0.9421484296859373,0.8548509701940388,0.7684336867373475
100511,0.8550910182036408,0.6118423684736947,0.7063412682536507
145358,0.6762152430486097,0.10182036407281456,0.15603120624124822
106604,0.9924784956991398,0.4272054410882177,0.14010802160432087
128214,0.26605321064212845,0.14110822164432887,0.503620724144829
123103,0.21488297659531908,0.31458291658331666,0.13350670134026807
125058,0.9078215643128626,0.6787757551510303,0.8703340668133627
100764,0.4979395879175836,0.3661932386477295,0.8714142828565713
124319,0.24420884176835367,0.8278455691138228,0.02484496899379876
129576,0.0749749949989998,0.42056411282256456,0.8569713942788557
138649,0.2587317463492698,0.8808961792358472,0.17715543108621723
123016,0.30410082016403284,0.8553310662132427,0.6583316663332666
127105,0.15211042208441689,0.854730946189238,0.22888577715543107
100459,0.37399479895979193,0.17799559911982396,0.16523304660932187
114140,0.48401680336067215,0.9440288057611522,0.7396679335867173
122551,0.787237447489498,0.945749149829966,0.4599319863972795
139579,0.2178035607121424,0.39731946389277856,0.8684936987397479
127172,0.6728945789157832,0.7473894778955792,0.9399079815963193
110324,0.2646129225845169,0.7513102620524106,0.7349069813962792
130351,0.2758951790358072,0.3615923184636927,0.21484296859371876
129715,0.7753950790158032,0.812122424484897,0.9372274454890978
104815,0.15899179835967192,0.2073614722944589,0.41892378475695136
127200,0.268253650730146,0.1655131026205241,0.14066813362672534
147431,0.6297259451890378,0.5414682936587317,0.4062012402480496
145843,0.10366073214642928,0.06589317863572715,0.1383876775355071
112550,0.9151030206041209,0.9499099819963993,0.15259051810362073
111857,0.8697739547909582,0.5900380076015204,0.1880376075215043
144067,0.42180436087217443,0.2805761152230446,0.3872774554910982
147785,0.29237847569513903,0.286377275455091,0.5851570314062813
129663,0.06597319463892777,0.783116623324665,0.9933186637327465
149181,0.9335467093418683,0.5805161032206441,0.46181236247249446
141955,0.5171034206841368,0.1278655731146229,0.2917383476695339
117317,0.6897379475895179,0.4838967793558712,0.8906181236247249
145586,0.35731146229245847,0.7231846369273855,0.9821164232846569
102462,0.8234446889377876,0.7807161432286458,0.9433886777355471
145051,0.31254250850170034,0.6561712342468494,0.47533506701340267
108236,0.11610322064412881,0.5687937587517504,0.5773954790958191
106196,0.44672934586917384,0.2861772354470894,0.5219443888777756
140776,0.4534906981396279,0.5519903980796159,0.9653530706141227
132611,0.833126625325065,0.2434886977395479,0.5814362872574514
144007,0.40336067213442683,0.06729345869173833,0.10346069213842768
119111,0.30406081216243247,0.98999799959992,0.8519303860772155
137818,0.7893578715743148,0.19171834366873375,0.28237647529505905
134803,0.7311462292458492,0.47433486697339466,0.527625525105021
145163,0.2143628725745149,0.8315263052610522,0.03296659331866373
116354,0.10990198039607922,0.2761352270454091,0.3455891178235647
111407,0.6768553710742149,0.15227045409081813,0.13062612522504502
140319,0.7374674934986998,0.5855971194238847,0.8556511302260452
122519,0.30190038007601516,0.8020004000800159,0.712742548509702
102968,0.790238047609522,0.1501900380076015,0.27805561112222443
127515,0.6565713142628525,0.11650330066013202,0.8141228245649129
149785,0.12974594918983795,0.853250650130026,0.9778755751150231
103850,0.7507101420284057,0.6428485697139428,0.9261452290458092
131895,0.1665133026605321,0.5177835567113422,0.9221044208841769
101150,0.781996399279856,0.3207041408281657,0.4015203040608122
136709,0.1916783356671334,0.7137827565513102,0.4577715543108622
138830,0.4094018803760753,0.12610522104420882,0.16567313462692537
147121,0.47637527505501104,0.6416883376675335,0.934506901380276
149365,0.20392078415683135,0.4720544108821765,0.4608521704340868
113774,0.8245649129825965,0.6212442488497699,0.6198439687937588
138572,0.3168633726745349,0.7956791358271654,0.7934386877375476
116505,0.9622724544908983,0.8068413682736547,0.7013802760552111
133308,0.07533506701340269,0.080376075215043,0.21624324864972996
142669,0.17435487097419483,0.5840768153630725,0.9153830766153231
133333,0.4965393078615723,0.4229645929185837,0.6694538907781556
141288,0.5217043408681736,0.21920384076815363,0.7709141828365673
146819,0.7431886377275456,0.3724744948989798,0.3989197839567914
148743,0.18479695939187837,0.4006001200240048,0.2434486897379476
119482,0.1826365273054611,0.24380876175235044,0.32138427685537113
126229,0.8602120424084817,0.7817963592718544,0.7244248849769954
128239,0.6914982996599319,0.12410482096419284,0.7740348069613923
112786,0.7775955191038207,0.9294258851770354,0.1486697339467893
110057,0.14874974994998996,0.14914982996599319,0.12046409281856371
144194,0.7500700140028005,0.1940388077615523,0.8175635127025405
144930,0.8726945389077815,0.462252450490098,0.3776355271054211
135957,0.0131626325265053,0.8357271454290858,0.9987997599519904
134481,0.804120824164833,0.043568713742748545,0.08101620324064814
131810,0.7425885177035407,0.17579515903180634,0.3129025805161032
115514,0.7712342468493699,0.3395479095819164,0.4615323064612923
149600,0.7460292058411683,0.3808361672334467,0.5448289657931586
130694,0.6776155231046208,0.3126625325065013,0.2598119623924785
139170,0.17827565513102617,0.7261052210442088,0.7678335667133427
108409,0.7816763352670535,0.9138627725545108,0.04936987397479496
130902,0.4920584116823365,0.5990798159631927,0.6181636327265453
122307,0.2102020404080816,0.5632726545309061,0.9149429885977195
114356,0.24100820164032805,0.41744348869773956,0.5064212842568513
128310,0.14246849369873973,0.2651730346069214,0.2654930986197239
141495,0.7249449889977996,0.32542508501700346,0.263372674534907
115708,0.1475895179035807,0.5455491098219644,0.6914582916583317
144228,0.15947189437887577,0.7437887577515502,0.7925585117023405
118087,0.6275655131026205,0.6444888977795559,0.8725345069013803
144974,0.6739347869573914,0.4052410482096419,0.23248649729945992
118181,0.13250650130026004,0.3530306061212242,0.5759551910382077
148614,0.32162432486497294,0.31770354070814166,0.9179035807161433
127062,0.44308861772354474,0.28745749149829963,0.33062612522504503
144570,0.9457891578315663,0.9827165433086618,0.012762552510502099
106902,0.44792958591718346,0.783996799359872,0.5258651730346069
127487,0.18819763952790558,0.5997599519903981,0.39403880776155226
121438,0.29957991598319667,0.18295659131826364,0.1208241648329666
149506,0.1441488297659532,0.7302660532106421,0.6009201840368072
126163,0.5494298859771954,0.5473894778955791,0.48553710742148426
133417,0.5484296859371874,0.8533306661332267,0.7435887177435487
142146,0.756751350270054,0.5929585917183435,0.8930986197239448
129298,0.9979595919183837,0.16679335867173434,0.12910582116423286
104399,0.37835567113422686,0.09317863572714542,0.10654130826165234
110084,0.9682336467293459,0.5599119823964792,0.407001400280056
122181,0.2619723944788958,0.26033206641328266,0.8828165633126626
142932,0.6482896579315862,0.18003600720144028,0.10958191638327666
143147,0.5033006601320263,0.1766753350670134,0.5169833966793358
137605,0.8040008001600321,0.29645929185837167,0.3681136227245449
128610,0.31446289257851573,0.5260652130426084,0.2624124824964993
140841,0.7557911582316464,0.13626725345069013,0.3147029405881176
122458,0.9890778155631126,0.442368473694739,0.25625125025005
122635,0.21000200040008,0.2534106821364273,0.3631126225245049
132761,0.25853170634126826,0.6406881376275255,0.5651530306061212
145730,0.2191638327665533,0.5572714542908582,0.6289657931586317
108928,0.12698539707941586,0.3106621324264853,0.29357871574314864
145554,0.5344268853770755,0.8236447289457891,0.7806361272254452
139692,0.6744948989797959,0.13210642128425687,0.351870374074815
119417,0.5275855171034206,0.9153430686137227,0.792758551710342
101802,0.07789557911582316,0.18019603920784155,0.2566113222644529
126475,0.7149829965993199,0.3550710142028405,0.4539307861572314
108344,0.49265853170634133,0.19351870374074814,0.4225245049009802
110662,0.7271454290858171,0.9554310862172435,0.14306861372274454
148519,0.5785157031406281,0.6126825365073015,0.4362872574514902
132477,0.5753150630126025,0.2674534906981396,0.5107021404280856
120773,0.1350670134026805,0.9273054610922185,0.7215843168633727
104370,0.19831966393278655,0.4025605121024205,0.6147229445889177
112706,0.16439287857571513,0.3482696539307862,0.40228045609121826
142659,0.02564512902580516,0.5284656931386278,0.9413082616523305
108132,0.25793158631726343,0.911742348469694,0.9874374874974995
100092,0.8896579315863172,0.7829965993198641,0.6633326665333067
145604,0.36567313462692536,0.5887577515503101,0.8951390278055611
140972,0.3414282856571314,0.6063612722544509,0.911382276455291
145576,0.18519703940788157,0.610882176435287,0.8993798759751951
134935,0.2790158031606321,0.5845169033806762,0.9429085817163433
112293,0.1297859571914383,0.9014602920584117,0.11998399679935988
126391,0.502020404080816,0.7379075815163032,0.5411882376475294
121580,0.33270654130826166,0.2718543708741748,0.6812162432486497
121466,0.4223644728945789,0.20608121624324865,0.6967793558711742
141394,0.4388077615523105,0.08181636327265451,0.21304260852170434
113651,0.4683336667333467,0.3461092218443689,0.4180036007201441
125669,0.6981396279255851,0.1443088617723545,0.18387677535507102
123274,0.8206841368273654,0.9221844368873775,0.6850970194038808
105824,0.4450090018003601,0.8827765553110622,0.8037607521504301
143231,0.4689337867573515,0.43608721744348866,0.42880576115223046
118852,0.4276055211042209,0.15623124624924983,0.2883376675335067
126036,0.5807161432286457,0.4371674334866973,0.5011802360472094
141565,0.44096819363872775,0.36943388677735545,0.8078815763152631
102727,0.6578915783156631,0.7561912382476496,0.9775555111022205
101682,0.3730746149229846,0.09773954790958192,0.1551110222044409
122904,0.5008201640328066,0.38299659931986396,0.34074814962992594
119980,0.1821164232846569,0.09617923584716942,0.4727345469093819
107795,0.03100620124024805,0.15151030206041208,0.0960992198439688
105568,0.28145629125825167,0.900260052010402,0.6542508501700339
124749,0.6764552910582117,0.540748149629926,0.3171434286857372
130624,0.21228245649129826,0.25321064212842564,0.17915583116623324
103759,0.6824564912982596,0.22676535307061407,0.3510702140428085
122029,0.12358471694338866,0.02836567313462692,0.2861372274454891
105010,0.9477095419083816,0.6450090018003601,0.4208441688337668
135302,0.4569313862772555,0.546749349869974,0.42792558511702344
133352,0.5415083016603321,0.4051610322064413,0.579875975195039
116923,0.9375075015003,0.43176635327065416,0.60876175235047
141353,0.4379675935187038,0.24044808961792358,0.24836967393478698
147085,0.37427485497099416,0.19227845569113822,0.38031606321264255
133609,0.5140228045609121,0.7123424684936988,0.7482696539307861
140979,0.6447289457891578,0.6218443688737747,0.5583116623324665
129083,0.6857771554310862,0.8491298259651929,0.6620524104820964
144117,0.6327665533106622,0.5635527105421084,0.3938387677535507
110863,0.7187037407481496,0.7425485097019403,0.7117023404680936
149985,0.25993198639727944,0.3317863572714543,0.26593318663732746
101665,0.4256451290258052,0.30998199639927987,0.38759751950390076
134939,0.10958191638327663,0.880256051210242,0.11466293258651729
113897,0.9543108621724344,0.15807161432286457,0.18691738347669534
111814,0.9775155031006201,0.45425085017003397,0.27285457091418286
127937,0.565993198639728,0.09021804360872174,0.20504100820164034
149655,0.7317863572714544,0.8225245049009802,0.6672134426885378
147020,0.48785757151430287,0.6976995399079816,0.7340268053610722
145450,0.7127825565113022,0.5232646529305861,0.9484296859371875
138740,0.7499899979995999,0.375755151030206,0.3811162232446489
137852,0.6320464092818564,0.07677535507101421,0.16623324664932987
140839,0.8668533706741348,0.35955191038207646,0.18379675935187037
140022,0.8789357871574315,0.7419483896779355,0.6995399079815963
117438,0.7070214042808561,0.48461692338467693,0.9411882376475296
133361,0.2470494098819764,0.6128425685137027,0.468253650730146
107851,0.42280456091218244,0.3851170234046809,0.4437287457491499
144654,0.5051410282056411,0.7287857571514302,0.6257651530306062
109001,0.01880376075215043,0.22756551310262052,0.9017003400680137
113996,0.692378475695139,0.14722944588917783,0.2806561312262452
124635,0.36763352670534105,0.5359071814362872,0.9287457491498299
145816,0.5182236447289458,0.7362672534506902,0.7554310862172435
110899,0.9589117823564712,0.6140428085617124,0.9175835167033407
121202,0.8182036407281457,0.11206241248249649,0.15207041408281657
122377,0.07353470694138828,0.44228845769153835,0.19775955191038208
136751,0.5674334866973395,0.6464892978595719,0.8637327465493099
110041,0.6098819763952791,0.703380676135227,0.49985997199439886
102419,0.3887977595519104,0.05573114622924585,0.36811362272454495
148203,0.9040608121624325,0.9722744548909782,0.13946789357871572
118634,0.40124024804960995,0.31166233246649333,0.8408081616323265
148511,0.06749349869973993,0.4822164432886577,0.958111622324465
102937,0.2273254650930186,0.45569113822764556,0.27657531506301264
106599,0.9413082616523305,0.6343268653730746,0.6452090418083617
133890,0.64748949789958,0.3374274854970994,0.27949589917983597
130358,0.9273854770954191,0.8863372674534907,0.17907581516303261
109104,0.29245849169833965,0.6430486097219443,0.5997199439887978
110363,0.38483696739347867,0.8331666333266654,0.8034406881376275
129058,0.6751350270054011,0.9451890378075616,0.3167833566713343
120142,0.22196439287857572,0.42616523304660936,0.42080416083216643
148418,0.7007001400280056,0.506621324264853,0.4626525305061012
117561,0.18199639927985595,0.9212642528505701,0.0634526905381076
114901,0.6924984996999399,0.074374874974995,0.09741948389677936
117612,0.11602320464092816,0.7751150230046009,0.9387877575515103
103969,0.9543908781756352,0.8268053610722145,0.9601520304060812
147088,0.9663932786557312,0.5303460692138428,0.412122424484897
109172,0.822244448889778,0.4890178035607121,0.190878175635127
110459,0.44764952990598117,0.6494498899779957,0.5745949189837967
122825,0.727625525105021,0.5314262852570514,0.4074414882976595
105003,0.39615923184636925,0.7488297659531906,0.6955391078215643
139859,0.07461492298459692,0.06489297859571914,0.11658331666333267
136779,0.16347269453890778,0.867253450690138,0.5709141828365674
143221,0.8838567713542709,0.4744148829765953,0.9331066213242649
139172,0.08597719543908781,0.7535507101420285,0.9711542308461691
103683,0.10306061212242448,0.8586517303460692,0.058291658331666336
139282,0.3775955191038208,0.2818163632726545,0.5105821164232847
112416,0.560512102420484,0.7644328865773155,0.6046009201840368
101436,0.9521904380876175,0.39187837567513506,0.37711542308461693
143676,0.6855771154230845,0.32658531706341265,0.25013002600520107
147380,0.7611922384476896,0.3549509901980396,0.379115823164633
114301,0.4289657931586317,0.5106621324264853,0.31078215643128626
118274,0.285377075415083,0.4854170834166833,0.7412682536507302
120892,0.34682936587317464,0.3831966393278656,0.27369473894778956
101589,0.8698139627925586,0.6341268253650729,0.7007801560312062
143484,0.7860772154430886,0.9075415083016602,0.053850770154030794
106423,0.6649729945989198,0.698379675935187,0.5650330066013203
105833,0.8384476895379076,0.23984796959391874,0.11782356471294257
143708,0.9619123824764952,0.49325865173034605,0.34294858971794356
132527,0.11438287657531504,0.2974194838967793,0.13990798159631926
106031,0.11794358871774355,0.9470694138827765,0.7755151030206041
116839,0.7051010202040408,0.13346669333866773,0.1527905581116223
137577,0.710982196439288,0.6127225445089018,0.9180236047209442
124308,0.18623724744948988,0.3247849569913983,0.8272854570914183
116933,0.35243048609721944,0.15323064612922582,0.07405481096219244
134159,0.8921384276855371,0.4749349869973995,0.3912382476495299
120304,0.9964392878575714,0.16567313462692537,0.2226045209041808
119760,0.27629525905181035,0.09381876375275056,0.20448089617923582
118853,0.06889377875575114,0.9389877975595118,0.012282456491298258
125957,0.6466493298659732,0.7575515103020605,0.5440288057611522
102936,0.978115623124625,0.8245249049809962,0.7144628925785157
118993,0.3902780556111222,0.7744748949789959,0.6627325465093019
106203,0.380996199239848,0.45873174634926983,0.43520704140828165
140218,0.9109821964392879,0.2806561312262453,0.24128825765153028
134036,0.9924784956991398,0.5762752550510102,0.35915183036607323
120209,0.7259851970394079,0.0825365073014603,0.7862772554510903
103374,0.21000200040008,0.035327065413082614,0.06745349069813963
121547,0.7322664532906581,0.12278455691138226,0.771634326865373
125825,0.8765753150630127,0.682016403280656,0.8042808561712343
133560,0.40008001600320064,0.8718543708741748,0.7875175035007002
137708,0.7290658131626325,0.48353670734146836,0.7970794158831767
145848,0.5291458291658332,0.35523104620924184,0.42824564912982593
149519,0.9382676535307061,0.6122424484896979,0.5398279655931186
119372,0.18567713542708542,0.5738747749549911,0.899739947989598
139013,0.7854770954190838,0.7741148229645929,0.9269453890778157
136930,0.2132826565313063,0.9000600120024005,0.10574114822964593
103911,0.2966193238647729,0.5730346069213843,0.5673534706941388
137373,0.7755951190238047,0.7212242448489697,0.8429685937187438
134411,0.6107221444288857,0.3051410282056411,0.5969193838767753
100697,0.11526305261052211,0.03124624924984997,0.14986997399479896
130683,0.8126425285057012,0.9494298859771955,0.8078415683136628
144390,0.39955991198239654,0.44904980996199245,0.7348669733946789
101316,0.13246649329865973,0.15211042208441689,0.4190438087617524
140919,0.9662732546509301,0.8779755951190238,0.2324864972994599
120742,0.47225445089017803,0.1834366873374675,0.7590318063612722
116488,0.26969393878775755,0.06393278655731145,0.11222244448889779
125899,0.14410882176435286,0.3349869973994799,0.2299259851970394
110827,0.6529705941188236,0.44244848969793954,0.29609921984396875
121342,0.6084016803360672,0.43448689737947593,0.4002000400080016
129475,0.13002600520104018,0.918503700740148,0.06977395479095817
116697,0.9777955591118224,0.5011802360472095,0.5222644528905781
148939,0.43544708941788357,0.6558511702340468,0.6136827365473095
104648,0.45829165833166635,0.049209841968393675,0.13810762152430486
139386,0.1441488297659532,0.15195039007801558,0.8394478895779156
103935,0.20508101620324065,0.8838567713542709,0.020644128825765152
127775,0.7680336067213444,0.23992798559711942,0.7853570714142829
108279,0.4280056011202241,0.12018403680736148,0.4121624324864973
120941,0.31070214042808564,0.27261452290458094,0.22396479295859173
148523,0.12350470094018803,0.30474094818963793,0.8350870174034808
132111,0.321624324864973,0.19427885577115422,0.3575515103020604
107298,0.9527105421084217,0.5081416283256651,0.6824564912982596
148988,0.11374274854970993,0.849249849969994,0.6388077615523104
104795,0.7251850370074014,0.46077215443088615,0.41176235247049414
139639,0.4800560112022404,0.4580916183236648,0.5383476695339068
140845,0.2566113222644529,0.8853770754150829,0.03820764152830566
137453,0.48101620324064814,0.8447689537907581,0.8320864172834567
118910,0.558631726345269,0.17915583116623324,0.647129425885177
133120,0.8267253450690137,0.3585917183436687,0.5883576715343068
113118,0.09381876375275056,0.8420884176835368,0.06069213842768554
146172,0.4233246649329866,0.05737147429485897,0.07885577115423084
106942,0.8597719543908782,0.6396079215843169,0.5481496299259851
102045,0.33074614922984596,0.6026405281056212,0.5017803560712143
133040,0.6296859371874375,0.6685737147429487,0.6418083616723345
118258,0.12714542908581716,0.9239447889577916,0.010242048409681934
101227,0.5806361272254451,0.6236447289457892,0.5389877975595119
135789,0.2768953790758152,0.453250650130026,0.6081216243248649
132163,0.9573514702940588,0.7617123424684936,0.7165833166633326
144525,0.3469893978795759,0.5415483096619323,0.951630326065213
111271,0.46657331466293256,0.6262452490498099,0.482256451290258
120733,0.29377875575115026,0.3321064212842569,0.4417283456691338
137141,0.8856971394278856,0.7897979595919185,0.7295459091818364
100143,0.43932786557311465,0.7462292458491697,0.6418483696739348
140790,0.7315863172634527,0.6619323864772955,0.4616523304660932
143373,0.4226045209041808,0.8443288657731547,0.1459491898379676
132680,0.919743948789758,0.7466693338667734,0.5590318063612723
120682,0.8400480096019204,0.06757351470294058,0.14506901380276055
114059,0.9706341268253651,0.6048409681936386,0.881616323264653
112851,0.024764952990598114,0.7840768153630726,0.04352870574114823
116447,0.17899579915983194,0.4916183236647329,0.3671134226845369
123572,0.9303060612122425,0.6008401680336067,0.44204840968193637
111106,0.10914182836567313,0.8724144828965793,0.1463492698539708
101094,0.6053610722144428,0.7334666933386678,0.977875575115023
109374,0.3650730146029206,0.3987197439487898,0.5021004200840168
120982,0.602880576115223,0.7863972794558912,0.7071414282856571
114688,0.9319063812762552,0.4280456091218244,0.48845769153830765
133919,0.9461492298459693,0.04084816963392678,0.08837767553510702
110166,0.150750150030006,0.5406681336267254,0.9823164632926584
126675,0.04388877775555111,0.16079215843168634,0.3168633726745349
115859,0.49249849969994,0.049689937987597514,0.14630926185237048
117297,0.9251050210042008,0.5474694938987797,0.4044808961792359
138156,0.7379475895179035,0.9665933186637328,0.1224244848969794
136289,0.5813162632526505,0.536627325465093,0.6406881376275255
104294,0.1936387277455491,0.881376275255051,0.06453290658131625
117337,0.1895979195839168,0.08901780356071215,0.11738347669533905
111339,0.21000200040008002,0.08613722744548909,0.08905781156231246
145074,0.9925985197039409,0.4449289857971594,0.3617123424684937
110453,0.11222244448889776,0.7367873574714943,0.9725945189037808
146821,0.8357271454290859,0.35599119823964787,0.840128025605121
139660,0.2255651130226045,0.6959791958391678,0.5239047809561912
128004,0.38339667933586724,0.7848369673934787,0.5782356471294259
136395,0.6850970194038807,0.16071214242848567,0.20056011202240442
100735,0.9554710942188438,0.3273054610922185,0.1511502300460092
125314,0.28185637127425484,0.42544508901780353,0.2557711542308462
113279,0.9087417483496699,0.5601120224044809,0.8053210642128426
142849,0.6992198439687937,0.7773554710942188,0.9683936787357472
147466,0.45253050610122025,0.5114622924584917,0.7020204040808161
125262,0.5902780556111222,0.3803960792158432,0.4035607121424285
113571,0.050210042008401665,0.8444088817763553,0.05797159431886376
134821,0.036847369473894775,0.993878775755151,0.40420084016803365
113698,0.13826765353070614,0.7677535507101421,0.9844768953790758
141230,0.6254450890178035,0.5401080216043208,0.8627725545109022
142163,0.8753750750150031,0.9378675735147028,0.1932386477295459
149886,0.9871174234846969,0.5735547109421885,0.4298459691938387
116543,0.12282456491298259,0.18787757551510303,0.1660732146429286
130387,0.4064412882576515,0.40480096019203843,0.8947789557911582
105667,0.5229845969193839,0.5188637727545509,0.8946589317863572
142190,0.2035607121424285,0.5957591518303661,0.8789757951590318
120654,0.921504300860172,0.7847569513902781,0.6626925385077015
140668,0.11830366073214643,0.028005601120224044,0.5247049409881976
148299,0.5367073414682937,0.9131026205241048,0.6392078415683137
108261,0.08881776355271054,0.877255451090218,0.1830366073214643
109857,0.6038407681536307,0.6916583316663333,0.6157231446289257
118594,0.3014602920584116,0.6257251450290058,0.9264252850570115
112978,0.7131026205241048,0.6158031606321264,0.4430486097219444
142705,0.13982796559311864,0.43772754550910187,0.322744548909782
133118,0.47169433886777357,0.8781756351270253,0.7977195439087819
109472,0.7439087817563513,0.8665733146629326,0.6667333466693338
102973,0.5793558711742348,0.6429685937187438,0.630886177235447
100347,0.38207641528305664,0.32346469293858765,0.6432086417283456
141280,0.7349069813962792,0.45125025005001,0.9795559111822365
145672,0.21464292858571715,0.31646329265853174,0.6164032806561313
143565,0.5789557911582316,0.6629725945189038,0.5831966393278656
145584,0.06085217043408681,0.7342268453690739,0.9561912382476495
132839,0.48573714742948587,0.2341668333666733,0.21980396079215844
110180,0.5101820364072814,0.3091418283656731,0.413002600520104
146749,0.3612722544508902,0.33034606921384274,0.19823964792958593
147967,0.6840568113622725,0.2506501300260052,0.4530906181236247
122569,0.23052610522104422,0.8892578515703141,0.7266653330666133
116411,0.2682936587317463,0.41148229645929185,0.8395279055811162
118108,0.8845769153830766,0.701500300060012,0.4068013602720544
123176,0.009561912382476494,0.8134026805361072,0.9994798959791958
141340,0.5594318863772755,0.7247849569913982,0.5722744548909782
114853,0.9466293258651731,0.9092218443688739,0.1509501900380076
131639,0.8751350270054011,0.6296059211842369,0.4741348269653931
100962,0.8460892178435687,0.21608321664332863,0.2589717943588718
122263,0.33286657331466296,0.16219243848769752,0.2875775155031006
110494,0.6492898579715943,0.41448289657931586,0.37807561512302457
140427,0.8615723144628926,0.4015203040608122,0.836607321464293
100921,0.8734546909381876,0.6911782356471294,0.6105621124224846
127033,0.5369873974794959,0.8055211042208441,0.6814562912582517
148327,0.37235447089417884,0.7561912382476494,0.8993398679735947
133268,0.05697139427885578,0.43320664132826564,0.5004200840168034
141398,0.24252850570114023,0.6404880976195239,0.4779355871174235
148968,0.8271254250850171,0.7175435087017403,0.7263452690538108
138312,0.31146229245849166,0.5830366073214643,0.9324664932986597
111243,0.7633526705341068,0.20720144028805762,0.2852170434086817
109149,0.2637727545509102,0.8134826965393078,0.7535507101420283
140756,0.9580316063212643,0.6737347469493898,0.8432486497299461
112004,0.417123424684937,0.1609521904380876,0.19435887177435485
108985,0.41364272854570916,0.8562912582516504,0.8904580916183237
137650,0.7080216043208641,0.6625325065013004,0.917383476695339
102714,0.6173634726945388,0.27937587517503504,0.41428285657131425
149384,0.1760352070414083,0.24076815363072612,0.5666733346669334
142493,0.7813562712542508,0.7221844368873775,0.8836967393478696
133913,0.9254250850170034,0.5065413082616523,0.35603120624124823
130535,0.6843768753750751,0.5415883176635327,0.7457891578315664
147898,0.18211642328465688,0.719623924784957,0.34858971794358873
135755,0.6858571714342869,0.6597319463892779,0.8890178035607121
101940,0.5611522304460892,0.4995399079815963,0.46237247449489893
113487,0.7163032606521303,0.49357871574314865,0.49849969993998805
124552,0.35191038207641534,0.01812362472494499,0.14506901380276055
109040,0.3007401480296059,0.397999599919984,0.45701140228045606
147053,0.9027805561112222,0.09249849969993998,0.40200040008001603
121138,0.20372074414882974,0.25565113022604524,0.5303860772154431
141131,0.8527705541108223,0.5114222844568913,0.7056611322264453
115603,0.4308861772354471,0.4788157631526305,0.5000600120024005
119479,0.5041808361672334,0.038087617523504695,0.09129825965193039
130271,0.4012402480496099,0.9731546309261851,0.7534306861372275
115628,0.8840168033606721,0.6922984596919384,0.5640328065613123
124843,0.3234646929385877,0.3565513102620524,0.48357671534306856
103726,0.47917583516703344,0.7066613322664532,0.4183636727345469
146954,0.03360672134426885,0.6218443688737747,0.9723144628925785
105905,0.14110822164432887,0.30550110022004395,0.24284856971394278
128391,0.113502700540108,0.6458491698339667,0.44988997799559916
145974,0.09917983596719343,0.29825965193038606,0.6545309061812362
126222,0.2324864972994599,0.39871974394878973,0.8478495699139829
125972,0.22300460092018404,0.5039807961592319,0.49205841168233644
118135,0.44340868173634723,0.6102420484096819,0.8994598919783956
120549,0.5799159831966393,0.41824364872974595,0.5164232846569313
138623,0.4270454090818163,0.44132826565313066,0.8147629525905181
111790,0.23616723344668933,0.3545509101820364,0.3285457091418284
133615,0.45053010602120425,0.325505101020204,0.2548909781956391
115882,0.24512902580516105,0.7764352870574115,0.9414282856571314
102469,0.14790958191638326,0.3610322064412882,0.8275655131026205
142986,0.3680336067213442,0.36083216643328664,0.6806561312262454
124271,0.5685537107421484,0.56875375075015,0.9015403080616123
124029,0.15471094218843767,0.6274054810962193,0.782996599319864
106733,0.23276655331066215,0.6216443288657731,0.46733346669333864
141243,0.34838967793558717,0.32850570114022803,0.7931586317263453
134350,0.951750350070014,0.5447889577915583,0.27933586717343467
145372,0.28381676335267053,0.3461492298459692,0.2835367073414683
147753,0.7156631326265253,0.7811962392478496,0.7172634526905382
140093,0.7373474694938987,0.4855771154230846,0.8218843768753752
138013,0.16287257451490297,0.44408881776355275,0.3721544308861772
122829,0.08257651530306061,0.2647329465893179,0.7421084216843369
116395,0.0654130826165233,0.5482696539307862,0.4375675135027005
117343,0.05277055411082216,0.8448089617923584,0.20428085617123423
120911,0.35839167833566715,0.32882576515303064,0.7926385277055411
107585,0.8818163632726546,0.9962792558511703,0.7313062612522504
105974,0.9531506301260252,0.6587717543508702,0.5680336067213443
133692,0.8494498899779956,0.2262052410482096,0.24356871374274858
114882,0.1655531106221244,0.8518903780756151,0.1294258851770354
112478,0.5975995199039807,0.6379275855171034,0.69373874774955
146023,0.7729145829165833,0.633886777355471,0.43856771354270857
136023,0.6198039607921585,0.6562112422484497,0.8909781956391278
146544,0.5781956391278256,0.8392478495699139,0.749229845969194
122749,0.41084216843368676,0.8299259851970395,0.9070214042808562
146653,0.8224044808961792,0.27749549909981996,0.5131426285257051
145042,0.5357871574314863,0.30490098019603923,0.8286057211442289
125291,0.5354670934186838,0.8645329065813163,0.7397879575915183
107508,0.6831766353270654,0.5727945589117823,0.40112022404480896
118808,0.4155231046209241,0.5561912382476496,0.47333466693338666
143118,0.7250250050010002,0.3302660532106422,0.9195439087817563
145541,0.947629525905181,0.7745549109821963,0.7558711742348471
147685,0.9043008601720344,0.07737547509501899,0.17715543108621726
104894,0.10790158031606323,0.23964792958591719,0.222124424884977
126763,0.5091418283656731,0.6294458891778355,0.6836967393478696
124239,0.19575915183036605,0.25337067413482695,0.19499899979996
126244,0.5893578715743149,0.6835367073414683,0.782756551310262
121659,0.8197239447889578,0.13342668533706742,0.11134226845369072
132578,0.14550910182036406,0.916383276655331,0.9969593918783757
121061,0.9509101820364073,0.7444288857771555,0.7405881176235247
125820,0.7301860372074416,0.9086617323464693,0.5514702940588119
127261,0.12858571714342867,0.8476895379075816,0.011482296459291857
111837,0.7042208441688337,0.39583916783356665,0.392238447689538
142613,0.1651130226045209,0.3762352470494098,0.17915583116623324
124287,0.7951990398079616,0.32194438887777554,0.5492298459691939
112957,0.09593918783756751,0.057251450290058015,0.20188037607521503
111854,0.8072414482896579,0.9493898779755952,0.07733546709341867
128227,0.42840568113622723,0.1318263652730546,0.4760552110422084
107413,0.5224644928985798,0.17779555911182238,0.8623324664932986
144112,0.14210842168433685,0.9551910382076415,0.0032006401280256047
115928,0.9184236847369474,0.6181636327265453,0.63500700140028
112932,0.542748549709942,0.5264652930586118,0.49597919583916783
121924,0.3140628125625125,0.07789557911582315,0.0420884176835367
135648,0.38719743948789753,0.8816163232646529,0.653610722144429
108330,0.7509101820364072,0.4012402480496099,0.18911782356471296
103138,0.12934586917383475,0.8502100420084017,0.0412882576515303
107058,0.5663132626525306,0.7304260852170434,0.8694538907781556
132923,0.39663932786557315,0.21704340868173636,0.9145829165833167
110855,0.4870574114822965,0.3966793358671734,0.5582316463292658
140890,0.8545309061812362,0.5482696539307862,0.5330666133226645
145588,0.735747149429886,0.4108021604320864,0.445129025805161
147827,0.02092418483696739,0.7249049809961993,0.9940788157631526
102480,0.9953190638127625,0.38119623924784957,0.2923384676935387
125160,0.15351070214042806,0.09797959591918383,0.0799759951990398
106211,0.3175435087017403,0.2871774354870974,0.8333266653330667
103109,0.5192638527705541,0.5928385677135427,0.6098019603920785
127596,0.8535307061412282,0.7734346869373875,0.7419883976795358
139790,0.8036007201440288,0.16991398279655928,0.24768953790758153
122575,0.1009001800360072,0.2470894178835767,0.27845569113822766
116920,0.7683136627325465,0.07721544308861772,0.18239647929585917
145674,0.7910782156431286,0.7503100620124025,0.5523504700940188
140809,0.11510302060412081,0.9463092618523705,0.038527705541108216
104903,0.9297859571914383,0.945629125825165,0.17147429485897178
144967,0.502740548109622,0.3793958791758352,0.37007401480296065
114071,0.3031006201240248,0.5346669333866774,0.5886777355471094
149504,0.25565113022604524,0.22492498499699937,0.5248249649929986
102426,0.7754750950190037,0.82248449689938,0.9260252050410083
114004,0.8254850970194039,0.5607921584316864,0.7048209641928386
136056,0.8754550910182037,0.36799359871974396,0.6359671934386877
115837,0.25037007401480293,0.1070614122824565,0.3976795359071814
113728,0.47753550710142023,0.7625125025005002,0.7429885977195438
135342,0.10390078015603121,0.3925985197039408,0.6874174834966993
148354,0.905621124224845,0.6069213842768553,0.614122824564913
100030,0.07589517903580717,0.11330266053210643,0.2660532106421284
120775,0.42604520904180837,0.18219643928785756,0.3105421084216843
111882,0.27649529905981196,0.6473294658931786,0.8948989797959591
117633,0.3354270854170834,0.5380676135227045,0.36139227845569105
125457,0.6719343868773755,0.3482696539307861,0.32486497299459893
100379,0.6506901380276056,0.9738747749549911,0.1254650930186037
114475,0.9723944788957792,0.9537907581516304,0.7713542708541709
144604,0.8628125625125025,0.3713142628525706,0.5518303660732146
140262,0.26001200240048006,0.26885377075415084,0.5571914382876575
149637,0.24896979395879176,0.6013602720544109,0.5990798159631926
140656,0.09717943588717741,0.7996799359871974,0.9697939587917583
131036,0.2516103220644129,0.7417883576715343,0.9438287657531506
112950,0.4168433686737347,0.2861772354470894,0.1673534706941388
114373,0.5316663332666534,0.2926985397079416,0.8755351070214044
129848,0.9139027805561113,0.9208241648329666,0.1017003400680136
133656,0.8535707141428286,0.5312262452490498,0.665373074614923
148559,0.314382876575315,0.40568113622724544,0.8387277455491098
114368,0.592638527705541,0.8716943388677736,0.8373674734946989
115796,0.47325465093018604,0.6132426485297059,0.8628125625125025
106299,0.2758151630326065,0.1341468293658732,0.20752150430086017
120859,0.4922584516903381,0.010682136427285455,0.05705141028205641
129582,0.24216843368673735,0.8389677935587119,0.15195039007801558
122080,0.698379675935187,0.0867773554710942,0.3795559111822364
136451,0.12434486897379476,0.20272054410882176,0.21600320064012804
105917,0.879135827165433,0.3103420684136827,0.30390078015603117
133878,0.20164032806561316,0.10826165233046608,0.38271654330866167
141474,0.7560712142428486,0.42248449689937984,0.9603520704140828
132076,0.6981796359271853,0.11762352470494096,0.0910982196439288
148547,0.6862172434486897,0.15659131826365275,0.7660732146429285
105918,0.8026805361072215,0.4531706341268254,0.3595119023804761
112912,0.9807561512302461,0.33554710942188437,0.24680936187237446
129125,0.9979195839167834,0.13230646129225843,0.16839367873574715
138428,0.9019803960792159,0.9057011402280457,0.776995399079816
118290,0.49509901980396076,0.214122824564913,0.8226045209041808
122166,0.8717343468693739,0.4090818163632726,0.20192038407681534
114769,0.45585117023404687,0.28525705141028207,0.337867573514703
103799,0.8136027205441089,0.7807561512302461,0.9369073814762953
121725,0.7419083816763353,0.37935587117423486,0.26569313862772553
149651,0.4637327465493099,0.2468493698739748,0.47133426685337065
115932,0.5401080216043209,0.09565913182636526,0.24912982596519298
135430,0.8690538107621524,0.37475495099019807,0.6172834566913382
144010,0.6826965393078617,0.8243248649729946,0.8016803360672135
146282,0.2199639927985597,0.6549709941988398,0.49637927585517105
129925,0.9455891178235647,0.8025205041008202,0.6414082816563313
140893,0.29277855571114225,0.32610522104420886,0.3491498299659932
110003,0.10806161232246449,0.8928185637127426,0.6862972594518905
125680,0.21972394478895782,0.68249649929986,0.5987597519503901
124746,0.24736947389477895,0.9195439087817563,0.7390678135627125
141611,0.5591118223644729,0.2014002800560112,0.6306061212242449
120217,0.37327465493098616,0.11774354870974194,0.1549509901980396
104321,0.8846569313862772,0.6305661132226444,0.6022804560912183
119653,0.38915783156631323,0.7684336867373474,0.6484496899379876
134667,0.6980596119223845,0.7503100620124025,0.7022204440888177
146497,0.6796559311862371,0.644488897779556,0.41916383276655333
139589,0.18583716743348672,0.5430286057211442,0.6313262652530506
120450,0.5366273254650931,0.594118823764753,0.9725145029005801
127240,0.8628525705141028,0.9041408281656331,0.7560312062412482
136052,0.15207041408281657,0.5893178635727145,0.4236447289457891
108460,0.03024604920984196,0.6096019203840768,0.8577315463092618
126491,0.23640728145629125,0.67249449889978,0.6768953790758152
134769,0.3762352470494098,0.5575115023004601,0.6093218643728746
123295,0.3224244848969794,0.09417883576715343,0.18979795959191836
125831,0.4389277855571114,0.42388477695539106,0.28665733146629324
104318,0.7224644928985796,0.5634726945389078,0.7997599519903982
125787,0.12738547709541906,0.8416483296659332,0.7403480696139227
143224,0.5486297259451891,0.7035807161432286,0.6462892578515703
136815,0.5447889577915582,0.3530706141228246,0.45353070614122826
110907,0.24144828965793158,0.16839367873574715,0.4547309461892379
129635,0.14250850170034005,0.495619123824765,0.8185637127425486
136084,0.6225645129025805,0.5585117023404681,0.8295659131826365
136963,0.33166633326665335,0.8725345069013802,0.4318463692738548
126026,0.14718943788757752,0.26817363472694533,0.6538907781556311
106944,0.7762352470494098,0.646009201840368,0.3313462692538508
103941,0.2532906581316263,0.9485897179435887,0.09369873974794958
100496,0.392758551710342,0.7031006201240247,0.8044008801760353
149096,0.21524304860972193,0.8799759951990398,0.07773554710942188
128530,0.749749949989998,0.28789757951590317,0.5661932386477295
134461,0.7396679335867173,0.0689737947589518,0.1260252050410082
106803,0.8098419683936788,0.10754150830166032,0.14542908581716346
116229,0.6526505301060211,0.8946189237847569,0.7241448289657932
120034,0.2857771554310862,0.010202040408081616,0.21728345669133825
106040,0.6343268653730746,0.8526105221044209,0.0036007201440288053
136088,0.2851370274054811,0.6979795959191839,0.7097019403880777
142127,0.8658131626325265,0.6304860972194439,0.9188637727545509
118251,0.09453890778155633,0.16355271054210843,0.0899379875975195
148326,0.1752750550110022,0.5603920784156831,0.4139227845569114
125286,0.8969793958791759,0.05253050610122023,0.4130426085217044
144643,0.15423084616923383,0.04924984996999399,0.12034406881376274
143991,0.4922184436887377,0.39883976795359066,0.4024404880976195
122335,0.25541108221644326,0.6364072814562912,0.7224644928985797
100472,0.20848169633926786,0.9636327265453091,0.2644128825765153
108289,0.14406881376275255,0.488377675535107,0.8510102020404081
133962,0.32210442088417685,0.442368473694739,0.24856971394278854
135539,0.13014602920584117,0.33846769353870776,0.8108421684336868
113041,0.5582716543308662,0.7006601320264053,0.4729345869173835
102303,0.08989797959591918,0.24840968193638724,0.2374074814962992
100147,0.21628325665133027,0.1926785357071414,0.0799759951990398
145179,0.6656131226245249,0.7172634526905382,0.5499499899979996
107775,0.5931586317263453,0.6990598119623925,0.6520904180836167
126981,0.38759751950390076,0.5053010602120425,0.6127225445089018
141639,0.3529905981196239,0.16363272654530903,0.7789557911582317
139182,0.33986797359471893,0.6605321064212842,0.6933386677335467
102995,0.7957191438287657,0.8021604320864173,0.7883176635327065
104270,0.38779755951190237,0.468493698739748,0.23696739347869578
114415,0.8862172434486898,0.7737147429485898,0.5724744948989797
116462,0.1474294858971794,0.6894578915783156,0.8540908181636326
122768,0.4825765153030606,0.6058411682336466,0.8811362272454492
120080,0.36463292658531704,0.5862372474494899,0.8161632326465292
117086,0.14326865373074615,0.5633126625325066,0.917623524704941
120783,0.8578115623124626,0.4357671534306861,0.5292258451690338
133101,0.6768553710742149,0.4240848169633926,0.3325865173034607
136501,0.2063612722544509,0.8662132426485297,0.6749749949989997
126081,0.24284856971394284,0.7443888777755552,0.5227845569113823
116632,0.41628325665133026,0.5312262452490497,0.5779555911182237
124090,0.49153830766153234,0.16887377475495097,0.5447889577915583
104467,0.42088417683536716,0.8107221444288858,0.7075415083016603
109066,0.5435887177435487,0.232246449289858,0.38391678335667134
123958,0.7134626925385078,0.7457491498299661,0.9686337267453491
130669,0.052970594118823766,0.6011602320464093,0.886377275455091
106992,0.729625925185037,0.19591918383676735,0.3342268453690738
145889,0.7906381276255251,0.4241648329665933,0.8126825365073015
110613,0.7945989197839568,0.3167433486697339,0.7715543108621725
126233,0.22288457691538308,0.5009801960392077,0.3604720944188838
132343,0.4007601520304061,0.6612122424484898,0.47753550710142023
140864,0.08389677935587118,0.4478095619123824,0.9517903580716144
131910,0.18523704740948188,0.6334066813362672,0.6763352670534106
127096,0.6686937387477495,0.15927185437087418,0.23104620924184835
120669,0.742748549709942,0.30462092418483694,0.3330666133226645
100244,0.5102620524104821,0.29909981996399276,0.42864572914582916
145722,0.6288457691538308,0.5129825965193038,0.543868773754751
136716,0.7766353270654132,0.4056011202240448,0.25053010602120424
131866,0.31138227645529104,0.2521304260852171,0.5030206041208242
143352,0.08329665933186638,0.2663332666533306,0.8335267053410683
120371,0.6124424884976996,0.38923784756951396,0.4858171634326866
121687,0.7846369273854771,0.4103620724144829,0.3261452290458092
111858,0.7545509101820363,0.03136627325465093,0.11902380476095219
100718,0.5512302460492098,0.33046609321864373,0.8490898179635928
142270,0.5093018603720745,0.10322064412882576,0.13158631726345268
131410,0.7475495099019804,0.4742148429685937,0.9723944788957791
111992,0.12358471694338867,0.8236047209441889,0.01756351270254051
129703,0.24760952190438085,0.6808961792358471,0.9189037807561512
120585,0.3429485897179436,0.2508501700340068,0.2434886977395479
142480,0.46761352270454093,0.4664132826565313,0.44860972194438886
131847,0.8134426885377075,0.7363872774554912,0.6968593718743749
113607,0.7663932786557311,0.5283856771354271,0.5355471094218843
126771,0.7472294458891777,0.7782756551310261,0.8642128425685137
138214,0.8646129225845169,0.03604720944188837,0.3005801160232046
126680,0.40392078415683136,0.12962592518503702,0.734106821364273
123424,0.16511302260452088,0.8796959391878376,0.740748149629926
133575,0.106501300260052,0.35851170234046814,0.8360472094418884
116254,0.2624924984996999,0.9552310462092419,0.08121624324864973
141890,0.975875175035007,0.5865173034606921,0.4234446889377876
143222,0.7519103820764154,0.4146829365873175,0.3767953590718144
120725,0.08541708341668333,0.3454290858171634,0.8300460092018404
117503,0.5107421484296859,0.43152630526105223,0.6012802560512102
142135,0.17019403880776157,0.9825965193038608,0.7279055811162233
126255,0.07385477095419082,0.766873374674935,0.9645129025805161
118730,0.23812762552510502,0.5962392478495699,0.5351470294058812
112639,0.17483496699339868,0.5518303660732147,0.9240648129625926
119264,0.8287657531506302,0.24052810562112423,0.3762752550510102
102518,0.462372474494899,0.3278255651130226,0.841368273654731
108010,0.4508101620324064,0.13074614922984595,0.8270854170834167
130099,0.5367873574714943,0.6468093618723745,0.689257851570314
112183,0.7375875175035007,0.45629125825165034,0.44312862572514505
115897,0.684256851370274,0.4578515703140629,0.3397079415883177
148068,0.5757951590318064,0.46605321064212846,0.5009401880376075
116651,0.11658331666333266,0.3309461892378476,0.8714542908581716
114624,0.7293858771754351,0.20220044008801763,0.31798359671934384
135396,0.24700940188037607,0.38939787957591515,0.2548109621924385
138263,0.9023004600920184,0.8658131626325265,0.025485097019403883
143505,0.5588717743548709,0.3382276455291058,0.4810962192438487
118489,0.3715943188637728,0.007001400280056012,0.2510902180436087
145801,0.011842368473694737,0.7799159831966394,0.9586717343468694
116525,0.4138427685537107,0.5683936787357471,0.5550710142028406
118955,0.6111622324464894,0.4230446089217844,0.9472694538907782
139784,0.7408281656331266,0.7702340468093619,0.9195439087817564
108712,0.6296059211842369,0.43992798559711943,0.9230646129225846
123175,0.7595119023804761,0.9005801160232048,0.05177035407081416
107952,0.4155631126225245,0.29837967593518705,0.4538507701540308
127389,0.5083016603320665,0.4274854970994199,0.7249049809961992
117792,0.7190238047609522,0.14542908581716343,0.42744548909781954
144821,0.0992998599719944,0.05217043408681736,0.8033606721344269
103196,0.9507901580316063,0.6065613122624525,0.24880976195239046
103384,0.14894978995799157,0.7504700940188037,0.9563112622524504
140369,0.6844568913782757,0.6660532106421284,0.6703340668133627
105046,0.13434686937387477,0.7743948789757953,0.7549909981996399
125617,0.2545709141828366,0.2999799959991999,0.36375275055011
138591,0.04768953790758151,0.9788357671534307,0.42964592918583716
145654,0.08365673134626925,0.7264652930586117,0.9881576315263053
101112,0.25749149829965995,0.1637127425485097,0.20472094418883777
126654,0.4053610722144429,0.5914782956591318,0.4232446489297859
113867,0.8407681536307261,0.9363072614522904,0.11514302860572113
108219,0.9663532706541308,0.7630326065213042,0.6686937387477496
125574,0.7678735747149429,0.015763152630526106,0.08853770754150829
140684,0.5039007801560312,0.5566313262652531,0.45441088217643527
111258,0.6519303860772154,0.21484296859371874,0.8337667533506702
126565,0.9152230446089218,0.7251450290058011,0.7201440288057612
132102,0.9136227245449089,0.19399879975995196,0.16855371074214842
123251,0.06945389077815563,0.4731346269253851,0.45581116223244655
136145,0.6457291458291659,0.20212042408481695,0.319743948789758
108675,0.9186637327465493,0.9960392078415683,0.6631726345269053
112879,0.8609721944388878,0.4081616323264653,0.5884776955391078
111277,0.8168433686737347,0.3884776955391078,0.551870374074815
114172,0.5458291658331667,0.8794558911782355,0.6339667933586718
136383,0.7559511902380477,0.4895379075815163,0.33294658931786353
137974,0.09605921184236847,0.8769353870774155,0.6351670334066812
135819,0.27369473894778956,0.462252450490098,0.6046009201840369
120658,0.3349469893978796,0.07833566713342667,0.6716543308661732
101445,0.26837367473494694,0.8339267853570714,0.6773754750950189
147776,0.720504100820164,0.09481896379275853,0.18875775155031008
112210,0.0748149629925985,0.7022604520904181,0.92626525305061
130562,0.48493698739747954,0.5051810362072414,0.4899779955991198
123421,0.7414682936587318,0.2182036407281456,0.27125425085017
147002,0.6937787557511503,0.6531706341268253,0.9021004200840168
101179,0.36559311862372473,0.9362672534506902,0.05073014602920584
131028,0.11442288457691538,0.6735747149429885,0.9876775355071015
125647,0.42928585717143425,0.11306261252250449,0.3186637327465493
102753,0.9548709741948389,0.8038407681536307,0.7505501100220044
106658,0.9526705341068213,0.665253050610122,0.7291058211642328
146937,0.6934986997399479,0.06993398679735947,0.13634726945389078
146701,0.279375875175035,0.22904580916183237,0.8748949789957992
118187,0.45469093818763756,0.9473894778955791,0.08281656331266252
124893,0.37075415083016605,0.7677935587117424,0.670494098819764
114411,0.5531906381276256,0.1663532706541308,0.2777755551110222
106347,0.7390278055611122,0.9141428285657132,0.07421484296859371
141627,0.3956391278255651,0.22684536907381478,0.3625125025005001
127298,0.06773354670934187,0.15343068613722743,0.3629525905181036
128223,0.8610522104420885,0.3142228445689138,0.40320064012802564
100051,0.2709341868373675,0.1306661332266453,0.24776955391078215
131599,0.257251450290058,0.04616923384676935,0.17683536707341468
141644,0.46029205841168236,0.20812162432486497,0.33382676535307054
124940,0.8318863772754551,0.9088217643528705,0.04064812962592518
139356,0.9082616523304661,0.9566713342668535,0.2574514902980596
133033,0.041848369673934786,0.07641528305661131,0.11338267653530705
141218,0.9774754950990199,0.5531106221244249,0.6714142828565713
127307,0.9250650130026006,0.5359071814362873,0.6694538907781555
109542,0.7747949589917984,0.3807161432286457,0.8555711142228446
131247,0.8905381076215243,0.5612722544508901,0.6763352670534106
147034,0.5418283656731346,0.24452890578115621,0.1806361272254451
120234,0.43204640928185634,0.4972994598919784,0.6496899379875976
101120,0.4316863372674535,0.22988597719543907,0.3083416683336667
113727,0.8414882976595319,0.4538907781556311,0.6885377075415083
104187,0.5261852370474095,0.3195839167833566,0.8826965393078616
104249,0.4064412882576515,0.032446489297859565,0.2836167233446689
148656,0.12610522104420885,0.3232246449289858,0.8760952190438087
132987,0.5429085817163433,0.4834166833366673,0.43904780956191236
126455,0.5354670934186837,0.7274254850970194,0.5414282856571314
149360,0.4064012802560512,0.9835967193438687,0.13166633326665333
106504,0.8099619923984798,0.28525705141028207,0.08013602720544108
126487,0.4750550110022004,0.1786757351470294,0.29069813962792557
148927,0.6718143628725745,0.14834966993398677,0.35127025405081014
146108,0.9986397279455891,0.10186037207441487,0.07089417883576715
119937,0.6331666333266653,0.7947989597919585,0.9263052610522104
137761,0.5976395279055811,0.523624724944989,0.7491098219643929
121996,0.9408281656331267,0.1780356071214243,0.1435487097419484
147859,0.7409481896379275,0.22948589717943588,0.43240648129625925
100378,0.1549509901980396,0.2521704340868174,0.25257051410282055
131089,0.43604720944188835,0.4447689537907581,0.37995599119823964
119236,0.8108421684336868,0.6759351870374075,0.6946589317863572
111767,0.486617323464693,0.1463492698539708,0.23308661732346464
139021,0.43616723344668934,0.4993398679735947,0.9070614122824565
102516,0.47149429885977195,0.7299059811962392,0.741868373674735
148887,0.4216043208641728,0.444248849769954,0.39479895979195834
120194,0.19231846369273856,0.625245049009802,0.3194238847769554
148296,0.6825765153030606,0.8049609921984398,0.6857371474294859
103789,0.30394078815763154,0.5697139427885577,0.936627325465093
106998,0.38835767153430684,0.5069413882776556,0.3725945189037807
122718,0.14266853370674135,0.618363672734547,0.7767953590718144
134594,0.6115223044608922,0.5604320864172835,0.409241848369674
117683,0.12194438887777555,0.2358871774354871,0.18999799959991998
148027,0.21124224844968995,0.30882176435287056,0.7072214442888578
137847,0.9820364072814562,0.6235647129425885,0.49165833166633327
125385,0.9732346469293859,0.2956591318263653,0.24700940188037607
129876,0.858491698339668,0.8568513702740549,0.08981796359271853
118032,0.004480896179235847,0.7248649729945988,0.9543508701740349
116231,0.7485497099419884,0.5455891178235648,0.4550110022004401
115163,0.8044008801760353,0.3423084616923384,0.27549509901980396
112113,0.8548909781956391,0.20292058411682334,0.27249449889978
123219,0.21032206441288256,0.36999399879975997,0.8273254650930186
134281,0.43928785757151434,0.017523504700940183,0.054410882176435284
126411,0.9875975195039008,0.9151830366073215,0.11542308461692338
124423,0.4632126425285057,0.9813162632526505,0.09881976395279055
134388,0.7647929585917184,0.5268253650730146,0.2958191638327665
115303,0.41312262452490495,0.7135827165433087,0.9459491898379676
147952,0.9681136227245449,0.39743948789757955,0.40056011202240455
141734,0.8079215843168633,0.9337067413482697,0.12770554110822163
125596,0.6279655931186237,0.02028405681136227,0.13290658131626326
149490,0.07521504300860171,0.8757351470294059,0.9806761352270454
123044,0.8260852170434088,0.5488297659531907,0.9303860772154431
108383,0.6946589317863573,0.4741348269653931,0.5761152230446089
124839,0.4174034806961392,0.33974794958991794,0.20492098419683935
147863,0.39279855971194233,0.47657531506301265,0.8521704340868174
115087,0.9763552710542108,0.6643328665733147,0.7837967593518704
120040,0.8670134026805361,0.28301660332066414,0.9232246449289858
103285,0.4254850970194039,0.3185837167433487,0.8885777155431086
105825,0.8805361072214443,0.5599519903980796,0.6664532906581316
116876,0.4119623924784957,0.33354670934186836,0.5180236047209441
106071,0.409001800360072,0.6750150030006001,0.9524704940988198
146471,0.895739147829566,0.9266653330666134,0.015243048609721943
125663,0.881616323264653,0.5670334066813363,0.6478495699139828
130012,0.3721144228845769,0.4165233046609322,0.5813562712542508
142189,0.35991198239647926,0.935867173434687,0.08553710742148429
145791,0.9109421884376876,0.4324864972994599,0.3103820764152831
100113,0.6414082816563312,0.2031606321264253,0.37107421484296854
130364,0.6465693138627725,0.07637527505501099,0.14386877375475093
137908,0.4464092818563713,0.28469693938787755,0.19787957591518301
110645,0.3985997199439888,0.8263252650530106,0.7641128225645129
126298,0.3081016203240648,0.5014602920584117,0.9761152230446088
104667,0.5205441088217644,0.177995599119824,0.8180436087217444
139303,0.6392878575715144,0.8725745149029807,0.03312662532506501
135540,0.24492898579715944,0.5455891178235648,0.833006601320264
132695,0.2691338267653531,0.23328665733146625,0.8365273054610922
109722,0.9865573114622924,0.6975795159031806,0.5589117823564713
129769,0.872134426885377,0.6998999799959992,0.6593718743748751
126993,0.8739747949589919,0.4222844568913782,0.6728945789157832
108340,0.7515903180636128,0.8087217443488698,0.9619523904780956
139568,0.1679535907181436,0.7147429485897179,0.44660932186437285
125923,0.3347469493898779,0.7637927585517104,0.505621124224845
130228,0.3636327265453091,0.2422884576915383,0.5689137827565514
140317,0.35935187037407484,0.4615723144628926,0.31334266853370674
143384,0.26021204240848167,0.3579115823164633,0.3084616923384677
113788,0.7553110622124425,0.14978995799159833,0.20672134426885377
108752,0.20448089617923582,0.6295659131826364,0.38387677535507103
103552,0.9795559111822365,0.249249849969994,0.3061012202440488
146838,0.9120224044808962,0.38595719143828766,0.37835567113422686
124506,0.488377675535107,0.8360872174434887,0.676735347069414
100585,0.4636527305461092,0.15143028605721146,0.29817963592718544
112455,0.36759351870374074,0.5147029405881176,0.3205841168233647
114198,0.44812962592518507,0.536747349469894,0.8407681536307261
142406,0.10782156431286256,0.06985397079415882,0.2186437287457491
123702,0.5234246849369875,0.4168033606721344,0.4629725945189038
114846,0.9651530306061213,0.7659931986397279,0.6988197639527907
104475,0.47701540308061613,0.37703540708141625,0.8797359471894379
135751,0.12530506101220246,0.46665333066613324,0.29621924384876974
118275,0.2715743148629726,0.9267053410682136,0.3709141828365673
123297,0.8057211442288458,0.9749549909981996,0.0801760352070414
122433,0.24972994598919782,0.006281256251250249,0.08169633926785358
114026,0.8529705941188237,0.870614122824565,0.6632126425285056
115864,0.6444088817763552,0.6425685137027406,0.6556511302260452
141490,0.44676935387077416,0.7865173034606922,0.5927585517103421
103745,0.6832166433286657,0.8949789957991598,0.0859771954390878
109289,0.31866373274654936,0.4253650730146029,0.8792558511702341
110488,0.5949189837967593,0.3035807161432287,0.42880576115223046
104465,0.12078415683136626,0.48077615523104617,0.9511102220444089
130598,0.648009601920384,0.5844768953790758,0.9641528305661132
113660,0.7988397679535907,0.8876575315063013,0.049369873974794955
116406,0.18379675935187037,0.3452290458091618,0.10474094818963793
100087,0.6435687137427486,0.6547309461892379,0.8947789557911583
114473,0.7915183036607322,0.3711542308461693,0.8932986597319463
124459,0.31794358871774353,0.0692138427685537,0.30762152430486095
123232,0.07661532306461291,0.6713342668533707,0.973874774954991
147730,0.5771554310862173,0.7000600120024005,0.5229845969193839
146031,0.2805361072214443,0.5278655731146229,0.8881776355271055
133381,0.24824964992998602,0.5991998399679936,0.934866973394679
146910,0.7171034206841368,0.1473894778955791,0.1610322064412883
116520,0.46409281856371276,0.4588117623524705,0.8636127225445089
136000,0.060652130426085214,0.1730746149229846,0.831366273254651
105856,0.3820364072814563,0.36419283856771356,0.5343068613722746
115052,0.32294458891778355,0.4707341468293659,0.7653930786157231
103896,0.22508501700340067,0.08257651530306062,0.1051010202040408
144026,0.7772754550910181,0.18375675135027006,0.5449889977995599
142866,0.5685137027405481,0.31206241248249644,0.824244848969794
137782,0.37835567113422686,0.8671334266853371,0.9039807961592319
128655,0.646489297859572,0.7119823964792957,0.5926785357071415
136718,0.8714142828565713,0.9011402280456092,0.6304060812162433
148596,0.1445489097819564,0.6333266653330667,0.5586717343468693
119171,0.5121424284856971,0.2825365073014603,0.3803960792158432
134234,0.8547309461892378,0.2832166433286657,0.4577315463092618
115315,0.6881376275255051,0.5921584316863373,0.9703540708141627
113502,0.560512102420484,0.8193238647729546,0.904500900180036
139323,0.7617523504700939,0.5512302460492098,0.5088617723544708
144000,0.8018403680736148,0.11874374874974995,0.2862172434486897
115965,0.6230446089217844,0.40088017603520704,0.47685537107421483
104076,0.940508101620324,0.9443088617723545,0.5653930786157232
123210,0.5269453890778155,0.9238247649529906,0.18331666333266652
142834,0.06517303460692138,0.6911382276455291,0.9589917983596719
144886,0.8016003200640128,0.7037807561512301,0.6160432086417283
148281,0.46285257051410283,0.0689737947589518,0.8250450090018002
100383,0.2014002800560112,0.4790958191638328,0.3454690938187638
113539,0.4369273854770955,0.27909581916383275,0.8540908181636327
109733,0.544868973794759,0.8904580916183236,0.7939587917583516
117465,0.24948989797959592,0.2426485297059412,0.19207841568313663
105777,0.30674134826965394,0.005841168233646729,0.7832766553310663
140179,0.7441488297659532,0.2902580516103221,0.5443088617723544
146639,0.8404480896179236,0.11102220444088816,0.2019203840768154
128513,0.43556711342268456,0.9141028205641129,0.13294658931786357
142445,0.08725745149029807,0.5113022604520904,0.9407881576315262
123196,0.5609121824364873,0.6167233446689339,0.7257051410282056
126379,0.43104620924184833,0.02684536907381476,0.2099619923984797
115423,0.956871374274855,0.5304660932186437,0.4633326665333067
123385,0.16063212642528504,0.02516503300660132,0.46861372274454893
137835,0.4065213042608522,0.23560712142428486,0.3927585517103421
129352,0.8522904580916183,0.26329265853170636,0.8345269053810762
111669,0.4226045209041809,0.7155431086217243,0.7409481896379276
115834,0.541748349669934,0.09433886777355471,0.19727945589117823
100695,0.46521304260852175,0.8146029205841168,0.8563312662532507
119137,0.03372674534906981,0.4348069613922785,0.972874574914983
128139,0.4544108821764353,0.37863572714542915,0.41988397679535905
146006,0.4414082816563313,0.7034206841368273,0.9542308461692339
122564,0.15787157431486296,0.9684736947389478,0.09985997199439886
118889,0.6279255851170235,0.585117023404681,0.4046009201840368
123249,0.9565513102620524,0.7211042208441688,0.6176035207041408
120558,0.3350270054010802,0.5129425885177036,0.6191638327665533
148905,0.8754150830166033,0.9006601320264053,0.7772354470894178
127022,0.9057011402280456,0.0259251850370074,0.10014002800560112
148797,0.8215243048609722,0.483256651330266,0.3429485897179436
133596,0.9164632926585317,0.46125225045009,0.2795759151830366
116269,0.6768553710742148,0.3493498699739948,0.8164032806561312
112541,0.1232646529305861,0.8478895779155832,0.20168033606721342
116827,0.3597119423884777,0.34574914982996596,0.8706541308261652
138761,0.6484496899379875,0.7737147429485898,0.9405481096219244
118237,0.651130226045209,0.32882576515303064,0.21372274454890977
119422,0.5268653730746149,0.43116623324664927,0.37123424684936984
114235,0.8827765553110622,0.6633326665333067,0.8670934186837368
145253,0.5425485097019404,0.8902980596119224,0.7759551910382076
119515,0.4850170034006801,0.7996399279855971,0.9107421484296859
109483,0.6465293058611723,0.34106821364272855,0.511382276455291
103407,0.1509501900380076,0.6567713542708541,0.790998199639928
149180,0.9651530306061211,0.3675135027005401,0.19335867173434687
110866,0.09121824364872974,0.885497099419884,0.9915983196639329
114076,0.3879175835167033,0.15683136627325467,0.17943588717743547
115273,0.9040208041608322,0.9057011402280457,0.05401080216043208
112640,0.6958191638327665,0.3461092218443689,0.2677735547109422
132474,0.9803160632126426,0.6596919383876775,0.6010402080416083
146123,0.1288657731546309,0.019643928785757152,0.06365273054610922
118544,0.8308861772354471,0.9759951990398079,0.11482296459291857
144493,0.2807761552310462,0.23912782556511303,0.22640528105621122
102379,0.35255051010202043,0.10334066813362673,0.17475495099019805
102990,0.15211042208441689,0.08009601920384077,0.0634126825365073
134644,0.4129225845169034,0.4480496099219844,0.5488297659531907
136880,0.8386077215443088,0.025445089017803558,0.18711742348469695
145980,0.11798359671934386,0.24792958591718345,0.8404880976195239
118272,0.27841568313662735,0.6144428885777156,0.4065613122624525
139552,0.335747149429886,0.3254650930186037,0.3006601320264053
117723,0.8058011602320465,0.6532106421284258,0.301620324064813
143042,0.6821764352870574,0.15655131026205243,0.2560512102420484
131019,0.5394278855771154,0.8574114822964594,0.684376875375075
119419,0.8687337467493499,0.6725745149029807,0.5868773754750951
106840,0.2187637527505501,0.9134626925385078,0.02796559311862372
123666,0.6734546909381876,0.2700140028005601,0.2701340268053611
121304,0.8412082416483297,0.16731346269253852,0.6144428885777155
148265,0.4541708341668334,0.20452090418083615,0.17331466293258654
126546,0.7831566313262652,0.3540708141628326,0.22184436887377473
123565,0.8663332666533307,0.9499499899979996,0.7067813562712542
142973,0.8582116423284657,0.09849969993998799,0.274374874974995
136972,0.35739147829565915,0.341628325665133,0.4717343468693739
119946,0.431126225245049,0.9111822364472895,0.03324664932986598
128408,0.11138227645529103,0.9333866773354671,0.03788757751550309
126110,0.3832766553310662,0.4365273054610922,0.7446689337867574
123449,0.9047009401880377,0.3447089417883577,0.14634926985397081
106962,0.8094418883776756,0.658251650330066,0.41336267253450687
134885,0.5289057811562312,0.9377075415083016,0.059651930386077204
126114,0.33282656531306265,0.38903780756151235,0.3296659331866373
105801,0.913382676535307,0.6130826165233048,0.33174634926985397
118303,0.2738147629525905,0.09489897979595918,0.1154630926185237
130104,0.9924784956991399,0.25341068213642726,0.3204640928185637
142547,0.8714142828565713,0.38119623924784957,0.6092818563712742
104816,0.6124424884976996,0.015083016603320662,0.2159231846369274
135333,0.7694738947789558,0.9219043808761752,0.013002600520104018
131198,0.6556511302260452,0.4796559311862372,0.48005601120224045
105836,0.15803160632126423,0.1340268053610722,0.8026005201040208
141207,0.4075615123024605,0.8656931386277256,0.7811562312462492
128849,0.7533506701340269,0.5192638527705541,0.8901780356071214
116171,0.3200640128025605,0.6625325065013002,0.716503300660132
101593,0.2805361072214443,0.038767753550710146,0.06605321064212843
112692,0.804120824164833,0.027325465093018603,0.16399279855971194
104543,0.07573514702940588,0.39667933586717347,0.6762952590518104
123525,0.33454690938187637,0.3291458291658332,0.9035807161432287
127351,0.6995799159831967,0.13154630926185237,0.7210642128425685
130463,0.8992998599719944,0.9367873574714943,0.06385277055411082
123169,0.14502900580116024,0.26529305861172237,0.5834366873374675
106083,0.46929385877175434,0.6998199639927986,0.4472894578915783
108811,0.04124824964992999,0.4416483296659332,0.3100620124024805
101125,0.3017003400680136,0.5767953590718143,0.8537707541508301
120370,0.23244648929785955,0.299379875975195,0.37247449489897977
138847,0.6515303060612123,0.554870974194839,0.5278655731146229
113653,0.8912982596519303,0.07565513102620525,0.26869373874774954
136953,0.10630126025205042,0.07025405081016203,0.06985397079415884
129217,0.5378675735147029,0.41248249649929986,0.29061812362472494
127653,0.20756151230246048,0.1254650930186037,0.40928185637127423
100641,0.5116623324664933,0.17895579115823163,0.464252850570114
114734,0.7860772154430886,0.684616923384677,0.8982196439287857
124624,0.4358471694338868,0.518383676735347,0.27061412282456493
125960,0.6002000400080016,0.3395479095819164,0.2910982196439288
123406,0.1314262852570514,0.7361472294458891,0.6489297859571914
149907,0.08349669933986797,0.004320864172834567,0.03172634526905381
110527,0.2638127625525105,0.4848169633926785,0.49333866773354673
133095,0.6461692338467694,0.3813162632526505,0.8236047209441888
139419,0.5198639727945589,0.28501700340068015,0.5305461092218444
116127,0.47329465893178635,0.42012402480496097,0.8488097619523906
105601,0.846129225845169,0.8572114422884577,0.790518103620724
106015,0.46345269053810767,0.9320264052810563,0.7841968393678735
111401,0.9991598319663932,0.29909981996399276,0.13730746149229847
100850,0.1332266453290658,0.2859371874374875,0.2444488897779556
122795,0.9601520304060812,0.6911382276455291,0.5747149429885978
108668,0.22444488897779555,0.43456691338267656,0.34002800560112023
102440,0.12814562912582517,0.2574114822964593,0.78499699939988
133131,0.19643928785757153,0.7391478295659132,0.6397679535907181
100150,0.09349869973994798,0.6918183636727345,0.8535307061412282
120882,0.03236647329465893,0.8844168833766753,0.09845969193838768
109238,0.37503500700140024,0.7788357671534307,0.9274254850970195
145805,0.6174034806961392,0.48537707541508307,0.5552710542108421
138873,0.8872974594918984,0.26029205841168235,0.12902580516103218
141147,0.16763352670534104,0.908621724344869,0.4712142428485697
104852,0.23768753750750152,0.7770354070814163,0.7358671734346869
147313,0.0897379475895179,0.8959791958391679,0.17639527905581115
114935,0.7087017403480695,0.01284256851370274,0.12622524504900978
132727,0.8475295059011803,0.35519103820764153,0.2102020404080816
107072,0.2102020404080816,0.3937987597519504,0.8213242648529706
127122,0.12398479695939188,0.2604120824164833,0.13866773354670933
121245,0.6070814162832566,0.9560312062412482,0.5369873974794959
109282,0.5074214842968594,0.5132226445289059,0.6555311062212443
103239,0.035287057411482296,0.2660132026405281,0.643128625725145
137273,0.6607321464292858,0.4759751950390078,0.49049809961992397
132813,0.6298859771954392,0.6121224244848971,0.5360672134426886
107654,0.6986597319463893,0.3690338067613523,0.2958191638327665
116123,0.9157031406281256,0.7933186637327465,0.6395279055811163
145357,0.1282256451290258,0.915383076615323,0.18391678335667133
117501,0.9113422684536907,0.20332066413282657,0.15771154230846168
107412,0.814122824564913,0.2909781956391278,0.6502100420084016
118805,0.6643328665733146,0.8660532106421285,0.7480296059211843
108976,0.19775955191038208,0.35047009401880375,0.13574714942988597
125095,0.35155031006201237,0.15403080616123224,0.1721544308861772
102070,0.8882976595319064,0.9882776555311061,0.8034806961392279
112446,0.10402080416083215,0.5763552710542109,0.9301060212042409
126220,0.24704940988197638,0.9425885177035408,0.002400480096019203
119006,0.08281656331266253,0.47041408281656333,0.45781156231246245
129968,0.8135227045409081,0.23880776155231048,0.2558911782356471
110205,0.07325465093018604,0.7649929985997199,0.8768953790758152
106160,0.7243048609721944,0.4415683136627326,0.418123624724945
139910,0.0368873774754951,0.9093418683736748,0.061532306461292256
128328,0.09141828365673135,0.9042608521704341,0.10454090818163633
136615,0.18807761552310462,0.6208041608321664,0.6578115623124625
102679,0.8673734746949391,0.8589317863572715,0.014082816563312664
139398,0.6252450490098019,0.7853570714142828,0.9924784956991397
142263,0.7988397679535907,0.19527905581116223,0.321624324864973
119582,0.16919383876775354,0.8265653130626125,0.7036607321464292
129606,0.18331666333266655,0.2385677135427085,0.2393278655731146
145243,0.9527505501100221,0.967753550710142,0.1077015403080616
118308,0.9362672534506902,0.9158231646329266,0.024604920984196837
105348,0.8054810962192438,0.37235447089417884,0.1562712542508502
125328,0.5741148229645929,0.6993398679735947,0.744748949789958
107126,0.9073814762952591,0.30558111622324463,0.624004800960192
100434,0.27449489897979595,0.7129825965193038,0.9793958791758351
143142,0.7699939987997599,0.21184236847369473,0.8746949389877976
116727,0.22468493698739747,0.5324664932986597,0.6549309861972394
123097,0.7463092618523705,0.24220844168833766,0.45057011402280456
134564,0.2250850170034007,0.301620324064813,0.24216843368673738
140421,0.1577915583116623,0.4661732346469294,0.8143228645729146
130934,0.8802560512102421,0.7766753350670135,0.9866373274654932
118650,0.9880376075215043,0.22564512902580516,0.20804160832166435
106017,0.04260852170434086,0.19007801560312063,0.7401480296059211
115089,0.11162232446489297,0.23936787357471495,0.25757151430286057
133316,0.5873574714942988,0.4458891778355671,0.5712742548509702
102593,0.8312862572514502,0.5429885977195439,0.9240248049609922
105746,0.4150830166033207,0.9134626925385076,0.06693338667733546
144960,0.824764952990598,0.40076015203040605,0.3510702140428085
113596,0.7683536707341467,0.9011002200440088,0.7584716943388679
149943,0.7653530706141229,0.5679935987197441,0.9416683336667333
108540,0.38035607121424286,0.47433486697339466,0.5199439887977595
133646,0.38567713542708537,0.9751950390078016,0.17983596719343867
106976,0.1911982396479296,0.14622924584916983,0.09977995599119824
129250,0.3971594318863773,0.08901780356071212,0.06557311462292457
122941,0.5761152230446089,0.21804360872174436,0.42276455291058207
120798,0.8180836167233447,0.11570314062812562,0.3311862372474495
106900,0.0893378675735147,0.15207041408281655,0.806641328265653
133121,0.27345469093818764,0.36811362272454484,0.5064212842568513
142466,0.694618923784757,0.8974194838967793,0.7089017803560712
105716,0.4807761552310462,0.5637127425485097,0.5793158631726345
113224,0.6654930986197239,0.46217243448689743,0.8956591318263653
126721,0.4303260652130426,0.6004800960192038,0.5616723344668935
136510,0.7679535907181436,0.4384076815363072,0.6491698339667933
125448,0.4702940588117624,0.3198639727945589,0.7496299259851971
110920,0.29773954790958196,0.6168033606721345,0.707021404280856
142820,0.5065413082616523,0.29481896379275857,0.6126425285057011
103014,0.648129625925185,0.8899379875975195,0.015723144628925784
133435,0.9383876775355071,0.777875575115023,0.6654930986197239
149570,0.19871974394878977,0.617123424684937,0.6047609521904381
100757,0.7193838767753551,0.15811162232446488,0.5382276455291057
114366,0.5495899179835968,0.7759551910382076,0.7680336067213444
139896,0.3672334466893379,0.07589517903580714,0.11974394878975796
102748,0.27725545109021804,0.21688337667533505,0.3398279655931186
110218,0.9574314862972594,0.16263252650530105,0.2597319463892778
142211,0.10570114022804561,0.5584316863372675,0.932986597319464
108539,0.5559911982396479,0.6889777955591118,0.7016603320664132
147373,0.13934786957391476,0.9009801960392079,0.009721944388877777
144156,0.29513902780556106,0.6181636327265454,0.43836767353470696
131868,0.25713142628525704,0.7524304860972195,0.46025205041008205
106909,0.41072214442888577,0.30854170834166833,0.3651930386077215
121704,0.8096419283856772,0.12002400480096019,0.40428085617123427
120800,0.11370274054810961,0.41660332066413286,0.5348669733946789
104450,0.76499299859972,0.11934386877375475,0.28209641928385676
144865,0.9679535907181436,0.7771554310862173,0.7129425885177035
131742,0.9581516303260653,0.3549109821964393,0.7915183036607321
119497,0.7661932386477296,0.5039807961592319,0.45041008201640326
101639,0.7418283656731346,0.5380276055211042,0.8172834566913383
115026,0.9642728545709142,0.813882776555311,0.7423084616923386
144101,0.3603920784156831,0.10054010802160433,0.18527705541108222
127432,0.7526705341068214,0.260252050410082,0.4910182036407282
113747,0.12230446089217842,0.8751750350070013,0.16655331066213241
104434,0.43728745749149833,0.01320264052810562,0.3383476695339068
129012,0.8776155231046209,0.42780556111222245,0.44488897779555914
139470,0.23720744148829764,0.33542708541708344,0.8316463292658531
122339,0.6965793158631727,0.5483496699339868,0.9430686137227445
140181,0.9499899979995999,0.6175235047009401,0.4045609121824364
103468,0.2777355471094219,0.5498299659931987,0.6049609921984397
133548,0.18127625525105023,0.848369673934787,0.23164632926585316
148608,0.29717943588717743,0.5368273654730946,0.4332066413282656
127356,0.9540708141628326,0.5855171034206842,0.47265453090618126
125346,0.7801560312062412,0.13942788557711538,0.10278055611122223
119301,0.5350670134026806,0.3634726945389078,0.7934786957391478
102248,0.8478095619123824,0.4094818963792758,0.540748149629926
124364,0.34126825365073016,0.6438887777555511,0.3188637727545509
137864,0.4876175235047009,0.1359871974394879,0.26405281056211244
127343,0.9479895979195839,0.2647329465893179,0.19511902380476093
141923,0.21764352870574113,0.8629725945189037,0.7249849969993999
139659,0.08225645129025805,0.9000200040008002,0.017523504700940187
146312,0.1162632526505301,0.1551510302060412,0.19251850370074014
145207,0.5314262852570514,0.2358071614322865,0.35163032606521305
146074,0.23824764952990599,0.4719743948789758,0.2694538907781556
147376,0.5275855171034207,0.5175835167033407,0.8592918583716743
116317,0.8669733946789359,0.7505501100220044,0.5569113822764553
147519,0.3894378875775155,0.0901380276055211,0.8136027205441089
147205,0.34478895779155827,0.35587117423484693,0.8376075215043008
119955,0.20808161632326466,0.48385677135427085,0.27165433086617324
113683,0.9953190638127626,0.3256651330266053,0.17379475895179036
149025,0.6545309061812362,0.6844168833766753,0.9562712542508502
139156,0.9683536707341469,0.9572314462892579,0.13246649329865973
117601,0.7681536307261452,0.36199239847969594,0.5621524304860972
125115,0.7211042208441688,0.193878775755151,0.16799359871974393
142886,0.49021804360872173,0.37051410282056413,0.4836567313462693
131176,0.24408881776355268,0.526385277055411,0.9217043408681737
104892,0.22008401680336065,0.5703940788157631,0.42192438487697537
146062,0.744628925785157,0.9792358471694339,0.29245849169833965
143301,0.9321464292858572,0.3821964392878575,0.2721744348869774
137667,0.2075615123024605,0.2590518103620724,0.20408081616323268
123872,0.25829165833166634,0.4641728345669134,0.4110422084416884
107356,0.6746149229845969,0.28045609121824366,0.3004200840168033
119210,0.8278855771154231,0.7779155831166233,0.551990398079616
136507,0.23180636127225446,0.959871974394879,0.11182236447289458
118785,0.5177035407081416,0.31566313262652534,0.4881776355271054
139150,0.8662132426485296,0.27913582716543306,0.6336067213442689
135763,0.9089417883576716,0.2151630326065213,0.10822164432886577
142582,0.5751550310062012,0.8226045209041809,0.7479095819163833
141240,0.21008201640328064,0.7497899579915983,0.3690738147629526
100431,0.28273654730946185,0.44992998599719947,0.6172034406881376
143430,0.42100420084016804,0.6888577715543108,0.6325665133026606
131450,0.7052210442088418,0.9505501100220044,0.05161032206441288
101383,0.06137227445489096,0.9639527905581116,0.05637127425485096
108099,0.507741548309662,0.6431286257251451,0.4310462092418484
133645,0.9566713342668534,0.5389877975595119,0.37067413482696543
145062,0.7643528705741148,0.6290858171634327,0.7935987197439488
107452,0.28977795559111824,0.11314262852570514,0.09981996399279856
129898,0.14982996599319864,0.32502500500100023,0.2718143628725745
133603,0.20268053610722145,0.7155831166233247,0.9877975595119023
133290,0.5013002600520104,0.19847969593918782,0.24528905781156227
113758,0.5590718143628726,0.045569113822764545,0.19463892778555708
140305,0.30902180436087223,0.5119023804760952,0.6976995399079816
129176,0.8343268653730747,0.7359471894378875,0.572994598919784
123706,0.21572314462892578,0.9183436687337467,0.6484896979395879
103582,0.6384476895379075,0.0287257451490298,0.10134026805361071
118039,0.4443288657731546,0.687897579515903,0.6773354670934187
114291,0.0985397079415883,0.9373074614922985,0.4458091618323664
132055,0.3155431086217243,0.1961592318463693,0.3377075415083017
133727,0.12794558911782355,0.4500500100020004,0.3952790558111622
108837,0.7763952790558112,0.5261452290458091,0.442128425685137
105045,0.18639727945589116,0.3387077415483097,0.5663932786557311
121641,0.06889377875575114,0.8752150430086018,0.5217843568713743
142602,0.040328065613122625,0.5802360472094419,0.347749549909982
136720,0.5217043408681735,0.4692138427685537,0.6669733946789358
109420,0.6746149229845969,0.37143428685737145,0.6436487297459492
134009,0.6104420884176835,0.6096819363872774,0.9391478295659133
124030,0.9277055411082217,0.9271854370874175,0.8429285857171434
123073,0.19567913582716542,0.45137027405481095,0.3412282456491298
108406,0.25969193838767757,0.3621124224844969,0.5895179035807161
100796,0.8614922984596919,0.616363272654531,0.549869973994799
144683,0.7067813562712543,0.614002800560112,0.5384276855371074
137758,0.9265053010602121,0.7988397679535908,0.6630526105221044
146763,0.7742748549709942,0.25061012202440486,0.32582516503300657
108719,0.15143028605721143,0.5753550710142029,0.6912982596519304
128911,0.48961792358471695,0.5742348469693939,0.884496899379876
116887,0.5319463892778555,0.5399479895979196,0.35959191838367677
136194,0.22784556911382275,0.9415883176635327,0.8012002400480097
139332,0.5658331666333267,0.9059411882376476,0.08029605921184237
101483,0.015323064612922585,0.43472694538907786,0.9569113822764552
123476,0.9092218443688738,0.3822764552910582,0.42564512902580515
116005,0.4592118423684737,0.7059411882376475,0.64624924984997
143893,0.6928585717143428,0.637007401480296,0.6094818963792759
135216,0.13494698939787958,0.8668533706741348,0.10622124424884977
126732,0.04568913782756551,0.966873374674935,0.06989397879575915
125642,0.0917383476695339,0.9665533106621325,0.8012802560512103
112849,0.2799359871974395,0.19731946389277857,0.3248249649929986
136822,0.7352270454090818,0.5786357271454291,0.6422884576915382
138414,0.06013202640528106,0.0939387877575515,0.7531106221244249
141359,0.9488297659531907,0.9409081816363273,0.7612722544508903
137992,0.8261252250450091,0.1385477095419084,0.30882176435287056
132031,0.6722144428885777,0.3066613322664533,0.2765753150630126
130922,0.646129225845169,0.20096019203840768,0.9065813162632527
107948,0.7353070614122824,0.8912182436487297,0.7544708941788358
102725,0.3822364472894579,0.4134026805361072,0.43740748149629927
112520,0.7353470694138827,0.7473094618923785,0.5767153430686137
117305,0.28901780356071216,0.582996599319864,0.3866373274654931
142470,0.3263852770554111,0.6719343868773755,0.9070614122824565
121887,0.34546909381876373,0.648489697939588,0.43028605721144225
128515,0.9157831566313264,0.5708341668333667,0.8039207841568314
131127,0.9122624524904981,0.6064812962592518,0.4761752350470094
122408,0.8162032406481297,0.4870574114822964,0.7753950790158032
140909,0.8334866973394679,0.8821764352870575,0.01840368073614723
141032,0.25269053810762154,0.08509701940388077,0.24160832166433288
125319,0.6981396279255851,0.8696539307861573,0.0809761952390478
134618,0.7133826765353071,0.9356271254250851,0.06889377875575114
115607,0.7049409881976394,0.1451490298059612,0.24424884976995398
129934,0.4059211842368474,0.2861772354470894,0.3147829565913183
134572,0.3710342068413683,0.07573514702940588,0.10594118823764753
128902,0.15919183836767353,0.8969393878775755,0.10438087617523503
128335,0.3157431486297259,0.6839367873574714,0.4068013602720544
148398,0.4741748349669934,0.6572114422884577,0.7131026205241048
124366,0.042968593718743744,0.1750750150030006,0.4517303460692138
106956,0.6268053610722144,0.11054210842168434,0.15875175035007003
122688,0.9271454290858172,0.5121824364872974,0.8820964192838567
137224,0.32790558111622325,0.19071814362872574,0.1946389277855571
128623,0.9581916383276655,0.786517303460692,0.6629325865173035
100112,0.8048809761952391,0.3597919583916783,0.6157631526305262
119494,0.26201240248049606,0.24356871374274855,0.30946189237847566
144294,0.417003400680136,0.26509301860372075,0.20732146429285858
123964,0.7063012602520504,0.22036407281456288,0.5217043408681736
147268,0.7949189837967594,0.9481496299259852,0.09021804360872174
141009,0.8047609521904381,0.05057011402280456,0.13074614922984598
138452,0.11062212442488495,0.8578915783156631,0.016483296659331865
131660,0.6617323464692939,0.9695939187837568,0.16227245449089817
134742,0.488377675535107,0.15111022204440888,0.27745549109821965
105629,0.6599319863972795,0.3501500300060012,0.26425285057011405
121564,0.6442088417683537,0.04424884976995398,0.1146629325865173
124055,0.44980996199239853,0.5133026605321065,0.46961392278455694
131850,0.15023004600920184,0.32778555711142227,0.8404080816163233
130982,0.021564312862572516,0.5835967193438688,0.9808361672334467
100185,0.21420284056811364,0.07565513102620525,0.286617323464693
141604,0.8396479295859172,0.62124424884977,0.7830766153230646
120241,0.8132026405281056,0.6524904980996199,0.9141828365673135
129319,0.5461892378475696,0.9584716943388678,0.09101820364072814
114506,0.6024404880976195,0.09113822764552909,0.2762152430486097
149337,0.1423884776955391,0.010282056411282256,0.07193438687737548
121000,0.27961592318463696,0.45417083416683335,0.3676735347069414
126676,0.43444688937787557,0.5865173034606921,0.5261852370474095
101638,0.684376875375075,0.5886777355471094,0.4840168033606722
103479,0.3198239647929586,0.18459691938387676,0.25829165833166634
108576,0.051050210042008395,0.28645729145829163,0.9593118623724746
123414,0.016243248649729945,0.7112222444488897,0.98123624724945
117329,0.35491098219643924,0.18195639127825566,0.4640128025605121
135740,0.23268653730746147,0.1647129425885177,0.7530706141228245
143171,0.7522304460892179,0.10214042808561712,0.28089617923584714
114186,0.7390278055611121,0.6951790358071614,0.64124824964993
123838,0.6024004800960192,0.9179835967193439,0.060012002400480095
100984,0.4682936587317464,0.37339467893578715,0.4935387077415483
114193,0.0668133626725345,0.8758551710342068,0.048889777955591115
111007,0.3817963592718544,0.14586917383476694,0.3869573914782956
104694,0.9213042608521704,0.5835967193438688,0.5653130626125225
122373,0.7607921584316863,0.2600520104020804,0.2702140428085617
100105,0.71374274854971,0.6351670334066813,0.5461092218443688
109031,0.0017603520704140827,0.10534106821364274,0.20524104820964192
130020,0.23660732146429286,0.3110222044408882,0.44004800960192036
116530,0.0538507701540308,0.3950390078015603,0.11802360472094418
111571,0.36547309461892385,0.14242848569713942,0.40904180836167237
103873,0.34406881376275256,0.06029205841168234,0.18951790358071613
118810,0.20144028805761155,0.10902180436087215,0.06965393078615723
139510,0.8882176435287057,0.018603720744148823,0.06677335467093418
140786,0.2598519703940788,0.614242848569714,0.39947989597919586
140326,0.6566913382676535,0.6234446889377876,0.33366673334666935
139776,0.9405881176235247,0.2768553710742149,0.44756951390278055
141511,0.5523904780956191,0.6732146429285857,0.8337667533506702
142677,0.3540308061612322,0.5721544308861772,0.8589717943588717
147191,0.722984596919384,0.4394078815763153,0.12918583716743348
149355,0.5541508301660332,0.5313462692538508,0.8686537307461492
103464,0.498499699939988,0.033806761352270454,0.15783156631326262
121134,0.13890778155631126,0.3176635327065413,0.33550710142028406
100942,0.1904380876175235,0.40872174434886976,0.39227845569113823
139674,0.4091618323664733,0.5197039407881576,0.6191638327665532
102249,0.03668733746749349,0.6386477295459091,0.9572714542908582
101491,0.1341468293658732,0.7449489897979595,0.6154430886177236
124309,0.7397079415883178,0.5475895179035808,0.7314262852570513
135305,0.6176835367073414,0.6698939787957591,0.5522704540908182
149409,0.40268053610722143,0.27145429085817163,0.21208241648329665
109128,0.9582716543308663,0.8689337867573514,0.8092818563712743
114159,0.8844568913782757,0.5437887577515503,0.533506701340268
118114,0.8230846169233847,0.9708341668333667,0.07649529905981195
136241,0.6719743948789758,0.2581716343268654,0.3433086617323464
147273,0.22724544908981797,0.09685937187437486,0.1488297659531906
149616,0.8802160432086418,0.7713542708541709,0.6093218643728745
133044,0.6838967793558711,0.6824164832966594,0.6006801360272055
106218,0.1766753350670134,0.41284256851370277,0.3553510702140429
133940,0.5604320864172834,0.282376475295059,0.30882176435287056
135976,0.4245249049809962,0.9257451490298059,0.8210842168433687
106926,0.1549909981996399,0.8459691938387677,0.9985997199439889
114065,0.8204440888177635,0.7600720144028805,0.6184436887377476
127060,0.7982796559311862,0.9836367273454691,0.039887977595519104
137925,0.6286057211442289,0.3918383676735347,0.9667133426685337
101327,0.1625125025005001,0.23532706541308263,0.4668133626725345
126279,0.8012402480496099,0.20588117623524704,0.7864772954590917
111375,0.8524504900980197,0.5156631326265253,0.4786557311462293
109323,0.5369073814762952,0.1031006201240248,0.3367073414682937
120091,0.4533306661332267,0.41516303260652127,0.5682336467293458
140878,0.8898179635927186,0.7412682536507301,0.6724144828965793
135383,0.22336467293458692,0.17399479895979197,0.22108421684336868
113622,0.7893978795759151,0.41828365673134627,0.8487697539507901
133018,0.7873574714942988,0.18059611922384475,0.2446889377875575
108916,0.0692138427685537,0.17595519103820761,0.5575915183036607
104418,0.47657531506301265,0.6210442088417684,0.5693138627725545
125786,0.5642328465693138,0.7528705741148229,0.6137627525505102
101577,0.780996199239848,0.07701540308061611,0.19111822364472894
113301,0.9305461092218444,0.7955991198239649,0.6729345869173835
124301,0.5772354470894179,0.24216843368673735,0.18883776755351073
125507,0.5685937187437489,0.7708741748349671,0.6502900580116023
131921,0.2023604720944189,0.3971594318863773,0.695619123824765
137897,0.8080416083216644,0.3578315663132627,0.2711342268453691
144221,0.6464092818563713,0.2608521704340868,0.4732146429285857
105077,0.38783756751350273,0.6122024404880977,0.4367673534706941
147621,0.30138027605521106,0.19859971994398878,0.46565313062612523
149207,0.15519103820764152,0.6744548909781957,0.39051810362072414
139457,0.45833166633326666,0.10214042808561713,0.5286257251450289
102732,0.5193438687737548,0.2746149229845969,0.45357071414282857
143004,0.7319463892778556,0.3284256851370274,0.6908181636327266
146935,0.9711942388477696,0.4900180036007201,0.37915583116623325
122126,0.4352070414082817,0.5700340068013603,0.766753350670134
149715,0.3788357671534307,0.037087417483496705,0.09581916383276655
112929,0.6676935387077415,0.8959391878375674,0.030086017203440684
138736,0.23744748949789957,0.3121424284856971,0.9354670934186838
118689,0.955111022204441,0.7201040208041609,0.6478895779155831
104501,0.610882176435287,0.49525905181036206,0.6816563312662534
136685,0.64000800160032,0.9485497099419884,0.027245449089817964
136218,0.5890378075615124,0.10478095619123826,0.44032806561312265
104107,0.891498299659932,0.9750750150030006,0.19211842368473694
107132,0.1760352070414083,0.1439887977595519,0.7052210442088418
125473,0.758631726345269,0.617883576715343,0.5499899979995999
113401,0.5749549909981997,0.4948589717943589,0.5264652930586118
120380,0.6653330666133226,0.5915583116623325,0.8584116823364674
119928,0.9651930386077215,0.24992998599719943,0.23756751350270056
119554,0.21868373674734948,0.3489897979595919,0.6666933386677335
139180,0.4036007201440288,0.5343868773754751,0.5554310862172434
106184,0.13382676535307061,0.8371674334866974,0.7426685337067412
138666,0.44400880176035207,0.45749149829965996,0.45257051410282056
120437,0.03820764152830566,0.752990598119624,0.463372674534907
128632,0.8813362672534508,0.9185437087417484,0.0654130826165233
130256,0.24844968993798755,0.4414082816563313,0.5964392878575715
112023,0.10134026805361072,0.5549909981996399,0.9324264852970594
114546,0.42496499299859974,0.3262652530506101,0.9472294458891779
120203,0.3323064612922585,0.2628525705141028,0.3615123024604921
115775,0.867133426685337,0.6514902980596119,0.698499699939988
110788,0.6077215443088618,0.6949389877975595,0.4476495299059812
143755,0.8566913382676535,0.5117823564712942,0.5174634926985398
119430,0.08677735547109422,0.2888177635527105,0.3719943988797759
147087,0.7980796159231847,0.9420684136827366,0.15339067813562712
129818,0.08025605121024205,0.19647929585917184,0.2741748349669934
130029,0.21908381676335267,0.1941588317663533,0.17383476695339067
135767,0.20384076815363067,0.41912382476495297,0.7859171834366874
102140,0.9523904780956192,0.938627725545109,0.20448089617923587
116788,0.1425885177035407,0.4584516903380676,0.6588517703540709
132340,0.44012802560512104,0.5067813562712542,0.7119823964792958
125622,0.6736947389477896,0.3958791758351671,0.41380276055211046
111045,0.7459091818363672,0.7390678135627126,0.7619523904780957
141698,0.1928385677135427,0.4442088417683537,0.8998999799959992
117447,0.8808961792358472,0.44960992198439687,0.5715943188637728
149040,0.1575115023004601,0.12694538907781558,0.5342268453690738
127733,0.3049809961992399,0.5038207641528306,0.8953390678135627
128713,0.19067813562712543,0.47293458691738355,0.4664132826565313
105583,0.860492098419684,0.5510302060412082,0.34806961392278457
107931,0.3943988797759552,0.21084216843368672,0.20068013602720544
132675,0.5779155831166234,0.1134626925385077,0.23120624124824965
102810,0.5490298059611923,0.045209041808361675,0.3009001800360072
146040,0.3595919183836767,0.6199239847969593,0.5705941188237648
108963,0.691858371674335,0.2169233846769354,0.0374874974994999
148083,0.7318263652730546,0.6470494098819763,0.9083416683336667
149612,0.9971194238847769,0.16743348669733943,0.11550310062012402
113437,0.2564112822564513,0.24736947389477898,0.5305461092218443
122668,0.18239647929585917,0.17871574314862973,0.3167033406681336
108608,0.5976795359071815,0.2635327065413082,0.31266253250650133
133296,0.281376275255051,0.2842968593718744,0.8629725945189037
147838,0.42872574514902984,0.10674134826965394,0.24912982596519306
147011,0.7433486697339469,0.5095419083816763,0.503500700140028
107204,0.4400880176035207,0.15739147829565914,0.28229645929185837
131258,0.2363672734546909,0.7427085417083417,0.9395879175835168
140792,0.4883376675335067,0.9934386877375474,0.5163432686537308
115032,0.8723744748949789,0.1579515903180636,0.43152630526105223
125274,0.5132626525305062,0.16607321464292857,0.3451490298059612
100708,0.3610722144428885,0.8152030406081215,0.9838367673534707
133565,0.974874974994999,0.41532306461292257,0.42104420884176835
127759,0.36387277455491096,0.797999599919984,0.60876175235047
116486,0.22120424084816964,0.11482296459291857,0.4024404880976195
108024,0.027365473094618918,0.5753950790158032,0.9503500700140027
103208,0.04116823364672935,0.33558711742348474,0.9004600920184037
101194,0.5143028605721144,0.2067213442688538,0.4642928585717143
143826,0.8716543308661733,0.28137627525505104,0.3750750150030006
149597,0.623124624924985,0.8989797959591919,0.7251450290058012
144011,0.7803960792158432,0.9812362472494498,0.09169833966793359
118941,0.13714742948589717,0.4803360672134427,0.4375675135027005
128619,0.8356071214242848,0.05909181836367272,0.21520304060812162
139926,0.03960792158431687,0.6490098019603922,0.9667933586717343
121266,0.887617523504701,0.28961792358471694,0.11562312462492498
104155,0.23300660132026405,0.6004400880176035,0.4932986597319464
119886,0.1098619723944789,0.2754150830166033,0.6016803360672134
103766,0.5315463092618524,0.9079815963192639,0.6459691938387677
142959,0.546989397879576,0.9997999599919984,0.5595119023804761
142927,0.9628325665133026,0.3657131426285257,0.40472094418883775
110423,0.6778955791158231,0.9246249249849969,0.39251850370074015
110182,0.4437287457491499,0.4370474094818964,0.9075015003000599
115738,0.7893978795759152,0.37163432686537307,0.37179435887177437
106469,0.381876375275055,0.44196839367873575,0.5415483096619323
103476,0.46005201040208044,0.35639127825565114,0.2891378275655131
107172,0.40024004800960195,0.5997199439887978,0.9531506301260252
126460,0.37631526305261054,0.5813162632526505,0.7266653330666133
148060,0.1682736547309462,0.6572914582916584,0.3261852370474095
137471,0.6015603120624125,0.22544508901780355,0.3896379275855171
119005,0.29429885977195436,0.8178835767153431,0.9293858771754351
126382,0.6079215843168634,0.058651730346069214,0.23140628125625123
127384,0.576755351070214,0.03440688137627525,0.41412282456491295
119789,0.761112222444489,0.41760352070414086,0.42344468893778764
135149,0.8314462892578516,0.9978395679135827,0.6870574114822965
140302,0.1690338067613523,0.48369673934786955,0.5014602920584117
112211,0.29921984396879375,0.6354870974194838,0.936627325465093
127616,0.2821364272854571,0.9225845169033807,0.04024804960992199
107284,0.20068013602720544,0.07165433086617322,0.04376875375075015
132170,0.36663332666533305,0.019843968793758746,0.04720944188837767
114325,0.7862772554510902,0.9716743348669734,0.647009401880376
116122,0.2957391478295659,0.15939187837567514,0.2570914182836567
122393,0.6679335867173435,0.7750750150030007,0.47005401080216047
113423,0.22108421684336865,0.7185837167433486,0.3731946389277856
127054,0.3377075415083016,0.5573914782956592,0.5444288857771554
101389,0.05357071414282856,0.6124424884976996,0.8825765153030606
113371,0.5704340868173634,0.3301060212042409,0.30370074014802956
103638,0.7504700940188037,0.7281056211242248,0.7561112222444489
121890,0.1912782556511302,0.4158031606321264,0.26589317863572715
136518,0.6632126425285058,0.13098619723944788,0.22676535307061413
118376,0.7390678135627125,0.6893378675735147,0.8352070414082816
136121,0.6525705141028205,0.16963392678535705,0.40968193638727746
142494,0.8718943788757751,0.4217643528705741,0.42000400080016004
127253,0.17003400680136027,0.4547309461892378,0.4268853770754151
106449,0.5513102620524104,0.41660332066413286,0.6230046009201841
135722,0.7041808361672335,0.06101220244048809,0.1305861172234447
106278,0.29353870774154833,0.9054610922184438,0.8710142028405681
129227,0.41200240048009606,0.28341668333666736,0.3322664532906581
101047,0.12750550110022005,0.838367673534707,0.6014002800560111
143333,0.8365273054610923,0.7857971594318864,0.557631526305261
135641,0.7518703740748149,0.7692738547709543,0.9115423084616923
124000,0.24876975395079015,0.2958591718343669,0.8981396279255851
134169,0.45533106621324265,0.8740148029605921,0.7531506301260252
115271,0.2582916583316663,0.1983596719343869,0.49333866773354673
126479,0.8537707541508301,0.0123624724944989,0.06685337067413483
142232,0.7832366473294659,0.7927985597119424,0.6295659131826365
137055,0.6834566913382677,0.12582516503300656,0.16019203840768154
130041,0.9357071414282858,0.1451890378075615,0.28317663532706544
133200,0.485377075415083,0.14086817363472692,0.23764752950590118
127792,0.8812162432486497,0.6994198839767954,0.6483296659331867
121817,0.42748549709941985,0.263372674534907,0.3798359671934387
148970,0.45437087417483496,0.11558311662332466,0.2747349469893979
131922,0.10714142828565712,0.2167633526705341,0.12882576515303062
112368,0.1716743348669734,0.68249649929986,0.3168233646729346
120870,0.08025605121024204,0.9272254450890178,0.6012802560512103
101771,0.004560912182436486,0.8546909381876375,0.17795559111822362
134992,0.7696339267853571,0.1079015803160632,0.32490498099619924
113347,0.3844368873774755,0.9329065813162633,0.1651930386077215
131207,0.5141028205641128,0.49237847569513904,0.6910182036407281
128836,0.0524504900980196,0.058291658331666336,0.2466493298659732
142313,0.21012202440488098,0.5019803960792159,0.2902180436087217
144138,0.2428085617123425,0.6142428485697139,0.418003600720144
102471,0.8682936587317462,0.10526105221044209,0.5194238847769553
101467,0.4214042808561712,0.6428885777155432,0.9400680136027205
104741,0.9344268853770754,0.5907981596319265,0.5744748949789957
122412,0.4358071614322864,0.5495899179835968,0.8911382276455291
104735,0.7446689337867574,0.6105621124224845,0.7999599919983997
103178,0.7039007801560312,0.7501900380076015,0.6094018803760752
101644,0.7575515103020604,0.1683536707341468,0.602240448089618
114707,0.31534306861372274,0.3924384876975395,0.6950590118023605
148136,0.6654530906181236,0.3957591518303661,0.2898979795959192
126942,0.26949389877975594,0.08949789957991597,0.06825365073014603
139298,0.0372874574914983,0.757751550310062,0.8076015203040608
140494,0.6733346669333867,0.6108421684336867,0.5117023404680936
106432,0.5521904380876175,0.10078015603120621,0.1481496299259852
102391,0.8006801360272054,0.9456691338267654,0.5964392878575715
138833,0.7796759351870374,0.2416883376675335,0.3615523104620924
132850,0.31718343668733745,0.8688537707541508,0.07409481896379276
132363,0.41028205641128224,0.5864372874574915,0.862732546509302
132919,0.9025405081016202,0.8673734746949391,0.9859171834366874
131215,0.8584516903380677,0.9361872374474894,0.19815963192638525
144545,0.9100220044008802,0.362872574514903,0.2956591318263653
142450,0.33666733346669336,0.2806561312262453,0.5155431086217244
122153,0.21856371274254852,0.4928985797159432,0.8569313862772554
136373,0.10046009201840368,0.8567713542708542,0.09889977995599118
116626,0.590118023604721,0.19111822364472897,0.26697339467893577
127737,0.37175435087017406,0.757871574314863,0.5989197839567914
100830,0.8549309861972395,0.41868373674734943,0.4520104020804161
140648,0.528625725145029,0.4537707541508301,0.8802160432086417
101869,0.5075415083016603,0.48345669133826763,0.5745949189837968
114580,0.2627725545109022,0.6595719143828767,0.6517303460692139
111916,0.9443088617723545,0.2851770354070814,0.1228245649129826
117802,0.2227245449089818,0.6444888977795559,0.5759551910382077
146292,0.6708941788357672,0.9839167833566713,0.0761752350470094
124877,0.17535507101420283,0.8899379875975195,0.010882176435287057
119699,0.640368073614723,0.17935587117423485,0.8242848569713943
100021,0.36699339867973596,0.1794758951790358,0.31882376475295054
145779,0.3631526305261052,0.8750150030006002,0.05177035407081416
102217,0.937867573514703,0.17139427885577116,0.05549109821964393
122436,0.8689737947589519,0.634006801360272,0.34986997399479897
103685,0.23916783356671334,0.023204640928185635,0.07965593118623725
116079,0.8380076015203041,0.9301860372074415,0.02488497699539908
107742,0.8225245049009803,0.7893178635727146,0.726625325065013
146563,0.296379275855171,0.532986597319464,0.48181636327265454
116880,0.07545509101820363,0.21760352070414085,0.4588917783556712
108479,0.9763552710542109,0.7531106221244248,0.8870174034806961
139237,0.30490098019603923,0.0950990198039608,0.362752550510102
138978,0.2463292658531706,0.35843168633726746,0.8602120424084817
126695,0.07721544308861772,0.957751550310062,0.07333466693338667
109327,0.7134626925385077,0.8026805361072213,0.986997399479896
121803,0.9758351670334067,0.5345869173834767,0.632246449289858
137082,0.3241448289657931,0.23952790558111625,0.140748149629926
137406,0.4872574514902981,0.17727545509101822,0.29549909981996403
120565,0.7000600120024004,0.03308661732346469,0.11014202840568113
100205,0.33738747749549913,0.5927585517103421,0.21404280856171234
125750,0.7483096619323865,0.9298259651930386,0.2530106021204241
104837,0.7273854770954191,0.07621524304860973,0.7780756151230246
122395,0.9395879175835167,0.2870974194838968,0.1802760552110422
108335,0.828245649129826,0.7117023404680936,0.7657931586317264
110606,0.7097419483896779,0.16199239847969593,0.8218443688737748
136087,0.9003400680136028,0.6579315863172635,0.4025205041008202
144020,0.2556911382276455,0.27993598719743945,0.18299659931986398
106664,0.9607121424284857,0.5575915183036607,0.7519503900780157
132271,0.8346069213842768,0.028645729145829163,0.18539707941588318
126431,0.8541708341668334,0.5539907981596319,0.5482696539307862
117130,0.08209641928385676,0.6136827365473094,0.8256451290258051
139748,0.13334666933386677,0.9247449489897981,0.03712742548509702
147682,0.6298059611922384,0.83000600120024,0.6938587717543508
149196,0.33550710142028406,0.5883976795359072,0.8659731946389279
116857,0.05969193838767753,0.66749349869974,0.9016603320664133
123539,0.24512902580516102,0.33850770154030807,0.43124624924985
123493,0.32782556511302263,0.06213242648529706,0.10110022004400882
115435,0.05961192238447688,0.7220244048809762,0.9006601320264052
137399,0.21560312062412482,0.607121424284857,0.6089217843568714
143392,0.46357271454290855,0.7669533906781356,0.7139827965593118
124782,0.686497299459892,0.9412682536507302,0.7658331666333267
147098,0.9579915983196639,0.6337267453490698,0.40868173634726945
149377,0.32390478095619124,0.4106021204240848,0.8555711142228446
107761,0.5211442288457692,0.5269453890778155,0.5308661732346469
123423,0.37567513502700545,0.7835967193438688,0.7328665733146629
122286,0.621004200840168,0.44956991398279655,0.26553310662132423
135635,0.8156831366273254,0.15707141428285654,0.2026005201040208
124869,0.3540308061612323,0.009841968393678735,0.076375275055011
143903,0.06905381076215242,0.81000200040008,0.977115423084617
110156,0.5914782956591318,0.5624724944988998,0.8026805361072215
134397,0.07169433886777356,0.08869773954790959,0.21108221644328864
126647,0.042048409681936384,0.810242048409682,0.451370274054811
119583,0.3052210442088418,0.30846169233846765,0.4540908181636327
128828,0.32194438887777554,0.19971994398879772,0.12734546909381875
118764,0.8524104820964193,0.3940388077615523,0.20064012802560513
114982,0.32006401280256047,0.012202440488097616,0.09189837967593519
106881,0.3009401880376075,0.1817163432686537,0.17739547909581918
104515,0.8949389877975595,0.10030006001200241,0.44512902580516106
142084,0.2079615923184637,0.25673134626925387,0.16307261452290456
146744,0.22388477695539105,0.4156831366273255,0.21272254450890177
107001,0.9651530306061213,0.5408281656331266,0.7997199439887978
141310,0.8231246249249851,0.6899779955991198,0.4859771954390878
141527,0.23996799359871976,0.8930186037207442,0.03304660932186437
112652,0.7211842368473695,0.1617123424684937,0.16439287857571516
128616,0.939627925585117,0.6807761552310462,0.5877975595119023
133262,0.09753950790158031,0.9024604920984196,0.48301660332066415
117295,0.7780356071214243,0.133626725345069,0.2400880176035207
147226,0.2558511702340468,0.5915583116623324,0.9379875975195039
105584,0.8975395079015803,0.12314462892578515,0.4034806961392278
128490,0.28397679535907183,0.3636327265453091,0.9561512302460492
110882,0.07629525905181037,0.17895579115823163,0.29821964392878575
122241,0.01976395279055811,0.8324864972994599,0.08225645129025805
131659,0.655131026205241,0.15403080616123224,0.14190838167633527
135121,0.3128625725145029,0.6878575715143029,0.5861972394478896
133446,0.7563912782556511,0.08629725945189037,0.1940388077615523
111964,0.9584316863372675,0.9421084216843368,0.8335667133426686
122756,0.3198639727945589,0.2317263452690538,0.16699339867973595
119061,0.9846769353870773,0.450130026005201,0.34366873374674933
113107,0.8466493298659732,0.56875375075015,0.338627725545109
102814,0.04852970594118823,0.5233446689337867,0.3683136627325465
124741,0.24492898579715944,0.616123224644929,0.7905581116223246
102128,0.5421884376875374,0.6865773154630925,0.6920584116823365
116708,0.17183436687337467,0.4816963392678536,0.27461492298459694
145230,0.4264852970594119,0.2791758351670334,0.24660932186437287
112104,0.4002000400080016,0.40092018403680735,0.7701540308061612
107991,0.1742348469693939,0.35883176635327063,0.7389077815563112
137192,0.042768553710742147,0.2689737947589518,0.9509101820364072
149293,0.9219043808761752,0.29985997199439884,0.45269053810762155
110183,0.41384276855371077,0.5259051810362072,0.4978195639127825
125418,0.10982196439287858,0.023004600920184037,0.19099819963992798
143594,0.7003400680136027,0.9447089417883576,0.015723144628925784
118528,0.9920384076815364,0.5374674934986997,0.44960992198439687
135922,0.7285457091418284,0.14606921384276855,0.19595919183836766
144146,0.7544708941788358,0.6266453290658132,0.8319263852770555
131763,0.38015603120624125,0.31622324464892976,0.9352270454090817
104956,0.3336667333466693,0.44204840968193637,0.8468493698739749
129912,0.17731546309261847,0.8924584916983396,0.023404680936187236
103190,0.7252650530106022,0.9701940388077616,0.08505701140228045
108671,0.042008401680336066,0.6499699939987998,0.9159031806361272
144048,0.4769353870774155,0.9271454290858172,0.08633726745349068
104019,0.5353870774154831,0.7523104620924185,0.9639927985597119
122976,0.9813962792558512,0.6403280656131226,0.3770754150830166
116195,0.8500500100020004,0.17747549509901978,0.5803560712142428
115649,0.8610522104420885,0.06829365873174634,0.2773354670934187
148210,0.9052610522104421,0.3655531106221244,0.5049009801960392
132440,0.5883976795359072,0.33042608521704336,0.6065613122624525
148915,0.09285857171434286,0.997759551910382,0.9013002600520105
133553,0.03368673734746949,0.657131426285257,0.26753350670134024
129985,0.11514302860572112,0.6672134426885377,0.9272254450890178
112615,0.872254450890178,0.04072814562912583,0.7548309661932386
125258,0.7681136227245449,0.9845169033806762,0.0881776355271054
131481,0.16067213442688538,0.7751150230046009,0.6205641128225645
146166,0.5565113022604521,0.6568513702740548,0.836127225445089
135250,0.06697339467893576,0.5327865573114623,0.8346869373874775
112908,0.07301460292058412,0.012642528505701143,0.13090618123624725
145041,0.8987397479495899,0.5529105821164233,0.6490498099619924
149809,0.2912982596519304,0.10206041208241648,0.073374674934987
105485,0.3711142228445689,0.9630726145229046,0.10242048409681936
130998,0.21724344868973794,0.6959791958391679,0.5380676135227045
109196,0.7968793758751751,0.6372874574914983,0.5727945589117823
115215,0.4915783156631326,0.7160632126425286,0.5376675335067014
117735,0.9635527105421084,0.9704340868173635,0.0839367873574715
106332,0.059411882376475295,0.22944588917783557,0.8122824564912982
111847,0.36023204640928186,0.25529105821164233,0.24876975395079015
107754,0.9515503100620124,0.4804560912182437,0.29093818763752755
118597,0.14778955791158233,0.032686537307461495,0.06045209041808361
119512,0.3394678935787157,0.47657531506301254,0.44472894578915784
119703,0.7782756551310261,0.15715143028605724,0.4687337467493498
117042,0.14062812562512503,0.9913982796559313,0.6648529705941189
107803,0.1714742948589718,0.35763152630526107,0.22624524904980994
119662,0.7392278455691138,0.32674534906981395,0.26061212242448484
131765,0.2903780756151231,0.3167833566713342,0.4735347069413883
128030,0.37755551110222046,0.48353670734146825,0.6758951790358072
146926,0.5223444688937788,0.35563112622524506,0.5498299659931986
112402,0.04832966593318663,0.8232846569313863,0.6857771554310862
119219,0.6770554110822165,0.2290058011602321,0.31794358871774353
131613,0.7948789757951591,0.3404680936187237,0.6321664332866573
109961,0.7047009401880375,0.468373674734947,0.47945589117823567
106143,0.5453490698139628,0.7809961992398481,0.6936187237447489
111748,0.26857371474294855,0.21792358471694337,0.46689337867573516
133163,0.13550710142028405,0.4356071214242848,0.9465493098619724
113455,0.9198239647929587,0.11766353270654131,0.19143828765753151
136804,0.8883376675335066,0.17251450290058012,0.23428685737147428
146835,0.21100220044008802,0.22176435287057414,0.20732146429285858
136531,0.3897979595919184,0.2650130026005201,0.33634726945389076
149843,0.6372074414882976,0.7794358871774355,0.9551910382076416
146730,0.49833966793358675,0.8551710342068414,0.7730746149229846
113469,0.1991998399679936,0.04864972994598919,0.8851770354070814
114870,0.5382276455291058,0.3899579915983197,0.4566513302660532
126310,0.02176435287057411,0.3326665333066613,0.8264452890578116
103760,0.16707341468293654,0.7861572314462894,0.9974794958991798
100852,0.6750550110022004,0.7216643328665734,0.7423884776955391
115372,0.9714342868573715,0.525625125025005,0.46653330666133225
130944,0.8469693938787758,0.03920784156831366,0.1898379675935187
123802,0.16615323064612922,0.883136627325465,0.06165233046609321
140167,0.8659731946389279,0.3759551910382076,0.2088017603520704
103034,0.47153430686137227,0.7820764152830566,0.6885377075415083
129082,0.12910582116423283,0.03996799359871974,0.08501700340068014
113377,0.8408881776355271,0.03880776155231046,0.16159231846369274
142652,0.8014402880576115,0.27741548309661934,0.7761552310462093
114510,0.5470694138827765,0.09657931586317263,0.24848969793958792
113446,0.15703140628125623,0.6613322664532907,0.8028005601120224
113417,0.8978195639127826,0.22420484096819362,0.33782756551310267
110000,0.21512302460492094,0.4902980596119224,0.7757151430286058
109911,0.6540508101620324,0.5169833966793358,0.8354070814162833
123462,0.3214642928585717,0.11246249249849971,0.2225645129025805
124556,0.4559311862372475,0.7033406681336267,0.4304860972194439
131501,0.987357471494299,0.9434286857371474,0.10778155631126224
132853,0.16179235847169435,0.9701940388077617,0.3289857971594319
145333,0.4997799559911983,0.9364672934586917,0.7691138227645529
120580,0.1240248049609922,0.6386077215443089,0.760112022404481
103662,0.5137027405481096,0.026165233046609317,0.08837767553510702
148878,0.756391278255651,0.034886977395479093,0.23400680136027205
129424,0.23120624124824965,0.32162432486497294,0.2588517703540708
147723,0.7352670534106821,0.4196439287857572,0.8740948189637927
112787,0.7589117823564713,0.2997799559911982,0.585757151430286
122745,0.856011202240448,0.6698539707941588,0.5494698939787958
100201,0.9653530706141228,0.7953590718143629,0.663252650530106
145591,0.298619723944789,0.5399479895979196,0.5204240848169635
114020,0.3074614922984597,0.06137227445489097,0.08205641128225644
100475,0.20744148829765952,0.6875775155031006,0.35047009401880375
101874,0.23512702540508104,0.5686737347469494,0.5989197839567914
114103,0.9329865973194639,0.2979395879175835,0.2400880176035207
134073,0.6216043208641728,0.2163632726545309,0.5095819163832767
119131,0.8782556511302261,0.8904980996199239,0.7911982396479296
125903,0.15747149429885976,0.7782356471294258,0.9805561112222445
104286,0.9691538307661532,0.15283056611322265,0.12150430086017204
113609,0.600240048009602,0.5824764952990598,0.55875175035007
141867,0.6044808961792358,0.03852770554110822,0.1497899579915983
149670,0.24580916183236648,0.3403880776155231,0.8239247849569914
102034,0.29277855571114225,0.5961592318463692,0.39363872774554914
106251,0.6583716743348669,0.46805361072214446,0.6034406881376275
142969,0.1239847969593919,0.49773954790958197,0.4484496899379876
143084,0.18115623124624927,0.524744948989798,0.34706941388277657
141509,0.6829365873174635,0.1835167033406681,0.21072214442888576
110365,0.5201040208041608,0.4205241048209642,0.6914182836567313
148768,0.8931786357271454,0.20004000800160032,0.8047609521904381
127505,0.5271054210842169,0.16195239047809562,0.8282856571314262
135062,0.35271054210842173,0.16003200640128024,0.26201240248049606
147872,0.6851370274054811,0.43348669733946793,0.8250050010001999
109770,0.4237247449489898,0.35495099019803955,0.8833366673334667
102007,0.7803160632126425,0.7372274454890978,0.6596519303860773
132105,0.4362072414482897,0.4489697939587918,0.4378475695139028
111111,0.33634726945389076,0.07065413082616523,0.1664732946589318
125183,0.0015603120624124822,0.7094218843768754,0.9810762152430487
146214,0.9320664132826566,0.8948989797959592,0.17143428685737144
113164,0.8078015603120625,0.6419283856771354,0.9627925585117024
143344,0.41800360072014403,0.9810362072414482,0.10362072414482895
124404,0.9805561112222444,0.27349469893978795,0.24876975395079015
141027,0.14226845369073815,0.6004400880176035,0.8905781156231247
117241,0.5399079815963193,0.30974194838967795,0.4319663932786557
137521,0.6701740348069615,0.5693538707741548,0.6608921784356871
130797,0.44192838567713544,0.23228645729145825,0.20600120024004803
118043,0.897259451890378,0.04520904180836166,0.23196639327865576
123954,0.15539107821564313,0.6921784356871374,0.5996399279855972
141865,0.10146029205841167,0.6010802160432086,0.9216243248649729
112110,0.33466693338667736,0.589877975595119,0.7756751350270054
123139,0.17575515103020603,0.9055411082216444,0.1301060212042408
113505,0.15383076615323063,0.9302660532106422,0.46041208241648335
124323,0.4468493698739748,0.4714542908581717,0.5218243648729746
146355,0.33430686137227444,0.4621724344868974,0.8246049209841969
128467,0.5177035407081416,0.8943388677735548,0.6069613922784557
142237,0.02024404880976195,0.7285457091418284,0.9934786957391479
104091,0.9121824364872975,0.6452890578115623,0.9536707341468293
129549,0.05189037807561512,0.7049009801960392,0.9522304460892179
124625,0.1760752150430086,0.31530306061212243,0.8915783156631327
106765,0.31374274854970996,0.28201640328065614,0.7241848369673936
132869,0.14662932586517305,0.6767353470694139,0.49993998799759953
102836,0.5396279255851171,0.614762952590518,0.5393478695739148
133632,0.21940388077615525,0.23340668133626724,0.19335867173434687
136893,0.29057811562312463,0.22956591318263653,0.3075815163032607
142462,0.07749549909981995,0.3105821164232846,0.19891978395679133
132532,0.07589517903580714,0.464372874574915,0.7313862772554511
129574,0.8098819763952791,0.9255851170234046,0.06697339467893579
105053,0.6495699139827966,0.7598319663932787,0.5634326865373075
100488,0.913862772554511,0.9474294858971795,0.9381076215243047
138213,0.3917983596719343,0.8224844968993799,0.7773154630926186
123365,0.6677735547109422,0.43964792958591714,0.7974394878975796
132177,0.4378875775155031,0.12334466893378676,0.16487297459491898
107878,0.48201640328065615,0.8214842968593719,0.9956391278255652
104042,0.5147029405881176,0.40204040808161634,0.3977595519103821
104743,0.06413282656531306,0.3481496299259852,0.4636527305461092
141151,0.13546709341868374,0.20504100820164034,0.8298059611922384
107268,0.5576315263052611,0.3367073414682936,0.8401680336067214
148903,0.8753350670134027,0.9941588317663533,0.707381476295259
134776,0.08245649129825965,0.8154030806161232,0.985877175435087
100563,0.07329465893178636,0.45185037007401485,0.9851970394078816
110131,0.499619923984797,0.2530906181236247,0.4081616323264653
149349,0.5869173834766953,0.5936387277455492,0.7419483896779355
137280,0.7836367273454691,0.9479095819163833,0.10694138827765551
107930,0.7865973194638928,0.9934386877375474,0.6310462092418484
132609,0.9077015403080616,0.3017403480696139,0.38855771154230845
107644,0.18451690338067614,0.1846369273854771,0.7027805561112221
125352,0.3939187837567514,0.1405881176235247,0.16087217443488697
134804,0.7116623324664932,0.5819563912782557,0.513502700540108
113155,0.3685137027405481,0.46633326665333064,0.5252650530106021
114206,0.4699339867973595,0.7513102620524105,0.6796959391878376
140261,0.7561112222444488,0.7415083016603321,0.9676335267053411
106018,0.5373474694938988,0.4817763552710542,0.7766753350670134
142301,0.669493898779756,0.4336867373474695,0.8608121624324866
104937,0.9082616523304661,0.10262052410482095,0.1381476295259052
140629,0.4849369873974795,0.34142828565713135,0.4898579715943189
129078,0.9651130226045209,0.9440688137627526,0.0819763952790558
133222,0.46717343468693734,0.14334866973394678,0.28481696339267853
138020,0.7453490698139629,0.6945789157831567,0.8794158831766353
144235,0.09049809961992397,0.6451690338067614,0.9227845569113823
128248,0.8531306261252251,0.6794158831766354,0.7108221644328866
111364,0.24944988997799558,0.67625525105021,0.9693938787757552
128302,0.48005601120224045,0.11062212442488498,0.28109621924384876
106894,0.07801560312062412,0.6560912182436487,0.8748549709941987
111335,0.3382276455291058,0.22360472094418882,0.3156631326265253
147871,0.5054210842168434,0.29901980396079214,0.38395679135827165
117105,0.1874374874974995,0.9219843968793758,0.12430486097219443
125763,0.5953590718143629,0.2508901780356071,0.5736347269453891
108897,0.887737547509502,0.5118223644728946,0.5216643328665733
103106,0.7574314862972594,0.4830566113222645,0.2749749949989998
130785,0.9837967593518704,0.4348069613922784,0.19911982396479294
149142,0.1303860772154431,0.5832366473294659,0.9260252050410082
122572,0.7792758551710341,0.2014002800560112,0.7878375675135028
105224,0.9595519103820764,0.8445689137827566,0.7955991198239648
125390,0.06437287457491499,0.4807761552310463,0.8627325465093019
120702,0.4725345069013803,0.16431286257251448,0.311502300460092
114831,0.6755351070214043,0.5039007801560312,0.3891978395679136
144283,0.5014202840568114,0.1170634126825365,0.17155431086217243
109125,0.456491298259652,0.40048009601920387,0.5615123024604921
119432,0.7801960392078415,0.8368473694738947,0.7913982796559312
148411,0.8713342668533707,0.6906181236247249,0.6717743548709741
100987,0.5686737347469494,0.45937187437487503,0.842128425685137
125252,0.49501900380076014,0.12946589317863572,0.18531706341268253
118794,0.6876975395079016,0.4300460092018404,0.9481896379275856
106442,0.5842768553710742,0.31854370874174837,0.67625525105021
141421,0.7743548709741949,0.43500700140028004,0.6758551710342068
129073,0.8018003600720144,0.5527905581116224,0.351750350070014
101006,0.08521704340868172,0.8434086817363473,0.9961192238447689
119627,0.7101820364072815,0.08121624324864972,0.24816963392678537
145656,0.8281656331266253,0.2679735947189438,0.6466093218643729
102401,0.14630926185237048,0.2729745949189838,0.12798559711942387
126806,0.5693938787757551,0.8380076015203041,0.7342268453690737
138241,0.7868373674734946,0.9278255651130226,0.03844768953790759
116943,0.8965793158631726,0.561992398479696,0.5301460292058411
133998,0.5418283656731346,0.3920384076815363,0.3636327265453091
132991,0.730106021204241,0.8841368273654732,0.1852770554110822
126089,0.13114622924584915,0.13386677335467093,0.7933186637327465
105425,0.18575715143028604,0.6699739947989598,0.3586317263452691
144576,0.3788357671534307,0.9685137027405482,0.8140028005601121
116189,0.18515703140628126,0.6458491698339668,0.733626725345069
142653,0.28297659531906383,0.1427885577115423,0.34494898979795957
114302,0.8110022004400881,0.048729745949189836,0.1154630926185237
130064,0.7119423884776955,0.06785357071414283,0.09573914782956593
127283,0.15303060612122427,0.7478695739147829,0.5689137827565512
131679,0.8178035607121424,0.14706941388277656,0.23756751350270053
126717,0.29377875575115026,0.3160632126425285,0.8762152430486098
112240,0.4530906181236247,0.7262252450490098,0.9121024204840968
108325,0.17915583116623326,0.11734346869373874,0.4634926985397079
133214,0.9651930386077215,0.9851170234046809,0.3775955191038208
106164,0.35383076615323067,0.09581916383276655,0.2528905781156231
122454,0.15703140628125628,0.3771554310862172,0.3017003400680136
122808,0.9633526705341068,0.4659731946389278,0.31634326865373075
126130,0.8239247849569915,0.6404080816163232,0.6978595719143829
130128,0.09785957191438288,0.847129425885177,0.9964792958591719
141571,0.9930386077215443,0.4921384276855371,0.8210442088417683
132754,0.2123624724944989,0.1673534706941388,0.3185837167433486
122118,0.29181836367273456,0.46081216243248646,0.5165033006601321
108857,0.35103020604120827,0.2759751950390078,0.8460892178435686
132367,0.3089417883576715,0.635487097419484,0.6025605121024205
125021,0.029765953190638128,0.4470094018803761,0.8976995399079817
114582,0.4216043208641728,0.2014802960592118,0.3322664532906582
121789,0.603000600120024,0.9539107821564312,0.2353670734146829
109263,0.1583116623324665,0.6391678335667134,0.9137027405481095
104675,0.2880576115223045,0.2064412882576515,0.8582916583316663
139945,0.4197239447889578,0.9228645729145829,0.27181436287257454
132141,0.7884376875375074,0.1098619723944789,0.27081416283256654
142076,0.24736947389477898,0.0598519703940788,0.15031006201240243
103238,0.8870974194838968,0.4360872174434887,0.8550910182036408
121598,0.8979395879175835,0.9573114622924586,0.7646729345869174
121352,0.9102620524104821,0.8300860172034407,0.6937787557511502
129526,0.6439687937587517,0.6307261452290458,0.5997999599919983
123541,0.3543508701740349,0.124624924984997,0.180876175235047
149306,0.2642128425685137,0.27469493898779757,0.4768553710742149
141760,0.21908381676335265,0.13290658131626326,0.14398879775955192
120774,0.9480696139227844,0.8905781156231247,0.9922784556911383
115725,0.40368073614722944,0.29041808361672333,0.9098219643928785
128185,0.16843368673734746,0.3967193438687738,0.8381676335267053
131789,0.42840568113622723,0.08065613122624525,0.24972994598919784
103449,0.8358071614322866,0.5679135827165434,0.4529305861172234
117572,0.7551110222044409,0.9475095019003801,0.026965393078615722
115682,0.1780756151230246,0.8006401280256051,0.6958991798359672
137145,0.8081616323264653,0.6181636327265454,0.8787757551510302
116522,0.6957791558311661,0.07201440288057612,0.10062012402480497
104812,0.10070014002800559,0.6002800560112023,0.957271454290858
124492,0.9449489897979596,0.8780956191238247,0.7969593918783756
133827,0.6664532906581316,0.6390478095619123,0.9244248849769954
142934,0.9180636127225444,0.2525305061012202,0.4355671134226845
107592,0.6814562912582516,0.977635527105421,0.9913982796559312
148589,0.6430486097219444,0.6936587317463492,0.4555711142228446
148212,0.5162632526505301,0.8758551710342068,0.14998999799959992
114630,0.40456091218243645,0.9472694538907782,0.05381076215243048
115016,0.44552910582116434,0.28009601920384075,0.5017803560712142
121569,0.8845369073814764,0.4388477695539108,0.46797359471894384
140930,0.17015403080616123,0.4368473694738948,0.5105421084216843
140881,0.3445089017803561,0.2709341868373675,0.20588117623524707
118766,0.7205841168233647,0.08325665133026605,0.14230846169233846
111309,0.4775755151030206,0.17187437487497495,0.3999199839967994
105366,0.1038607721544309,0.12866573314662932,0.13090618123624725
101019,0.8079215843168633,0.6247649529905982,0.37635527105421085
148084,0.6009201840368074,0.08033606721344268,0.4658131626325265
103385,0.8322864572914583,0.12862572514502899,0.319623924784957
108467,0.6440488097619523,0.9474694938987798,0.24292858571714343
132890,0.688377675535107,0.9989197839567914,0.913382676535307
101681,0.7049809961992398,0.7014602920584116,0.8373674734946989
148108,0.9272254450890178,0.28573714742948586,0.8935787157431486
104400,0.057651530306061204,0.8901380276055211,0.02636527305461092
113718,0.6760552110422084,0.44100820164032806,0.7999199839967994
105337,0.07893578715743148,0.8379275855171034,0.01876375275055011
126840,0.05957191438287657,0.8417683536707342,0.9966393278655732
105025,0.06609321864372873,0.4046009201840368,0.9314262852570514
145065,0.5402680536107222,0.7208641728345668,0.6718543708741748
149540,0.1732746549309862,0.1836367273454691,0.12218443688737746
116948,0.12990598119623925,0.8545709141828366,0.03032606521304261
123315,0.5440688137627525,0.030206041208241646,0.24728945789157833
146970,0.9518303660732146,0.5011402280456091,0.34038807761552314
126581,0.1897979595919184,0.2557711542308462,0.44076815363072613
136710,0.8736547309461893,0.6869373874774956,0.3092218443688738
126278,0.2998599719943989,0.6695339067813563,0.907621524304861
129315,0.44136827365473097,0.3122224444888978,0.42560512102420484
141044,0.48025605121024206,0.18199639927985595,0.29445889177835566
134745,0.9305861172234448,0.7092218443688738,0.617363472694539
105193,0.45149029805961194,0.6078415683136627,0.303620724144829
101269,0.613242648529706,0.40116023204640927,0.3333066613322665
138364,0.02860572114422884,0.6738947789557912,0.9675535107021405
143949,0.6482096419283857,0.2851770354070814,0.4296459291858372
134583,0.42932586517303467,0.04560912182436487,0.10366073214642929
123989,0.66125225045009,0.4446889377875575,0.2679735947189438
149577,0.32302460492098417,0.05145029005801159,0.13010602120424083
141692,0.8038007601520304,0.09249849969993998,0.1933986797359472
102040,0.8683336667333467,0.7318263652730547,0.761392278455691
101214,0.8022404480896179,0.5673134626925386,0.5135427085417082
145152,0.9885577115423084,0.572754550910182,0.802120424084817
102228,0.8262852570514103,0.4473294658931786,0.42376475295059013
104247,0.2589317863572715,0.9689137827565513,0.5430286057211443
104567,0.20540108021604322,0.13050610122024403,0.13874774954990998
146608,0.8838167633526706,0.016683336667333466,0.14382876575315062
137756,0.4344868973794759,0.42568513702740546,0.5960792158431686
113464,0.16851370274054814,0.6920984196839367,0.4573314662932586
138397,0.6892178435687137,0.9588317663532706,0.7745549109821964
114718,0.08585717143428684,0.7019803960792159,0.8746949389877976
100564,0.1615523104620924,0.941388277655531,0.8353270654130827
144682,0.7653130626125225,0.9017803560712142,0.020084016803360673
114458,0.7307061412282456,0.8678935787157432,0.04148829765953191
116281,0.049889977995599126,0.15023004600920184,0.8344068813762753
139160,0.6638927785557112,0.7974394878975795,0.744748949789958
120542,0.40944188837767553,0.12614522904580916,0.12678535707141428
110575,0.910502100420084,0.6952590518103621,0.5708341668333666
142109,0.32218443688737747,0.34046809361872377,0.43232646529305857
121297,0.09345869173834767,0.13466693338667735,0.49361872374474897
130433,0.7748349669933987,0.49157831566313265,0.5625925185037007
129038,0.8180036007201441,0.4102020404080816,0.5332266453290658
140847,0.15211042208441689,0.16123224644928985,0.290378075615123
136277,0.6267653530706141,0.8619323864772954,0.717623524704941
135270,0.819003800760152,0.19263852770554107,0.5373074614922985
132294,0.8002400480096019,0.5756751350270053,0.5589917983596719
143858,0.6800560112022405,0.9600320064012803,0.9929185837167434
119707,0.5022604520904181,0.9326665333066613,0.7335067013402681
119763,0.8919383876775355,0.6485697139427886,0.5632726545309061
127463,0.25729145829165834,0.4395679135827165,0.2021604320864173
142598,0.10162032406481296,0.899499899979996,0.7020604120824165
147846,0.8524904980996199,0.7551510302060411,0.5423484696939388
109720,0.6054010802160432,0.4564512902580516,0.5411882376475295
113011,0.405121024204841,0.5619123824764953,0.49305861172234444
141777,0.3184236847369474,0.9412282456491299,0.12794558911782355
138274,0.6922984596919384,0.20228045609121825,0.33598719743948785
143889,0.32242448489697945,0.40500100020004004,0.2610122024404881
128103,0.5430286057211442,0.4946989397879576,0.8846169233846769
131939,0.8598119623924785,0.41800360072014403,0.25157031406281255
149850,0.7241048209641927,0.6221644328865773,0.47817563512702543
115051,0.1993998799759952,0.25629125825165033,0.701380276055211
130399,0.8865373074614923,0.4293258651730346,0.3683936787357472
127093,0.04680936187237447,0.856371274254851,0.08217643528705741
129797,0.9735547109421885,0.5167433486697339,0.5076615323064613
121431,0.3084216843368674,0.9665933186637328,0.0704140828165633
106090,0.8820964192838567,0.9214642928585717,0.9916783356671335
140140,0.2626525305061012,0.6751750350070014,0.9641928385677135
123598,0.7557911582316463,0.8268453690738148,0.6917783556711342
133991,0.34270854170834164,0.2296859371874375,0.3768353670734147
121605,0.8944188837767554,0.8694138827765553,0.15387077415483097
132496,0.8275255051010202,0.4655731146229246,0.520384076815363
115268,0.5615923184636927,0.06885377075415082,0.12142428485697138
141786,0.6310862172434487,0.08005601120224044,0.16287257451490297
141534,0.07913582716543308,0.6190838167633527,0.6103220644128825
113163,0.5545109021804361,0.9966793358671735,0.6074414882976595
146298,0.5974394878975795,0.724504900980196,0.9669133826765354
129984,0.07741548309661933,0.41644328865773156,0.34866973394678935
149693,0.4178035607121424,0.3429485897179436,0.5816763352670534
144383,0.989877975595119,0.3921984396879376,0.26877375475095017
117599,0.21252250450090018,0.8490898179635927,0.031006201240248048
125450,0.657131426285257,0.9343068613722745,0.03412682536507301
104753,0.47689537907581514,0.3667133426685337,0.37919583916783356
124966,0.431006201240248,0.7663932786557311,0.7860772154430886
104336,0.9594718943788758,0.8054010802160432,0.7369873974794959
125951,0.4505701140228046,0.37951590318063616,0.46681336267253454
104264,0.9726345269053811,0.6016003200640128,0.580876175235047
102807,0.4492098419683937,0.9581916383276655,0.6921384276855371
139493,0.4418883776755351,0.4397279455891178,0.3315063012602521
129959,0.43444688937787557,0.17387477495499098,0.47825565113022606
122157,0.3264252850570114,0.288497699539908,0.2606921384276855
104448,0.6094418883776755,0.9384676935387077,0.7433886777355472
130269,0.03860772154430886,0.6480896179235848,0.41908381676335266
112672,0.9495899179835967,0.2521704340868174,0.2775755151030206
130823,0.8622924584916984,0.6736547309461892,0.5555111022204441
115128,0.36099219843968794,0.878375675135027,0.047369473894778955
101946,0.5301460292058412,0.7317063412682537,0.7850770154030806
139233,0.10402080416083218,0.744868973794759,0.5432686537307461
132317,0.04212842568513703,0.2747749549909982,0.8756551310262053
135653,0.24860972194438885,0.6042808561712343,0.45301060212042404
118053,0.3933186637327466,0.4664132826565313,0.33518703740748146
132359,0.665613122624525,0.9529905981196238,0.05509101820364072
100534,0.03344668933786757,0.2902580516103221,0.9523504700940187
133406,0.16023204640928185,0.9410682136427285,0.03004600920184037
117431,0.5813562712542509,0.2769753950790158,0.42252450490098026
112809,0.18687737547509503,0.30398079615923185,0.17919583916783355
138140,0.5534306861372275,0.5158631726345269,0.6836167233446689
145829,0.35135027005401076,0.6795759151830366,0.5674734946989397
115762,0.9844368873774756,0.32222444488897783,0.3338667733546709
119288,0.23500700140028002,0.8182036407281457,0.6421284256851371
146468,0.6364472894578916,0.6031206241248249,0.60876175235047
115530,0.7645929185837167,0.2472894578915783,0.792878575715143
100954,0.21624324864972994,0.5303860772154431,0.39551910382076416
143036,0.34294858971794356,0.2966593318663733,0.8118423684736947
103225,0.1900380076015203,0.5894378875775155,0.8410882176435286
110751,0.28497699539907984,0.028685737147429485,0.1313862772554511
112804,0.4308461692338467,0.8538107621524305,0.8024004800960192
125033,0.9939187837567514,0.4480096019203841,0.22180436087217442
125326,0.46669333866773355,0.16875375075015003,0.8773754750950191
137944,0.11766353270654129,0.5490698139627925,0.9354670934186837
137702,0.3279455891178235,0.5462292458491698,0.5687537507501501
136442,0.3996399279855971,0.79375875175035,0.9801960392078416
131128,0.9041408281656331,0.9265853170634126,0.8114422884576915
140562,0.4366473294658932,0.19575915183036607,0.23796759351870375
132551,0.6532106421284256,0.6528105621124224,0.7387077415483096
111015,0.5805961192238447,0.6316863372674535,0.8651730346069214
136430,0.38355671134226843,0.49853970794158836,0.9102620524104821
145917,0.5195839167833567,0.12718543708741747,0.3309861972394479
100574,0.3936787357471494,0.6477295459091819,0.40028005601120226
108843,0.7946789357871574,0.5978395679135827,0.3787157431486297
114527,0.5785957191438288,0.3256651330266053,0.565993198639728
118401,0.29161832366473295,0.669493898779756,0.6242448489697939
140090,0.879255851170234,0.6702540508101621,0.7087817563512702
139030,0.6773754750950189,0.2572914582916584,0.316623324664933
123030,0.5416283256651331,0.5563912782556512,0.7131826365273054
116217,0.1545509101820364,0.8850970194038809,0.4498499699939988
141967,0.7017803560712141,0.26741348269653925,0.27073414682936586
148667,0.27401480296059216,0.43548709741948394,0.467253450690138
135792,0.9759151830366073,0.6622924584916984,0.8650530106021204
143391,0.42280456091218244,0.37279455891178237,0.37975595119023803
132382,0.3135427085417083,0.5447089417883577,0.15759151830366072
138371,0.47533506701340267,0.5417883576715343,0.4272854570914183
145626,0.3017403480696139,0.8944988997799561,0.9917583516703341
111741,0.8918583716743349,0.04944988997799559,0.12698539707941586
120934,0.11162232446489295,0.5422684536907382,0.9623524704940989
132069,0.4653330666133227,0.6116023204640928,0.6194838967793559
116055,0.45369073814762956,0.0243248649729946,0.10786157231446289
126341,0.6500900180036007,0.23980796159231843,0.2892178435687138
114470,0.9663532706541309,0.6721744348869774,0.6907781556311261
137559,0.9741948389677936,0.27557511502300464,0.21808361672334467
130903,0.2664532906581316,0.4154430886177235,0.9411882376475296
137111,0.08585717143428684,0.8568513702740548,0.9977595519103821
120627,0.19095819163832764,0.9067813562712543,0.08253650730146028
118616,0.2795759151830366,0.7117023404680937,0.7807961592318464
145483,0.41664332866573317,0.31278255651130227,0.8327265453090619
141866,0.1664732946589318,0.1968393678735747,0.14686937387477494
149077,0.24092818563712745,0.18787757551510303,0.5159031806361272
136833,0.2488897779555911,0.6484496899379877,0.9090218043608722
138836,0.36939387877575514,0.8930586117223445,0.06309261852370474
112540,0.39331866373274654,0.8222844568913783,0.808881776355271
137528,0.34374874974995,0.7527905581116223,0.521504300860172
131563,0.04376875375075015,0.6081216243248649,0.9182636527305461
126423,0.9139427885577116,0.8032806561312262,0.7240648129625925
119671,0.9653930786157232,0.42880576115223046,0.3006601320264053
116892,0.6182436487297459,0.1655131026205241,0.8008801760352071
118084,0.9334266853370674,0.9080616123224645,0.20692138427685539
127695,0.10422084416883375,0.46201240248049613,0.5250250050010001
131493,0.24232846569313865,0.36051210242048415,0.5600720144028806
144977,0.25257051410282055,0.5972794558911783,0.9007401480296059
109081,0.1116623324664933,0.6861372274454891,0.8066013202640527
109727,0.690618123624725,0.762112422484497,0.9757151430286057
138398,0.25165033006601323,0.04864972994598919,0.08545709141828364
117839,0.6602520504100821,0.4375675135027005,0.27257451490298057
136029,0.49533906781356274,0.5125025005001,0.888257651530306
124679,0.18891778355671135,0.6907781556311262,0.7800760152030407
119100,0.3227845569113823,0.26989397879575916,0.5100620124024805
120730,0.21236247249449888,0.2254850970194039,0.15207041408281655
131268,0.052450490098019595,0.7985997199439888,0.9705941188237648
141538,0.5841568313662733,0.29325865173034604,0.5675135027005401
102304,0.6797359471894379,0.6199639927985596,0.623364672934587
148025,0.17139427885577116,0.70874174834967,0.5178235647129426
137020,0.6782156431286257,0.551110222044409,0.7203040608121625
120004,0.06557311462292457,0.7925185037007402,0.9731946389277856
119996,0.9711942388477696,0.1973994798959792,0.14910982196439287
112030,0.9827565513102621,0.4131626325265053,0.7997999599919984
145985,0.057371474294858976,0.9289457891578315,0.035487097419483894
136179,0.789117823564713,0.6378075615123024,0.8979395879175835
136524,0.7026605321064213,0.527385477095419,0.5145429085817164
109480,0.6016803360672135,0.5714342868573714,0.8661332266453291
144413,0.9393478695739148,0.961872374474895,0.08937787557511503
123925,0.31818363672734545,0.9129825965193039,0.5107421484296859
140803,0.9035407081416283,0.8683736747349471,0.8297259451890378
100672,0.4850970194038808,0.8736547309461893,0.792638527705541
123516,0.45133026605321064,0.4041608321664333,0.43440688137627526
121920,0.0859371874374875,0.7038607721544309,0.5467093418683736
125846,0.8740148029605921,0.23836767353470698,0.26297259451890376
146418,0.04472894578915783,0.8402880576115224,0.7127025405081017
137445,0.4019603920784157,0.12746549309861974,0.3009801960392079
117167,0.08417683536707342,0.33838767753550714,0.2064012802560512
106641,0.3470694138827765,0.1152630526105221,0.2530506101220244
143840,0.31642328465693137,0.1380276055211042,0.3989597919583917
101886,0.2939787957591518,0.050810162032406486,0.7957191438287659
124588,0.4834166833366673,0.24260852170434088,0.2885777155431086
114537,0.3699139827965593,0.38659731946389275,0.2679735947189438
117080,0.5718743748749749,0.536747349469894,0.499739947989598
130971,0.48913782756551305,0.337867573514703,0.9225845169033808
116597,0.10954190838167632,0.3349869973994799,0.8619323864772954
116263,0.08025605121024204,0.9784756951390279,0.5792358471694339
130134,0.7599519903980797,0.9008201640328065,0.007041408281656331
106537,0.028245649129825967,0.23600720144028806,0.4102820564112823
118632,0.25901180236047205,0.17579515903180634,0.603000600120024
136339,0.16663332666533304,0.9104220844168834,0.008441688337667534
115419,0.15359071814362873,0.2638527705541108,0.21560312062412482
111834,0.5261852370474095,0.6081616323264653,0.8827365473094619
130346,0.05941188237647528,0.9765153030606122,0.03512702540508102
149063,0.18419683936787357,0.8601720344068814,0.992998599719944
108080,0.967753550710142,0.6006001200240049,0.592878575715143
137081,0.04460892178435687,0.8549309861972394,0.021964392878575715
133539,0.16863372674534904,0.7685137027405481,0.6407681536307261
131162,0.8624924984996999,0.5271854370874175,0.3052610522104421
125874,0.3531506301260252,0.8871774354870974,0.05853170634126825
118091,0.7482696539307863,0.6496899379875976,0.6441688337667535
129081,0.7791958391678335,0.017043408681736347,0.1218243648729746
145493,0.9079415883176636,0.8063212642528506,0.796119223844769
117382,0.6169633926785357,0.1826365273054611,0.2474494898979796
135952,0.818483696739348,0.376755351070214,0.503620724144829
120641,0.20752150430086017,0.14046809361872375,0.10618123624724946
112141,0.45213042608521703,0.9977195439087818,0.5795559111822365
142679,0.7177835567113423,0.5545109021804361,0.4316863372674535
112121,0.230126025205041,0.4303260652130426,0.9343068613722745
141737,0.42484496899379876,0.4529305861172235,0.861372274454891
127592,0.1013002600520104,0.7875175035007003,0.5857971594318864
105534,0.36995399079815966,0.8450890178035607,0.9820364072814562
101096,0.05633126625325065,0.19079815963192637,0.8521704340868174
115945,0.6387677535507101,0.3402280456091218,0.4094818963792759
128096,0.9058611722344468,0.23000600120024006,0.1988397679535907
147736,0.4054010802160432,0.3631126225245049,0.42212442488497703
142360,0.7733146629325865,0.6148829765953191,0.5217043408681736
123696,0.12282456491298258,0.5612722544508902,0.9683536707341468
125778,0.3184636927385477,0.1647129425885177,0.6854570914182837
142781,0.5009801960392078,0.19455891178235646,0.22024404880976195
104383,0.24412882576515305,0.7207041408281656,0.9463892778555711
112464,0.4424084816963393,0.2119623924784957,0.13242648529705942
143433,0.5160232046409281,0.9717143428685737,0.9787157431486297
124445,0.6276055211042207,0.7501900380076015,0.9082216443288658
138482,0.8830966193238649,0.6887377475495099,0.7359471894378876
123536,0.3976795359071814,0.39795959191838365,0.30210042008401683
123014,0.11998399679935987,0.17783556711342266,0.37171434286857374
116893,0.3405081016203241,0.05281056211242247,0.0382876575315063
139963,0.08837767553510703,0.4789357871574315,0.5514702940588116
115417,0.24996999399879977,0.14666933386677336,0.18323664732946593
125598,0.026285257051410278,0.7826365273054612,0.9762352470494099
110542,0.7838367673534707,0.44296859371874375,0.7163432686537308
137707,0.346749349869974,0.34094818963792756,0.912622524504901
140800,0.4626525305061012,0.6794558911782357,0.9161432286457292
145417,0.6765753150630127,0.06657331466293258,0.3683536707341469
106045,0.34410882176435287,0.5873974794958993,0.25949189837967596
134544,0.1711142228445689,0.22972594518903783,0.6778955791158232
131232,0.3253850770154031,0.41284256851370277,0.6920184036807362
142933,0.354750950190038,0.11898379675935186,0.13946789357871572
138764,0.020604120824164834,0.4636527305461092,0.9783556711342268
122753,0.8880976195239048,0.8147229445889177,0.7790358071614323
108278,0.9129025805161033,0.4446889377875575,0.49637927585517105
106634,0.3464292858571714,0.5934786957391479,0.9662732546509302
148094,0.042328465693138626,0.23376675335067015,0.2712542508501701
105599,0.4725745149029806,0.8156431286257252,0.6821764352870574
134130,0.42580516103220645,0.7699539907981596,0.747269453890778
104217,0.2159631926385277,0.17463492698539707,0.33214642928585714
149097,0.9415883176635327,0.9120224044808962,0.04240848169633926
144034,0.9344268853770754,0.9093418683736747,0.7145429085817163
113023,0.6565313062612522,0.7986397279455891,0.6774954990998199
132503,0.2050410082016403,0.1467893578715743,0.31122224444888974
147892,0.9955591118223646,0.3328265653130626,0.7584316863372673
119296,0.8668133626725345,0.23336667333466693,0.35415083016603316
123262,0.2135227045409082,0.6305661132226446,0.905381076215243
124881,0.9979195839167834,0.2108421684336867,0.10174034806961392
148295,0.41860372074414876,0.3777155431086217,0.3327865573114623
143286,0.336627325465093,0.295499099819964,0.30166033206641324
107116,0.712742548509702,0.9031006201240249,0.7531506301260251
105897,0.5614722944588918,0.5422284456891379,0.6359671934386878
110407,0.16747349469893977,0.5651530306061212,0.4095619123824765
110618,0.8145229045809163,0.4088017603520704,0.587997599519904
141284,0.9945189037807561,0.32918583716743344,0.2207241448289658
126242,0.8729745949189838,0.8118423684736946,0.7655131026205241
125887,0.13170634126825365,0.8306861372274456,0.7164632926585317
127402,0.8380076015203041,0.13622724544908982,0.24804960992198438
131586,0.4821364272854571,0.9405481096219244,0.07233446689337868
109557,0.08381676335267052,0.8448489697939587,0.18095619123824763
103432,0.326625325065013,0.320744148829766,0.6208441688337667
104180,0.9218643728745749,0.9832766553310661,0.2598919783956791
121094,0.41156231246249253,0.32626525305061016,0.3567113422684537
149841,0.124624924984997,0.19607921584316865,0.2550910182036407
125007,0.7554310862172435,0.2576515303060612,0.34282856571314263
137820,0.7940388077615523,0.8044808961792358,0.9154630926185237
148397,0.7939587917583517,0.06313262652530505,0.16875375075015003
131160,0.09393878775755152,0.6638927785557112,0.7368273654730946
101211,0.6703340668133626,0.3921184236847369,0.3735947189437887
124035,0.6715343068613723,0.5404680936187237,0.6537707541508302
107591,0.3388677735547109,0.5555111022204441,0.7610722144428886
133169,0.2356071214242849,0.5054610922184437,0.4378875775155031
135325,0.49705941188237657,0.5160232046409282,0.703500700140028
123466,0.16539307861572314,0.9063412682536507,0.4188037607521504
135822,0.12346469293858772,0.24472894578915783,0.3583516703340668
131489,0.3263052610522104,0.5925585117023404,0.4499699939987998
142692,0.23084616923384677,0.2292858571714343,0.13074614922984598
138315,0.9943188637727547,0.2039607921584317,0.2187237447489498
107366,0.13290658131626323,0.2969393878775755,0.17447489497899582
139462,0.8995399079815963,0.15907181436287257,0.24140828165633127
142315,0.5742748549709942,0.6685737147429485,0.5522304460892179
135080,0.4028405681136228,0.16623324664932987,0.560632126425285
108966,0.16863372674534904,0.4145229045809162,0.7999599919983996
120322,0.2694538907781556,0.6689337867573515,0.9259051810362072
107057,0.9005001000200039,0.8929385877175435,0.1041008201640328
104425,0.4434486897379476,0.9008201640328066,0.052210442088417686
121139,0.4394078815763153,0.2308461692338468,0.3280256051210242
115360,0.5870374074814962,0.6130826165233046,0.4500500100020004
140171,0.9019403880776155,0.9978795759151831,0.7425485097019404
105889,0.1388277655531106,0.6486497299459892,0.8418883776755351
116726,0.9476695339067813,0.6986997399479895,0.5201440288057612
146638,0.015843168633726742,0.6438087617523505,0.940508101620324
139650,0.036687337467493496,0.31258251650330066,0.9429085817163433
132459,0.24152830566113223,0.34118823764752954,0.7563112622524505
140647,0.18683736747349472,0.47061412282456494,0.36619323864772957
149507,0.23372674534906981,0.24484896979395881,0.726865373074615
111355,0.6242448489697939,0.5015403080616123,0.45321064212842566
105931,0.8528105621124225,0.2054010802160432,0.11702340468093618
121238,0.24008801760352066,0.9568313662732547,0.06853370674134826
130357,0.822004400880176,0.9758351670334067,0.47357471494298853
145263,0.9098619723944789,0.4565713142628526,0.6824564912982597
121416,0.7561512302460492,0.9375875175035008,0.010722144428885777
113369,0.7602320464092819,0.9936787357471494,0.6851370274054811
130255,0.08829765953190638,0.8596119223844769,0.027525505101020205
149436,0.6479295859171834,0.14546909381876372,0.5063812762552511
144689,0.4141628325665133,0.9520304060812164,0.22516503300660132
132344,0.26693338667733546,0.9349469893978797,0.4833366673334667
129428,0.07585517103420683,0.10830166033206641,0.09557911582316464
149174,0.34882976595319065,0.29453890778155634,0.27453490698139627
131909,0.584116823364673,0.2839367873574715,0.6323264652930586
132226,0.28677735547109423,0.357631526305261,0.47741548309661935
100782,0.1931586317263453,0.17303460692138428,0.2764152830566113
141248,0.7068613722744548,0.2798159631926385,0.5581916383276655
143744,0.8554510902180436,0.4806961392278456,0.250250050010002
135374,0.11138227645529106,0.8513302660532107,0.5785557111422285
146350,0.2248849769953991,0.272254450890178,0.17751550310062014
122558,0.3015803160632127,0.316503300660132,0.6164032806561313
103919,0.5716343268653731,0.710982196439288,0.3363872774554911
116095,0.3161832366473295,0.4014402880576115,0.18055611122224446
142936,0.9323064612922585,0.9362672534506902,0.06721344268853771
115515,0.4474094818963793,0.3881176235247049,0.4774554910982196
143351,0.6732946589317863,0.23380676135227046,0.2846169233846769
112252,0.7050210042008402,0.6022804560912182,0.7859171834366874
114340,0.4679335867173435,0.7383076615323064,0.6262052410482096
133487,0.9981196239247849,0.9806361272254451,0.04880976195239048
128425,0.46709341868373677,0.27641528305661134,0.8630526105221045
125914,0.043368673734746954,0.691378275655131,0.6352870574114823
140780,0.28777755551110223,0.9539507901580315,0.133626725345069
120693,0.28269653930786154,0.4820164032806562,0.4351670334066813
115813,0.9181036207241449,0.596999399879976,0.8655331066213243
145512,0.962752550510102,0.5713542708541709,0.48465693138627725
107615,0.7452290458091619,0.4690138027605521,0.516623324664933
130539,0.14590918183636728,0.2524504900980196,0.5345869173834766
132466,0.5764752950590117,0.8606121224244849,0.8070014002800561
112255,0.9452690538107621,0.5135427085417084,0.3191838367673535
112547,0.2998199639927986,0.8287657531506301,0.7747549509901981
138850,0.17323464692938587,0.37651530306061215,0.7720744148829766
115517,0.371874374874975,0.1595119023804761,0.398999799959992
136650,0.6024004800960192,0.9581516303260653,0.3224244848969794
103924,0.15391078215643128,0.5314662932586518,0.8636527305461092
137293,0.11678335667133427,0.6729745949189838,0.9438287657531507
107287,0.10190038007601519,0.4544508901780356,0.8527705541108221
102324,0.7487097419483897,0.5763552710542109,0.9449489897979595
148954,0.10314062812562513,0.6046009201840369,0.4544908981796359
120323,0.5284656931386277,0.7813162632526506,0.9793158631726345
120619,0.5401480296059212,0.05821164232846569,0.7946789357871574
116275,0.5187037407481496,0.008041608321664333,0.22220444088817765
135387,0.39819963992798557,0.5857171434286857,0.43436687337467494
136659,0.7686737347469494,0.3985997199439888,0.9437087417483497
136827,0.8414082816563313,0.36015203040608124,0.8149629925985198
127407,0.3491898379675935,0.35983196639327863,0.43168633726745353
105209,0.5406681336267254,0.3329865973194639,0.4337667533506701
131285,0.8279655931186237,0.08237647529505901,0.11262252450490098
103237,0.26321264252850574,0.3797159431886378,0.5901580316063213
132826,0.1539507901580316,0.5881176235247049,0.7765553110622123
100971,0.9433486697339468,0.3339867973594719,0.16295259051810362
111321,0.16763352670534107,0.5211442288457692,0.6178035607121424
105993,0.3573914782956591,0.18235647129425883,0.22316463292658528
135719,0.4335267053410682,0.5707141428285657,0.359751950390078
112536,0.10718143628725746,0.5599119823964792,0.8353270654130825
135761,0.3947189437887577,0.5560312062412482,0.37203440688137623
146908,0.8667333466693339,0.5559111822364473,0.42192438487697537
142674,0.34366873374674933,0.12618523704740947,0.20132026405281053
140072,0.5525505101020204,0.28769753950790156,0.36035207041408285
131102,0.1874374874974995,0.8677735547109422,0.6810162032406482
145610,0.4764552910582116,0.23884776955391077,0.4558111622324465
124358,0.42948589717943586,0.41268253650730147,0.8876175235047009
128563,0.299379875975195,0.16655331066213241,0.20016003200640128
139736,0.19491898379675937,0.24780956191238246,0.37899579915983195
118291,0.3583116623324665,0.04544908981796359,0.13202640528105622
139868,0.46477295459091816,0.06837367473494699,0.27349469893978795
127431,0.3166633326665333,0.2264852970594119,0.30142028405681137
132789,0.036847369473894775,0.9571914382876575,0.2547709541908382
130733,0.5125025005001,0.36411282256451294,0.5281456291258252
120107,0.13186637327465492,0.7051810362072415,0.9613522704540909
114600,0.30750150030006,0.9393478695739148,0.07593518703740748
141518,0.5526705341068213,0.1250650130026005,0.29633926785357073
103120,0.541628325665133,0.3814762952590518,0.49341868373674735
131390,0.8134826965393078,0.3228645729145829,0.44060812162432483
104243,0.22608521704340867,0.46277255451090216,0.6225645129025805
141519,0.5639527905581115,0.34546909381876373,0.705741148229646
145807,0.7485897179435888,0.16883376675335066,0.8042008401680336
149835,0.5625125025005001,0.9182236447289458,0.7315063012602521
125591,0.3413082616523304,0.5104220844168834,0.3777955591118224
145463,0.15959191838367673,0.4293258651730346,0.9522304460892179
109871,0.25141028205641125,0.8308861772354471,0.5773954790958191
138022,0.16059211842368473,0.36203240648129625,0.37311462292458486
128220,0.9731546309261853,0.4554110822164433,0.7909181836367274
124165,0.6429285857171434,0.8409281856371275,0.021964392878575715
143288,0.15523104620924183,0.09225845169033807,0.9040608121624325
113314,0.947109421884377,0.20268053610722145,0.1274654930986197
149015,0.25433086617323464,0.5495499099819965,0.8549309861972395
107099,0.3231446289257851,0.480496099219844,0.813242648529706
119400,0.09237847569513902,0.8053210642128426,0.4107621524304861
130814,0.057731546309261854,0.0958991798359672,0.5221044208841767
133701,0.5456691338267654,0.50626125225045,0.5471894378875776
130801,0.6034006801360272,0.5612322464492898,0.7647929585917184
104882,0.558631726345269,0.5035807161432286,0.8892978595719143
134364,0.0257251450290058,0.4340068013602721,0.9415883176635328
107201,0.4576115223044609,0.1978395679135827,0.2841768353670734
100008,0.9923584716943388,0.8791358271654331,0.6092018403680736
146205,0.3452690538107621,0.6054810962192438,0.5266653330666133
113217,0.6528105621124225,0.8761752350470093,0.05193038607721544
115192,0.8946189237847569,0.9991198239647929,0.6766953390678135
108348,0.20848169633926789,0.4624124824964993,0.838367673534707
104363,0.27161432286457293,0.89373874774955,0.012922584516903379
121033,0.23360672134426885,0.9018203640728145,0.8008401680336068
149825,0.3058611722344469,0.14618923784756951,0.4469293858771754
141138,0.8090418083616724,0.8311262252450491,0.7219043808761753
104965,0.8937387477495499,0.20076015203040606,0.08429685937187437
134528,0.38395679135827165,0.9664332866573315,0.0761752350470094
135714,0.8896979395879177,0.2408881776355271,0.2768553710742148
143251,0.9683136627325466,0.992358471694339,0.6843368673734747
134450,0.009841968393678735,0.665253050610122,0.9475095019003801
118238,0.2807361472294459,0.9015403080616124,0.05673134626925384
143927,0.47213442688537705,0.6387677535507101,0.437247449489898
102095,0.8060812162432487,0.7769953990798159,0.5436687337467494
120341,0.3349869973994799,0.3202240448089618,0.9526705341068213
118949,0.27457491498299663,0.2406881376275255,0.25345069013802757
105330,0.581756351270254,0.829365873174635,0.035647129425885174
108545,0.31606321264252857,0.232246449289858,0.2342868573714743
136189,0.10926185237047409,0.8338067613522704,0.6644128825765152
115256,0.14782956591318264,0.5238247649529907,0.8766553310662133
123322,0.5549509901980396,0.6677335467093419,0.7251050210042008
110075,0.9355871174234847,0.7462292458491699,0.4758151630326065
111244,0.5130626125225045,0.3511102220444089,0.30574114822964593
120807,0.46773354670934186,0.6100820164032806,0.3652330466093218
105141,0.4185237047409482,0.06369273854770953,0.13734746949389876
135735,0.33062612522504503,0.354750950190038,0.4671334266853371
100096,0.9629125825165032,0.8060012002400481,0.7559511902380476
127968,0.8126825365073016,0.2466093218643729,0.23732746549309863
128758,0.3102220444088818,0.22180436087217442,0.21424284856971396
131767,0.424004800960192,0.3850370074014803,0.5412282456491299
105804,0.9944788957791558,0.6666533306661332,0.5834766953390678
107940,0.4798559711942389,0.015323064612922585,0.15423084616923388
136620,0.6919383876775356,0.37939587917583517,0.3123424684936988
144227,0.7095819163832766,0.7033006601320264,0.9605121024204841
131669,0.38787757551510305,0.5813162632526505,0.5544308861772353
105136,0.8607721544308863,0.9964392878575714,0.6898179635927185
123866,0.17151430286057212,0.20008001600320063,0.14382876575315062
122141,0.27429485897179434,0.6600520104020804,0.585757151430286
117041,0.2285257051410282,0.9416683336667333,0.029765953190638125
115002,0.6438887777555511,0.5484696939387879,0.6859771954390878
148029,0.7482696539307861,0.5761552310462092,0.5370674134826965
130637,0.6546509301860371,0.610762152430486,0.540268053610722
137475,0.8266853370674134,0.031086217243448688,0.13126625325065014
133467,0.2,0.1649529905981196,0.6589317863572715
110680,0.8011602320464093,0.9487097419483896,0.03124624924984996
144393,0.6214842968593719,0.38775755151030206,0.7243448689737948
115548,0.8602920584116824,0.9537107421484297,0.7272654530906182
135470,0.06989397879575915,0.5040208041608322,0.4365673134626925
134694,0.41796359271854366,0.4148429685937188,0.3568313662732547
134749,0.6398479695939188,0.07025405081016202,0.11538307661532307
134127,0.7642328465693138,0.4906981396279256,0.7911582316463293
134489,0.562872574514903,0.23584716943388673,0.5810762152430486
108823,0.7175835167033406,0.7689537907581516,0.4718543708741748
147282,0.14418883776755353,0.02728545709141829,0.17535507101420283
146035,0.42968593718743747,0.2218843768753751,0.18907781556311262
142341,0.6779755951190238,0.8555311062212443,0.9811562312462493
132189,0.24912982596519304,0.9168233646729346,0.056131226245249036
144796,0.12294458891778355,0.5622324464892978,0.3315463092618524
110841,0.1599519903980796,0.9140228045609121,0.08769753950790157
108396,0.18335667133426684,0.2503300660132026,0.20688137627525505
101338,0.9199039807961592,0.5675935187037406,0.6053610722144429
133556,0.9645929185837167,0.3444688937787557,0.13054610922184437
149723,0.4404080816163233,0.8047209441888378,0.7200640128025605
131046,0.006161232246449289,0.8161632326465293,0.07233446689337866
143019,0.3156631326265253,0.4452090418083617,0.8736547309461892
102704,0.42584516903380676,0.22216443288657733,0.30262052410482093
121151,0.24880976195239046,0.6644128825765153,0.5401880376075215
134006,0.27005401080216046,0.46789357871574316,0.41756351270254055
100260,0.26221244248849773,0.5973594718943789,0.8553310662132427
101969,0.14274854970994197,0.837127425485097,0.20412082416483296
136777,0.2133226645329066,0.17447489497899576,0.5426685337067414
136599,0.7542308461692339,0.9477895579115823,0.04360872174434886
149632,0.2213642728545709,0.050410082016403276,0.7804760952190438
109435,0.2554110822164433,0.13294658931786357,0.11054210842168433
135806,0.23480696139227844,0.3852770554110822,0.21748349669933986
146994,0.8111622324464893,0.6297659531906381,0.6172834566913382
142426,0.8788957791558313,0.19647929585917184,0.2764152830566113
136999,0.294378875775155,0.31418283656731344,0.18499699939987999
132817,0.10122024404880976,0.09805961192238447,0.30394078815763154
140075,0.19735947189437886,0.9409881976395279,0.02548509701940388
134560,0.46693338667733547,0.20648129625925185,0.2882576515303061
143126,0.7959191838367674,0.6858171634326865,0.6946589317863573
125653,0.47165433086617325,0.5803560712142428,0.4342868573714743
141053,0.04788957791558311,0.8918983796759351,0.5946389277855572
126164,0.17219443888777755,0.533506701340268,0.5905581116223245
146425,0.046529305861172224,0.929865973194639,0.09017803560712143
144836,0.6742948589717944,0.8734546909381876,0.8366073214642928
131942,0.03296659331866373,0.138627725545109,0.8066013202640528
139954,0.9522704540908182,0.802880576115223,0.7199039807961591
118535,0.07381476295259051,0.8465293058611723,0.130626125225045
124976,0.25925185037007403,0.364872974594919,0.9280256051210243
135879,0.3773954790958191,0.7622324464892979,0.5429885977195439
127757,0.8446489297859572,0.1873974794958992,0.2506501300260052
136230,0.6158431686337267,0.380756151230246,0.24392878575715146
105829,0.08549709941988397,0.8353270654130827,0.9830366073214643
148389,0.252370474094819,0.44768953790758154,0.6005201040208041
126203,0.9428285657131426,0.2902980596119224,0.3605921184236847
143079,0.13514702940588114,0.7379875975195039,0.977755551110222
109343,0.9155831166233246,0.2085617123424685,0.3330266053210642
148585,0.5165033006601321,0.7649529905981196,0.7340668133626725
117204,0.2274854970994199,0.8866173234646929,0.026965393078615726
111670,0.10266053210642129,0.6960592118423685,0.9838367673534707
130794,0.6184836967393479,0.871494298859772,0.9875575115023005
103916,0.7731146229245849,0.8796559311862373,0.7733146629325864
105433,0.17575515103020603,0.9823164632926585,0.11058211642328467
147369,0.4526505301060212,0.36543308661732343,0.39959991998399674
135623,0.29557911582316465,0.6340468093618724,0.6866173234646928
132430,0.47657531506301265,0.6673334666933388,0.6162832566513302
129243,0.29233846769353866,0.5253450690138027,0.757871574314863
119650,0.8054410882176435,0.29425885177035405,0.3301060212042409
119008,0.2720544108821764,0.11258251650330064,0.1455491098219644
112263,0.2845769153830766,0.12322464492898579,0.17307461492298457
111611,0.4440888177635527,0.8326865373074614,0.7638327665533107
148502,0.055891178235647127,0.8738547709541908,0.46169233846769353
136877,0.3323464692938588,0.24656931386277256,0.2907381476295259
117883,0.5280256051210241,0.5818363672734547,0.8868973794758952
101617,0.4800160032006401,0.3574714942988598,0.7895579115823165
104345,0.17671534306861372,0.2976595319063813,0.2406881376275255
112038,0.8136827365473094,0.01908381676335267,0.1521904380876175
103133,0.6636527305461093,0.11642328465693137,0.1349869973994799
138792,0.7229445889177837,0.3005801160232046,0.28929785957191434
110717,0.7752350470094018,0.6174834966993399,0.8119623924784958
149250,0.6132026405281056,0.1387877575515103,0.3339467893578716
122037,0.12122424484896979,0.09581916383276656,0.7869173834766954
137016,0.2225645129025805,0.04468893778755751,0.3045409081816363
147529,0.484376875375075,0.4180436087217444,0.46901380276055216
146976,0.9502300460092019,0.8286057211442288,0.8468093618723744
137287,0.44556911382276454,0.08373674734946987,0.17119423884776955
115044,0.28101620324064813,0.48089617923584715,0.3791958391678335
119905,0.9765553110622125,0.12894578915783156,0.18891778355671135
128588,0.47653530706141234,0.9991998399679936,0.6587317463492699
100661,0.8270454090818165,0.5601520304060812,0.6728145629125825
110693,0.3773954790958192,0.22764552910582117,0.31646329265853174
148706,0.3584316863372674,0.7203840768153631,0.9581516303260652
142024,0.18927785557111423,0.9101820364072815,0.7722744548909782
149910,0.3090218043608721,0.3158631726345269,0.25249049809961993
144005,0.754750950190038,0.14330866173234647,0.1575515103020604
149879,0.33974794958991805,0.3355071014202841,0.6393678735747149
107275,0.687137427485497,0.6377275455091018,0.8467293458691738
128587,0.7054210842168434,0.12498499699939988,0.3126625325065013
117444,0.1465493098619724,0.2681736347269454,0.8025205041008202
129124,0.24332866573314663,0.12406481296259253,0.1683136627325465
140905,0.5679135827165434,0.6274454890978195,0.5556311262252451
111438,0.2925385077015403,0.4380876175235047,0.3681536307261452
102280,0.6510102020404082,0.22988597719543907,0.22936587317463492
141411,0.3260252050410082,0.6310862172434487,0.4797759551910382
113193,0.045609121824364884,0.20252050410082018,0.1830366073214643
136370,0.14810962192438487,0.23076615323064614,0.2540508101620324
121141,0.9912382476495298,0.44664932986597317,0.3211042208441688
131395,0.2689737947589518,0.018443688737747547,0.10842168433686736
117872,0.5787157431486297,0.38619723944788953,0.4113622724544909
130686,0.6124424884976996,0.1264252850570114,0.10918183636727345
101828,0.48849769953990796,0.9409081816363273,0.0680136027205441
104847,0.3789157831566313,0.6046809361872375,0.9154230846169233
129659,0.11382276455291059,0.294378875775155,0.24820964192838565
111281,0.64124824964993,0.6890578115623125,0.9223444688937787
137885,0.3648329665933187,0.15055011002200439,0.24416883376675336
114812,0.8709341868373675,0.8535307061412282,0.7927585517103422
111848,0.3587917583516703,0.6148429685937187,0.9679135827165433
103777,0.3084216843368674,0.2730946189237847,0.2065613122624525
123148,0.6448489697939588,0.15971194238847766,0.4268853770754151
102574,0.1996399279855971,0.5757951590318064,0.8868573714742949
145762,0.54874974994999,0.9055411082216444,0.7926385277055411
106106,0.697619523904781,0.7707541508301661,0.854010802160432
109817,0.40584116823364674,0.5947589517903581,0.6605321064212843
112795,0.7625925185037008,0.63624724944989,0.8788157631526305
147969,0.777635527105421,0.6980596119223844,0.5957191438287658
142877,0.08429685937187437,0.49125825165033005,0.30018003600720145
149170,0.13890778155631128,0.4710142028405681,0.8720144028805761
118552,0.6477295459091819,0.6820964192838567,0.9205441088217643
132464,0.47701540308061613,0.19491898379675934,0.36399279855971195
149538,0.3771954390878176,0.18303660732146426,0.30406081216243247
133697,0.9852770554110822,0.339747949589918,0.4750950190038008
131670,0.863492698539708,0.1439887977595519,0.24636927385477095
130818,0.7673534706941387,0.31674334866973397,0.31470294058811765
115385,0.08069613922784556,0.9445489097819564,0.02336467293458691
102344,0.5063012602520505,0.46373274654930985,0.32970594118823765
134219,0.529505901180236,0.8776155231046209,0.7752750550110022
124101,0.2807361472294459,0.48945789157831565,0.9142228445689139
121752,0.6435687137427487,0.5741548309661932,0.6438887777555511
143606,0.6435287057411483,0.860252050410082,0.05377075415083016
108408,0.4841368273654731,0.17239447889577916,0.8110022004400881
100583,0.2608521704340868,0.15235047009401878,0.26493298659731945
114857,0.24708941788357672,0.2216043208641728,0.1503500700140028
146890,0.28045609121824366,0.17539507901580317,0.14422884576915385
128537,0.4274454890978196,0.9593518703740749,0.10626125225045009
128319,0.35063012602520505,0.6708941788357672,0.8858971794358872
105849,0.08841768353670734,0.2327265453090618,0.17855571114222846
105850,0.3996799359871974,0.25065013002600517,0.2122024404880976
111193,0.611002200440088,0.4872174434886977,0.41924384876975396
136922,0.323504700940188,0.1481896379275855,0.10910182036407282
117717,0.11254250850170032,0.11434286857371474,0.13574714942988597
129858,0.33794758951790355,0.03676735347069414,0.2492898579715943
128174,0.4251650330066013,0.14422884576915382,0.5468293658731747
120422,0.7135427085417083,0.37115423084616916,0.5834766953390678
114122,0.9534306861372275,0.437127425485097,0.14794958991798357
106709,0.031006201240248048,0.9592718543708743,0.1998399679935987
129654,0.4577315463092619,0.6496899379875974,0.6133626725345069
131997,0.9031406281256251,0.2709341868373675,0.47961592318463697
126034,0.24832966593318662,0.724864972994599,0.9820764152830567
139399,0.32234446889377877,0.3148629725945189,0.4283256651330266
111294,0.8750550110022005,0.5247849569913983,0.2961392278455691
138875,0.8909781956391278,0.6542908581716343,0.8598919783956791
121864,0.33682736547309455,0.22900580116023203,0.1614322864572915
117420,0.3027005401080216,0.29909981996399276,0.8154030806161232
129570,0.9073414682936587,0.0678135627125425,0.04860972194438888
132263,0.7891978395679136,0.7476695339067814,0.6481696339267853
123708,0.3307061412282456,0.41632326465293057,0.544868973794759
145196,0.6237647529505901,0.342628525705141,0.4744548909781956
149286,0.3811962392478496,0.7149029805961192,0.8388877775555111
107875,0.627885577115423,0.4658131626325265,0.7989197839567913
118549,0.5110222044408882,0.2835367073414683,0.4661332266453291
124865,0.13178635727145427,0.8340868173634727,0.07789557911582316
104114,0.8998999799959992,0.6232446489297859,0.6398879775955191
130863,0.4452090418083617,0.30362072414482894,0.5317863572714543
139005,0.9677135427085417,0.7235447089417884,0.6143628725745149
102428,0.9533906781356272,0.721744348869774,0.7366673334666933
137723,0.9351470294058811,0.7969193838767754,0.6138827765553111
100228,0.8121624324864973,0.21144228845769153,0.6780556111222245
120813,0.8153630726145229,0.3705941188237648,0.36879375875175036
125544,0.8248849769953992,0.6524904980996199,0.9459491898379676
116930,0.7499099819963992,0.0616123224644929,0.20988197639527909
147414,0.37151430286057213,0.04152830566113223,0.33890778155631124
134782,0.4794158831766353,0.48089617923584715,0.44160832166433284
101715,0.6559311862372474,0.859251850370074,0.07981596319263853
143511,0.5510302060412082,0.11594318863772754,0.2464892978595719
133660,0.17403480696139226,0.9049409881976395,0.13278655731146227
108366,0.06585317063412682,0.29529905981196236,0.7971994398879776
107273,0.933626725345069,0.5481896379275856,0.730626125225045
126529,0.7525905181036207,0.13550710142028405,0.3135827165433086
132896,0.9302260452090418,0.8881376275255051,0.2920584116823365
146669,0.5214642928585718,0.485497099419884,0.33646729345869175
145379,0.6930986197239447,0.19923984796959393,0.1928385677135427
116571,0.7157831566313263,0.5077415483096619,0.4362872574514903
126292,0.1141028205641128,0.7215443088617723,0.9142228445689138
140412,0.8941788357671534,0.9042208441688337,0.7920784156831366
110814,0.8840568113622724,0.4081616323264653,0.3695139027805561
103023,0.11334266853370675,0.7655131026205241,0.43060612122424485
126535,0.8770554110822164,0.32686537307461494,0.1441888377675535
117535,0.6299659931986398,0.7996799359871974,0.911622324464893
105312,0.6450090018003601,0.45417083416683335,0.3900780156031206
105535,0.008241648329665932,0.36643328665733144,0.8567313462692538
142704,0.8330466093218644,0.5693938787757551,0.4705341068213643
142739,0.48349669933986794,0.5030606121224245,0.5383476695339067
116247,0.946109221844369,0.9883976795359071,0.2750950190038008
133266,0.72374474894979,0.7511902380476095,0.9547909581916383
100839,0.7560312062412483,0.014282856571314263,0.32954590918183635
142103,0.23664732946589315,0.8540908181636327,0.9919983996799361
105781,0.8322064412882577,0.6003200640128026,0.4253650730146029
137526,0.4619323864772955,0.47557511502300465,0.3666733346669333
147213,0.8467693538707742,0.5836367273454691,0.5453490698139628
107122,0.7094218843768754,0.3544308861772355,0.808121624324865
141048,0.2670534106821364,0.3170234046809362,0.21652330466093217
100945,0.2181636327265453,0.9545909181836367,0.09949989997999599
132874,0.7985997199439888,0.6879775955191039,0.6495699139827965
112058,0.8188037607521503,0.8016803360672135,0.6202440488097619
126845,0.4661732346469294,0.9650330066013203,0.39731946389277856
146347,0.7013402680536107,0.04252850570114023,0.23152630526105222
122599,0.5731146229245849,0.03332666533306661,0.23248649729945986
148496,0.41356271254250854,0.07465493098619724,0.14302860572114423
102589,0.34786957391478296,0.5785557111422284,0.8476095219043809
123870,0.7717943588717743,0.6856971394278856,0.4758551710342068
110441,0.5117423484696939,0.9127025405081016,0.7753550710142028
132921,0.08789757951590318,0.24484896979395881,0.5538307661532306
147136,0.9665533106621325,0.38115623124624926,0.2898979795959192
138301,0.17931586317263454,0.8304860972194439,0.6654130826165232
110967,0.1695139027805561,0.2766953390678136,0.8680536107221445
119943,0.07705541108221643,0.16259251850370074,0.11674334866973395
147179,0.8594118823764753,0.33698739747949585,0.30506101220244053
104646,0.07105421084216844,0.6997399479895979,0.45481096219243855
127403,0.4365673134626925,0.9719143828765753,0.309621924384877
114138,0.8414082816563312,0.8658931786357272,0.7787957591518304
121513,0.1650730146029206,0.16179235847169435,0.18531706341268253
125018,0.8285657131426285,0.8211642328465694,0.9535107021404281
129672,0.07465493098619724,0.8656931386277256,0.04516903380676135
144731,0.10382076415283055,0.8563712742548509,0.6718143628725745
105626,0.23640728145629125,0.7511102220444089,0.948989797959592
122073,0.27925585117023405,0.4012402480496099,0.10038007601520305
148848,0.3063012602520504,0.5483496699339868,0.4925385077015403
141144,0.7782756551310263,0.8831766353270654,0.03952790558111623
120634,0.46209241848369675,0.2458891778355671,0.2360472094418884
125691,0.4394478895779156,0.4835767153430686,0.689497899579916
111773,0.47325465093018604,0.6234046809361872,0.4500100020004001
128671,0.9099419883976796,0.050970194038807745,0.25153030606121224
133864,0.41428285657131425,0.052010402080416074,0.13098619723944788
144818,0.9265853170634127,0.9648729745949189,0.462372474494899
116643,0.3421484296859372,0.6769353870774154,0.7262652530506101
122240,0.6047209441888377,0.8792958591718344,0.26697339467893577
138979,0.4074414882976596,0.35575115023004605,0.5807961592318464
104711,0.6614522904580916,0.597999599919984,0.6090018003600719
117744,0.18899779955991197,0.7863972794558912,0.6385277055411083
107692,0.32094418883776754,0.8235647129425886,0.8155631126225245
120283,0.7927185437087417,0.7617123424684937,0.92374474894979
113156,0.8084416883376676,0.6114022804560912,0.4776555311062212
114480,0.7841568313662732,0.9818363672734547,0.002080416083216643
132729,0.6670134026805362,0.5608321664332866,0.4787757551510302
130509,0.1987997599519904,0.8858571714342869,0.1388277655531106
134183,0.9966393278655732,0.20024004800960193,0.2406481296259252
105532,0.547109421884377,0.4364872974594919,0.699619923984797
105093,0.9817163432686538,0.5127825565113022,0.26505301060212044
138248,0.33466693338667736,0.9485497099419884,0.13234646929385877
148356,0.07261452290458091,0.8274454890978196,0.9994798959791958
137827,0.6097219443888777,0.12046409281856371,0.09133826765353072
127030,0.17355471094218844,0.11170234046809362,0.8033606721344269
144523,0.823244648929786,0.8210442088417683,0.7647929585917184
116885,0.14870974194838965,0.2297259451890378,0.44220844168833773
129712,0.40400080016003204,0.14826965393078614,0.26197239447889575
117508,0.8828565713142629,0.9319063812762552,0.23024604920984193
124692,0.8244048809761952,0.20208041608321664,0.26493298659731945
121732,0.8556111222244449,0.8993798759751951,0.8378875775155031
109300,0.22604520904180836,0.3007801560312062,0.7412682536507301
139787,0.25193038607721546,0.5716343268653731,0.35339067813562713
129860,0.485377075415083,0.3730746149229846,0.42480496099219844
145900,0.6774154830966194,0.8598119623924785,0.07061412282456489
113978,0.8107221444288858,0.17275455091018205,0.2641328265653131
123195,0.09149829965993199,0.6680536107221444,0.34802960592118426
135290,0.15163032606521304,0.16043208641728346,0.6814162832566513
105029,0.5979195839167833,0.27045409081816363,0.7968393678735748
111533,0.5433486697339468,0.9203040608121624,0.18015603120624124
118028,0.4263652730546109,0.21488297659531905,0.40676135227045407
141341,0.1380276055211042,0.838367673534707,0.7290658131626325
102143,0.4585717143428686,0.08877775555111021,0.13550710142028405
141715,0.20952190438087617,0.6473694738947788,0.6681736347269454
140510,0.16863372674534907,0.5058211642328466,0.8746949389877976
136705,0.27385477095419086,0.299619923984797,0.4436887377475495
136399,0.49529905981196237,0.33882776555311056,0.27057411482296456
101255,0.23064612922584518,0.9018203640728146,0.027165433086617324
119670,0.9700340068013602,0.34546909381876373,0.2908981796359272
108401,0.7381876375275056,0.17195439087817563,0.3367073414682937
122910,0.20592118423684735,0.3634726945389078,0.41960392078415687
143798,0.8111622324464893,0.8453290658131627,0.8369273854770953
116903,0.6548909781956391,0.6432486497299459,0.9641128225645128
117986,0.232126425285057,0.48377675535107023,0.3359471894378876
110024,0.9475895179035808,0.9379875975195039,0.4830966193238648
109304,0.3491498299659932,0.39367873574714946,0.8565313062612523
134057,0.4195639127825565,0.17939587917583516,0.8132826565313063
117451,0.324504900980196,0.20876175235047006,0.7759151830366074
114419,0.8532106421284257,0.5730746149229845,0.43740748149629927
116282,0.7139027805561112,0.9079415883176636,0.09181836367273452
122354,0.06057211442288457,0.4167633526705341,0.5016603320664133
146397,0.8214842968593719,0.22472494498899778,0.30962192438487696
137924,0.28401680336067214,0.4875375075015003,0.9285457091418283
134037,0.48981796359271856,0.17143428685737144,0.26809361872374476
123034,0.030606121224244845,0.9275855171034207,0.7529105821164234
106353,0.9775555111022205,0.7070214042808561,0.5453090618123625
114530,0.41620324064812964,0.9332666533306662,0.018803760752150428
115841,0.33382676535307065,0.7562712542508502,0.6443288657731546
111057,0.6376475295059012,0.0787757551510302,0.19031806361272252
134103,0.6430486097219444,0.3745949189837967,0.3403480696139228
134549,0.13234646929385877,0.27649529905981196,0.584876975395079
117733,0.13342668533706742,0.46089217843568714,0.9522304460892178
126150,0.6548109621924385,0.5364272854570915,0.5888377675535106
135437,0.6181636327265454,0.9208241648329667,0.1894378875775155
138453,0.09101820364072814,0.8925785157031406,0.0227245449089818
137015,0.24364872974594917,0.6419683936787357,0.8574514902980596
121225,0.8679335867173434,0.11198239647929585,0.5112622524504902
120861,0.5741948389677936,0.42560512102420484,0.4840968193638728
116899,0.8622524504900979,0.3601920384076815,0.497619523904781
114632,0.18703740748149628,0.549749949989998,0.4529305861172234
105445,0.15119023804760953,0.5017003400680136,0.8278055611122225
141939,0.8954590918183637,0.7205441088217643,0.9576715343068614
103676,0.9622724544908983,0.7626725345069013,0.63124624924985
125190,0.26021204240848167,0.2739347869573915,0.7440688137627526
148152,0.5898379675935187,0.3990398079615923,0.7019003800760153
136105,0.3432686537307461,0.1744748949789958,0.3245449089817964
110560,0.016203240648129624,0.6273254650930186,0.9839967993598719
148573,0.47465493098619727,0.9681536307261452,0.7234246849369873
142072,0.8535707141428286,0.23800760152030404,0.20344068813762753
132097,0.0980996199239848,0.5136627325465093,0.8637727545509102
101172,0.7854370874174835,0.708501700340068,0.4420084016803361
111370,0.35379075815163036,0.46185237047409483,0.2949789957991598
143933,0.8908181636327265,0.5852370474094819,0.9067813562712542
140889,0.6564112822564513,0.27285457091418286,0.556871374274855
135085,0.6989797959591919,0.9048209641928385,0.06369273854770953
111511,0.36851370274054807,0.0869773954790958,0.09317863572714542
131261,0.5613122624524906,0.9935187037407481,0.899259851970394
126739,0.7283456691338267,0.25737147429485896,0.5147829565913183
109313,0.40872174434886976,0.22528505701140225,0.1332266453290658
147169,0.09353870774154832,0.8328865773154631,0.612242448489698
107000,0.7795159031806361,0.726745349069814,0.720744148829766
101462,0.8903780756151232,0.0915383076615323,0.3494698939787957
112021,0.681736347269454,0.16907381476295258,0.21904380876175233
141374,0.6829365873174635,0.34306861372274455,0.41924384876975396
135589,0.06609321864372875,0.08029605921184235,0.2064412882576515
139866,0.7371474294858972,0.36747349469893975,0.37359471894378876
121746,0.2794158831766353,0.7499099819963992,0.8139627925585118
110780,0.2732546509301861,0.7458691738347669,0.6337667533506701
148085,0.4984596919383877,0.8265653130626125,0.7321464292858572
134566,0.6863372674534907,0.5611922384476895,0.5152630526105221
114664,0.38295659131826365,0.1902780556111222,0.32426485297059415
109382,0.7944788957791559,0.9514302860572115,0.7507101420284057
144082,0.34590918183636726,0.25321064212842564,0.8485697139427886
121588,0.9173434686937387,0.9910782156431286,0.19651930386077215
132247,0.0861372274454891,0.8777355471094219,0.09589917983596719
114613,0.5169833966793358,0.2398879775955191,0.3731546309261852
146559,0.6327665533106621,0.9099019803960793,0.20388077615523104
119054,0.9248249649929986,0.24076815363072612,0.3140628125625125
135179,0.7460692138427686,0.5713142628525705,0.6587317463492699
149511,0.9641928385677135,0.8585717143428686,0.11590318063612723
103811,0.6545709141828366,0.40756151230246046,0.24820964192838568
129894,0.22364472894578913,0.4604520904180836,0.8756551310262053
129070,0.7572314462892579,0.9632726545309062,0.9861972394478895
120853,0.9727145429085817,0.8000400080016004,0.6991798359671935
122748,0.8753750750150031,0.9097019403880775,0.1843568713742748
123690,0.15251050210042005,0.30306061212242447,0.4004400880176035
108634,0.7679135827165433,0.29097819563912786,0.242248449689938
106416,0.22064412882576517,0.3227045409081817,0.8806961392278456
130526,0.26193238647729544,0.5873174634926985,0.24256851370274055
107425,0.2803360672134427,0.21876375275055013,0.46081216243248646
127650,0.11330266053210641,0.23316663332666532,0.6298059611922384
138639,0.7973994798959791,0.405121024204841,0.22200440088017603
109592,0.768993798759752,0.8958191638327665,0.9990798159631926
133232,0.25057011402280455,0.19255851170234045,0.16647329465893176
119529,0.19955991198239648,0.9474694938987798,0.3913582716543309
128267,0.7269853970794159,0.6464892978595719,0.8903380676135227
142210,0.5102220444088817,0.36599319863972796,0.680496099219844
118957,0.0680136027205441,0.9121424284856972,0.40724144828965797
103054,0.5268653730746149,0.5642728545709141,0.7449489897979595
111514,0.3802360472094419,0.6356871374274855,0.5337067413482697
144139,0.5188237647529506,0.325505101020204,0.8458891778355672
136823,0.23532706541308263,0.3690338067613522,0.7624724944988998
122630,0.8119623924784958,0.4122024404880976,0.5428285657131426
122041,0.481376275255051,0.8574514902980596,0.24960992198439685
119778,0.4702940588117624,0.9362272454490898,0.691378275655131
103508,0.8100820164032807,0.6935787157431486,0.7795559111822364
123300,0.7597919583916783,0.5595919183836767,0.49345869173834767
107694,0.882136427285457,0.7789557911582317,0.6654130826165232
106433,0.11202240448089618,0.692378475695139,0.7900780156031206
133943,0.14914982996599319,0.9873974794958991,0.11114222844568913
140061,0.5951190238047609,0.059011802360472085,0.26749349869973993
110117,0.19687937587517507,0.3244648929785957,0.10022004400880177
125289,0.4158831766353271,0.13846769353870775,0.3466693338667734
125922,0.47817563512702543,0.3252250450090018,0.8351670334066813
113854,0.27457491498299663,0.4655731146229246,0.6266053210642129
125766,0.29141828365673134,0.9018203640728146,0.7493898779755952
138569,0.1994798959791958,0.4896179235847169,0.4872974594918984
144589,0.7229445889177835,0.8615723144628926,0.995879175835167
108093,0.8316463292658532,0.5647529505901181,0.41448289657931586
145190,0.7426685337067412,0.8681736347269453,0.061892378475695134
110294,0.2614922984596919,0.5193438687737547,0.2910982196439288
143381,0.8008001600320064,0.7981596319263853,0.48361672334466893
101806,0.306501300260052,0.26021204240848167,0.16823364672934588
127413,0.059691938387677536,0.5068213642728546,0.20404080816163234
108115,0.5284256851370274,0.45457091418283657,0.34578915783156633
112414,0.44524904980996205,0.5708741748349669,0.7682736547309462
120786,0.5836767353470694,0.45497099419883974,0.5077015403080616
131593,0.5505901180236047,0.2558111622324465,0.35875175035007
142784,0.8086017203440689,0.9140228045609122,0.0368873774754951
105149,0.026285257051410275,0.7175835167033406,0.8888177635527106
110919,0.37195439087817567,0.4844168833766753,0.9025805161032207
113206,0.8619323864772955,0.9453490698139627,0.1861572314462892
140983,0.06725345069013802,0.7278255651130227,0.9360272054410881
123510,0.02964592918583717,0.09593918783756751,0.4179635927185437
107737,0.6598119623924785,0.3009401880376075,0.5581116223244649
146114,0.48397679535907184,0.41884376875375073,0.48841768353670734
117678,0.7013002600520104,0.9293058611722345,0.7659531906381276
127933,0.08053610722144429,0.8577715543108623,0.7141828365673134
110007,0.3596719343868774,0.3472694538907781,0.23352670534106823
127408,0.9846369273854771,0.9943188637727546,0.7175835167033406
129615,0.35099019803960796,0.9999199839967994,0.687257451490298
130617,0.4662932586517303,0.4200040008001601,0.3977195439087818
132706,0.4164432886577315,0.029405881176235247,0.8013202640528105
117285,0.8063212642528506,0.7413482696539309,0.6096419283856771
136896,0.045169033806761356,0.9166633326665333,0.13346669333866773
103795,0.19567913582716545,0.4209241848369674,0.23832766553310664
117505,0.11306261252250449,0.8934986997399479,0.12418483696739345
137871,0.4624124824964993,0.9973194638927786,0.6887377475495099
139254,0.03548709741948389,0.407121424284857,0.9273854770954191
129697,0.6942588517703541,0.6573314662932587,0.8576915383076615
118777,0.33062612522504503,0.6451690338067614,0.6356871374274855
130217,0.7542308461692339,0.9618323664732946,0.014482896579315861
120889,0.6307661532306461,0.4685337067413483,0.4766153230646129
140116,0.8705341068213642,0.9644728945789158,0.10318063612722544
139850,0.8449289857971595,0.7410282056411283,0.6747349469893977
130300,0.9941988397679536,0.3469093818763752,0.22772554510902182
124593,0.433126625325065,0.5617123424684938,0.5441888377675534
140565,0.6182036407281456,0.28269653930786154,0.572634526905381
111081,0.8986597319463894,0.7521904380876175,0.6420884176835366
109777,0.7946789357871574,0.24036807361472293,0.5380676135227046
149322,0.6347669533906781,0.4118023604720944,0.4404880976195239
141376,0.6844568913782756,0.5825565113022604,0.3957591518303661
116056,0.8298059611922385,0.352750550110022,0.2255251050210042
128877,0.7311062212442487,0.9887977595519104,0.7821964392878575
134860,0.29245849169833965,0.513622724544909,0.5661132226445289
117727,0.9987597519503901,0.272374474894979,0.08369673934786957
109778,0.0706141228245649,0.597879575915183,0.5847169433886777
136065,0.8360072014402881,0.8759751950390078,0.00020004000800160032
126393,0.4183236647329466,0.6413282656531306,0.8251250250050011
131339,0.740108021604321,0.9404680936187237,0.19731946389277855
106979,0.7955591118223645,0.5034206841368274,0.28169633926785353
126053,0.4739347869573915,0.458251650330066,0.30130026005201044
106520,0.3461492298459692,0.24844968993798755,0.18519703940788157
121071,0.19755951190238047,0.3451890378075615,0.2855771154230846
138015,0.9317063412682537,0.9002200440088017,0.7341468293658732
106243,0.7769553910782157,0.6680136027205441,0.5431886377275454
137358,0.9424284856971394,0.9883176635327066,0.1359871974394879
123316,0.7883176635327065,0.6606121224244849,0.5185837167433487
136975,0.595119023804761,0.4186837367473495,0.5673934786957392
114861,0.3272254450890178,0.9368273654730946,0.825365073014603
114435,0.5806361272254451,0.7727545509101821,0.8692138427685537
120240,0.4398479695939188,0.05753150630126025,0.7771954390878175
113069,0.967873574714943,0.9624324864972994,0.21664332866573313
120518,0.17187437487497498,0.6256451290258052,0.5883576715343068
121848,0.7205841168233647,0.7202240448089618,0.9362672534506902
110401,0.8895379075815163,0.886617323464693,0.8146029205841168
109372,0.7222644528905781,0.40392078415683136,0.8210042008401681
144512,0.8095619123824765,0.4322864572914583,0.4114822964592919
108055,0.22424484896979396,0.27425485097019403,0.20252050410082015
129869,0.4036407281456291,0.5002200440088018,0.40676135227045407
102017,0.7091018203640728,0.3227845569113823,0.6208041608321664
101157,0.4310862172434487,0.3653930786157231,0.311502300460092
121669,0.24500900180036006,0.5089017803560711,0.28593718743748747
109979,0.33170634126825366,0.7905981196239248,0.6795759151830366
147667,0.7816763352670534,0.6156431286257251,0.5489497899579916
137869,0.1254650930186037,0.6777355471094219,0.6950190038007601
134360,0.38895779155831167,0.9522304460892178,0.12666533306661332
102884,0.5499499899979996,0.32990598119623926,0.8206041208241648
116660,0.27533506701340266,0.9828365673134627,0.24220844168833766
145890,0.1143028605721144,0.44952990598119624,0.6197239447889578
109387,0.8297659531906382,0.8895379075815163,0.05221044208841768
105899,0.10646129225845168,0.8616923384676936,0.6954990998199639
117033,0.4054010802160432,0.549389877975595,0.587877575515103
103146,0.7847969593918784,0.8980196039207842,0.6552910582116422
127424,0.2283656731346269,0.8915383076615323,0.14422884576915382
136269,0.567753550710142,0.6237647529505901,0.8960192038407682
139880,0.3751950390078016,0.7263452690538107,0.9618723744748949
103749,0.4156831366273255,0.32106421284256853,0.3434686937387477
103243,0.7006601320264053,0.5017803560712142,0.7767953590718144
108353,0.03672734546909382,0.2948189637927585,0.1784756951390278
145419,0.8738547709541907,0.04300860172034407,0.06001200240048009
109195,0.47241448289657934,0.5355871174234847,0.7052210442088418
108267,0.8192838567713542,0.39287857571514306,0.8012002400480096
133709,0.1804760952190438,0.8426085217043409,0.989877975595119
131294,0.8085617123424684,0.9013802760552111,0.01940388077615523
120680,0.8474094818963792,0.7966393278655731,0.9577115423084617
139416,0.6434486897379476,0.7111022204440889,0.6730146029205841
118285,0.8084416883376675,0.7761952390478095,0.536747349469894
120743,0.8046809361872375,0.5524304860972195,0.8742548509701941
135473,0.5049009801960392,0.11230246049209842,0.4138427685537107
110014,0.051810362072414476,0.5823164632926585,0.8304860972194439
147004,0.3485897179435888,0.8777355471094218,0.026205241048209645
141384,0.9665133026605321,0.4103620724144829,0.4091618323664733
141545,0.6444088817763552,0.44480896179235846,0.3539107821564313
101766,0.8404880976195239,0.41140228045609123,0.57123424684937
108865,0.550750150030006,0.5411882376475295,0.5062612522504502
117788,0.988517703540708,0.5101420284056811,0.26601320264052813
108840,0.6368873774754951,0.1732746549309862,0.33470694138827767
113946,0.8404880976195239,0.2762552510502101,0.3637127425485097
114805,0.7722744548909781,0.38527705541108226,0.21520304060812162
104451,0.5886777355471093,0.43136627325465093,0.3197039407881576
139014,0.3712342468493699,0.25465093018603724,0.27173434686937387
149712,0.22624524904980997,0.76375275055011,0.4960992198439688
103362,0.5980796159231847,0.12666533306661334,0.41952390478095625
141261,0.34506901380276056,0.5704340868173635,0.9590718143628725
123276,0.09833966793358673,0.27549509901980396,0.4462892578515703
139482,0.4679335867173435,0.4087217443488698,0.502620524104821
103152,0.15531106221244248,0.10218043608721744,0.34102820564112823
145238,0.6749749949989998,0.6990998199639928,0.9649129825965194
107110,0.3943588717743549,0.970754150830166,0.1312262452490498
111762,0.8440488097619525,0.4194438887777555,0.9263852770554112
149218,0.17463492698539707,0.6536507301460291,0.9865173034606921
121185,0.6396479295859172,0.30782156431286256,0.38875775155031006
147062,0.12534506901380277,0.24096819363872773,0.4862172434486898
131000,0.6950990198039607,0.9751150230046008,0.7368273654730946
137150,0.7013002600520104,0.6686537307461492,0.7489897979595919
134629,0.22588517703540711,0.36711342268453695,0.5757951590318063
122784,0.11778355671134227,0.6263652730546109,0.42560512102420484
121696,0.9610722144428886,0.6538907781556311,0.5661932386477295
149219,0.5805161032206441,0.9560312062412483,0.6803360672134428
138426,0.8195239047809562,0.07901580316063213,0.18675735147029407
101812,0.4422084416883377,0.4854170834166834,0.5758351670334068
139424,0.8723344668933787,0.1968393678735747,0.16087217443488697
139938,0.779235847169434,0.1359871974394879,0.19767953590718146
116754,0.7183836767353471,0.9150630126025204,0.06869373874774955
118550,0.13282656531306258,0.22004400880176037,0.1285857171434287
143980,0.11566313262652529,0.7885577115423085,0.9596719343868774
142655,0.317743548709742,0.7324264852970593,0.5073014602920585
145647,0.1661132226445289,0.9518703740748149,0.05157031406281257
109684,0.7670334066813362,0.9703940788157631,0.06777355471094218
143460,0.23384676935387078,0.3414282856571314,0.2571714342868574
148077,0.67125425085017,0.6336067213442689,0.5312262452490498
100515,0.8222044408881777,0.8826565313062612,0.988997799559912
123013,0.29061812362472494,0.08161632326465293,0.10514102820564113
131750,0.40400080016003204,0.5239847969593919,0.7985197039407883
104466,0.8082816563312664,0.7882776555311062,0.9140628125625125
131529,0.979395879175835,0.7251450290058011,0.533506701340268
114179,0.3081016203240648,0.8866573314662932,0.980876175235047
147263,0.6635327065413082,0.5223444688937787,0.8720944188837768
105663,0.12270454090818161,0.9815963192638528,0.710742148429686
115173,0.5340668133626726,0.05609121824364872,0.11710342068413682
117748,0.5619523904780956,0.006681336267253449,0.10786157231446289
137450,0.2950190038007602,0.4636127225445089,0.5351470294058812
120951,0.36963392678535706,0.28285657131426284,0.21500300060012
120587,0.30166033206641324,0.5895579115823164,0.9020204040808162
132060,0.6949789957991598,0.5235047009401881,0.6894178835767153
144254,0.24372874574914982,0.2097619523904781,0.2204840968193639
113507,0.7248249649929986,0.9325865173034606,0.14690938187637526
140332,0.8226845369073815,0.5724744948989797,0.825245049009802
132391,0.34974994998999803,0.325505101020204,0.6004000800160032
111052,0.3292658531706341,0.4842568513702741,0.6148029605921185
118835,0.39987997599519903,0.32250450090018,0.7606721344268854
131365,0.6635327065413084,0.5165433086617324,0.3705941188237648
137462,0.5949189837967593,0.7582316463292659,0.4144028805761152
138996,0.48305661132226446,0.3701140228045609,0.2416883376675335
135599,0.23552710542108424,0.7163832766553311,0.5622324464892978
122970,0.8254850970194039,0.7712342468493699,0.8986597319463893
121757,0.49773954790958197,0.28549709941988394,0.36327265453090624
105386,0.2426485297059412,0.71874374874975,0.7077815563112623
107196,0.5764352870574115,0.4414082816563313,0.5603520704140829
112469,0.7826765353070614,0.7433486697339469,0.5397079415883177
127346,0.2540508101620324,0.21424284856971393,0.11450290058011602
101469,0.22676535307061413,0.9595519103820764,0.7109821964392878
119638,0.8186837367473495,0.862012402480496,0.007801560312062411
122924,0.03884776955391078,0.8287657531506301,0.7753150630126026
120141,0.05781156231246249,0.24472894578915783,0.8243648729745949
129836,0.7010602120424084,0.45149029805961194,0.1983996799359872
113786,0.40616123224644934,0.23096619323864773,0.6357671534306861
122529,0.8898579715943189,0.6650930186037207,0.3471494298859772
107587,0.5056611322264453,0.8009201840368074,0.6730946189237847
140307,0.04608921784356872,0.3121424284856971,0.8064012802560512
102941,0.4460892178435687,0.2844168833766753,0.32794558911782357
113060,0.8829365873174636,0.9965593118623725,0.7565913182636528
110964,0.1345869173834767,0.9876775355071015,0.7539507901580316
137074,0.9563912782556512,0.5314662932586518,0.4556111222244449
106057,0.79499899979996,0.2671734346869374,0.34694938987797563
117097,0.5487897579515904,0.5510302060412082,0.4888977795559112
140071,0.3300260052010402,0.29213842768553716,0.3172234446889378
116512,0.4550110022004401,0.7309061812362472,0.5645129025805161
106420,0.3612722544508902,0.05193038607721544,0.12314462892578515
104826,0.2832166433286657,0.7020204040808161,0.9292658531706341
101386,0.7137827565513103,0.2797759551910382,0.1461492298459692
100790,0.6948189637927584,0.572754550910182,0.801120224044809
143819,0.13190638127625523,0.8756951390278055,0.9850770154030807
109501,0.9835967193438688,0.5389077815563114,0.8312862572514503
142923,0.9007001400280056,0.791118223644729,0.7510302060412083
134963,0.9946389277855572,0.35943188637727547,0.8134826965393078
137127,0.6308061612322464,0.06957391478295659,0.10382076415283056
104002,0.08209641928385678,0.9747949589917984,0.05021004200840168
118294,0.8510902180436088,0.7205841168233648,0.9240248049609923
113235,0.19271854370874175,0.6082816563312663,0.940388077615523
112126,0.21936387277455488,0.24644928985797157,0.832006401280256
143797,0.6165633126625325,0.8169633926785357,0.9394278855771154
136557,0.6764152830566112,0.5177035407081417,0.6507701540308062
121688,0.6180036007201439,0.4776155231046209,0.873614722944589
102202,0.7602320464092818,0.5919183836767353,0.9370274054810962
137046,0.2686537307461492,0.6431686337267453,0.7473894778955791
138750,0.7814762952590517,0.5211442288457692,0.6397679535907181
119001,0.13930786157231445,0.15919183836767353,0.1435887177435487
121954,0.21888377675535106,0.9925985197039409,0.6225645129025805
102709,0.9390278055611122,0.647009401880376,0.3804760952190438
143630,0.5711942388477695,0.5463092618523705,0.8235647129425885
114563,0.8800560112022404,0.577995599119824,0.650370074014803
142693,0.8044408881776355,0.3804360872174435,0.7997199439887979
108535,0.8250050010002,0.5891578315663133,0.46625325065013
122966,0.03276655331066213,0.0988997799559912,0.1531906381276255
115111,0.3287857571514303,0.30602120424084817,0.3847169433886777
124460,0.457251450290058,0.09505901180236045,0.3103820764152831
142411,0.7114622924584917,0.6917783556711342,0.5286657331466293
134479,0.37663532706541314,0.9444288857771553,0.7402680536107221
125505,0.596999399879976,0.2347269453890778,0.5229445889177835
121459,0.16739347869573912,0.29225845169033804,0.3273054610922184
105440,0.47853570714142835,0.5320664132826565,0.5834366873374675
108300,0.8058811762352469,0.036567313462692534,0.1058611722344469
144981,0.12570514102820562,0.6718143628725745,0.9697139427885577
143969,0.6328465693138627,0.3889177835567113,0.32274454890978194
135252,0.22504500900180036,0.9049409881976395,0.10310062012402481
146134,0.938507701540308,0.8480896179235848,0.7482696539307861
108894,0.35671134226845375,0.6670534106821364,0.5903980796159232
132211,0.06705341068213644,0.14730946189237848,0.35727145429085816
119496,0.3931986397279456,0.35803160632126424,0.2556111222244449
138663,0.3225445089017803,0.13154630926185237,0.371994398879776
134243,0.2928185637127426,0.3693138627725545,0.868133626725345
103819,0.4454090818163633,0.6731746349269854,0.5749549909981997
149703,0.15619123824764955,0.9339467893578717,0.11694338867773554
129392,0.16583316663332665,0.8466093218643729,0.8514102820564113
118651,0.5702340468093618,0.5322264452890578,0.8525305061012203
142499,0.647369473894779,0.13670734146829364,0.4312862572514503
120755,0.26885377075415084,0.7038607721544308,0.61376275255051
129252,0.5195439087817564,0.9034606921384277,0.7098219643928786
107408,0.8496899379875976,0.7927985597119424,0.6352870574114823
135167,0.3931986397279456,0.5469893978795759,0.8626525305061012
137426,0.9062612522504502,0.23820764152830565,0.4725345069013803
102211,0.10978195639127825,0.09417883576715344,0.1519503900780156
103051,0.15847169433886776,0.09949989997999598,0.718383676735347
134585,0.7115423084616924,0.805121024204841,0.672374474894979
130672,0.8120824164832967,0.9799959991998399,0.022844568913782753
137906,0.3531506301260252,0.48085617123424684,0.3634726945389078
104802,0.7860772154430885,0.581756351270254,0.7706741348269655
127410,0.8817363472694539,0.8899779955991198,0.034886977395479093
112173,0.7176635327065413,0.5451090218043608,0.5581516303260652
117016,0.3664332866573315,0.07253450690138027,0.13606721344268854
142780,0.6467293458691739,0.4538507701540308,0.6106421284256851
113766,0.14946989397879576,0.8944588917783557,0.9920384076815363
112332,0.2356471294258852,0.9233446689337867,0.04268853770754151
115582,0.11718343668733745,0.25045009001800356,0.8260052010402081
119528,0.6044008801760352,0.41128225645129024,0.6772154430886177
103838,0.48081616323264653,0.6270854170834166,0.8674134826965393
148235,0.4303260652130426,0.4859771954390878,0.9621524304860972
148576,0.0558111622324465,0.17527505501100218,0.19691938387677535
129306,0.5672334466893378,0.8363272654530907,0.986997399479896
125580,0.2636527305461092,0.5218643728745749,0.9812762552510501
101654,0.22836567313462694,0.13670734146829366,0.18551710342068414
105598,0.276375275055011,0.37723544708941786,0.4051610322064413
133939,0.14002800560112022,0.20452090418083618,0.30126025205041007
101966,0.1633126625325065,0.863492698539708,0.01932386477295459
108380,0.29533906781356273,0.12438487697539508,0.2369273854770954
137932,0.1575915183036607,0.5699539907981597,0.7877575515103021
109155,0.23880776155231043,0.5032206441288257,0.9612722544508902
145264,0.4719743948789758,0.6760152030406081,0.6302060412082416
107975,0.8052010402080416,0.9387877575515102,0.04304860972194438
125856,0.5696739347869573,0.27125425085017,0.3373874774954991
132786,0.12374474894978994,0.6519703940788157,0.7623524704940987
106994,0.4289657931586317,0.012042408481696337,0.04848969793958792
111688,0.5366673334666934,0.9498299659931986,0.2554910982196439
128054,0.694738947789558,0.9572314462892579,0.27549509901980396
140640,0.34958991798359673,0.6490498099619924,0.5255451090218044
137500,0.29197839567913586,0.6031206241248249,0.9238247649529907
108723,0.34386877375475094,0.19751950390078016,0.17015403080616123
101197,0.49669933986797365,0.19611922384476896,0.398999799959992
117412,0.5201840368073615,0.9047409481896379,0.5641128225645129
138244,0.6005601120224044,0.36739347869573913,0.47957591518303666
120053,0.6990598119623924,0.1369873974794959,0.14294858971794358
117778,0.7903580716143229,0.7815563112622526,0.6262852570514102
106025,0.22584516903380675,0.20772154430886175,0.2699739947989598
143010,0.29077815563112624,0.29621924384876974,0.4148029605921184
117538,0.18563712742548508,0.47521504300860173,0.37415483096619323
138700,0.26229245849169835,0.36855371074214843,0.943108621724345
142524,0.7568313662732548,0.23824764952990596,0.19111822364472897
141800,0.482376475295059,0.11814362872574516,0.21404280856171237
112383,0.866613322664533,0.2580116023204641,0.10246049209841969
132945,0.588997799559912,0.523384676935387,0.3597919583916783
138784,0.8998199639927985,0.24128825765153028,0.5688337667533507
108764,0.9911182236447289,0.4718143628725745,0.7702740548109622
122521,0.7645929185837168,0.7578315663132627,0.457251450290058
142765,0.4194838967793559,0.04340868173634727,0.2797759551910382
146297,0.5340668133626725,0.6648529705941189,0.7355071014202841
149066,0.04564912982596518,0.6172834566913382,0.9872774554910981
116983,0.33398679735947195,0.6381676335267052,0.5872374474894979
102987,0.6246849369873975,0.1922384476895379,0.30858171634326864
133068,0.3970394078815763,0.32690538107621525,0.5399079815963193
105227,0.6534106821364273,0.45805161032206443,0.9041808361672334
101641,0.8525305061012202,0.20472094418883774,0.15327065413082616
100635,0.4654530906181237,0.2008001600320064,0.49361872374474897
108867,0.7870774154830966,0.12854570914182836,0.1268253650730146
123784,0.8299259851970394,0.3226645329065813,0.8495699139827966
111512,0.3227045409081816,0.03420684136827365,0.14946989397879573
127814,0.340868173634727,0.32374474894979,0.8434486897379476
109347,0.1027005401080216,0.5817963592718544,0.4736947389477895
130375,0.3341068213642729,0.6331666333266655,0.709621924384877
131388,0.14002800560112022,0.0942988597719544,0.21944388877775559
122839,0.7764752950590118,0.5906381276255251,0.9327865573114622
113646,0.7836367273454691,0.632366473294659,0.36523304660932193
141648,0.6680136027205441,0.8014002800560112,0.9616323264652931
142275,0.414122824564913,0.27257451490298057,0.445129025805161
135617,0.3415083016603321,0.8800560112022405,0.7732746549309861
106932,0.7603520704140828,0.37703540708141625,0.5359471894378877
127636,0.22360472094418882,0.576515303060612,0.879255851170234
126064,0.20712142428485697,0.7745149029805962,0.6833366673334668
137442,0.7371874374874976,0.7524304860972194,0.8522104420884178
128931,0.6814162832566513,0.190878175635127,0.23440688137627524
112166,0.5922384476895379,0.5611122224444889,0.704740948189638
139651,0.6053610722144429,0.4745749149829966,0.5839967993598719
111683,0.41352270454090817,0.7333066613322665,0.6208041608321664
138366,0.7055811162232446,0.5140628125625125,0.4614922984596919
112071,0.7710342068413684,0.589877975595119,0.4840568113622724
148532,0.5996799359871974,0.4338867773554711,0.5433886777355471
141412,0.652010402080416,0.6529705941188237,0.5935987197439487
139090,0.511382276455291,0.29373874774954994,0.5037407481496299
123773,0.38739747949589914,0.29689937987597526,0.6749349869973994
132220,0.16431286257251448,0.2130426085217043,0.12830566113222644
133165,0.29733946789357873,0.4299259851970394,0.34946989397879574
136359,0.3593518703740748,0.04976995399079816,0.10910182036407282
143653,0.5542308461692338,0.4657331466293259,0.6672534506901381
120817,0.7340268053610721,0.3845569113822765,0.43712742548509703
122650,0.48065613122624523,0.17999599919984,0.2316863372674535
122544,0.8770554110822165,0.4700940188037608,0.5641528305661132
140516,0.0761752350470094,0.5152230446089218,0.5053410682136427
103453,0.07297459491898378,0.7469493898779755,0.4123224644928986
135202,0.5861572314462893,0.9000600120024005,0.17403480696139226
122571,0.5690738147629526,0.7188237647529506,0.6704940988197639
103559,0.33470694138827767,0.4384476895379076,0.31250250050010003
136611,0.937747549509902,0.6218043608721744,0.32458491698339664
103835,0.5055411082216443,0.33402680536107215,0.25469093818763755
129587,0.23804760952190437,0.9565913182636527,0.0534506901380276
103744,0.1284656931386277,0.5484696939387878,0.9515903180636127
149989,0.5815563112622525,0.03280656131226244,0.23224644928985796
147106,0.3303860772154431,0.44608921784356875,0.5105421084216843
125794,0.4126025205041008,0.5780356071214243,0.39475895179035814
121751,0.424244848969794,0.5575515103020604,0.7191038207641529
110820,0.7626325265053011,0.9754750950190039,0.12062412482496497
137054,0.02164432886577315,0.8148029605921184,0.14450890178035608
146429,0.735107021404281,0.26069213842768557,0.3199039807961592
119147,0.044008801760352066,0.847369473894779,0.2524904980996199
144563,0.8154830966193239,0.8438887777555512,0.8207641528305661
148811,0.2908181636327265,0.4414082816563313,0.4626125225045009
146959,0.9684736947389478,0.796999399879976,0.6785757151430285
146831,0.8461692338467693,0.04792958591718344,0.4012802560512102
102455,0.36983396679335867,0.7113822764552911,0.5744348869773955
107748,0.5535907181436287,0.3594318863772754,0.6838967793558712
140971,0.4504500900180036,0.22128425685137026,0.8147229445889178
134346,0.26497299459891976,0.949629925985197,0.032726545309061814
134018,0.39739947989597924,0.9164232846569313,0.7711542308461692
125116,0.8302860572114422,0.7186237247449491,0.8956991398279657
130406,0.6010402080416083,0.3213842768553711,0.5884776955391079
149500,0.5633126625325066,0.2052010402080416,0.44440888177635524
119023,0.3290258051610322,0.1750750150030006,0.16539307861572314
109230,0.19899979995999198,0.18255651130226044,0.4774954990998199
101226,0.6860172034406882,0.47845569113822767,0.8569313862772555
104957,0.7790358071614323,0.5558311662332466,0.41896379275855167
135261,0.5308261652330466,0.18331666333266655,0.3922384476895379
123651,0.7664332866573316,0.994878975795159,0.7180636127225445
129705,0.485617123424685,0.5891978395679136,0.8573714742948589
125327,0.24020804160832165,0.1176635327065413,0.4973394678935787
105834,0.5664732946589317,0.1521504300860172,0.600120024004801
134076,0.16015203040608122,0.7185837167433486,0.4836567313462693
141526,0.7609921984396879,0.28785757151430286,0.14030806161232245
139602,0.9701540308061614,0.33050610122024404,0.32598519703940787
128848,0.10018003600720145,0.07521504300860173,0.34690938187637527
147935,0.478375675135027,0.26993398679735947,0.2368473694738948
123142,0.22248449689937985,0.1583116623324665,0.8152030406081217
140036,0.12074414882976595,0.8480096019203841,0.04744948989797959
117874,0.1283856771354271,0.15519103820764152,0.2169233846769354
122092,0.2822564512902581,0.32706541308261655,0.4756951390278056
144140,0.9996799359871974,0.07681536307261452,0.03504700940188037
133698,0.39315863172634524,0.17083416683336666,0.14774954990998201
137363,0.07085417083416684,0.32122424484896983,0.8514502900580116
104225,0.6664532906581316,0.8348469693938788,0.5282256451290258
127953,0.42812562512502506,0.41688337667533504,0.8656531306261251
121780,0.48613722744548915,0.9505901180236047,0.7625925185037007
117346,0.8306061212242448,0.37239447889577915,0.26969393878775755
109872,0.4905381076215243,0.4376075215043009,0.3311462292458492
136387,0.7878375675135028,0.08297659531906382,0.5871574314862973
100064,0.9936787357471495,0.2061612322464493,0.07673534706941389
131766,0.7787957591518303,0.7495099019803961,0.6726545309061812
120318,0.024604920984196834,0.32314462892578516,0.8151630326065213
142418,0.3249849969993999,0.23236647329465893,0.8517303460692138
138028,0.04832966593318663,0.18159631926385278,0.19363872774554908
113602,0.3105421084216844,0.23736747349469894,0.8360072014402881
139018,0.8196839367873575,0.05109021804360872,0.20204040808161633
113105,0.18847769553910781,0.2540508101620324,0.19311862372474492
108349,0.4146029205841168,0.4560912182436488,0.43612722544508903
136469,0.5489497899579916,0.33534706941388276,0.3692738547709542
111852,0.598879775955191,0.43444688937787557,0.5554710942188438
135596,0.44788957791558315,0.4674134826965393,0.2814162832566513
122109,0.2842968593718744,0.5605521104220844,0.5157031406281256
134007,0.764872974594919,0.7167033406681337,0.8743748749749951
135935,0.47533506701340267,0.4263252650530106,0.30998199639927987
125833,0.8780556111222244,0.6120024004800961,0.5058611722344469
103212,0.7835567113422683,0.7773154630926185,0.5206641328265653
107833,0.6195239047809562,0.12578515703140628,0.337867573514703
140062,0.6139227845569114,0.44956991398279655,0.4866573314662933
139951,0.08529705941188236,0.7743548709741949,0.9933586717343469
130184,0.26625325065013,0.47725545109021805,0.33422684536907377
134102,0.03764752950590118,0.32458491698339664,0.9333066613322665
103629,0.022604520904180837,0.8432086417283458,0.005441088217643528
132178,0.16775355071014203,0.6992198439687938,0.7020204040808162
112487,0.730626125225045,0.13282656531306258,0.14922984596919384
140134,0.6516903380676136,0.8714542908581716,0.01944388877775555
107384,0.16743348669733948,0.6447689537907582,0.8781356271254251
132805,0.2636127225445089,0.07833566713342668,0.180876175235047
133612,0.9962392478495699,0.29397879575915187,0.2127225445089018
107633,0.2017603520704141,0.42124424884976996,0.8008401680336068
107226,0.966753350670134,0.7532306461292259,0.6700140028005601
138995,0.8228845769153831,0.12142428485697139,0.3170634126825365
112611,0.46589317863572716,0.9799559911982396,0.17139427885577116
102407,0.2752950590118024,0.459371874374875,0.6867373474694938
123439,0.3281456291258251,0.17223444688937786,0.8593318663732745
126690,0.912742548509702,0.10258051610322064,0.23204640928185638
136254,0.15607121424284856,0.29777955591118227,0.6124824964992999
136010,0.7686737347469494,0.40724144828965797,0.1722744548909782
135651,0.27649529905981196,0.16207241448289655,0.8396479295859172
148978,0.3778355671134227,0.9730746149229845,0.15231046209241847
148701,0.7896379275855171,0.3565913182636527,0.9239047809561913
145282,0.39839967993598724,0.34186837367473494,0.30190038007601516
147659,0.37747549509901984,0.6430486097219444,0.4966593318663733
120524,0.73126625325065,0.663252650530106,0.9443488697739548
135614,0.7372274454890978,0.5376675335067013,0.3741148229645929
135143,0.09725945189037807,0.22280456091218243,0.6415683136627326
148452,0.27861572314462896,0.08401680336067215,0.2758951790358071
131755,0.3554310862172434,0.9079015803160633,0.03452690538107621
102383,0.6062812562512503,0.607241448289658,0.9513502700540108
110021,0.43880776155231044,0.9704340868173634,0.7327065413082616
113611,0.6063212642528506,0.5750350070014003,0.7586317263452691
100955,0.2941788357671534,0.8436487297459492,0.6305661132226446
112624,0.09973994798959791,0.4458491698339668,0.8030406081216244
117765,0.7644328865773155,0.1465493098619724,0.6040808161632326
133971,0.5773554710942188,0.42888577715543114,0.8995799159831966
145448,0.2757351470294059,0.23572714542908582,0.8509701940388077
119884,0.37735547109421885,0.5123824764952991,0.6996999399879976
141733,0.6459291858371674,0.7722744548909781,0.5964392878575715
145727,0.6409281856371274,0.31534306861372274,0.25233046609321863
142887,0.4033206641328266,0.7471494298859772,0.6904980996199239
136284,0.6854170834166834,0.774634926985397,0.8463292658531707
148920,0.9264652930586118,0.5081416283256651,0.31534306861372274
134304,0.7753550710142029,0.6295659131826365,0.8728145629125825
132403,0.908861772354471,0.07669533906781356,0.4712142428485697
128418,0.976875375075015,0.2930186037207442,0.4701740348069614
136576,0.3442288457691538,0.7182236447289458,0.9121024204840968
113264,0.7357071414282856,0.21260252050410083,0.1942388477695539
119632,0.4415683136627325,0.5092218443688737,0.48361672334466893
136845,0.4911782356471294,0.7247849569913982,0.5932786557311462
141730,0.7305861172234447,0.11594318863772754,0.17563512702540507
123032,0.662132426485297,0.772874574914983,0.6690538107621524
139641,0.12574514902980596,0.5941988397679535,0.5291858371674335
130059,0.8187237447489498,0.9595919183836766,0.10222044408881777
126247,0.450250050010002,0.5078215643128626,0.8837767553510703
125313,0.7767553510702141,0.9411082216443288,0.025285057011402275
131020,0.3509101820364073,0.5938387677535507,0.9343468693738748
102346,0.7313062612522504,0.3788357671534307,0.42856571314262853
106424,0.3780756151230246,0.06089217843568714,0.23516703340668133
109546,0.9883976795359073,0.539747949589918,0.8325265053010602
122854,0.14642928585717144,0.4905781156231246,0.9446689337867573
102857,0.28585717143428685,0.046729345869173836,0.10518103620724145
136844,0.1864372874574915,0.8279255851170235,0.9981596319263852
101046,0.3398279655931186,0.1723144628925785,0.39051810362072414
106724,0.007281456291258251,0.6110022004400879,0.9465493098619724
146288,0.3662732546509302,0.6341668333666733,0.9052210442088418
106646,0.10958191638327666,0.32890578115623126,0.5733546709341869
110319,0.2139627925585117,0.25473094618923786,0.7877575515103021
103530,0.43280656131226247,0.1844368873774755,0.4682536507301461
122438,0.6750950190038006,0.47169433886777357,0.2994198839767953
141468,0.38099619923984795,0.5309461892378475,0.5977995599119824
126866,0.7438287657531506,0.3567113422684537,0.8199239847969594
135116,0.28309661932386476,0.7511902380476094,0.4816163232646529
141990,0.7455091018203641,0.571754350870174,0.2964592918583717
125364,0.5794358871774354,0.8659331866373274,0.30222044408881776
129759,0.2833366673334667,0.160752150430086,0.1517903580716143
101763,0.8648929785957192,0.5333066613322665,0.5901980396079216
149034,0.5674734946989398,0.3382676535307061,0.44788957791558315
102338,0.8862172434486897,0.8606121224244849,0.8479695939187837
132990,0.9267853570714143,0.9594718943788758,0.13494698939787955
112088,0.6596919383876776,0.32030406081216245,0.24576915383076614
115262,0.7077415483096618,0.09625925185037006,0.12078415683136626
109517,0.9010602120424085,0.8765353070614124,0.7837567513502701
147402,0.9779155831166233,0.6673734746949389,0.8755751150230047
138436,0.3485497099419884,0.9222644528905781,0.7157831566313263
131591,0.5655531106221244,0.22936587317463492,0.2628125625125025
146315,0.16123224644928985,0.8858571714342869,0.12518503700740147
140614,0.3255851170234047,0.6954990998199639,0.4609721944388878
115608,0.021124224844968995,0.6634526905381076,0.9443488697739548
130910,0.8069613922784558,0.7023004600920183,0.623244648929786
107426,0.11786357271454291,0.6090818163632726,0.3557911582316463
135923,0.8243248649729946,0.6964192838567713,0.7481896379275855
149885,0.3023004600920184,0.6216043208641728,0.33722744548909783
126583,0.9345869173834767,0.07997599519903979,0.38215643128625726
119341,0.11058211642328467,0.7535507101420285,0.9424284856971394
121313,0.06909381876375276,0.5740348069613923,0.941868373674735
146927,0.10558111622324465,0.5853970794158831,0.22824564912982595
112419,0.18635727145429085,0.7877175435087018,0.6464492898579716
105545,0.644128825765153,0.4717343468693739,0.2959791958391678
137786,0.041768353670734136,0.9956791358271655,0.02744548909781956
102842,0.5935987197439488,0.5012202440488097,0.8762152430486098
147178,0.22204440888177635,0.30958191638327665,0.14586917383476697
117790,0.430126025205041,0.3823964792958592,0.4718943788757752
100269,0.7667533506701341,0.730746149229846,0.7584716943388677
101072,0.31234246849369873,0.8860172034406881,0.5667133426685337
105086,0.061532306461292256,0.9189037807561512,0.0640128025605121
103224,0.7511502300460092,0.26193238647729544,0.2990998199639928
144100,0.43256651330266055,0.4736947389477895,0.8595319063812763
100348,0.55999199839968,0.35719143828765754,0.35947189437887583
125239,0.21308261652330465,0.7945589117823565,0.713502700540108
115986,0.23152630526105222,0.0849369873974795,0.16303260652130425
114706,0.7226645329065813,0.07957591518303661,0.5513502700540108
134521,0.8579715943188637,0.9666733346669335,0.0915383076615323
115289,0.3000600120024005,0.3077015403080616,0.23328665733146628
115135,0.9670734146829366,0.5238647729545909,0.33678735747149435
136009,0.6500500100020004,0.5785957191438288,0.8702140428085618
137098,0.34970994198839767,0.15859171834366872,0.25161032206441286
142564,0.9154230846169233,0.758391678335667,0.638007601520304
149650,0.9124624924984996,0.3907981596319264,0.8633726745349071
141837,0.08153630726145228,0.2013202640528106,0.31154230846169234
119105,0.8105221044208842,0.030206041208241646,0.1101020204040808
138624,0.03912782556511302,0.5576715343068613,0.9664732946589318
128131,0.7745949189837966,0.18711742348469693,0.6085617123424685
141003,0.2599319863972795,0.532626525305061,0.41944388877775557
144499,0.7250650130026005,0.4916583316663332,0.40420084016803365
141171,0.7495899179835966,0.9245449089817963,0.04500900180036006
112902,0.4186437287457491,0.20628125625125024,0.48589717943588717
113393,0.01800360072014403,0.6193238647729545,0.872614522904581
135001,0.7801960392078415,0.32010402080416084,0.3841968393678736
103371,0.16267253450690136,0.4347269453890778,0.22420484096819365
110337,0.9701540308061612,0.6594118823764754,0.8671334266853372
137978,0.1646729345869174,0.13802760552110424,0.21148229645929187
109572,0.5484296859371874,0.3348269653930786,0.42584516903380676
146101,0.3591118223644729,0.6692538507701541,0.9566713342668534
138896,0.6253650730146029,0.7068213642728545,0.948629725945189
125255,0.549869973994799,0.39699939987997607,0.870374074814963
118848,0.4844168833766753,0.6530506101220244,0.6049209841968394
125552,0.8124424884976995,0.49801960392078415,0.4764952990598119
132292,0.4472894578915783,0.359871974394879,0.2795359071814363
100055,0.20628125625125024,0.28837767553510707,0.2087617523504701
140634,0.4606921384276855,0.182876575315063,0.29361872374474896
142919,0.40752150430086015,0.2920584116823365,0.7111022204440888
145395,0.04848969793958792,0.3051810362072414,0.19591918383676732
131614,0.11090218043608721,0.9893978795759152,0.15963192638527704
130578,0.8756551310262052,0.9736347269453891,0.049969993998799755
105368,0.2337667533506701,0.2936987397479496,0.8526505301060212
117530,0.21620324064812962,0.920504100820164,0.02044408881776355
119384,0.6749749949989998,0.3741948389677935,0.5169833966793359
146865,0.2692938587717544,0.4954190838167633,0.9429085817163432
100608,0.7908381676335268,0.07033406681336266,0.1162632526505301
106041,0.8120024004800961,0.9711542308461693,0.8262052410482097
142071,0.6050810162032407,0.8917783556711343,0.7668333666733347
114961,0.3509901980396079,0.5043008601720345,0.6746149229845968
135519,0.513862772554511,0.9234246849369874,0.1491898379675935
136703,0.12622524504900978,0.7798359671934387,0.8252850570114023
117884,0.08281656331266253,0.6806961392278456,0.9535907181436287
133800,0.15607121424284856,0.0963392678535707,0.2594118823764753
107501,0.07045409081816363,0.8900580116023205,0.017203440688137624
128875,0.5711942388477695,0.04924984996999399,0.214002800560112
120104,0.3593118623724745,0.773874774954991,0.6183236647329466
139818,0.9421884376875376,0.7647929585917184,0.5626725345069014
141750,0.7281856371274255,0.3683536707341468,0.486617323464693
100351,0.8279655931186238,0.387997599519904,0.9363872774554911
146354,0.8794558911782356,0.42088417683536705,0.8898579715943189
114365,0.1782756551310262,0.24676935387077412,0.854490898179636
102028,0.816483296659332,0.48517703540708135,0.3940788157631527
133138,0.3815563112622524,0.495619123824765,0.5778355671134227
142343,0.43340668133626725,0.28781756351270255,0.5204240848169635
118561,0.8254450890178036,0.4184036807361472,0.24720944188837765
119592,0.5933586717343469,0.1304260852170434,0.41124224844968993
100715,0.22780556111222242,0.23024604920984196,0.8440888177635527
100620,0.28349669933986793,0.11134226845369075,0.17023404680936183
121505,0.8764952990598119,0.12018403680736145,0.27089417883576716
129397,0.964872974594919,0.8000400080016004,0.9174634926985398
146977,0.5355471094218843,0.9430286057211442,0.7231846369273854
135608,0.19207841568313663,0.03068613722744549,0.2682136427285457
110323,0.08065613122624525,0.07353470694138828,0.6188437687537508
116922,0.19387877575515103,0.4102420484096819,0.3142628525705141
139669,0.616123224644929,0.6435687137427486,0.9563112622524506
122292,0.07745549109821964,0.2625325065013003,0.23068613722744552
147784,0.9322264452890578,0.9033006601320264,0.5021004200840168
145527,0.45041008201640326,0.44136827365473097,0.38415683136627327
124430,0.03772754550910181,0.6528905781156232,0.9481496299259852
119998,0.8537307461492298,0.283376675335067,0.4366073214642928
103280,0.6850170034006802,0.12322464492898581,0.18307661532306463
120381,0.7143428685737148,0.43908781756351273,0.15951190238047608
132846,0.8407281456291258,0.32890578115623126,0.45749149829965996
107716,0.5205041008201641,0.43916783356671335,0.6006401280256051
117614,0.75875175035007,0.68625725145029,0.969753950790158
124611,0.8798559711942389,0.699499899979996,0.6276855371074215
144553,0.43524704940988196,0.9333466693338668,0.7384276855371074
113900,0.10838167633526703,0.03432686537307461,0.42608521704340874
133205,0.4924984996999401,0.5397879575915183,0.7111822364472895
110710,0.4605321064212843,0.02044408881776355,0.13402680536107223
142860,0.42672534506901383,0.20928185637127428,0.3373874774954991
140053,0.8054810962192438,0.2978195639127825,0.3655131026205241
120907,0.6459691938387677,0.4510102020404081,0.5821964392878576
101164,0.22460492098419682,0.6313262652530506,0.5115423084616924
134779,0.13630726145229044,0.5531906381276256,0.783876775355071
112118,0.8831766353270654,0.29153830766153227,0.5169433886777356
106687,0.575875175035007,0.24900980196039207,0.4048809761952391
119017,0.028565713142628523,0.6125225045009002,0.9489497899579915
109407,0.6002000400080016,0.4480896179235847,0.8579715943188638
107499,0.9881976395279055,0.1128625725145029,0.11262252450490098
100316,0.771994398879776,0.1914382876575315,0.1891178235647129
127548,0.7787157431486298,0.2974594918983796,0.2855771154230846
139988,0.6442088417683537,0.044288857771554314,0.10522104420884178
102693,0.18315663132626522,0.17991598319663932,0.11538307661532307
149548,0.9397879575915183,0.880256051210242,0.7545909181836368
103415,0.6125625125025005,0.21876375275055013,0.16447289457891578
115414,0.25745149029805964,0.2740548109621924,0.2487297459491898
123642,0.3603520704140828,0.07881576315263053,0.22580516103220644
119579,0.36543308661732343,0.4552910582116423,0.28669733946789355
118799,0.12338467693538707,0.3773154630926185,0.907621524304861
101692,0.5413482696539307,0.36223244648929787,0.8166033206641328
113166,0.5588317663532706,0.6903380676135227,0.7347869573914783
120787,0.9087817563512702,0.15567113422684536,0.4859771954390878
149417,0.9079815963192639,0.7215043008601719,0.7368273654730947
132521,0.3037407481496299,0.5556311262252451,0.8972194438887778
108538,0.04892978595719144,0.1445889177835567,0.23900780156031207
121044,0.7177835567113423,0.8742948589717944,0.12186437287457491
120138,0.08145629125825166,0.5447889577915583,0.5882776555311062
127826,0.26505301060212044,0.08833766753350669,0.4717743548709742
145516,0.13634726945389075,0.591758351670334,0.8695739147829566
126137,0.272254450890178,0.6062012402480497,0.4681336267253451
129121,0.8511302260452089,0.9670734146829365,0.01280256051210242
121880,0.21912382476495296,0.6950990198039608,0.8514502900580116
123881,0.17699539907981596,0.886377275455091,0.054290858171634315
147725,0.9974394878975794,0.0992998599719944,0.07745549109821964
127336,0.9036207241448291,0.9332266453290659,0.6896979395879177
141275,0.48765753150630126,0.1965593118623725,0.22964592918583715
116671,0.3169433886777355,0.12106421284256852,0.12154430886177237
146609,0.22400480096019204,0.656611322264453,0.4547309461892378
111055,0.725385077015403,0.9392678535707141,0.06261252250450089
130576,0.27849569913982797,0.45161032206441293,0.8976595319063814
135831,0.2604920984196839,0.8690938187637527,0.11714342868573713
129080,0.9336667333466694,0.813002600520104,0.9655131026205241
116214,0.23784756951390276,0.4580116023204642,0.95499099819964
110653,0.3963992798559712,0.19679935987197442,0.2600520104020804
133438,0.8510902180436086,0.645369073814763,0.8833366673334667
145933,0.9843168633726745,0.3751150230046009,0.28317663532706544
100915,0.13826765353070614,0.48113622724544913,0.32750550110022003
144184,0.08709741948389677,0.8645729145829166,0.04576915383076614
108756,0.6709341868373675,0.8735747149429886,0.027125425085017
142187,0.7415483096619324,0.9227045409081815,0.7177835567113423
147895,0.5169433886777355,0.2692938587717543,0.4838967793558712
105349,0.6096419283856771,0.878495699139828,0.052770554110822154
132339,0.7154230846169234,0.8431686337267453,0.13562712542508504
101230,0.23680736147229448,0.9687137427485497,0.03264652930586117
128246,0.7379075815163032,0.5516303260652131,0.9443088617723545
107749,0.8480896179235847,0.9267053410682137,0.11122224444888976
140348,0.3977195439087818,0.41236247249449887,0.2547709541908382
133105,0.9551510302060413,0.8274054810962191,0.7853170634126826
118842,0.46937387477495496,0.6840568113622725,0.8909781956391278
103223,0.6503700740148028,0.6521304260852171,0.8734146829365873
116966,0.1566713342668534,0.05989197839567913,0.339747949589918
135638,0.8746949389877975,0.3469093818763753,0.18299659931986398
109593,0.8253250650130025,0.18063612722544511,0.4196439287857572
138255,0.6269653930786157,0.883136627325465,0.9961192238447689
101002,0.4813362672534507,0.22036407281456288,0.4133626725345069
140472,0.9701540308061611,0.9337067413482697,0.7974794958991798
141902,0.46277255451090216,0.0950990198039608,0.837247449489898
141938,0.41156231246249253,0.06485297059411883,0.8054010802160432
105183,0.9522304460892179,0.6620124024804961,0.6034406881376275
115737,0.11570314062812563,0.9832766553310662,0.8605721144228846
113178,0.17951590318063612,0.305381076215243,0.7668333666733346
113562,0.9286257251450291,0.6214042808561713,0.6103620724144829
112947,0.10718143628725746,0.9640728145629125,0.08705741148229647
135598,0.9127025405081016,0.7623924784956991,0.6604520904180836
114164,0.7123024604920984,0.3540308061612322,0.32982596519303864
101279,0.8746549309861972,0.942868573714743,0.7656331266253251
107231,0.8052010402080416,0.819123824764953,0.6075615123024605
137682,0.26613322664532907,0.31138227645529104,0.6560912182436487
105752,0.16935387077415484,0.17195439087817566,0.390878175635127
105765,0.5485897179435887,0.5614322864572914,0.5176635327065413
142206,0.370874174834967,0.4810162032406481,0.4239647929585917
121629,0.34398879775955193,0.3717943588717743,0.6911382276455291
111192,0.7992798559711942,0.9403880776155231,0.05309061812362472
130736,0.13078615723144627,0.6022404480896179,0.6178435687137428
105418,0.6990598119623925,0.34682936587317464,0.5574314862972595
135065,0.14370874174834966,0.14222844568913784,0.4835367073414683
146301,0.2530506101220244,0.13886777355471094,0.28961792358471694
133923,0.6366473294658932,0.4474094818963793,0.8277655531106222
112816,0.44876975395079016,0.6597719543908781,0.526385277055411
135368,0.28689737947589516,0.3185837167433486,0.5951990398079615
142714,0.2570914182836567,0.3112222444488898,0.24820964192838568
148097,0.3359471894378876,0.8082816563312663,0.4728145629125825
136471,0.29653930786157234,0.37547509501900383,0.15267053410682135
109169,0.4140428085617123,0.47917583516703344,0.4942188437687538
120874,0.9293858771754351,0.37075415083016605,0.6038407681536306
102456,0.05209041808361672,0.45289057811562317,0.6395279055811162
113546,0.7636727345469094,0.05753150630126025,0.0899379875975195
134504,0.2956591318263653,0.865133026605321,0.015043008601720342
100988,0.24972994598919784,0.627365473094619,0.513622724544909
107984,0.43752750550110026,0.24016803360672134,0.2646129225845169
147805,0.4288457691538308,0.5909981996399281,0.46389277855571115
136418,0.5301460292058412,0.9530306061212241,0.6246049209841968
100078,0.5284656931386277,0.10918183636727345,0.21580316063212643
145353,0.2805761152230446,0.2959391878375675,0.5980796159231846
117181,0.8408481696339267,0.41456291258251654,0.4263252650530106
109221,0.4971394278855772,0.4424484896979396,0.8430086017203441
103538,0.41168233646729346,0.018523704740948187,0.21672334466893375
148238,0.9431486297259453,0.9441088217643528,0.518383676735347
121831,0.8969393878775755,0.450130026005201,0.408881776355271
129048,0.8209641928385677,0.31878375675135023,0.41416283256651326
108286,0.1278255651130226,0.8830566113222645,0.044488897779555905
116405,0.1252250450090018,0.24332866573314663,0.11094218843768754
107103,0.47185437087417487,0.029005801160232044,0.0940988197639528
124958,0.894738947789558,0.45545109021804364,0.6107221444288857
126633,0.17655531106221245,0.9693538707741548,0.05021004200840168
135219,0.1098619723944789,0.5386677335467093,0.8956991398279656
131473,0.9004200840168033,0.6577715543108622,0.6384076815363073
109868,0.24324864972994598,0.9753550710142028,0.14054810962192438
138221,0.5145429085817164,0.741988397679536,0.7561512302460491
129940,0.9169433886777355,0.7784356871374274,0.7068213642728546
143911,0.3784356871374275,0.38887777555511105,0.5642328465693138
135884,0.4194038807761552,0.6159231846369274,0.8652930586117223
116356,0.6288457691538307,0.20924184836967394,0.3419883976795359
108977,0.7773554710942189,0.9013802760552111,0.0358871774354871
120347,0.041168233646729335,0.6547709541908382,0.9747149429885976
108223,0.879135827165433,0.867253450690138,0.7786357271454292
140859,0.7681536307261452,0.9431486297259453,0.748229645929186
100142,0.9133026605321064,0.232246449289858,0.14638927785557113
148416,0.17523504700940187,0.9164232846569313,0.06977395479095819
133567,0.94874974994999,0.328625725145029,0.7526705341068213
117714,0.7712742548509702,0.07921584316863374,0.2515703140628126
134819,0.7984396879375876,0.652370474094819,0.5493898779755951
149312,0.6193638727745548,0.16663332666533304,0.1892378475695139
135423,0.13626725345069013,0.5297059411882377,0.9495499099819964
115926,0.08905781156231245,0.618123624724945,0.9756351270254051
118462,0.4029605921184237,0.7363472694538907,0.619003800760152
148484,0.5148629725945189,0.872374474894979,0.7884776955391078
110204,0.1712342468493699,0.24524904980996198,0.4927385477095419
100506,0.6045209041808361,0.5568313662732547,0.6508501700340068
137021,0.21328265653130624,0.5003800760152031,0.6986597319463892
105302,0.198999799959992,0.5577915583116623,0.413122624524905
135281,0.25713142628525704,0.5434686937387477,0.8860572114422884
125885,0.7895579115823165,0.42316463292658535,0.4340068013602721
132625,0.128625725145029,0.5653530706141228,0.9107821564312862
112474,0.06393278655731145,0.7158231646329265,0.9622724544908983
126887,0.578875775155031,0.1750750150030006,0.32770554110822164
142266,0.07917583516703339,0.6138827765553111,0.957751550310062
138841,0.9835567113422684,0.7251050210042008,0.4721744348869774
127241,0.41488297659531903,0.4459691938387677,0.6118023604720945
101319,0.8442888577715544,0.6003600720144029,0.943868773754751
109324,0.669133826765353,0.3863172634526905,0.49253850770154034
109752,0.41528305661132225,0.6549709941988398,0.9248649729945989
114339,0.09621924384876973,0.392238447689538,0.7944388877775556
131026,0.42188437687537506,0.26989397879575916,0.5837167433486697
137986,0.6080016003200641,0.3331866373274655,0.6395279055811162
130225,0.31074214842968595,0.05373074614922984,0.14438887777555512
124740,0.32754550910182045,0.2998999799959992,0.6197239447889578
114093,0.1986397279455891,0.9412282456491299,0.03244648929785957
138076,0.5701540308061612,0.8625325065013002,0.7871974394878976
117789,0.1294258851770354,0.026885377075415086,0.6630526105221044
119436,0.425125025005001,0.2007601520304061,0.4016003200640128
132165,0.8733746749349871,0.4836967393478696,0.27329465893178634
134893,0.540868173634727,0.4500900180036007,0.728865773154631
148260,0.7856371274254852,0.3040608121624325,0.18247649529905982
144779,0.4262452490498099,0.483376675335067,0.35927185437087417
120129,0.5172234446889378,0.6842968593718743,0.8955791158231646
137384,0.4718943788757751,0.6343268653730746,0.9112222444488898
140538,0.5903180636127225,0.5875175035007002,0.37715543108621724
131784,0.7477895579115823,0.829245849169834,0.527745549109822
113755,0.46693338667733547,0.29549909981996403,0.29941988397679536
117007,0.06805361072214441,0.49425885177035406,0.9561512302460492
147277,0.38303660732146433,0.943868773754751,0.18867773554710943
137492,0.590998199639928,0.07241448289657931,0.4276855371074215
118475,0.658251650330066,0.5235847169433887,0.8068413682736548
120599,0.01724344868973795,0.8748149629925985,0.004520904180836166
130167,0.03800760152030405,0.6230446089217843,0.9049009801960392
121491,0.24948989797959592,0.11558311662332466,0.8014402880576116
135547,0.37847569513902785,0.29433886777355467,0.4725745149029806
125782,0.7249449889977996,0.40388077615523105,0.4356471294258851
111362,0.8518103620724145,0.8390478095619124,0.7808361672334467
139106,0.31682336467293454,0.2129625925185037,0.5607121424284858
136361,0.36891378275655134,0.511502300460092,0.3474294858971794
109178,0.09717943588717742,0.8890578115623124,0.9861572314462893
118513,0.49553910782156435,0.050570114022804556,0.10874174834966994
137218,0.2880976195239048,0.3688337667533507,0.3365473094618924
136664,0.1118623724744949,0.414122824564913,0.6011202240448089
129804,0.21076215243048607,0.7605921184236848,0.442368473694739
120560,0.2997399479895979,0.3869173834766953,0.8444088817763552
144877,0.9017003400680136,0.7184636927385476,0.7805961192238449
125690,0.12550510102020404,0.2446489297859572,0.23472694538907782
123558,0.44688937787557514,0.31342268453690736,0.7265453090618124
108189,0.6571714342868573,0.5453490698139628,0.8369673934786958
115568,0.7488297659531906,0.6701740348069614,0.9325865173034608
123331,0.5228645729145829,0.4793358671734347,0.3395479095819164
126306,0.34574914982996596,0.52374474894979,0.4348469693938788
110275,0.8940988197639529,0.8052010402080416,0.9194238847769555
145669,0.6300860172034406,0.8575315063012603,0.034726945389077814
110513,0.13826765353070614,0.8628525705141028,0.002760552110422084
146924,0.18579715943188635,0.7625525105021004,0.5177835567113422
102728,0.33830766153230646,0.09417883576715343,0.34374874974994996
118155,0.8184436887377475,0.9203440688137627,0.03352670534106821
136575,0.23280656131226246,0.6298459691938388,0.5050210042008402
127490,0.26293258651730345,0.16395279055811163,0.5488297659531907
103647,0.5592718543708742,0.08149629925985197,0.17431486297259452
116278,0.34222844568913785,0.09921984396879374,0.13306661332266453
110873,0.017683536707341463,0.7891578315663133,0.9799159831966394
140143,0.08485697139427884,0.7901580316063213,0.9669933986797359
102849,0.9813962792558513,0.6367673534706941,0.5299459891978395
115520,0.08085617123424685,0.43404680936187234,0.8108421684336868
125700,0.38019603920784156,0.775755151030206,0.496379275855171
102717,0.1988397679535907,0.9721544308861774,0.13046609321864372
128437,0.4606121224244849,0.43408681736347277,0.2875375075015003
103696,0.8295659131826365,0.7939587917583516,0.6703740748149629
125784,0.9548709741948389,0.6416083216643329,0.611002200440088
129341,0.7832366473294659,0.47997599519903983,0.8596919383876775
109944,0.32778555711142227,0.9359071814362873,0.7086217243448689
137837,0.11098219643928783,0.34210842168433686,0.8636127225445089
125211,0.2872574514902981,0.2958591718343669,0.8447289457891578
135484,0.19159831966393281,0.02436487297459492,0.4063612722544509
112518,0.9152230446089218,0.8461292258451691,0.7574714942988597
138303,0.511622324464893,0.5108621724344868,0.5361472294458891
125200,0.4455691138227646,0.8618923784756951,0.6136027205441088
145480,0.3530306061212242,0.17807561512302458,0.20184036807361475
144799,0.5019803960792159,0.3670734146829366,0.6681336267253452
110230,0.22996599319863975,0.42740548109621923,0.5117823564712942
128432,0.45057011402280456,0.020884176835367075,0.8130426085217044
108863,0.1583116623324665,0.4207641528305661,0.8863372674534906
148886,0.8732146429285857,0.31354270854170835,0.8890178035607121
126630,0.7526305261052211,0.9291058211642329,0.1269053810762152
105396,0.4112022404480896,0.954750950190038,0.04604920984196839
145352,0.10458091618323664,0.07613522704540908,0.3131426285257052
137394,0.5464692938587717,0.045609121824364864,0.10902180436087218
106907,0.843008601720344,0.5114222844568914,0.4427285457091418
144033,0.38795759151830367,0.6975795159031806,0.24164832966593322
112856,0.23516703340668133,0.23680736147229445,0.307381476295259
118951,0.44584916983396683,0.42912582516503295,0.3431886377275455
147720,0.7916783356671334,0.0893378675735147,0.27653530706141227
106619,0.5598719743948789,0.5150630126025205,0.4276055211042209
122859,0.24916983396679337,0.8360072014402881,0.32658531706341276
131843,0.6170834166833367,0.2490898179635927,0.7282656531306262
100339,0.55251050210042,0.6399279855971194,0.35995199039807957
100192,0.9224644928985797,0.3587117423484697,0.4634126825365073
120418,0.8918183636727346,0.03472694538907781,0.10298059611922383
125724,0.9278255651130225,0.9819163832766553,0.04004800960192038
140931,0.6148029605921185,0.8168433686737346,0.9601920384076815
104016,0.42548509701940385,0.1659131826365273,0.8633726745349068
115831,0.3391878375675135,0.44008801760352073,0.4092418483696739
106675,0.5533906781356271,0.9985597119423885,0.6975395079015804
141746,0.6427285457091417,0.4346069213842768,0.6611722344468893
105129,0.8143628725745149,0.7998399679935988,0.6167233446689337
144160,0.28217643528705744,0.07953590718143629,0.3434686937387478
132426,0.5169033806761353,0.7917183436687337,0.6885777155431086
136630,0.7158631726345269,0.42196439287857573,0.8690938187637528
141123,0.013682736547309463,0.336747349469894,0.8168433686737346
141329,0.6522904580916185,0.24788957791558314,0.24172834566913382
125657,0.7494298859771954,0.24792958591718345,0.3570314062812563
142126,0.014042808561712344,0.1325865173034607,0.7085417083416683
106627,0.3254650930186037,0.08053610722144429,0.29625925185037005
104242,0.5715943188637728,0.5757151430286057,0.6013602720544109
144716,0.24616923384676936,0.20324064812962592,0.8432086417283456
122154,0.9457491498299659,0.657131426285257,0.5167033406681336
114957,0.2358871774354871,0.10838167633526706,0.6392878575715143
118346,0.7701140228045609,0.3136627325465093,0.8133226645329066
147083,0.2946989397879576,0.3743548709741949,0.44648929785957187
128811,0.2149229845969194,0.6874574914982997,0.43440688137627526
132190,0.6641728345669133,0.26217243448689737,0.8362472494498899
107640,0.6365273054610922,0.9016603320664132,0.017723544708941788
137423,0.7213042608521704,0.44564912982596516,0.8476495299059812
128934,0.2439287857571514,0.47209441888377673,0.595759151830366
110089,0.838127625525105,0.5779155831166234,0.6438887777555511
139374,0.4385677135427085,0.32134426885377076,0.28845769153830764
104069,0.5817163432686537,0.04628925785157031,0.19547909581916384
129518,0.19571914382876576,0.5611922384476895,0.4430486097219444
133476,0.8210442088417683,0.6376475295059012,0.40108021604320865
144610,0.6784156831366273,0.6588117623524705,0.8745349069813964
100295,0.05997199439887977,0.4834166833366673,0.6769753950790158
144782,0.22476495299059812,0.7432286457291457,0.5012202440488098
110648,0.3909581916383277,0.10006001200240047,0.12314462892578518
145524,0.7073414682936587,0.24836967393478696,0.49257851570314065
145106,0.7136627325465092,0.46701340268053615,0.44596919383876776
133633,0.8676535307061413,0.22480496099219843,0.45325065013002597
110104,0.46529305861172243,0.5979995999199841,0.6184836967393479
145902,0.5844368873774755,0.048049609921984385,0.18535707141428284
139562,0.4460092018403681,0.06585317063412682,0.3821164232846569
147752,0.2103220644128826,0.21184236847369475,0.21056211242248446
130999,0.6220444088817763,0.29629925985197036,0.1689137827565513
104432,0.23740748149629926,0.9719143828765753,0.9867973594718944
137318,0.837367473494699,0.12806561312262452,0.22312462492498497
145003,0.5780756151230246,0.1872774554910982,0.21580316063212643
107225,0.7395479095819164,0.950990198039608,0.04092818563712742
142216,0.17711542308461692,0.6914182836567313,0.8479295859171835
112472,0.5147029405881176,0.5719543908781757,0.7119023804760952
145155,0.9719543908781756,0.21208241648329662,0.30162032406481293
145433,0.5013002600520103,0.27557511502300464,0.3550710142028406
140820,0.15827165433086615,0.6939387877575516,0.5421884376875374
113843,0.4179635927185437,0.8236047209441888,0.9947189437887578
101747,0.9946389277855571,0.35619123824764953,0.276375275055011
100829,0.9487897579515903,0.6539307861572315,0.8414482896579315
144883,0.3524304860972194,0.5448289657931585,0.7369873974794959
129566,0.5397879575915183,0.7540308061612322,0.5623524704940989
149353,0.4841368273654731,0.45413082616523304,0.6594118823764753
147540,0.5461892378475696,0.16235247049409884,0.17671534306861372
136726,0.9876775355071014,0.6447289457891578,0.4929785957191438
129372,0.8581716343268653,0.2580516103220644,0.5167833566713342
139606,0.15623124624924983,0.8626525305061012,0.0518503700740148
140678,0.8650930186037208,0.4550510102020404,0.5171034206841368
127832,0.3109821964392879,0.49101820364072823,0.29625925185037005
136634,0.3339067813562713,0.5215443088617723,0.32310462092418485
142427,0.23660732146429286,0.8589317863572714,0.08309661932386476
122391,0.49329865973194637,0.5682336467293458,0.8894178835767154
125762,0.4069613922784557,0.12466493298659731,0.16067213442688538
132626,0.5900780156031206,0.5083816763352671,0.48461692338467693
129429,0.7558311662332468,0.9455891178235647,0.04252850570114022
145976,0.3309461892378476,0.0680136027205441,0.17915583116623326
109496,0.07745549109821964,0.45281056211242243,0.3120624124824965
101663,0.7429085817163433,0.11534306861372275,0.4602520504100821
100221,0.6636127225445089,0.30362072414482894,0.5585517103420684
123861,0.796119223844769,0.7590318063612722,0.6081216243248649
146426,0.7044208841768353,0.6764952990598119,0.6251650330066013
106922,0.19115823164632928,0.13838767753550713,0.19151830366073214
137571,0.06889377875575114,0.38467693538707737,0.9569513902780555
124863,0.7187037407481496,0.13314662932586518,0.5123424684936988
117514,0.15291058211642328,0.42280456091218244,0.26621324264852975
112286,0.6720144028805761,0.7542708541708342,0.8213242648529706
100670,0.5987597519503901,0.5514702940588118,0.4598519703940788
143188,0.7284256851370274,0.3705141028205641,0.9243448689737948
149314,0.4651730346069214,0.5358671734346869,0.3810362072414483
111613,0.7522704540908182,0.5818363672734548,0.440128025605121
147763,0.16971394278855773,0.02440488097619524,0.11622324464892977
109320,0.6014802960592118,0.7752350470094018,0.35579115823164637
122481,0.5322664532906581,0.552870574114823,0.6093218643728746
121114,0.7844768953790758,0.11670334066813362,0.11238247649529906
107061,0.21252250450090018,0.3141428285657132,0.8526505301060212
109547,0.6269253850770153,0.19075815163032606,0.20264052810562114
139843,0.1915983196639328,0.697859571914383,0.5002200440088017
136841,0.27569513902780557,0.39411882376475293,0.40608121624324867
135520,0.20148029605921183,0.3940388077615523,0.09561912382476495
120208,0.5301060212042408,0.39799959991998396,0.5052210442088417
126256,0.5414282856571315,0.021764352870574113,0.18651730346069215
110437,0.9293458691738348,0.24920984196839363,0.4108021604320864
149602,0.5949989997999601,0.6591718343668734,0.9791958391678335
111636,0.2117623524704941,0.2654930986197239,0.19491898379675937
148792,0.013682736547309463,0.15867173434686935,0.8168033606721344
111591,0.9605921184236847,0.807121424284857,0.738387677535507
123865,0.14338867773554712,0.5339067813562712,0.2674134826965393
117688,0.2225645129025805,0.40796159231846374,0.25649129825965195
120448,0.40724144828965797,0.8712142428485697,0.015723144628925784
120684,0.19319863972794554,0.19955991198239645,0.2907781556311262
141086,0.2369273854770954,0.34978995799159834,0.21448289657931585
102489,0.8812962592518504,0.11998399679935987,0.36551310262052406
132070,0.5595919183836767,0.4834166833366673,0.863252650530106
131554,0.15803160632126426,0.2645729145829166,0.1840368073614723
118395,0.5909581916383276,0.24212842568513704,0.32250450090018007
126434,0.8010802160432087,0.18775755151030205,0.3640728145629126
141315,0.9091418283656731,0.2981396279255851,0.4076015203040608
101039,0.420124024804961,0.3635527105421084,0.5851970394078816
134252,0.2249249849969994,0.31342268453690736,0.4815763152630526
115082,0.541868373674735,0.026045209041808362,0.166873374674935
116331,0.4788957791558312,0.7015403080616124,0.9020204040808161
102841,0.7261052210442088,0.9669533906781357,0.35487097419483893
147780,0.9521904380876175,0.7574314862972595,0.5752350470094019
116119,0.24552910582116422,0.7923584716943389,0.5621124224844969
122606,0.18575715143028607,0.5407881576315263,0.5653530706141229
143638,0.760872174434887,0.10182036407281456,0.10890178035607122
137228,0.05353070614122825,0.1593518703740748,0.7283856771354271
113348,0.6326065213042609,0.14550910182036406,0.2634926985397079
104592,0.3607921584316863,0.5419483896779356,0.6864572914582917
143185,0.6494898979795959,0.31738347669533906,0.2193238647729546
140984,0.3723544708941788,0.11142228445689137,0.24176835367073413
137369,0.46953390678135626,0.8928985797159432,0.6266053210642129
115343,0.18551710342068417,0.3223444688937787,0.9403880776155231
122226,0.7780756151230246,0.6417683536707341,0.7743148629725946
113096,0.7379075815163032,0.6476895379075814,0.6996999399879976
116060,0.28249649929986,0.14522904580916182,0.8450890178035607
127787,0.5422284456891378,0.9298659731946388,0.9923184636927386
128368,0.2570514102820564,0.4392478495699139,0.6506501300260052
116023,0.741108221644329,0.7656331266253251,0.6175235047009402
106242,0.4777755551110222,0.6607721544308862,0.5523104620924185
147774,0.3566713342668533,0.5119023804760952,0.3191038207641529
115981,0.40108021604320865,0.255251050210042,0.8766953390678136
131845,0.451130226045209,0.369873974794959,0.28761752350470093
127218,0.0863372674534907,0.9779955991198239,0.04012802560512102
132414,0.6953390678135627,0.9111822364472895,0.08133626725345068
129947,0.6917383476695339,0.7135427085417083,0.9205041008201641
129388,0.3823164632926585,0.4046409281856371,0.3301860372074415
121070,0.6505701140228046,0.5344268853770755,0.8520504100820164
130405,0.9577115423084617,0.8514502900580116,0.9704740948189637
122905,0.56499299859972,0.6206441288257651,0.6547709541908382
139322,0.7241048209641928,0.31498299659931983,0.5671934386877375
100251,0.8595719143828766,0.05385077015403081,0.18979795959191836
110650,0.6320464092818564,0.4930186037207442,0.6186037207441488
135390,0.41512302460492095,0.46089217843568714,0.3082616523304661
129257,0.2625725145029006,0.6148429685937187,0.41000200040008006
131305,0.46393278655731146,0.7714742948589718,0.9153830766153231
102452,0.4929785957191438,0.15719143828765755,0.3397879575915183
103579,0.1290658131626325,0.10926185237047407,0.7847169433886777
126126,0.8522904580916183,0.5278255651130226,0.45373074614922987
147449,0.3872374474894979,0.1653530706141228,0.25833166633326665
102754,0.9195839167833566,0.6332066413282655,0.5004600920184037
109865,0.9299459891978397,0.6844568913782756,0.8848969793958792
130285,0.7203840768153631,0.7469093818763752,0.9227045409081817
117648,0.08845769153830765,0.3459891978395679,0.957991598319664
148232,0.47229445889177835,0.9775155031006202,0.39895979195839165
105293,0.425245049009802,0.10958191638327663,0.20600120024004803
116461,0.7432686537307461,0.15823164632926584,0.2816963392678536
126655,0.5371074214842968,0.4451690338067614,0.4757351470294059
129379,0.5929185837167433,0.19839967993598717,0.3652330466093218
119129,0.5496699339867974,0.7489097819563912,0.6850170034006801
115508,0.36775355071014204,0.8553310662132426,0.6565313062612522
121330,0.43088617723544714,0.5582316463292659,0.5022604520904181
102108,0.34942988597719543,0.03816763352670534,0.06469293858771755
112340,0.8605321064212843,0.4813362672534507,0.9280656131226245
105084,0.013202640528105618,0.8601720344068813,0.9980796159231846
111024,0.3624724944988998,0.07573514702940588,0.2808561712342469
117997,0.5751950390078016,0.07953590718143629,0.26673334666933385
128556,0.8536507301460292,0.5567113422684538,0.5674734946989398
133824,0.8224844968993799,0.09585917183436687,0.07141428285657131
103927,0.2979395879175835,0.7030606121224245,0.9286657331466294
130688,0.7253850770154031,0.21428285657131427,0.3071414282856571
120030,0.2214042808561712,0.3019003800760152,0.2253650730146029
121060,0.8582116423284658,0.10674134826965392,0.14386877375475096
121558,0.7648329665933187,0.561632326465293,0.802120424084817
144170,0.7758351670334067,0.3408281656331266,0.34250850170034003
145755,0.986997399479896,0.33650730146029206,0.1864372874574915
145555,0.5929185837167432,0.14306861372274454,0.14726945389077814
124202,0.5889577915583116,0.0656131226245249,0.5853570714142828
148732,0.522624524904981,0.27549509901980396,0.3920384076815363
121163,0.9338667733546708,0.8622924584916983,0.786757351470294
124649,0.7125825165033006,0.12354470894178834,0.14054810962192438
128524,0.4593318663732746,0.5942388477695539,0.8430886177235447
102380,0.41560312062412486,0.32926585317063406,0.550630126025205
110123,0.24080816163232646,0.11162232446489297,0.4597319463892779
114409,0.2966593318663733,0.06853370674134826,0.09705941188237648
148875,0.12194438887777553,0.6486897379475896,0.9653530706141228
148367,0.5343068613722745,0.8638527705541109,0.7813962792558512
117093,0.4434086817363473,0.8716943388677736,0.8624924984997
134341,0.3238247649529906,0.7525105021004201,0.9291458291658332
119958,0.9847569513902781,0.9096619323864773,0.1188637727545509
105610,0.1483496699339868,0.5167833566713342,0.6163632726545308
113760,0.550630126025205,0.032006401280256044,0.13382676535307061
115533,0.5131426285257051,0.29913982796559313,0.28901780356071216
108186,0.25521104220844165,0.6036807361472294,0.6968193638727745
133828,0.27865573114622927,0.9975995199039809,0.9233446689337867
148339,0.7844768953790758,0.5039407881576315,0.8420884176835366
143318,0.9889577915583116,0.4291658331666333,0.16823364672934588
147381,0.5941988397679536,0.8732946589317864,0.8436487297459492
110880,0.9521104220844169,0.7311062212442487,0.8306461292258451
112060,0.07649529905981196,0.5529105821164233,0.9594318863772754
149684,0.21396279255851172,0.698499699939988,0.7315463092618524
101253,0.5907181436287258,0.8488897779555912,0.99251850370074
107317,0.9599919983996799,0.9898379675935187,0.6091618323664734
102106,0.11526305261052208,0.2762152430486097,0.1631126225245049
115700,0.8869773954790958,0.6572114422884577,0.5841968393678736
110062,0.6610522104420884,0.5281056211242249,0.8330466093218644
135364,0.8914182836567314,0.8500900180036007,0.7243848769753951
124710,0.26629325865173037,0.692378475695139,0.4638527705541108
119191,0.37155431086217244,0.32162432486497305,0.29941988397679536
139168,0.22612522504500898,0.8839767953590718,0.14338867773554712
107405,0.3702740548109622,0.08385677135427086,0.3566713342668534
112881,0.7003000600120025,0.7561512302460491,0.4536107221444289
132550,0.6713342668533707,0.1872374474894979,0.26993398679735947
107871,0.6270054010802161,0.3898379675935187,0.3121024204840968
128987,0.64624924984997,0.5260252050410081,0.5421084216843369
115584,0.6002000400080015,0.2979795959191838,0.8582916583316663
108908,0.783996799359872,0.7767153430686137,0.9022204440888177
111255,0.4916583316663332,0.8992998599719945,0.778875775155031
122757,0.40108021604320865,0.7327065413082616,0.9042608521704341
142516,0.41784356871374273,0.7121424284856971,0.7231046209241848
103234,0.7983596719343868,0.06885377075415083,0.42976595319063815
129052,0.08809761952390478,0.2126025205041008,0.3387077415483096
109026,0.7821564312862572,0.3871574314862972,0.21004200840168033
120663,0.20120024004800963,0.13434686937387477,0.8328465693138627
138690,0.2609321864372875,0.18639727945589118,0.2805761152230446
127297,0.9196639327865573,0.7733946789357872,0.9370274054810963
100689,0.6390478095619123,0.704740948189638,0.6008801760352069
105176,0.9176635327065413,0.304380876175235,0.3937187437487497
119190,0.3141028205641128,0.36659331866373274,0.650250050010002
107725,0.34306861372274455,0.39943988797759555,0.3221044208841768
104612,0.9792358471694339,0.6146429285857171,0.855131026205241
107385,0.19387877575515106,0.17879575915183038,0.4024804960992198
138529,0.22120424084816961,0.6538107621524305,0.8923784756951391
109248,0.9319063812762552,0.8499699939987998,0.05829165833166633
107355,0.2439287857571514,0.4084416883376676,0.5895179035807161
119452,0.8006001200240048,0.9637927585517103,0.09209841968393678
144116,0.5944788957791558,0.6835767153430686,0.7521104220844168
122816,0.8360072014402881,0.9372674534906982,0.7854370874174834
133083,0.24236847369473896,0.18427685537107422,0.2155231046209242
125633,0.4811762352470495,0.32870574114822965,0.3567113422684537
146700,0.03128625725145029,0.2882176435287057,0.7667933586717344
124999,0.28201640328065614,0.44844968993798756,0.8803360672134427
148127,0.07433486697339467,0.8860172034406881,0.04360872174434887
106194,0.6982596519303861,0.33138627725545106,0.20784156831366274
126188,0.6336067213442689,0.1445889177835567,0.23600720144028806
110949,0.351870374074815,0.8899379875975195,0.03580716143228646
146048,0.05137027405481096,0.19511902380476093,0.43904780956191236
146894,0.954870974194839,0.9100220044008802,0.7848369673934787
136491,0.9149029805961193,0.9082616523304661,0.9852370474094818
148865,0.7204640928185637,0.5845569113822765,0.5038207641528305
107783,0.5370274054810962,0.9297459491898381,0.7275855171034207
103192,0.6275655131026205,0.3398679735947189,0.47825565113022606
132264,0.03596719343868773,0.8075215043008601,0.7179035807161432
149583,0.35547109421884376,0.7721544308861773,0.6046409281856371
118773,0.23900780156031204,0.81000200040008,0.6620924184836967
126214,0.4147229445889178,0.6307661532306461,0.6428885777155431
148960,0.285497099419884,0.28409681936387277,0.8083616723344669
143162,0.9917983596719344,0.9581516303260653,0.1998399679935987
143160,0.6038407681536307,0.47853570714142823,0.18207641528305665
127555,0.7502300460092018,0.24680936187237446,0.41696339267853566
141182,0.8795759151830367,0.14690938187637528,0.35347069413882776
107427,0.5620324064812963,0.11490298059611923,0.38103620724144827
144975,0.7412282456491298,0.2960192038407682,0.09657931586317264
129476,0.1961992398479696,0.16859371874374873,0.1991998399679936
117436,0.6914582916583316,0.44952990598119624,0.30318063612722546
115020,0.9796359271854371,0.46577315463092617,0.4158431686337267
115325,0.1341868373674735,0.6143628725745149,0.8760152030406082
129802,0.3664732946589318,0.31470294058811765,0.26217243448689737
142837,0.26325265053010605,0.007561512302460492,0.7713542708541707
108841,0.393878775755151,0.7138227645529106,0.543628725745149
115387,0.2879375875175035,0.7649129825965193,0.557391478295659
143757,0.08857771554310863,0.2313262652530506,0.23780756151230245
139816,0.43924784956991403,0.4034806961392279,0.8556911382276455
138894,0.527625525105021,0.7902380476095219,0.7689137827565513
142750,0.17383476695339067,0.19495899179835968,0.10570114022804561
140600,0.7259451890378076,0.19395879175835162,0.1977995599119824
105257,0.5719143828765753,0.6917383476695339,0.8649729945989199
130153,0.18003600720144028,0.2291658331666333,0.24096819363872773
131224,0.5121824364872974,0.24016803360672134,0.8395279055811162
133443,0.46193238647729545,0.8111622324464893,0.6613322664532907
122090,0.8587317463492699,0.7653930786157233,0.7261452290458091
131687,0.5942788557711542,0.5338267653530706,0.3365473094618923
130268,0.9695539107821565,0.7412682536507301,0.5645929185837167
140782,0.1407881576315263,0.7402280456091219,0.6286457291458292
103621,0.3909181836367273,0.44796959391878377,0.7641928385677135
104048,0.1537107421484297,0.7466693338667734,0.607001400280056
126016,0.3842368473694739,0.12990598119623925,0.429245849169834
116133,0.8116423284656932,0.06617323464692937,0.28225645129025806
109859,0.3405881176235247,0.6968193638727745,0.5620724144828967
105546,0.4098819763952791,0.13350670134026804,0.5692338467693538
100209,0.49713942788557713,0.20320064012802563,0.2516903380676135
120252,0.23800760152030404,0.2801760352070415,0.8183636727345469
128840,0.29149829965993196,0.016883376675335064,0.08269653930786157
134932,0.8638927785557112,0.7959191838367674,0.9851570314062813
132319,0.08845769153830767,0.30798159631926386,0.21720344068813763
103156,0.607121424284857,0.2452890578115623,0.583116623324665
123017,0.3627125425085017,0.20868173634726947,0.9198239647929587
149336,0.3320664132826565,0.5907181436287258,0.8730546109221844
142261,0.6656131226245249,0.14410882176435286,0.24720944188837768
106392,0.7802760552110422,0.5059411882376474,0.2569713942788558
145788,0.2243248649729946,0.6426485297059412,0.9371074214842969
141163,0.6836967393478696,0.5569913982796559,0.3150630126025205
117151,0.5612322464492898,0.115623124624925,0.4435287057411482
145205,0.9383476695339068,0.9657931586317263,0.5661532306461292
123810,0.050210042008401665,0.7147029405881177,0.898619723944789
101258,0.1908381676335267,0.5403080616123224,0.18375675135027006
123577,0.976875375075015,0.7956791358271655,0.6138027605521104
100432,0.9791958391678336,0.9696739347869574,0.1482296459291858
123233,0.17039407881576316,0.056451290258051616,0.14818963792758552
120712,0.20332066413282657,0.6894578915783157,0.5910382076415283
112064,0.4642128425685137,0.5630326065213043,0.6275255051010202
109231,0.6415683136627326,0.5091418283656731,0.28209641928385676
148645,0.8662132426485297,0.1920784156831366,0.29549909981996403
117182,0.3851970394078815,0.24412882576515305,0.42268453690738145
110883,0.27545509101820365,0.498499699939988,0.29625925185037005
145268,0.8553310662132426,0.9383076615323065,0.03320664132826565
135810,0.3157831566313262,0.09641928385677134,0.11834366873374674
123671,0.5853970794158833,0.2654530906181236,0.5541508301660332
122744,0.34234846969393873,0.30958191638327665,0.15663132626525306
124955,0.9101820364072815,0.38987797559511905,0.8465293058611723
109921,0.4695739147829566,0.21296259251850375,0.47265453090618126
128562,0.4387677535507102,0.08941788357671535,0.14114822964592919
145909,0.430246049209842,0.7498699739947989,0.6932986597319464
137178,0.6068413682736546,0.6664532906581316,0.8532106421284257
122861,0.08729745949189838,0.24152830566113223,0.15915183036607322
146707,0.6503300660132026,0.699379875975195,0.5121024204840968
128712,0.9233046609321864,0.6853770754150831,0.6475295059011802
114514,0.9794358871774355,0.9354670934186837,0.17459491898379675
118613,0.07029405881176234,0.8740548109621924,0.10562112422484496
101281,0.695859171834367,0.299499899979996,0.579875975195039
117456,0.14006801360272053,0.8645329065813163,0.9873174634926986
116108,0.6540108021604321,0.8804560912182438,0.10954190838167632
145702,0.43476695339067817,0.5110222044408882,0.6881376275255051
135662,0.8316863372674534,0.9781156231246249,0.104500900180036
129444,0.5395479095819163,0.5610722144428886,0.6888577715543108
108587,0.46745349069813963,0.33442688537707543,0.29237847569513903
101602,0.35839167833566715,0.48089617923584715,0.19531906381276254
114010,0.03496699339867974,0.1892778555711142,0.16335267053410682
125811,0.8398479695939187,0.49565913182636534,0.4746949389877975
128247,0.2977395479095819,0.30178035607121423,0.5936787357471495
134173,0.378875775155031,0.5451890378075616,0.599119823964793
118335,0.32274454890978194,0.04316863372674534,0.05793158631726345
131214,0.3576715343068614,0.6262452490498099,0.2594118823764753
149344,0.7826365273054611,0.24620924184836968,0.22180436087217442
